temperature,humidity,wind_speed,clouds,rain
35.3,18,22.2,31,0
21.8,28,20.3,69,0
33.9,19,0.9,27,0
31.6,18,16.8,91,1
36.9,68,6.6,75,1
39.9,15,22.8,20,0
27.2,34,6.5,97,1
20.8,63,2.9,44,0
25.1,20,21.9,68,0
44.3,63,2.4,37,0
34.7,61,17.3,90,1
19.2,44,23.2,10,0
41.4,63,8.3,81,1
22.4,60,6.3,34,1
19.9,96,5.1,93,1
22.4,63,8.1,81,1
23.9,56,25.3,99,0
24.2,19,24.2,51,0
19.8,87,26.3,40,1
35.7,65,26.5,82,1
21.9,32,7.4,71,1
25.1,89,12.9,74,1
27.8,32,15.3,11,0
41.2,34,18.8,87,0
34.1,64,11.4,59,1
24.8,85,25.8,1,0
36.4,83,22.5,98,1
27.2,52,13.0,58,0
43.8,48,29.2,97,0
31.7,28,26.1,38,0
31.7,40,4.6,97,0
32.6,82,27.6,76,1
31.2,29,27.9,39,0
19.6,87,28.4,10,1
40.0,83,23.0,16,0
43.6,36,8.0,77,0
44.0,84,22.7,88,1
37.2,66,29.9,83,1
29.8,81,13.5,31,1
19.7,17,17.6,29,0
23.9,24,21.2,7,0
19.8,19,25.8,9,0
24.4,100,14.6,69,1
37.5,88,17.3,31,1
39.8,39,2.8,84,0
27.6,67,14.0,93,1
36.2,97,3.0,51,1
39.6,28,7.5,24,0
30.1,69,5.5,59,0
41.6,24,13.3,70,0
19.4,84,25.1,11,1
22.5,77,14.4,51,1
22.4,15,29.6,33,0
25.7,86,19.9,62,1
23.1,42,29.1,74,1
19.6,55,1.7,74,1
31.6,82,4.7,65,1
41.0,23,17.9,86,0
28.9,87,7.4,76,1
34.7,68,19.7,72,1
26.5,48,6.1,91,1
24.4,65,3.9,82,1
30.3,24,0.3,79,0
44.9,24,16.1,64,0
21.6,59,26.4,31,0
25.7,71,25.0,90,1
34.5,98,15.9,85,1
26.1,99,3.1,17,1
21.1,28,22.3,19,0
25.6,41,21.5,26,0
41.0,79,14.7,6,0
35.1,50,1.3,42,0
35.2,48,4.8,56,0
37.1,86,0.3,9,0
32.7,62,17.5,18,0
21.4,54,10.9,5,0
23.7,46,20.0,45,0
41.9,67,29.2,95,0
43.0,45,25.9,22,0
18.7,57,23.5,52,0
25.2,28,11.5,4,0
24.0,73,10.5,29,0
18.6,39,12.0,35,0
44.1,50,10.5,65,0
36.3,83,9.9,3,0
41.7,48,5.4,33,0
20.9,70,10.4,100,1
29.8,80,3.5,73,1
24.9,70,0.1,68,0
27.8,23,28.5,42,0
26.5,30,21.6,38,0
26.4,67,9.8,89,1
33.0,39,12.6,48,0
34.6,53,12.2,0,0
25.7,70,23.6,77,1
26.7,71,13.3,27,1
30.8,36,19.8,36,0
35.9,94,10.1,96,1
36.2,43,24.2,18,0
19.2,75,18.3,98,1
30.3,95,17.3,91,1
31.3,46,4.4,88,0
42.1,28,23.4,28,0
39.7,81,13.9,71,1
42.8,30,13.7,59,0
44.7,91,9.5,96,1
34.5,79,12.8,70,1
42.2,75,13.5,96,1
40.7,50,23.0,66,0
34.9,50,13.2,91,0
24.3,57,9.6,69,0
21.7,44,11.5,19,0
19.7,67,9.9,59,1
19.7,68,11.7,98,1
43.5,17,25.7,97,0
28.3,15,28.3,38,0
41.0,68,16.1,94,1
39.6,43,14.6,34,0
31.1,64,10.1,86,1
37.6,74,27.6,79,1
18.7,65,17.8,84,1
20.3,69,4.1,59,0
19.4,63,9.8,58,1
27.1,63,8.3,53,1
40.5,75,0.6,69,0
45.0,59,6.7,8,0
19.1,18,28.5,25,0
34.8,45,3.8,85,0
33.2,42,14.0,32,0
22.5,92,28.9,91,1
39.0,35,28.9,13,0
18.7,54,17.3,48,0
43.4,40,2.3,88,0
24.6,53,25.5,76,0
39.5,87,23.5,44,0
29.6,62,2.1,82,1
18.3,68,24.7,13,0
43.9,96,26.7,58,0
29.8,81,29.0,34,1
39.8,83,23.2,59,1
40.3,90,8.1,31,0
25.5,72,7.3,59,1
34.5,63,10.1,63,1
22.9,42,10.6,33,0
25.6,91,21.0,35,1
18.3,39,2.6,92,1
31.2,45,20.7,82,0
30.1,17,2.8,28,0
36.7,54,19.9,47,0
32.9,59,12.8,95,1
26.9,73,8.1,32,0
21.3,39,9.5,95,1
43.7,38,5.7,94,1
25.5,90,29.3,67,1
25.6,27,25.0,37,0
27.7,53,0.4,68,0
25.4,21,16.6,89,1
35.2,77,3.1,1,0
25.7,76,13.2,23,1
24.8,76,3.4,8,1
31.3,88,18.9,6,0
22.0,87,28.5,10,1
21.2,68,18.2,79,1
38.9,63,13.5,56,0
41.2,69,9.2,79,1
34.5,27,28.4,26,0
23.7,99,2.4,30,1
32.9,35,0.1,57,0
30.7,19,6.9,90,0
37.0,73,2.1,29,0
39.3,95,17.7,25,1
21.1,43,19.4,34,0
19.9,36,23.8,76,1
42.9,71,3.7,88,1
36.9,49,15.0,63,0
20.2,20,26.7,94,1
34.3,18,2.7,86,0
33.9,17,30.0,86,0
33.6,37,14.1,83,1
42.7,38,29.9,55,0
40.0,26,14.1,52,0
26.7,28,25.7,42,0
36.7,51,19.9,51,0
19.0,26,9.4,41,0
44.2,66,25.9,0,0
30.5,21,5.6,46,0
38.4,95,13.3,6,0
25.2,31,27.8,56,0
21.3,95,18.3,30,1
26.4,16,16.6,11,0
44.8,29,13.8,15,0
40.5,78,28.0,37,0
37.0,68,25.0,60,0
30.3,33,11.5,76,1
38.1,32,25.9,35,0
27.2,79,8.0,0,1
37.6,90,17.4,84,1
41.4,72,16.2,44,0
32.9,84,11.3,41,1
44.5,45,17.2,29,0
19.2,75,21.2,48,1
44.7,98,29.4,63,0
21.4,90,10.0,12,1
20.7,73,0.5,18,0
41.5,34,2.2,100,0
27.1,65,19.5,42,1
28.3,55,18.8,97,1
41.6,19,18.5,30,0
36.5,51,29.9,95,0
29.7,27,22.8,90,0
30.0,53,27.1,5,0
39.5,52,10.8,55,0
24.6,67,17.0,23,0
22.7,93,26.1,79,1
31.4,89,4.3,59,1
24.9,47,20.0,59,0
36.3,35,2.2,44,0
26.1,69,20.7,58,0
23.4,64,25.6,13,0
28.3,60,17.2,89,1
18.6,99,11.9,1,1
41.4,21,27.3,95,0
40.5,51,23.3,29,0
39.7,43,19.1,79,0
36.3,99,20.4,17,1
20.6,95,19.4,39,1
18.9,61,22.0,11,0
26.8,68,5.3,16,1
41.7,61,15.9,34,0
24.9,76,29.0,37,1
39.7,74,28.9,18,0
41.2,65,29.0,71,1
20.4,65,0.4,68,0
30.3,48,17.5,81,1
20.9,44,14.1,79,1
26.9,93,6.6,8,1
40.2,53,19.5,14,0
19.2,19,9.1,63,0
20.6,83,4.1,58,1
36.1,84,12.6,95,1
41.9,98,3.0,62,1
29.0,50,1.0,47,0
30.0,45,25.7,12,0
32.7,97,10.8,50,1
23.1,30,28.5,58,0
35.9,97,19.2,2,0
39.2,46,29.7,100,0
23.5,85,6.2,27,1
26.9,33,23.7,76,0
25.5,33,29.6,69,0
39.6,29,19.8,3,0
18.4,45,17.7,2,0
25.2,31,22.3,67,0
38.1,75,13.4,46,1
34.0,72,15.1,78,1
37.6,99,15.6,58,1
44.0,22,30.0,51,0
36.5,77,21.4,56,0
42.3,56,18.2,8,0
25.4,96,17.6,91,1
28.3,91,15.9,58,1
34.3,27,23.8,14,0
35.6,85,21.6,27,0
30.2,44,12.4,58,0
29.2,27,9.4,40,0
28.1,34,20.6,60,0
20.5,25,2.8,12,0
39.9,86,1.8,71,1
26.9,30,12.3,85,1
41.4,21,29.1,76,0
27.5,88,15.2,19,1
24.1,28,10.5,71,1
21.1,50,17.2,54,0
44.3,94,18.4,82,1
18.7,99,24.9,34,0
22.9,54,27.6,44,0
22.9,33,17.0,51,0
21.8,96,29.2,11,1
23.8,68,13.6,20,0
26.4,56,23.3,72,1
20.3,21,4.7,96,1
19.3,25,8.2,84,1
31.1,71,12.4,27,0
21.1,70,3.3,86,1
31.1,100,9.3,28,1
44.6,22,0.2,38,0
38.7,47,8.7,15,0
31.4,70,5.3,48,0
37.0,79,16.8,85,1
19.9,20,13.1,58,0
41.3,88,12.9,51,1
29.3,29,12.2,41,0
39.6,94,13.8,88,1
20.4,28,7.3,75,1
32.1,65,26.1,95,1
24.0,36,2.3,81,0
32.3,39,27.2,44,0
37.6,97,24.5,30,0
22.0,40,5.2,19,0
20.0,95,14.8,96,1
38.5,72,20.4,72,1
35.2,94,9.7,80,1
22.1,23,14.1,80,1
39.5,90,1.7,64,0
26.4,72,1.1,47,0
20.1,26,18.5,64,0
30.5,85,28.6,94,1
30.1,88,19.6,41,1
30.8,34,28.7,57,0
39.9,58,29.5,10,0
35.4,20,7.4,56,0
32.1,93,4.8,47,0
28.5,58,20.4,6,0
35.5,23,9.9,71,0
25.7,99,28.9,77,1
27.0,89,19.9,44,1
44.1,99,11.8,76,1
26.4,63,19.3,42,0
36.1,82,2.8,85,1
31.7,17,10.9,23,0
27.2,77,5.8,17,1
20.1,27,15.2,69,0
19.0,58,26.3,79,0
34.1,34,4.9,88,0
39.8,36,21.6,5,0
27.8,45,29.1,78,0
38.3,72,7.0,30,0
44.1,75,27.1,24,0
36.3,88,29.5,59,1
39.0,79,15.8,20,0
39.6,32,26.2,6,0
31.0,62,16.6,13,0
41.0,51,2.5,20,0
30.1,80,4.4,55,1
43.6,43,24.5,44,0
29.2,65,15.1,30,0
44.9,62,6.7,40,0
40.7,98,10.1,18,0
19.0,75,20.9,17,1
30.1,15,27.2,2,0
23.8,34,16.5,93,1
32.2,29,23.3,30,0
21.3,45,12.6,79,1
19.7,78,17.9,2,1
31.9,45,21.6,37,0
18.0,60,7.2,53,1
35.9,25,15.7,46,0
43.7,84,15.2,64,1
18.5,75,1.3,49,1
24.8,17,10.7,8,0
24.5,99,18.8,98,1
37.9,57,4.0,45,0
27.1,97,5.3,99,1
44.5,76,19.0,17,0
37.3,73,1.1,25,0
39.4,20,9.5,39,0
28.8,84,14.2,4,1
23.2,60,25.9,6,0
27.0,30,24.0,55,0
38.1,64,10.2,23,0
36.7,62,27.7,66,0
39.6,69,2.4,77,1
32.7,56,3.1,41,0
26.3,92,21.5,21,1
27.5,20,21.8,45,0
45.0,50,19.2,7,0
36.1,66,10.9,95,1
43.7,33,25.5,86,0
18.9,23,7.1,82,1
27.8,87,1.0,19,1
43.6,62,13.3,9,0
21.7,61,11.9,83,1
24.7,29,0.8,23,0
32.0,86,3.5,99,1
37.0,42,29.9,36,0
23.4,32,25.6,57,0
42.3,71,29.9,87,1
36.0,23,16.5,37,0
41.0,96,5.2,46,1
24.1,40,23.8,30,0
18.7,85,17.2,59,1
21.5,26,2.0,50,0
32.2,67,24.7,9,0
44.3,97,2.2,59,1
27.3,85,19.2,23,1
29.7,22,24.9,66,0
26.2,35,9.7,90,1
27.3,81,26.8,10,1
23.3,85,8.2,80,1
34.6,26,15.1,21,0
43.4,34,5.1,79,1
27.1,87,1.2,3,0
19.2,97,23.1,33,1
23.7,88,12.5,81,1
31.4,95,16.4,82,1
31.0,66,8.9,9,0
22.3,68,14.5,26,0
34.4,55,25.8,40,0
44.3,31,22.8,65,0
20.9,45,14.0,34,0
24.7,27,1.5,49,0
29.3,35,24.4,73,1
23.1,35,14.9,65,0
31.5,54,14.9,11,0
31.6,45,6.5,45,0
19.4,78,17.9,83,1
25.7,16,25.4,55,0
41.8,61,22.9,46,0
28.8,87,16.9,46,1
25.8,64,15.1,97,1
25.6,94,20.4,15,0
44.3,65,11.2,43,0
43.4,33,6.0,65,0
31.5,20,1.2,91,0
39.7,81,13.7,77,1
21.8,93,9.6,50,1
38.0,53,17.8,64,0
32.4,87,9.0,2,1
26.9,29,29.4,74,0
39.5,95,0.8,60,1
44.1,89,17.3,92,1
33.8,36,15.7,92,1
38.9,63,4.4,87,1
18.9,29,5.7,56,0
29.3,67,20.7,52,1
38.9,75,26.2,94,1
37.1,81,6.2,41,1
32.2,55,28.7,58,0
27.2,60,20.3,92,1
39.7,48,18.3,24,0
25.5,53,6.7,38,0
37.0,77,9.5,44,1
43.2,50,8.6,73,1
28.3,65,24.6,98,1
25.8,51,28.7,10,0
42.9,98,7.7,61,1
23.5,83,8.1,71,1
21.7,93,22.2,30,1
19.4,82,6.8,29,1
20.7,57,21.5,12,0
18.1,85,29.3,20,1
35.6,75,14.3,25,0
26.7,97,1.8,98,1
35.6,44,16.1,92,0
42.7,37,12.5,22,0
44.9,65,23.6,23,0
41.7,16,9.0,77,0
43.1,57,8.5,82,1
32.2,32,25.5,59,0
23.2,29,9.9,93,1
35.5,38,0.4,43,0
33.3,39,5.3,81,1
40.3,80,9.8,51,1
23.0,32,14.3,31,0
25.0,45,13.4,34,0
26.2,88,0.3,83,1
36.7,22,20.0,59,0
22.3,79,27.7,90,1
36.6,96,27.5,37,0
34.6,43,28.7,61,0
30.3,92,11.2,89,1
42.6,83,24.1,27,0
36.4,91,26.2,10,0
30.1,61,2.3,72,1
19.7,85,27.1,25,1
32.5,36,9.8,66,0
21.1,41,21.5,62,0
42.3,72,24.3,58,0
31.9,73,16.9,71,1
36.2,54,21.7,50,0
40.0,42,17.3,5,0
27.3,23,16.2,7,0
44.6,75,1.0,52,1
38.8,97,29.3,82,1
28.1,63,13.5,48,0
20.2,99,26.2,17,1
41.2,30,5.4,68,0
32.3,43,25.0,96,0
44.4,74,20.2,69,0
32.4,44,7.4,44,0
25.4,29,1.0,84,1
34.6,17,7.2,8,0
34.0,72,17.9,90,1
24.6,20,12.1,29,0
23.9,22,4.2,37,0
40.0,88,9.6,76,1
24.4,33,29.6,66,0
29.2,50,1.8,75,0
34.9,69,16.7,6,0
43.4,100,11.4,67,1
36.8,67,4.5,48,0
38.4,75,7.2,28,0
41.2,33,24.2,7,0
29.1,68,16.7,17,0
24.6,41,9.9,10,0
40.9,26,16.1,24,0
25.2,92,18.1,9,1
39.7,90,21.7,71,1
30.9,57,9.1,1,0
43.3,30,22.4,96,0
42.7,92,21.1,50,1
32.9,51,11.4,68,0
27.7,48,10.8,63,0
20.7,75,22.8,40,1
28.0,67,1.4,28,0
18.4,85,28.0,74,1
26.0,40,9.9,48,0
40.5,78,16.5,87,1
24.9,77,29.0,82,1
30.4,60,5.1,92,1
31.2,84,29.7,7,1
18.9,24,28.4,85,0
38.6,67,4.1,80,1
19.8,34,0.3,64,0
28.1,94,19.1,78,1
35.8,17,0.2,70,0
18.3,82,21.7,68,1
18.5,70,24.2,22,0
42.8,82,4.5,24,0
32.2,60,8.0,50,0
28.1,66,13.8,31,0
26.1,25,19.6,83,1
20.5,63,11.3,60,1
35.2,36,2.5,55,0
39.2,87,29.3,12,0
42.8,44,6.3,88,1
30.8,20,27.7,87,0
42.3,87,19.7,22,1
18.4,41,17.6,96,1
43.1,53,4.9,30,0
40.5,64,20.3,69,0
28.4,32,23.7,88,0
31.5,59,1.6,55,0
40.6,58,18.2,78,1
28.7,56,0.9,34,0
31.2,60,16.6,48,0
23.0,89,19.8,10,1
26.0,46,21.4,10,0
22.2,96,4.6,49,1
27.7,26,0.2,39,0
27.7,49,3.1,11,0
29.6,86,16.6,52,1
18.7,60,16.6,76,1
39.2,64,0.4,52,0
39.0,86,27.2,31,0
32.1,63,5.1,34,0
25.2,33,1.9,55,0
29.4,76,23.5,46,1
43.5,95,14.9,78,1
30.4,32,9.1,50,0
40.7,63,24.1,42,0
27.0,98,29.2,17,1
26.7,40,14.4,22,0
44.2,52,22.0,81,0
44.1,46,9.8,35,0
27.9,87,6.0,69,1
36.4,85,0.8,93,1
43.5,41,13.2,37,0
40.1,67,20.2,17,0
26.2,47,19.8,91,1
39.3,24,13.5,76,1
33.7,83,15.2,88,1
32.7,61,21.0,68,0
35.2,25,3.3,31,0
22.5,93,1.3,82,1
28.8,57,29.0,55,0
18.3,48,6.7,95,1
33.1,88,6.6,47,1
30.5,90,20.7,19,0
44.9,76,3.1,53,0
21.1,33,10.4,43,0
39.2,81,14.5,60,1
29.8,72,9.6,38,0
39.9,29,0.7,43,0
21.0,36,27.9,94,0
31.9,85,4.8,71,1
43.9,44,23.9,80,0
23.0,99,13.0,3,1
41.8,72,17.8,49,0
37.0,41,8.4,90,0
33.6,83,5.6,41,1
30.4,48,20.1,62,0
44.1,55,17.9,78,0
33.8,59,10.6,58,0
22.7,53,27.6,75,0
36.1,55,3.5,39,0
22.9,33,15.3,53,0
21.7,64,12.7,62,1
32.5,97,27.9,22,1
22.5,51,4.2,40,0
34.7,60,28.6,62,0
23.3,64,28.9,64,1
31.4,77,12.5,56,1
22.5,87,0.9,97,1
25.9,50,6.7,36,0
39.1,87,22.3,98,1
32.8,29,17.2,34,0
40.2,61,16.3,96,1
38.5,71,16.4,54,0
37.9,98,22.5,38,0
30.1,59,25.9,11,0
41.4,30,23.3,30,0
39.9,90,20.7,90,1
35.1,36,18.5,100,0
40.0,22,17.1,68,0
34.1,36,9.7,90,0
25.8,49,28.6,65,0
21.7,67,27.6,35,0
21.4,31,7.5,91,1
40.4,65,14.7,73,1
25.3,68,11.3,9,1
39.5,26,12.1,95,0
36.8,62,13.6,62,0
33.7,26,21.9,58,0
35.9,60,25.5,68,0
23.9,69,24.7,63,0
26.7,51,10.1,73,1
33.3,77,23.6,87,1
19.2,95,23.5,58,1
21.4,35,13.2,0,0
23.5,31,26.5,38,0
41.6,50,2.8,46,0
20.2,100,27.1,21,0
28.7,54,21.8,96,0
29.6,26,21.1,0,0
30.9,31,17.8,66,0
18.3,58,24.5,54,0
30.9,44,11.5,93,0
20.8,62,26.4,17,0
38.9,32,19.2,86,0
19.8,87,0.3,83,1
29.9,42,18.8,19,0
34.6,71,25.8,11,0
21.8,30,17.7,49,0
44.0,55,23.7,31,0
35.4,46,16.6,76,1
25.7,18,25.4,84,0
23.5,92,15.3,95,1
26.0,21,23.5,30,0
28.4,45,15.0,76,1
32.3,16,29.6,40,0
28.4,87,12.6,69,1
38.6,24,0.5,8,0
25.1,20,27.7,50,0
25.7,79,23.0,54,1
20.2,83,16.1,19,1
20.3,25,15.3,26,0
32.5,65,17.6,97,1
36.4,23,9.3,55,0
19.6,26,27.7,14,0
34.5,22,9.3,94,0
21.2,32,21.0,20,0
43.7,81,15.5,92,1
22.5,31,22.5,34,0
38.8,18,10.1,54,0
32.1,48,21.4,73,1
20.1,73,15.3,7,1
41.2,36,11.0,32,0
42.1,29,6.9,65,0
19.2,16,7.3,60,0
28.3,34,5.4,4,0
39.7,98,12.6,41,0
29.2,55,8.1,9,0
28.1,79,20.2,6,1
24.0,81,29.4,51,1
41.7,51,23.2,39,0
20.3,73,0.2,25,0
33.2,53,22.2,31,0
27.9,78,29.9,99,1
37.8,84,22.8,31,0
18.2,67,0.7,69,1
35.2,16,28.5,0,0
40.9,54,3.1,67,0
29.3,22,29.2,18,0
20.5,44,26.9,66,0
36.9,62,13.8,95,1
33.7,79,4.0,50,1
34.0,22,13.0,16,0
25.9,55,27.8,50,0
26.6,49,7.0,25,0
39.1,89,3.3,13,0
30.1,55,12.2,68,0
44.0,41,13.6,59,0
41.0,26,4.7,87,0
40.3,92,1.2,41,0
20.5,46,29.1,50,0
19.3,53,7.8,22,0
43.7,72,16.7,70,1
20.6,28,24.1,17,0
18.3,43,3.9,51,0
36.5,97,2.5,75,1
42.8,24,0.7,8,0
42.4,71,24.3,11,0
21.3,74,1.5,73,1
40.2,65,14.9,48,0
22.7,42,27.2,35,0
30.0,34,1.0,79,1
24.6,52,15.0,70,1
19.6,50,11.5,53,0
35.4,82,7.5,69,1
44.7,60,14.4,100,1
27.3,87,15.1,49,1
22.9,55,17.9,3,0
19.6,75,15.9,98,1
45.0,35,3.0,84,0
25.2,22,22.9,28,0
40.9,64,10.6,22,0
24.4,55,24.2,89,1
42.7,18,21.1,45,0
33.2,87,28.5,63,1
26.3,77,1.1,7,1
34.2,17,15.8,0,0
42.8,40,24.2,43,0
42.8,56,1.8,18,0
37.0,33,23.2,67,0
43.9,62,21.1,84,1
33.8,58,9.1,17,0
37.8,70,23.8,62,0
26.6,86,20.8,78,1
24.0,90,24.4,48,1
37.8,52,3.8,93,0
43.6,88,11.7,98,1
18.9,92,9.5,78,1
35.3,28,28.1,18,0
38.1,45,10.4,40,0
35.2,26,24.6,85,0
37.7,57,13.4,33,0
24.7,23,10.5,100,1
37.5,21,11.6,93,0
44.2,67,14.8,48,0
32.7,27,24.9,100,0
35.6,43,4.9,9,0
26.0,55,7.8,13,0
27.2,63,4.8,9,0
43.4,26,10.1,78,1
37.0,70,28.3,21,0
42.0,35,1.6,42,0
44.3,67,20.9,92,1
25.2,51,8.9,12,0
28.6,85,25.2,19,0
27.7,69,2.6,84,1
34.2,40,2.9,26,0
35.2,25,14.2,14,0
39.2,75,14.7,84,1
20.5,84,11.6,47,1
28.0,72,1.3,56,1
25.1,49,16.9,19,0
20.3,59,24.2,52,0
24.1,22,25.2,66,0
44.1,75,17.2,30,1
26.1,65,27.1,91,1
31.6,81,24.0,86,1
22.0,72,5.2,21,0
39.8,31,1.3,10,0
23.5,95,4.4,76,1
26.6,23,2.6,71,1
32.9,50,15.6,1,0
33.9,68,3.4,19,0
33.3,89,22.8,12,0
33.2,27,23.6,68,0
41.7,48,11.5,62,0
34.4,19,5.2,51,0
34.7,66,1.2,42,0
19.3,75,27.6,47,0
27.1,53,9.3,62,0
44.3,44,4.0,95,0
38.9,56,8.1,53,0
35.4,39,13.3,52,0
38.5,62,24.6,65,0
19.8,79,12.1,99,1
41.7,18,5.2,25,0
24.7,73,1.5,46,0
25.4,74,15.2,81,1
36.4,45,11.2,76,0
22.8,75,17.6,44,1
22.4,48,22.5,88,0
25.7,64,1.5,73,1
41.1,97,6.8,26,0
35.6,80,0.6,99,1
30.8,31,19.4,76,0
24.0,92,24.2,39,1
25.4,63,25.5,58,0
23.9,53,20.3,79,1
33.8,15,15.3,84,1
33.2,91,18.3,38,0
31.0,58,29.7,81,0
41.3,48,19.7,83,0
23.1,81,23.0,7,1
28.9,55,20.4,92,0
35.7,52,7.8,53,0
28.5,19,17.5,73,1
27.3,43,20.6,81,1
42.5,100,10.8,38,0
40.7,86,5.4,12,1
21.5,48,21.8,71,0
43.6,57,19.6,28,0
24.0,54,12.6,42,0
25.0,52,13.9,15,0
19.4,96,17.5,79,1
30.7,39,15.0,87,1
32.3,67,1.6,19,0
44.8,58,12.3,72,0
21.9,38,23.4,62,0
35.0,37,9.4,7,0
30.2,41,22.8,21,0
38.6,77,23.6,99,1
21.5,70,19.0,51,1
44.1,64,0.1,68,0
37.7,16,26.8,96,0
23.1,15,18.8,31,0
36.7,59,9.4,13,0
31.6,54,5.0,5,0
43.6,73,21.8,76,1
27.1,32,10.3,62,0
38.3,36,28.4,51,0
24.2,31,6.3,2,0
31.6,30,11.0,83,0
28.1,96,7.7,68,1
19.3,21,19.9,83,1
19.3,29,12.5,48,0
32.8,75,21.1,26,1
18.3,68,19.8,84,1
25.3,92,21.0,53,1
31.8,94,3.5,14,0
31.4,92,6.0,33,1
44.3,60,21.1,37,0
19.1,78,27.3,88,1
26.9,15,0.4,11,0
40.6,100,14.8,11,1
20.0,27,27.1,82,0
30.3,52,7.9,6,0
40.0,20,25.6,46,0
29.5,29,2.8,97,0
18.3,32,19.9,21,0
27.7,71,28.7,34,0
28.1,58,5.5,51,0
44.0,49,25.1,88,0
39.6,98,26.6,21,0
21.6,22,29.4,20,0
29.2,90,14.5,72,1
22.9,63,23.4,78,1
41.3,31,14.5,62,0
42.0,71,1.4,33,0
26.5,82,23.0,73,1
24.0,100,26.2,66,1
36.6,94,2.9,84,1
31.0,99,20.3,49,0
40.7,86,26.8,78,1
18.3,35,15.2,60,0
41.5,24,22.5,41,0
26.9,50,1.5,28,0
35.4,66,24.5,10,0
30.0,88,13.4,63,1
26.5,78,22.4,2,0
28.9,19,16.7,0,0
39.4,94,19.1,65,1
23.6,100,13.7,43,1
40.3,43,25.3,42,0
38.7,91,14.2,84,1
37.3,29,2.9,84,0
18.1,60,24.9,37,0
32.1,28,1.4,21,0
21.8,67,3.2,78,1
23.1,65,6.5,100,1
37.4,28,22.7,5,0
40.6,90,3.7,57,1
35.8,79,4.0,63,0
32.3,21,16.6,55,0
31.0,80,23.4,22,1
22.7,31,3.1,84,1
34.4,56,15.1,49,0
44.4,46,8.2,43,0
30.2,32,4.1,77,0
26.1,85,25.8,91,1
35.1,40,6.3,91,0
36.5,31,29.4,83,0
31.6,96,9.7,14,1
33.2,89,17.1,85,1
36.2,83,8.6,54,1
32.1,18,11.4,6,0
23.4,35,29.5,87,0
22.0,22,20.7,37,0
38.3,19,10.8,57,0
34.6,86,25.9,95,1
33.2,45,15.3,89,0
36.7,21,27.8,49,0
43.8,55,29.0,6,0
38.1,40,18.6,99,0
40.4,96,21.1,82,1
38.4,84,22.2,25,0
25.9,37,29.5,9,0
44.0,80,3.6,5,0
25.5,48,3.9,74,0
18.2,74,21.3,19,0
22.1,56,17.9,99,1
34.6,99,9.0,73,1
27.7,55,15.8,23,0
19.8,79,4.8,69,1
28.9,59,6.6,27,0
26.9,52,6.6,96,1
32.3,86,24.7,83,1
21.1,59,13.4,82,1
42.8,46,28.8,87,0
28.3,29,11.6,69,0
18.7,81,24.7,47,1
39.7,72,14.6,37,0
23.2,80,2.5,12,1
44.2,83,16.0,80,1
23.7,95,23.2,87,1
40.6,41,16.1,89,0
35.5,24,22.4,19,0
30.4,57,1.1,9,0
22.8,47,16.7,73,1
42.6,67,11.6,80,1
29.7,17,11.7,15,0
18.2,94,1.9,95,1
19.2,24,10.7,64,0
25.8,53,18.2,36,0
28.3,99,0.9,20,1
23.9,65,23.9,69,0
43.9,33,8.9,93,1
28.1,16,16.6,71,1
21.3,15,17.2,50,0
32.8,25,9.1,95,1
23.7,97,25.5,18,1
23.0,93,25.0,24,0
22.9,87,25.6,96,1
30.5,85,2.2,85,1
24.8,40,21.8,62,0
27.6,100,19.7,12,1
34.7,39,9.5,57,0
34.6,54,20.8,19,0
33.3,55,28.8,21,0
26.5,43,21.4,82,1
25.5,61,4.0,93,1
41.7,74,13.4,99,1
31.1,28,5.3,77,0
40.7,32,26.7,25,0
37.8,95,2.3,9,0
40.9,95,0.9,74,1
28.9,90,6.4,4,1
25.0,84,14.2,99,1
27.9,43,26.7,75,0
21.6,79,15.3,50,1
31.6,99,7.2,78,1
38.4,32,13.4,22,0
43.6,99,26.2,18,0
43.4,20,6.6,62,0
19.7,62,7.0,85,1
32.0,61,11.6,58,0
19.1,98,9.7,90,1
35.1,50,25.0,33,0
32.7,37,11.3,48,0
33.9,24,15.5,48,0
31.9,60,24.5,44,0
39.4,92,0.2,17,0
22.5,24,15.4,35,0
22.1,35,10.9,91,1
35.8,68,24.3,92,0
31.0,76,14.4,75,1
35.5,67,0.7,5,0
33.5,35,4.0,65,0
42.1,33,1.7,33,0
31.9,66,18.0,72,1
18.5,99,24.6,10,1
30.1,75,26.0,21,0
40.4,91,4.3,74,1
34.8,80,7.9,92,1
42.9,91,17.7,29,1
28.4,28,0.5,66,0
36.5,34,18.2,22,0
42.3,91,1.2,100,1
31.6,30,2.8,84,0
42.4,84,24.8,99,1
29.7,68,11.1,5,1
29.6,76,23.7,48,1
33.9,88,2.9,17,0
30.9,44,27.3,10,0
34.2,84,12.3,24,0
37.1,15,17.3,15,0
18.2,98,6.2,40,1
27.8,34,12.8,74,1
25.1,83,12.7,46,1
25.4,65,22.6,52,1
39.2,76,5.4,71,1
31.1,54,17.3,99,1
37.9,99,3.6,29,0
39.1,35,3.0,65,0
39.2,85,18.4,87,1
22.3,96,0.2,11,0
30.7,91,13.1,8,1
24.0,25,18.3,92,1
43.1,66,18.4,66,0
37.2,91,1.7,99,1
35.3,71,0.3,84,1
25.7,19,23.5,65,0
36.9,93,5.1,4,1
24.5,15,29.3,11,0
39.1,60,20.1,51,0
23.4,16,22.1,8,0
32.8,86,27.5,44,0
44.0,50,6.8,24,0
43.1,88,0.1,22,0
31.7,86,2.2,37,0
43.6,80,28.7,68,1
24.8,71,29.0,72,1
38.8,58,28.8,58,0
42.2,18,14.5,33,0
28.3,43,20.3,29,0
29.1,60,15.5,1,0
24.7,26,12.0,95,1
20.1,37,14.3,45,0
42.1,49,5.5,95,0
31.5,40,7.0,30,0
23.6,40,25.0,79,1
22.2,28,3.6,10,0
34.6,84,28.7,61,1
34.8,78,26.9,73,1
31.3,80,8.4,28,1
21.5,82,24.0,61,1
18.9,59,11.8,87,1
30.3,30,20.9,58,0
36.6,16,20.2,48,0
20.7,61,18.4,33,0
32.8,45,8.1,78,1
27.9,78,12.7,53,1
27.9,66,8.4,23,1
21.5,88,20.6,12,1
39.7,86,13.0,48,0
21.9,34,14.2,1,0
29.4,32,29.9,80,1
32.4,55,23.6,38,0
33.2,87,1.4,12,0
19.6,47,14.3,80,1
30.1,57,7.8,46,0
33.1,47,10.3,52,0
27.5,92,6.0,73,1
35.5,37,29.4,36,0
26.8,80,14.6,94,1
42.0,63,18.4,59,1
43.8,36,19.2,43,0
35.0,88,12.1,9,0
22.4,44,9.4,83,1
37.2,92,19.3,34,1
39.1,61,22.4,66,0
29.2,38,25.6,16,0
35.9,25,6.3,50,0
20.6,75,16.5,3,1
32.1,25,3.1,79,0
20.3,64,9.3,31,0
30.0,31,3.9,21,0
18.9,60,25.8,41,0
30.6,84,28.0,70,1
21.6,84,5.3,76,1
35.0,96,26.3,55,1
35.3,83,9.3,44,1
32.6,26,13.3,46,0
25.0,53,0.3,66,0
27.3,75,16.1,88,1
43.6,76,9.0,98,1
39.5,91,6.9,0,1
28.1,67,26.5,55,1
24.7,97,11.7,48,1
25.1,69,18.8,66,1
39.8,49,8.5,95,1
39.8,67,5.6,8,0
21.7,29,19.1,79,1
25.3,94,14.8,41,1
22.1,83,0.7,13,1
25.3,71,21.8,29,0
22.1,78,6.5,53,1
39.2,78,29.9,59,0
26.9,33,1.7,99,1
19.9,75,5.4,32,1
40.4,30,29.2,91,0
28.4,71,7.4,4,0
30.4,27,15.6,26,0
28.5,54,28.1,20,0
37.7,85,15.6,32,1
35.2,40,10.8,6,0
44.3,45,19.0,41,0
22.5,50,17.5,50,0
18.2,20,17.4,88,1
36.6,34,11.1,11,0
22.3,26,20.6,43,0
19.6,60,19.3,89,1
39.4,31,14.6,40,0
39.3,59,24.2,56,0
18.6,63,10.7,17,0
42.3,77,21.2,71,1
32.7,77,5.7,23,1
27.4,74,8.3,76,1
22.3,82,4.7,37,1
32.6,73,0.0,81,1
28.2,38,26.5,79,1
39.0,45,9.6,8,0
40.1,39,15.7,63,0
22.2,51,9.7,82,1
21.0,81,19.8,5,1
22.8,19,6.1,62,0
20.7,88,19.3,49,1
32.2,90,7.7,46,1
34.4,24,0.4,26,0
31.3,25,14.0,81,0
27.7,68,24.7,90,1
40.2,49,15.9,93,0
40.5,24,28.3,66,0
20.7,44,15.9,24,0
32.2,46,17.1,22,0
38.2,68,22.4,98,1
33.6,73,21.1,54,0
22.5,38,16.5,64,0
35.8,83,30.0,56,1
42.4,85,29.7,41,0
29.1,96,12.9,92,1
34.4,87,16.4,48,1
43.0,47,10.8,57,0
43.9,15,21.8,36,0
18.4,32,29.8,38,0
26.1,43,6.4,40,0
38.8,50,27.6,65,0
33.4,88,4.6,4,0
27.6,32,7.9,74,1
24.3,53,2.8,51,0
42.8,24,21.7,61,0
31.2,88,24.6,12,1
35.3,19,21.9,73,0
20.1,22,27.7,42,0
41.8,70,12.5,15,0
38.2,92,27.9,81,1
28.3,54,15.7,40,0
33.3,56,15.1,28,0
19.4,65,29.1,96,1
33.5,26,6.7,37,0
22.0,58,2.5,73,0
32.8,48,2.6,64,0
38.9,31,22.9,61,0
23.3,65,19.6,25,1
34.6,82,7.4,9,1
39.0,56,20.5,73,0
21.0,67,12.7,44,0
26.7,91,19.7,98,1
22.6,59,18.5,56,0
21.9,20,27.7,29,0
36.5,34,22.7,10,0
38.0,46,28.5,18,0
18.4,29,9.2,60,0
27.0,83,6.4,69,1
38.3,85,14.5,93,1
36.8,100,0.6,74,1
19.2,36,1.8,25,0
25.3,74,19.6,1,0
28.5,49,19.9,84,1
41.3,17,8.8,83,0
24.2,63,15.3,90,1
42.4,77,26.0,68,0
23.0,79,29.0,71,1
19.1,82,9.1,62,1
38.1,17,10.4,45,0
34.9,45,29.9,64,0
39.9,95,7.7,49,0
43.5,50,6.8,43,0
35.7,26,21.9,66,0
41.6,44,12.5,73,0
29.5,54,27.3,42,0
32.6,41,19.6,74,1
36.5,40,25.9,39,0
42.6,70,29.9,98,0
35.7,87,27.5,40,0
33.0,30,5.5,18,0
38.7,67,28.8,38,0
38.1,96,28.0,35,0
39.0,28,3.9,3,0
34.7,92,17.0,29,1
24.3,18,10.8,88,1
21.6,92,14.1,83,1
23.0,64,14.7,17,0
23.2,19,12.3,1,0
43.7,43,22.3,25,0
19.8,71,26.0,62,1
41.4,46,12.8,99,0
34.4,63,21.6,50,0
43.4,88,17.8,67,1
41.6,19,15.6,57,0
40.3,20,26.3,31,0
32.5,20,16.7,66,0
44.0,39,8.7,50,0
38.9,51,13.8,54,0
34.6,21,20.7,18,0
40.4,72,2.7,64,0
22.9,89,28.1,89,1
21.7,67,9.7,3,0
30.2,40,26.5,11,0
26.8,98,27.2,20,0
20.5,72,19.0,10,1
37.1,80,18.4,20,1
32.9,20,23.0,42,0
41.5,34,4.9,18,0
38.8,21,12.6,39,0
25.8,38,3.5,16,0
18.1,47,0.4,63,0
32.7,15,18.2,63,0
23.9,99,14.3,52,1
20.1,91,0.2,70,1
34.7,86,24.6,26,0
23.0,22,19.6,4,0
41.1,100,17.3,77,1
26.9,26,1.5,53,0
22.4,51,18.3,88,1
33.5,86,5.3,58,1
27.7,19,2.8,38,0
28.0,63,24.6,97,1
40.8,23,8.8,17,0
36.8,50,9.9,52,0
23.7,41,18.4,13,0
37.7,95,15.9,11,1
37.6,92,28.0,90,1
29.5,55,7.8,73,1
27.6,31,18.4,63,0
37.7,78,14.8,23,1
24.3,52,29.4,0,0
18.6,95,23.9,94,1
39.6,68,12.4,42,0
33.1,96,6.4,81,1
36.6,47,23.7,39,0
31.7,56,23.0,14,0
27.2,87,18.5,3,1
23.2,58,27.7,61,0
39.5,97,4.1,19,1
30.4,83,26.9,59,1
43.1,22,25.1,38,0
37.6,55,16.7,2,0
33.6,57,24.0,45,0
44.2,50,25.2,43,0
34.9,36,17.1,49,0
34.1,54,21.2,40,0
25.3,26,14.9,30,0
30.2,53,6.5,38,0
21.0,19,23.3,11,0
31.7,76,27.1,19,0
27.2,76,22.0,67,1
38.9,33,23.1,12,0
36.3,31,6.2,4,0
28.5,81,3.5,39,0
36.6,91,26.2,42,0
42.0,28,15.6,84,0
18.6,54,19.2,26,0
23.4,51,8.3,40,0
36.1,49,4.5,35,0
18.4,94,16.8,13,1
32.6,85,9.6,18,1
33.5,36,2.1,78,0
32.6,21,3.9,60,0
20.9,21,2.6,50,0
37.0,90,18.9,88,1
34.6,54,10.0,25,0
20.1,74,17.0,11,0
20.6,54,20.5,90,1
30.7,43,4.3,78,0
42.6,65,5.5,85,1
39.3,56,13.6,3,0
30.8,59,14.4,21,0
38.7,92,17.2,65,1
29.0,28,9.8,83,1
39.4,83,13.8,75,1
24.4,46,16.4,61,0
19.8,41,24.4,75,1
39.2,70,17.0,43,0
36.7,37,19.9,9,0
40.6,29,17.8,59,0
33.0,71,5.3,51,0
34.2,91,23.1,48,0
31.3,99,1.8,27,0
42.0,96,24.3,96,1
35.8,72,15.9,49,0
33.6,40,6.2,40,0
33.4,53,27.6,55,0
44.7,89,0.2,65,1
40.9,52,1.9,70,0
18.0,86,24.6,45,0
41.3,18,7.1,89,1
28.6,55,21.4,51,0
29.8,42,19.9,60,0
23.1,64,25.3,46,0
22.2,100,3.8,1,0
35.5,33,21.6,62,0
44.3,32,2.5,82,0
41.2,92,27.9,79,1
30.3,69,16.6,57,1
27.6,38,12.7,0,0
31.5,45,21.4,34,0
43.0,88,11.0,4,1
31.0,62,3.4,61,0
21.8,82,29.5,96,1
30.6,25,15.7,78,0
24.6,95,22.3,85,1
36.5,84,23.9,39,0
19.4,58,16.1,1,0
30.3,75,17.2,42,1
27.5,52,8.7,4,0
38.2,87,7.8,80,1
33.6,88,1.5,37,1
18.7,77,2.5,64,1
41.0,50,7.6,78,0
25.4,47,0.4,14,0
22.7,90,22.2,84,1
28.0,37,7.8,89,1
31.1,82,25.9,43,0
44.1,91,28.0,19,0
38.3,67,23.1,30,0
37.6,36,6.3,93,0
19.5,48,22.7,14,0
22.5,66,14.3,60,1
24.3,64,14.2,18,1
41.5,16,8.7,57,0
36.3,82,20.5,5,0
42.8,96,10.6,55,1
42.8,49,10.0,34,0
24.9,89,11.7,98,1
37.8,90,23.1,66,1
36.3,38,9.4,1,0
40.5,16,12.3,67,0
36.5,59,6.6,36,0
23.2,18,18.6,7,0
35.7,42,28.5,81,0
37.1,30,2.6,77,0
28.2,97,17.0,23,1
36.8,47,8.8,84,0
35.2,50,23.1,88,0
24.9,24,8.3,7,0
28.5,22,7.7,33,0
29.9,77,29.4,25,1
28.6,97,14.8,18,1
38.8,42,18.4,13,0
37.3,28,1.0,9,0
37.6,72,0.6,63,0
35.6,15,28.0,85,0
25.2,57,27.1,73,0
31.9,77,14.3,51,1
32.6,15,11.5,88,1
21.3,83,28.1,45,1
36.4,66,1.7,82,0
27.9,58,2.4,58,0
35.5,37,16.6,49,0
26.1,64,26.9,80,1
31.1,95,13.1,24,0
19.0,18,21.6,75,0
31.2,23,23.8,82,0
31.5,72,29.0,2,0
27.2,58,23.6,5,0
21.2,98,20.0,58,1
22.0,89,7.0,9,1
37.9,77,19.6,60,1
19.2,98,3.9,22,1
19.3,54,24.6,12,0
34.5,90,1.9,13,0
31.4,93,6.6,25,1
27.1,66,9.7,87,1
32.7,56,25.1,27,0
34.0,57,1.9,35,0
38.5,36,20.9,70,0
29.8,89,1.2,12,1
34.5,35,0.5,62,0
18.2,37,27.8,90,1
34.0,51,12.5,98,1
36.7,41,4.3,34,0
30.2,45,28.1,78,0
34.1,78,18.4,11,1
40.3,53,10.4,0,0
24.4,30,29.6,12,0
27.8,84,15.2,59,1
35.8,50,1.6,14,0
36.5,75,14.9,20,0
19.5,61,8.6,55,1
27.0,73,1.3,94,1
43.0,37,4.7,3,0
31.9,24,26.9,92,0
34.0,56,12.6,95,1
24.2,29,9.8,12,0
37.9,40,11.3,28,0
30.7,77,1.6,55,1
23.8,93,13.6,49,1
21.7,39,19.0,34,0
27.1,19,20.8,7,0
21.7,74,13.8,21,0
23.9,52,18.1,81,1
42.5,88,29.1,29,0
29.1,81,14.7,27,1
30.8,74,8.4,93,1
37.9,46,7.4,55,0
24.0,90,28.4,73,1
29.3,20,1.2,60,0
18.9,82,11.8,89,1
30.2,45,2.5,96,0
36.7,67,28.5,16,0
26.0,97,30.0,2,1
36.1,35,21.1,73,0
18.7,73,13.9,17,0
23.0,62,18.8,90,1
18.0,95,2.1,88,1
32.3,52,12.8,34,0
32.6,41,23.6,10,0
41.8,22,15.4,86,0
42.0,29,11.5,59,0
19.1,61,5.3,71,1
33.1,41,4.2,42,0
32.6,98,14.4,96,1
41.5,41,22.6,97,0
26.7,49,15.1,54,0
19.5,62,10.4,62,1
32.2,30,14.1,68,0
42.3,72,18.6,86,1
23.1,73,2.6,50,0
25.8,24,3.3,35,0
36.8,78,4.5,26,0
43.7,17,8.8,87,1
43.2,75,10.4,56,1
18.6,39,1.9,29,0
35.4,67,17.4,83,1
39.2,77,17.8,89,1
40.7,71,13.7,72,1
42.3,54,5.2,33,0
31.1,51,23.1,6,0
27.5,73,28.7,79,1
37.2,51,5.5,22,0
22.4,29,1.2,40,0
21.4,48,11.1,26,0
37.1,100,9.5,44,0
28.1,84,29.3,68,1
21.3,18,12.1,63,0
43.6,55,4.7,94,0
44.3,57,19.4,37,0
42.2,88,20.0,72,1
27.1,29,21.9,5,0
36.3,29,9.2,51,0
40.7,72,10.7,41,0
34.4,39,17.5,28,0
23.3,25,16.2,57,0
44.3,65,5.8,40,0
34.3,22,27.3,46,0
22.0,69,11.1,47,0
25.7,59,9.2,57,0
20.4,71,22.2,53,1
25.8,69,21.9,53,0
40.6,91,2.6,26,0
30.8,82,29.6,8,1
38.4,26,0.2,81,0
29.2,86,13.9,72,1
23.4,63,8.7,62,1
40.2,53,25.0,38,0
33.1,74,6.7,0,0
25.1,96,25.0,60,1
35.7,51,12.5,62,0
24.6,30,22.9,63,0
34.2,61,17.4,72,1
41.4,95,20.6,88,1
28.1,88,0.5,33,1
33.7,33,9.6,88,0
27.6,21,8.2,53,1
42.6,60,1.5,37,0
35.3,24,15.4,98,1
22.9,27,18.0,21,0
26.7,55,24.8,87,0
25.3,61,2.9,74,1
40.2,16,4.1,36,0
39.0,67,10.2,20,0
23.9,79,6.6,24,1
34.6,82,25.4,91,1
37.0,29,12.5,9,0
40.1,17,14.4,39,0
21.8,71,26.7,76,1
38.6,58,5.2,38,0
38.1,30,6.7,88,0
36.6,54,3.8,16,0
29.5,29,2.3,99,1
38.4,20,5.9,4,0
34.0,75,3.6,32,0
19.8,100,0.3,12,0
42.8,41,17.6,25,0
36.1,18,2.7,95,0
43.6,59,10.6,64,0
24.5,87,2.1,74,1
32.3,39,28.9,21,0
18.1,27,27.7,64,0
27.9,90,5.6,86,1
22.9,60,29.4,54,0
31.9,67,3.4,40,0
30.6,81,4.1,97,1
37.0,86,21.7,10,0
31.3,64,8.5,76,1
36.6,71,6.8,52,0
44.6,69,5.7,8,0
43.4,62,5.4,86,1
36.1,65,13.1,84,1
21.2,65,12.0,75,1
38.0,36,1.9,25,0
23.4,66,3.7,54,1
25.5,89,17.8,96,1
43.5,60,14.3,77,1
44.7,80,8.4,98,1
20.9,47,14.7,29,0
43.4,18,3.0,6,0
31.4,18,29.2,48,0
36.3,34,9.1,79,0
38.5,99,22.5,98,1
39.4,40,8.8,63,0
31.6,84,10.3,69,1
18.5,19,29.7,15,0
30.2,63,13.3,4,0
22.8,99,25.8,38,1
31.3,32,9.4,49,0
38.6,87,20.3,84,1
36.5,88,14.1,71,1
31.7,65,7.9,75,1
34.7,60,23.0,36,0
19.7,90,1.4,46,1
39.9,89,0.8,80,1
28.3,69,10.4,45,0
27.5,99,7.3,30,1
26.4,25,27.3,8,0
21.1,36,0.6,41,0
30.4,69,17.0,53,0
18.6,75,17.6,40,1
33.4,56,17.2,62,0
36.7,41,10.1,64,0
22.5,53,10.9,55,0
31.4,24,25.2,68,0
25.8,21,8.9,73,1
39.7,94,22.3,11,0
20.6,58,8.2,72,1
30.8,41,10.4,9,0
40.2,79,24.1,55,1
26.5,68,12.1,79,1
30.2,85,5.4,2,1
37.0,38,17.3,27,0
25.2,96,16.0,78,1
43.2,95,1.8,25,0
30.5,45,4.5,87,0
40.8,67,9.6,8,0
23.5,67,8.0,36,1
22.3,91,7.1,30,1
22.0,18,7.4,39,0
31.1,70,12.7,4,0
22.3,32,0.9,35,0
22.8,20,28.9,62,0
19.5,25,9.4,38,0
42.3,67,26.9,85,0
28.7,32,7.1,73,1
43.2,81,19.9,74,1
24.8,26,7.1,15,0
26.9,89,22.1,95,1
43.3,42,4.3,22,0
44.2,71,12.3,75,1
31.2,62,21.0,14,0
32.7,75,20.5,35,0
27.8,62,24.6,2,0
44.1,92,1.0,94,1
36.6,100,7.2,70,1
26.4,61,27.1,87,1
32.4,45,25.7,49,0
42.6,65,27.8,32,0
20.4,45,8.9,20,0
35.0,97,12.2,4,1
41.4,77,14.1,52,1
37.4,27,24.7,89,0
31.7,60,12.6,93,1
37.9,73,20.9,97,0
35.3,38,18.9,82,0
18.1,40,18.8,40,0
20.2,35,7.5,91,1
38.6,91,20.6,40,0
30.9,32,7.8,87,1
40.3,51,6.0,53,0
22.9,63,28.3,73,1
18.6,17,27.7,82,1
34.9,26,29.2,25,0
36.9,36,1.5,79,0
34.2,34,2.7,47,0
43.6,30,0.4,67,0
38.9,73,24.8,63,0
24.1,41,5.7,100,1
25.8,78,11.5,55,1
34.2,51,21.8,24,0
22.9,33,0.9,33,0
34.7,46,11.1,87,1
30.4,16,14.1,41,0
36.5,64,21.3,94,1
24.9,27,16.7,6,0
43.1,75,27.2,77,1
37.2,20,0.2,64,0
28.3,65,20.1,16,0
19.1,37,7.8,64,0
43.1,74,4.0,40,0
29.7,48,3.5,5,0
31.5,50,22.4,55,0
42.4,48,18.4,97,0
32.0,70,26.8,40,0
38.6,34,16.7,84,1
39.6,21,5.7,6,0
22.9,75,7.8,90,1
29.8,78,1.2,45,1
31.1,78,3.4,92,1
21.3,26,6.1,36,0
40.5,80,24.7,72,1
23.7,15,15.8,73,1
29.2,24,7.4,63,0
42.0,18,8.5,87,0
28.6,90,27.9,13,1
22.2,25,13.8,90,1
30.3,49,17.8,0,0
44.2,98,18.7,57,1
43.6,87,3.9,6,1
25.6,22,22.3,70,1
28.3,66,7.7,30,0
20.4,41,4.9,99,1
25.7,98,4.6,38,1
39.6,54,27.1,77,0
27.7,27,25.0,65,0
31.2,64,14.3,72,1
29.4,69,24.3,78,1
29.7,69,2.8,65,1
44.3,43,19.4,91,0
43.1,82,18.9,67,1
25.8,70,2.4,61,0
22.0,31,20.5,38,0
32.1,52,17.1,70,0
42.8,80,3.2,54,1
20.6,99,21.6,32,1
24.9,25,23.1,2,0
38.0,74,5.4,23,0
19.2,68,26.3,38,0
33.9,73,22.7,57,0
39.8,58,29.0,23,0
23.0,92,7.8,86,1
29.7,17,0.2,14,0
22.6,76,13.8,51,1
37.6,53,18.6,78,0
36.6,65,24.1,11,0
21.6,39,3.4,2,0
41.2,41,14.4,18,0
24.5,95,25.7,68,1
20.3,74,4.4,54,0
21.1,34,22.2,56,0
30.7,72,17.6,25,0
33.4,65,1.5,1,0
35.0,70,29.4,63,0
34.1,85,30.0,4,1
28.8,80,17.7,78,1
24.3,22,15.8,54,0
26.5,23,8.0,82,1
42.0,29,14.8,82,0
30.1,70,0.6,36,0
30.7,71,7.0,28,0
42.5,58,27.7,91,0
21.5,52,21.7,49,0
40.5,98,22.0,60,1
34.8,51,20.7,11,0
21.5,40,4.7,62,0
39.4,78,9.1,26,1
19.3,17,10.8,33,0
36.3,37,24.8,64,0
39.8,58,12.9,79,0
21.3,43,14.6,43,0
38.8,86,8.0,19,1
34.3,28,21.2,56,0
44.0,29,29.2,100,0
34.5,28,24.7,5,0
20.8,95,3.5,26,1
22.2,52,21.2,97,1
31.5,27,4.6,46,0
40.1,30,25.5,56,0
38.8,15,7.4,60,0
25.7,36,2.6,47,0
27.7,100,7.4,96,1
29.4,44,4.1,54,0
42.8,73,28.6,66,0
43.5,71,4.4,1,0
43.5,25,10.1,51,0
29.7,65,22.8,84,1
22.1,88,1.7,80,1
44.3,68,12.1,87,1
41.6,55,27.3,1,0
42.3,93,27.6,89,1
30.0,41,26.6,79,1
35.6,59,26.6,100,0
28.9,40,26.4,10,0
32.5,64,21.8,94,1
32.1,84,8.5,11,1
32.9,81,10.2,81,1
18.6,84,17.8,30,1
37.6,79,3.3,7,0
25.0,79,10.6,6,1
43.4,72,8.9,94,1
30.2,45,24.2,74,0
37.3,95,20.0,76,1
27.5,51,20.0,91,1
36.2,63,15.6,31,0
26.9,89,5.8,99,1
30.3,33,21.3,52,0
20.5,69,26.7,60,0
30.0,62,20.3,51,1
33.1,65,26.2,74,1
35.2,71,20.7,62,0
40.2,33,15.2,62,0
21.5,80,25.9,15,1
30.3,19,22.4,71,0
42.9,30,18.0,52,0
21.3,88,8.7,66,1
21.2,54,29.7,38,0
31.1,33,4.3,75,0
19.3,54,26.7,27,0
40.1,77,0.1,70,1
19.8,20,12.5,73,1
33.3,58,23.4,60,0
21.6,32,15.1,58,0
36.0,34,26.0,41,0
39.6,100,18.7,49,0
42.3,58,16.2,85,0
37.9,97,2.7,21,0
33.4,54,16.8,15,0
33.1,39,28.7,69,0
38.5,87,15.7,96,1
31.6,17,3.6,68,0
44.0,50,23.6,31,0
30.0,83,18.2,51,1
19.2,17,10.2,23,0
18.6,82,9.5,32,1
21.1,27,16.3,36,0
22.9,26,4.6,52,0
19.6,56,5.4,91,1
26.0,27,9.6,52,0
25.0,30,1.6,30,0
33.8,78,15.3,64,1
43.6,49,1.8,59,0
29.0,76,0.9,81,1
42.7,17,8.1,75,0
24.7,86,19.5,16,1
33.3,72,2.5,81,1
23.5,33,11.2,21,0
32.5,69,28.8,71,1
19.1,74,28.8,79,1
35.6,36,0.0,61,0
34.1,63,30.0,80,1
33.8,80,8.4,20,1
33.2,53,2.7,89,0
40.4,86,30.0,55,1
34.5,55,26.5,43,0
25.1,72,8.2,84,1
27.2,73,28.8,42,0
42.7,32,19.4,0,0
30.9,16,20.2,52,0
42.2,77,22.9,68,0
39.3,98,19.5,68,1
42.1,100,13.4,15,1
44.2,63,24.8,45,0
22.8,16,3.7,47,0
30.0,43,22.3,97,0
36.4,60,5.7,78,1
26.2,43,7.0,63,0
19.0,78,27.1,90,1
23.6,40,29.5,81,1
21.0,50,17.1,63,0
32.9,99,22.2,86,1
33.3,23,17.6,95,0
21.4,87,25.7,66,1
23.2,17,29.8,88,1
34.6,86,26.5,0,0
35.3,98,1.6,41,0
40.8,67,8.2,87,1
30.6,61,15.5,5,0
19.3,68,16.0,40,0
28.6,57,2.5,73,0
44.7,43,29.3,54,0
42.8,40,4.9,39,0
34.9,27,0.8,55,0
34.0,95,28.1,32,0
20.9,45,28.8,6,0
32.0,45,28.3,99,0
34.7,27,18.8,74,0
20.3,22,27.5,48,0
42.0,23,23.5,7,0
19.5,93,18.8,8,1
36.3,86,1.6,48,0
20.6,67,7.0,76,1
18.3,64,13.9,54,1
34.7,58,19.5,86,0
30.3,57,17.6,13,0
18.3,23,17.8,24,0
21.4,80,7.7,53,1
37.6,71,5.6,17,0
19.6,54,17.5,65,1
38.4,54,17.5,69,0
22.0,54,18.1,37,0
44.2,81,17.6,86,1
19.5,79,24.6,71,1
29.4,40,29.3,81,0
39.2,58,5.7,60,0
34.2,57,25.6,72,0
34.6,68,9.9,13,0
41.7,20,14.9,0,0
24.0,44,14.0,27,0
31.0,57,24.2,48,0
28.8,15,10.9,9,0
18.8,29,4.3,56,0
35.0,61,1.3,3,0
23.3,37,6.6,33,0
27.2,85,7.4,25,1
22.8,48,27.3,2,0
28.2,29,10.2,26,0
30.3,62,24.3,84,1
43.4,94,26.4,91,1
21.2,31,23.8,24,0
28.2,62,9.5,54,1
24.6,20,22.9,75,0
41.1,52,23.7,41,0
19.4,50,26.2,65,0
41.9,41,21.8,100,0
39.4,93,1.9,65,1
38.3,97,22.5,47,0
32.0,37,9.7,47,0
36.8,78,14.2,74,1
35.2,89,19.5,26,0
42.2,72,25.9,50,0
26.3,63,17.1,47,0
32.9,32,22.5,37,0
32.0,44,17.5,59,0
34.8,69,13.5,55,1
27.9,78,9.5,48,1
22.8,44,8.0,9,0
42.3,52,25.3,65,0
35.4,50,27.8,12,0
19.9,19,16.4,42,0
36.2,47,9.1,98,0
23.1,92,29.9,96,1
42.6,16,23.1,36,0
39.1,66,28.4,74,1
18.3,98,15.4,97,1
41.4,44,6.8,95,0
30.8,81,17.6,70,1
37.5,74,10.2,10,0
40.8,69,23.1,89,1
23.7,72,25.6,3,0
21.8,31,9.2,94,1
31.5,99,25.0,43,0
29.3,66,22.9,88,1
26.1,90,0.7,100,1
42.9,34,29.3,42,0
35.0,92,27.4,73,1
44.5,41,28.5,8,0
28.4,75,3.3,72,1
35.3,53,2.8,13,0
22.8,92,14.7,23,1
19.9,64,8.5,29,0
35.8,23,13.6,47,0
18.3,56,25.8,52,0
22.2,29,3.9,53,0
38.1,64,28.7,26,0
41.5,54,13.0,90,1
22.3,88,28.2,75,1
31.6,73,8.3,0,0
30.0,66,18.1,31,1
26.9,87,26.4,58,1
33.6,26,8.6,58,0
36.9,53,11.7,22,0
24.7,94,22.0,58,1
42.6,38,21.0,12,0
36.9,20,7.2,20,0
41.8,83,8.8,8,0
42.5,67,29.8,70,0
44.9,24,22.7,64,0
29.1,36,7.6,64,0
30.5,24,19.2,86,1
28.3,66,25.7,50,0
18.3,29,21.3,17,0
36.1,74,14.5,8,0
32.8,46,21.4,56,0
30.7,50,25.2,21,0
34.4,37,8.8,68,0
22.5,100,22.9,86,1
22.1,60,5.3,91,1
42.1,83,6.5,89,1
40.6,81,19.2,91,1
28.5,54,13.3,76,1
19.3,63,23.0,31,0
42.5,40,2.7,53,0
44.7,58,24.6,87,0
24.0,27,23.9,85,0
37.5,20,12.5,13,0
26.7,95,5.7,26,1
28.7,69,3.6,27,0
27.6,37,0.4,83,1
18.3,42,13.8,8,0
35.5,62,1.3,27,0
26.1,91,15.0,13,1
39.4,87,5.1,12,1
26.8,95,20.9,86,1
27.0,96,22.9,88,1
44.4,100,14.5,42,0
34.4,89,13.5,65,1
38.0,79,17.6,1,0
18.6,30,9.3,94,1
38.4,94,2.4,17,0
31.5,40,4.6,26,0
19.0,91,29.7,56,1
21.6,55,19.3,97,1
32.1,68,19.4,36,0
24.2,57,10.3,26,0
19.5,100,29.7,87,1
34.4,63,15.6,23,0
35.0,23,26.1,8,0
19.4,33,28.1,16,0
22.7,85,24.9,26,1
31.7,69,21.7,39,0
37.5,46,12.7,77,0
26.2,88,13.4,81,1
25.3,76,2.4,46,1
28.2,75,13.2,64,1
37.8,34,24.6,61,0
38.6,69,25.6,97,1
34.1,34,16.6,22,0
28.3,54,13.6,48,0
34.4,24,10.0,91,1
23.3,39,0.1,64,0
31.3,68,28.2,95,1
28.4,54,19.2,75,1
29.0,19,29.8,15,0
43.2,35,5.8,55,0
38.8,59,15.3,62,0
36.6,22,19.5,54,0
24.5,19,27.6,46,0
37.1,18,20.9,82,0
25.1,73,28.3,18,0
24.7,89,28.6,20,0
21.2,26,19.3,49,0
37.1,25,15.6,24,0
22.5,69,7.6,38,1
44.1,99,26.6,75,1
37.8,26,3.3,73,0
40.0,49,22.5,95,0
36.9,15,29.6,62,0
20.6,68,15.7,83,1
37.8,36,5.3,23,0
23.3,38,15.1,14,0
33.3,42,5.6,7,0
39.8,39,7.8,52,0
34.9,94,3.3,81,1
20.2,25,11.3,35,0
27.2,89,7.0,62,1
18.3,49,22.6,0,0
39.3,20,2.9,66,0
28.1,81,29.6,97,1
43.2,75,22.7,77,1
27.1,58,30.0,30,0
36.0,63,18.3,45,0
39.8,15,13.7,89,0
37.6,32,0.8,15,0
25.5,46,11.1,79,1
31.9,99,5.6,81,1
18.4,61,26.2,94,1
36.3,44,18.2,51,0
39.4,59,12.8,60,0
37.8,52,18.2,91,0
41.5,88,23.5,91,1
18.9,78,23.9,38,1
44.7,74,5.0,57,0
31.0,84,7.2,27,1
38.3,99,21.0,13,0
44.8,18,4.8,41,0
38.7,43,21.6,85,0
43.7,100,3.7,17,0
35.1,77,2.7,88,1
41.5,88,23.0,76,1
35.4,63,27.3,95,1
35.7,86,29.0,55,1
24.0,29,8.7,14,0
27.2,90,28.1,95,1
33.5,31,25.6,48,0
37.9,54,1.9,68,0
40.9,69,9.6,46,0
32.0,92,17.7,13,1
18.2,73,9.5,37,0
31.5,73,4.4,36,0
38.2,19,18.0,39,0
44.7,30,8.2,90,1
30.9,42,14.9,90,1
19.6,57,4.6,91,0
40.9,43,21.0,6,0
41.1,65,9.0,84,1
44.8,85,11.8,54,1
44.7,65,11.7,67,0
25.6,39,21.0,70,1
20.6,56,22.6,74,0
40.9,53,13.7,20,0
21.7,76,8.7,18,1
23.9,40,22.1,1,0
37.6,88,3.1,100,1
28.2,69,20.4,21,0
20.6,75,5.4,6,1
44.5,98,10.2,55,1
34.9,66,7.4,15,0
28.7,53,20.6,22,0
38.1,100,19.8,99,1
41.4,98,11.5,80,1
30.0,16,3.6,10,0
31.2,100,27.3,28,0
33.8,88,14.4,88,1
39.4,38,11.5,82,0
26.1,31,3.0,8,0
23.0,17,11.8,68,0
31.2,81,25.1,68,1
21.4,41,29.0,15,0
41.3,38,0.2,57,0
21.3,31,17.3,83,1
20.4,47,25.5,4,0
44.5,79,9.0,69,1
29.4,99,0.0,38,0
43.5,81,27.1,37,0
30.0,88,14.7,40,1
42.6,60,18.2,65,0
36.6,99,24.6,30,0
23.1,53,25.7,27,0
34.3,42,17.8,35,0
37.7,69,2.2,32,0
28.3,35,12.0,10,0
36.3,33,16.1,9,0
37.8,96,20.9,24,0
33.2,97,24.6,77,1
29.3,34,9.5,100,1
28.2,92,7.4,34,1
32.3,85,12.2,42,1
20.4,57,23.3,18,0
25.4,27,11.3,28,0
43.7,30,5.3,93,0
33.9,77,2.9,44,1
41.4,85,8.1,12,0
22.6,64,5.4,94,1
32.9,66,14.3,16,0
18.3,80,21.4,84,1
21.9,87,22.1,6,1
44.3,46,20.3,53,0
22.9,60,24.0,64,0
25.4,69,15.6,91,1
26.2,26,28.4,52,0
40.8,96,2.4,93,1
43.5,36,17.3,10,0
33.0,78,24.3,1,0
36.3,32,14.4,65,0
36.8,66,0.4,24,0
37.3,83,22.5,31,0
36.5,20,18.2,21,0
42.4,37,2.3,17,0
27.5,21,12.7,48,0
28.1,29,10.1,86,1
40.5,30,8.7,61,0
25.1,15,22.1,72,1
23.9,54,27.9,82,1
40.3,19,28.1,79,0
19.6,15,18.5,42,0
27.6,15,10.5,92,1
28.9,16,3.0,62,0
20.3,80,27.0,52,1
42.7,15,4.7,84,0
24.1,65,11.2,46,0
42.1,83,24.3,13,0
35.7,71,4.9,45,0
18.2,40,3.3,36,0
21.6,68,22.3,4,0
36.0,76,28.8,34,0
29.4,85,14.9,87,1
26.8,66,15.1,94,1
21.5,28,23.8,16,0
27.3,16,23.0,30,0
36.3,58,12.9,76,0
29.7,52,8.5,10,0
24.7,34,21.9,23,0
25.6,29,25.9,89,0
36.0,69,6.0,90,1
36.9,79,18.3,24,1
35.0,34,6.9,16,0
19.0,39,27.9,54,0
34.6,26,25.9,48,0
32.2,96,29.4,28,0
29.5,22,15.3,82,1
26.2,49,10.9,44,0
24.7,21,5.5,0,0
35.8,56,6.4,60,0
42.5,27,12.9,32,0
27.8,53,3.3,85,0
36.4,31,9.9,94,0
38.1,90,15.9,47,0
35.6,41,17.5,11,0
21.5,92,3.6,75,1
40.1,39,21.1,12,0
43.4,94,10.3,92,1
44.7,40,16.0,19,0
21.5,68,16.5,32,1
44.3,61,13.5,91,1
42.6,23,14.5,67,0
39.4,36,18.0,89,0
25.8,87,1.8,88,1
38.0,65,14.9,68,1
44.2,36,13.1,65,0
33.2,64,12.0,34,0
23.0,35,17.2,75,1
41.7,80,13.7,90,1
25.0,43,8.9,34,0
21.2,43,1.4,30,0
19.1,33,28.3,35,0
25.3,21,19.3,31,0
32.4,15,19.5,80,1
44.2,56,2.5,90,0
25.1,32,12.3,78,1
26.8,22,18.8,1,0
23.9,50,5.3,2,0
35.7,89,3.2,95,1
43.5,47,26.1,81,0
32.9,71,6.6,34,0
33.7,65,4.7,29,0
28.0,76,2.8,23,1
23.0,37,5.7,62,0
35.5,17,9.3,22,0
36.6,39,2.1,9,0
24.6,97,29.1,12,1
21.7,16,18.1,48,0
18.6,16,22.9,82,0
21.6,25,8.0,80,1
18.4,16,28.7,13,0
37.9,58,25.6,10,0
21.8,87,26.8,20,1
27.0,34,7.3,69,0
34.9,30,0.6,5,0
32.7,28,15.3,53,0
18.0,43,0.7,54,0
22.0,98,8.6,87,1
36.5,29,14.8,14,0
20.7,51,10.7,78,1
21.2,25,26.9,77,0
22.8,82,10.0,23,1
22.1,100,20.6,79,1
27.4,28,8.1,63,0
43.2,24,23.7,19,0
22.0,33,11.7,92,1
40.0,29,17.3,93,0
21.9,56,29.8,23,0
27.5,78,12.7,88,1
34.2,96,10.0,83,1
28.3,85,14.9,68,1
32.4,44,11.5,74,1
32.2,43,21.1,30,0
18.1,17,10.9,60,0
42.9,22,27.3,46,0
26.0,33,25.1,70,1
24.5,43,1.7,17,0
44.0,33,11.3,3,0
28.0,28,19.9,9,0
40.6,35,0.9,46,0
20.1,24,0.4,53,0
38.7,75,22.3,95,1
36.9,53,14.1,92,0
30.0,97,20.9,36,0
22.2,97,1.0,96,1
31.6,16,11.9,54,0
33.0,48,27.6,64,0
37.2,69,27.9,34,0
32.1,31,22.3,51,0
19.5,65,5.5,95,1
34.3,24,24.5,59,0
26.5,97,12.2,48,1
19.5,62,19.4,24,0
20.9,24,10.9,99,1
18.8,51,4.9,13,0
23.7,16,22.7,39,0
32.9,96,27.9,30,0
20.3,87,16.9,72,1
19.2,55,2.8,39,0
44.5,51,28.8,64,0
26.5,65,21.8,16,0
26.9,79,3.0,99,1
18.6,63,14.3,4,0
22.4,74,2.4,80,1
43.7,44,26.5,87,0
21.8,35,29.8,64,0
44.8,92,19.5,98,1
30.1,31,10.2,46,0
41.1,70,1.2,91,1
24.5,93,18.2,19,1
35.0,78,2.9,1,0
38.7,54,16.4,100,0
31.5,73,9.4,37,0
19.8,88,10.9,11,1
22.8,73,7.7,60,1
38.6,71,19.5,17,0
44.2,77,1.2,36,0
29.0,94,27.5,16,1
27.9,94,28.6,47,0
36.4,79,13.5,87,1
34.8,97,1.7,31,1
18.2,28,8.7,20,0
28.8,24,6.7,59,0
27.4,74,19.3,59,1
20.3,28,27.5,50,0
23.4,57,1.9,43,0
31.1,75,3.4,58,1
32.7,75,4.4,27,0
33.3,91,23.2,7,0
39.3,75,6.4,27,0
43.7,69,8.1,81,1
20.3,23,8.2,10,0
41.6,72,26.1,67,0
36.1,48,5.5,6,0
42.2,69,10.3,96,1
22.4,59,28.3,61,0
32.5,35,29.0,55,0
42.6,88,11.7,1,1
39.1,91,6.0,92,1
34.6,56,19.9,93,1
18.4,73,28.0,63,1
21.1,67,7.9,92,1
44.7,31,19.0,81,1
20.6,42,22.4,24,0
36.8,36,18.0,27,0
23.7,39,29.2,73,0
28.0,61,0.5,39,0
40.1,30,21.0,83,0
29.2,60,10.6,69,1
32.1,57,3.4,22,0
29.6,37,16.6,20,0
29.8,51,25.4,88,1
35.1,94,28.1,12,0
39.8,28,2.7,2,0
43.2,28,14.9,96,1
43.0,27,19.0,64,0
39.8,100,8.7,53,1
24.0,73,16.5,14,0
41.1,30,10.5,59,0
42.5,97,21.1,94,1
18.2,62,23.5,64,0
25.2,99,7.9,53,1
18.1,68,1.0,3,0
39.3,81,24.6,76,1
27.0,88,29.8,30,1
44.3,39,18.5,50,0
39.6,88,12.9,81,1
44.4,37,12.1,40,0
22.3,44,3.0,16,0
21.2,88,23.5,97,1
42.7,85,4.8,41,0
20.5,18,13.1,80,1
22.1,94,21.2,10,1
28.3,31,29.5,81,1
39.0,38,7.2,28,0
23.2,46,21.8,100,1
38.8,99,1.6,10,0
34.9,96,29.5,13,0
30.4,91,3.7,18,0
25.1,38,2.8,63,0
42.6,41,11.7,62,0
29.2,77,28.8,9,1
36.6,63,26.7,81,1
39.8,38,9.0,22,0
35.0,19,3.5,43,0
31.1,93,18.0,0,1
32.1,47,27.8,24,0
18.8,17,15.5,97,1
23.8,61,3.4,27,0
26.8,43,2.5,88,0
25.2,76,6.0,11,1
37.1,98,8.8,95,1
29.8,66,27.7,32,0
23.3,50,28.9,13,0
39.4,90,9.3,26,1
29.7,72,12.7,95,1
40.0,94,3.2,49,0
23.4,60,11.2,80,1
30.1,19,28.7,32,0
29.1,92,24.8,82,1
27.5,18,3.4,41,0
39.4,60,7.4,27,0
28.0,55,3.7,40,0
37.4,42,14.0,41,0
33.2,64,8.5,27,0
23.9,86,8.3,77,1
33.5,97,12.7,96,1
26.6,55,5.9,6,0
31.5,50,12.6,15,0
22.6,56,17.7,30,0
18.6,17,19.3,73,1
42.6,51,3.9,51,0
42.2,82,1.2,82,1
19.9,27,24.9,53,0
25.4,59,12.0,71,1
31.3,21,11.8,89,1
31.3,97,29.0,15,0
43.3,28,0.9,6,0
21.7,56,25.8,92,1
24.1,26,5.7,47,0
44.7,21,7.8,100,0
21.0,53,2.3,42,0
39.4,63,8.1,21,0
33.8,30,3.8,18,0
42.0,67,19.1,85,1
32.1,45,17.3,84,1
44.4,56,23.2,61,0
20.5,52,21.3,45,0
40.6,46,19.8,94,0
36.8,24,29.2,7,0
18.4,42,14.0,49,0
31.2,58,6.3,75,1
31.9,55,22.8,39,0
35.7,79,3.2,16,0
42.8,64,29.3,79,1
23.5,66,5.6,35,0
22.4,54,28.5,73,1
20.8,74,26.3,95,1
24.5,73,5.6,3,1
35.9,72,10.6,15,0
20.3,70,6.4,50,1
29.6,57,1.6,34,0
20.6,98,11.5,54,1
25.9,66,5.3,35,1
34.4,81,13.0,87,1
35.5,29,6.6,6,0
33.5,45,2.0,12,0
24.1,94,21.0,51,1
28.6,43,22.0,88,0
31.4,36,23.6,44,0
25.8,91,8.6,0,1
23.0,94,14.3,39,1
22.6,23,5.0,42,0
21.8,16,20.0,54,0
18.6,48,26.4,21,0
34.0,75,17.5,62,1
30.8,20,24.6,72,0
40.6,82,15.1,96,1
38.9,27,9.1,94,0
30.2,59,29.7,32,0
24.8,73,0.4,45,0
37.2,81,23.2,76,1
21.0,81,21.8,2,0
44.4,43,19.8,18,0
31.4,46,17.3,89,1
27.7,26,5.8,48,0
20.9,50,26.3,86,1
42.3,72,29.6,67,0
25.2,59,26.6,50,0
29.3,50,9.3,5,0
32.0,58,25.0,15,0
39.5,87,29.0,44,0
21.0,16,15.0,87,1
30.6,34,15.7,37,0
33.1,35,9.1,36,0
39.6,16,13.6,27,0
40.3,30,1.6,39,0
29.6,99,25.0,6,1
21.7,51,23.6,64,0
22.2,26,21.4,18,0
29.7,25,8.7,4,0
43.2,46,24.4,81,0
29.4,27,26.8,38,0
26.4,87,13.1,41,1
21.8,40,7.5,53,0
23.4,54,2.6,72,1
30.5,38,11.3,55,0
21.7,71,20.8,64,1
30.6,69,14.0,52,1
18.7,86,0.8,98,1
20.4,32,18.5,38,0
33.7,62,3.8,69,0
41.7,21,22.7,50,0
28.9,15,13.9,97,1
30.4,21,2.5,34,0
20.9,91,2.9,37,1
31.0,57,25.9,15,0
36.2,21,21.0,66,0
33.2,78,4.1,86,1
41.0,53,18.8,92,0
39.8,94,20.6,14,0
18.0,92,26.4,66,1
24.7,28,14.2,64,0
28.5,30,9.0,61,0
40.1,84,7.8,78,1
41.2,93,3.7,18,1
18.6,33,24.6,84,0
22.6,84,6.0,61,1
25.8,27,28.8,63,0
36.0,65,11.6,13,0
29.3,69,4.4,36,0
21.2,64,0.3,38,0
35.4,99,18.6,5,1
44.0,74,26.5,58,0
18.2,35,10.7,64,0
27.4,82,11.7,8,1
35.7,60,19.7,72,1
30.4,32,8.4,97,0
42.9,23,27.5,82,0
28.2,75,18.2,23,1
37.1,79,23.3,67,1
21.5,56,17.7,74,1
33.8,66,2.0,3,0
24.3,100,3.2,86,1
26.7,44,29.4,93,0
20.8,37,21.8,49,0
42.9,22,18.4,14,0
40.9,24,13.2,47,0
35.0,18,27.7,41,0
36.9,63,4.0,81,1
33.0,40,7.6,56,0
24.1,35,13.0,67,0
20.3,18,18.9,85,1
23.5,32,26.8,46,0
33.3,24,10.2,87,1
32.3,39,25.0,73,0
31.5,60,18.6,71,1
39.6,71,12.8,48,0
33.4,31,23.5,38,0
21.2,44,1.5,69,0
18.6,52,27.7,32,0
37.0,23,26.2,20,0
20.0,88,7.2,66,1
31.5,66,18.6,69,0
33.7,48,19.6,4,0
29.4,40,10.0,97,1
21.8,85,24.5,42,0
24.4,24,24.2,72,1
37.0,19,10.4,9,0
34.1,93,27.9,70,1
43.6,49,21.7,13,0
31.4,43,19.5,55,0
26.2,44,0.6,7,0
38.9,40,16.0,48,0
32.9,21,11.6,48,0
29.6,69,16.5,14,0
21.2,93,29.5,47,1
23.2,70,27.5,30,0
20.5,16,6.8,95,1
33.3,16,26.2,31,0
20.1,31,13.2,36,0
26.5,92,19.7,31,1
21.5,65,14.4,15,0
20.1,84,6.2,90,1
42.2,43,13.3,38,0
39.1,52,26.1,31,0
42.1,55,20.9,64,0
19.5,67,21.2,79,1
25.6,41,27.4,66,0
26.2,85,6.3,47,1
19.0,45,21.0,83,1
43.7,17,15.0,4,0
25.5,64,9.0,10,0
25.5,93,11.5,2,1
28.4,20,6.7,48,0
35.8,83,1.6,39,0
32.6,59,28.1,77,0
42.9,48,24.3,75,0
38.4,58,21.8,79,0
41.4,22,24.2,70,0
43.7,51,25.8,68,0
29.4,87,23.1,33,1
43.9,74,22.4,30,0
42.5,50,24.0,35,0
45.0,84,8.9,73,1
19.0,50,10.9,84,1
39.1,92,0.4,39,0
35.8,48,25.4,56,0
18.5,16,14.0,45,0
35.2,86,6.5,7,1
43.3,50,26.9,70,0
43.7,71,5.4,98,1
25.0,78,3.8,80,1
22.0,94,19.7,29,1
35.7,38,20.5,56,0
26.6,85,21.5,7,1
44.3,17,20.4,45,0
37.4,91,7.0,13,0
31.7,29,15.3,30,0
26.8,62,24.9,87,1
19.9,69,26.3,18,0
26.8,61,10.0,52,1
28.1,52,18.7,20,0
19.2,34,27.4,3,0
34.4,55,15.3,99,1
39.2,59,28.2,48,0
18.9,34,11.4,83,1
43.8,43,17.0,73,1
32.8,68,16.2,15,0
39.6,92,14.2,67,1
29.9,49,5.9,73,1
42.6,57,7.3,98,0
24.2,55,22.4,14,0
30.0,67,10.9,45,1
31.7,61,19.6,77,1
30.1,68,6.9,16,0
24.6,67,20.2,85,1
34.3,51,10.2,15,0
29.0,79,29.5,73,1
35.1,40,27.0,58,0
22.5,68,7.9,70,1
38.1,31,26.1,55,0
36.6,24,4.0,67,0
42.4,60,3.8,89,1
24.5,52,3.6,43,0
34.4,28,29.8,5,0
37.9,60,28.5,52,0
30.1,70,8.7,61,0
37.8,90,27.5,65,0
22.1,15,17.8,47,0
30.2,56,13.2,65,0
25.5,27,7.0,63,0
19.3,81,26.9,74,1
40.8,69,8.6,49,0
38.4,33,1.3,94,0
29.6,50,17.3,78,1
20.7,51,5.0,36,0
31.1,43,26.6,36,0
44.7,28,27.7,85,0
21.8,41,16.6,65,0
18.7,20,28.8,69,0
39.6,15,14.7,3,0
23.5,88,12.8,56,1
21.4,73,8.8,14,0
30.0,70,14.8,11,0
44.8,100,3.5,45,0
38.1,43,21.8,41,0
31.7,50,13.6,94,1
36.1,24,21.2,40,0
29.7,81,9.5,71,1
19.0,96,18.8,31,1
33.8,43,20.2,33,0
22.1,38,22.0,36,0
23.4,26,28.5,92,0
18.1,23,14.7,78,1
37.2,19,12.5,33,0
28.3,89,7.0,44,1
32.3,38,26.3,29,0
36.0,77,23.9,50,1
27.6,76,8.9,28,1
44.0,51,12.6,57,0
24.7,69,3.5,59,1
35.8,59,20.9,90,0
38.9,76,25.2,62,1
29.1,45,0.9,34,0
23.8,67,1.8,98,1
25.1,55,12.3,56,0
28.8,21,8.0,93,1
27.2,20,9.3,52,0
33.5,36,16.1,99,1
21.0,93,18.3,16,1
32.6,17,24.1,11,0
42.6,85,1.9,6,0
23.7,83,6.0,20,1
28.7,44,8.7,20,0
27.0,42,16.6,31,0
19.0,17,22.7,67,0
31.5,77,1.3,36,0
18.7,95,23.2,31,0
25.4,30,24.4,48,0
28.8,49,25.9,9,0
31.6,68,0.6,95,1
34.3,34,2.9,75,0
23.2,92,25.8,100,1
29.5,17,9.1,58,0
20.7,98,17.3,48,1
29.6,43,29.0,71,0
31.1,83,15.2,48,0
44.8,65,28.5,97,1
37.3,72,6.7,3,0
38.8,72,11.1,72,1
35.4,57,4.3,80,0
20.6,36,6.2,62,0
24.7,33,12.1,60,0
37.5,87,22.8,7,0
24.8,54,22.2,19,0
26.7,87,18.0,0,1
36.6,86,23.8,69,1
26.5,98,7.1,59,1
31.9,25,27.6,54,0
28.1,16,4.9,95,0
22.5,71,26.1,14,0
41.9,78,5.1,67,1
21.8,85,12.5,1,1
21.2,52,21.6,86,0
32.1,93,26.7,72,1
22.5,52,15.7,26,0
43.7,62,15.6,32,0
30.5,57,27.8,92,0
22.4,75,0.3,53,1
22.1,23,29.8,0,0
36.9,40,20.8,68,0
26.9,22,18.7,76,1
19.8,96,16.8,28,1
35.0,39,8.2,54,0
37.7,62,18.7,51,0
33.2,97,19.8,9,1
22.1,42,8.4,33,0
20.8,81,17.6,98,1
26.9,90,18.1,94,1
36.0,75,6.3,0,0
44.7,26,27.9,78,0
21.9,75,26.2,41,0
42.2,21,4.1,56,0
36.0,56,9.1,97,0
24.5,65,11.3,49,1
27.6,81,9.5,10,1
40.7,36,28.4,35,0
40.7,86,13.2,88,1
36.5,86,27.0,83,1
22.8,61,25.7,98,1
37.7,42,18.5,24,0
28.1,16,5.9,46,0
23.3,90,9.3,12,1
42.7,79,27.6,77,1
18.9,50,19.3,50,0
44.9,47,8.2,7,0
40.2,75,29.9,80,1
31.2,75,22.5,82,1
39.8,19,11.1,78,0
37.1,37,26.1,16,0
29.3,30,1.7,81,0
26.5,84,8.3,24,1
34.6,17,10.0,86,1
42.2,36,27.2,75,0
31.9,100,12.1,85,1
19.8,79,4.4,34,0
22.7,20,8.3,25,0
29.0,96,22.4,0,1
25.4,59,3.5,59,0
40.6,26,17.0,59,0
21.1,26,5.5,11,0
26.6,95,29.0,98,1
39.3,42,19.1,58,0
41.7,46,9.2,87,1
43.5,39,22.4,94,0
26.4,63,21.2,22,0
21.8,55,12.4,24,0
41.9,37,29.4,33,0
25.1,77,10.7,46,1
38.9,81,13.5,80,1
19.0,89,11.6,68,1
23.7,70,10.4,87,1
23.6,79,16.5,95,1
20.5,41,7.7,59,0
18.8,29,15.5,80,1
30.8,74,17.6,47,0
28.2,90,27.0,41,0
35.0,16,4.8,60,0
27.1,27,5.6,45,0
22.4,84,5.6,2,1
39.8,73,17.8,88,1
37.7,75,25.0,32,0
34.2,76,20.4,38,0
44.2,44,22.9,64,0
29.4,49,28.6,51,0
18.8,80,5.0,38,1
44.1,82,6.0,72,1
21.5,57,23.7,6,0
26.4,33,24.0,58,0
22.5,15,19.8,25,0
26.1,25,5.5,26,0
20.4,46,4.6,71,1
18.1,35,10.3,60,0
36.5,42,27.4,85,0
40.4,46,22.9,12,0
21.5,32,12.0,41,0
40.1,69,17.9,68,0
27.4,100,22.2,75,1
24.0,92,5.3,30,1
27.8,79,24.7,78,1
38.3,24,19.4,17,0
23.1,42,9.1,11,0
28.4,38,12.8,36,0
28.4,76,1.0,53,1
22.4,81,25.0,59,1
27.3,27,19.7,51,0
22.3,31,17.2,49,0
18.3,98,28.8,51,1
38.8,53,12.7,94,1
21.1,72,15.1,99,1
37.2,83,29.2,14,0
44.5,83,22.8,86,1
22.1,58,28.4,90,1
25.0,80,24.4,93,1
29.7,74,8.5,15,1
30.4,21,26.7,87,0
24.8,58,20.2,98,0
32.7,37,8.8,53,0
30.1,53,19.1,76,0
27.6,19,15.9,50,0
22.7,83,2.8,93,1
35.1,70,26.8,44,0
36.6,46,27.6,93,0
33.4,20,2.3,47,0
22.0,96,24.4,12,1
31.8,25,10.1,81,0
29.4,17,5.5,95,1
37.5,25,25.1,55,0
39.4,88,7.8,38,1
31.9,46,20.8,6,0
33.5,42,22.8,55,0
38.2,38,8.3,85,0
34.3,38,20.3,34,0
29.0,17,23.5,84,0
25.4,74,18.0,81,1
20.6,43,0.5,41,0
19.7,51,21.8,77,1
33.9,96,17.9,69,1
30.8,86,0.4,43,0
27.4,71,4.6,95,1
23.7,36,20.2,32,0
18.9,88,29.0,80,1
33.2,59,2.5,95,0
28.0,52,22.5,57,0
18.8,94,17.5,79,1
33.3,68,29.9,2,0
33.0,77,29.7,48,1
21.6,92,28.5,15,0
28.7,42,29.8,73,0
22.8,35,23.0,94,1
32.9,60,22.5,53,0
25.5,61,18.9,85,1
38.6,55,15.1,68,0
24.1,66,14.8,59,1
40.3,72,4.7,22,0
25.8,83,24.9,97,1
35.7,27,11.5,83,0
44.3,67,5.7,3,0
24.1,93,18.6,10,1
33.4,67,28.4,41,0
24.7,87,18.8,87,1
43.7,17,22.3,83,0
32.9,39,25.5,20,0
28.0,45,5.3,91,1
26.7,52,1.9,3,0
33.6,73,7.4,77,1
44.7,37,29.2,64,0
21.0,92,25.1,20,1
30.5,23,0.2,4,0
41.4,75,25.9,9,0
43.9,83,3.6,99,1
35.5,83,21.4,56,1
40.3,22,8.8,50,0
27.8,80,18.9,56,1
39.3,28,4.4,33,0
38.3,29,21.7,46,0
35.7,33,27.4,61,0
25.1,57,19.3,9,0
42.3,77,22.6,96,1
27.2,71,9.9,57,1
33.3,91,1.1,17,0
32.1,18,6.6,47,0
27.8,52,9.2,91,1
33.3,54,14.3,56,0
22.2,31,4.4,37,0
24.9,44,0.8,27,0
26.2,89,0.4,46,1
38.1,81,12.2,79,1
44.3,97,4.7,64,1
32.1,63,26.0,62,1
22.6,82,14.5,61,1
18.4,23,10.3,39,0
24.1,50,18.3,93,1
35.5,60,15.0,72,1
42.5,82,26.9,94,1
27.8,19,12.0,12,0
31.7,49,16.6,68,0
41.6,22,13.4,66,0
24.6,38,20.7,83,0
24.2,73,5.3,77,1
32.9,26,22.3,93,0
42.5,31,15.7,7,0
24.1,89,22.9,61,1
20.7,21,9.6,81,1
23.3,29,13.3,60,0
20.7,90,6.4,62,1
33.4,89,12.9,14,1
39.0,39,17.7,81,1
38.4,15,7.6,52,0
25.3,95,5.3,64,1
31.9,97,9.0,68,1
27.2,86,15.1,80,1
21.0,38,14.6,40,0
30.7,35,5.4,97,1
36.2,27,27.8,56,0
35.2,83,24.7,24,0
38.6,42,9.2,39,0
38.7,75,3.1,38,0
23.7,34,9.7,24,0
39.2,35,18.3,20,0
43.8,75,19.6,100,1
39.1,49,6.9,33,0
43.2,53,11.1,39,0
37.6,55,13.5,54,0
28.6,68,0.2,51,0
44.2,60,19.4,17,0
38.7,17,24.6,25,0
35.9,47,8.8,47,0
26.7,63,9.8,71,1
39.5,94,15.1,35,0
20.0,35,9.8,61,0
30.7,20,23.4,49,0
24.7,92,17.6,7,1
19.5,58,8.3,47,0
42.9,29,14.2,95,0
26.8,67,24.7,19,0
26.1,40,16.9,56,0
26.9,84,22.9,33,1
32.3,52,20.7,17,0
41.5,55,28.7,46,0
38.2,42,5.5,59,0
30.4,57,6.0,90,0
24.9,17,4.2,82,1
29.5,77,23.9,67,1
42.7,80,11.2,72,1
44.9,79,26.2,41,0
31.3,88,10.0,8,0
33.3,86,23.4,68,1
39.6,26,17.2,59,0
35.6,39,22.6,98,0
40.1,74,13.5,94,1
35.6,24,5.5,73,0
30.3,70,26.7,51,0
25.9,94,24.8,2,0
24.1,69,4.5,28,0
36.2,56,16.0,83,0
38.8,88,27.8,91,1
22.1,33,6.2,23,0
18.7,92,28.3,5,0
32.6,23,9.8,40,0
35.8,40,9.1,54,0
24.3,42,23.2,3,0
41.7,71,3.7,48,0
30.0,41,11.4,57,0
28.8,41,23.1,75,0
20.5,37,15.2,74,1
21.3,41,3.6,62,0
27.7,55,12.5,26,0
39.6,61,14.3,65,0
43.5,17,0.2,53,0
44.0,27,10.6,39,0
29.7,98,9.0,89,1
35.6,64,26.3,2,0
37.7,56,1.4,31,0
33.2,31,15.6,17,0
38.6,22,17.9,26,0
28.0,68,24.7,53,0
22.7,81,29.0,94,1
27.9,29,23.6,3,0
23.5,66,18.8,33,1
26.7,18,9.9,60,0
37.8,33,27.4,5,0
28.2,91,21.7,21,1
20.7,59,26.9,11,0
44.7,29,29.1,59,0
41.1,83,13.2,77,1
18.0,75,14.1,32,1
26.7,84,11.0,78,1
30.9,88,5.9,28,1
21.5,33,6.8,10,0
37.4,51,26.6,13,0
24.1,38,21.9,38,0
37.2,74,20.1,66,0
33.6,49,22.8,16,0
29.4,99,4.4,94,1
38.2,64,19.0,25,0
18.4,96,1.0,30,1
28.7,16,17.2,61,0
23.1,88,12.2,27,1
34.8,84,13.2,95,1
35.7,80,27.7,43,0
24.9,77,23.2,58,1
36.0,58,22.9,33,0
39.1,69,19.3,69,0
20.6,73,24.9,15,0
37.2,31,26.2,39,0
29.8,25,29.0,64,0
28.7,80,5.8,87,1
38.9,40,22.0,45,0
34.2,34,16.9,67,0
19.3,83,10.9,29,1
22.5,35,3.0,21,0
35.1,94,6.8,96,1
32.6,93,12.7,25,1
19.3,66,8.9,66,1
42.1,74,9.7,92,1
18.0,47,21.3,85,0
23.6,93,17.8,8,1
38.4,32,4.3,20,0
28.6,35,19.4,50,0
23.2,59,2.1,35,0
42.1,30,21.8,74,0
23.6,33,20.2,97,1
18.3,30,15.6,67,0
38.8,91,14.1,84,1
26.1,30,16.2,78,1
22.1,58,26.3,5,0
40.6,47,3.4,59,0
33.8,77,22.8,28,1
20.8,92,28.8,46,1
41.5,100,14.8,89,1
29.4,96,3.2,98,1
40.7,50,27.1,81,0
26.9,100,25.1,45,0
18.3,77,7.3,63,1
34.0,100,8.0,99,1
33.1,87,11.3,66,1
19.1,28,17.7,82,1
33.5,30,29.0,30,0
33.7,92,12.7,50,1
27.4,71,25.6,73,1
19.0,66,24.4,80,1
36.1,18,6.5,23,0
35.0,57,3.0,52,0
37.7,47,10.8,87,0
27.5,46,8.3,100,1
26.8,96,7.9,20,1
33.1,85,19.4,94,1
38.3,37,25.3,11,0
27.5,83,22.2,29,1
40.4,27,27.4,11,0
29.0,94,14.9,23,1
23.5,77,10.5,56,1
38.4,36,9.7,14,0
33.7,79,21.0,71,1
38.4,83,5.3,79,1
23.4,26,21.3,84,1
41.0,33,21.5,68,0
28.7,64,3.1,94,1
34.6,25,9.7,28,0
40.3,46,16.4,85,0
18.7,43,25.0,28,0
41.6,71,19.4,27,0
18.3,46,28.9,78,1
40.6,68,16.7,72,1
29.1,81,17.4,80,1
42.0,64,22.4,90,1
39.7,48,12.9,46,0
26.6,60,2.3,88,1
26.7,46,23.9,74,0
20.6,79,21.3,68,1
20.8,92,6.8,44,1
44.4,43,14.0,73,0
30.4,71,14.9,55,0
43.7,36,0.7,57,0
35.6,59,14.3,90,0
19.7,60,2.0,92,1
33.4,18,21.4,62,0
37.0,32,29.6,27,0
26.4,53,9.9,72,1
43.5,33,23.0,87,0
26.5,15,29.1,6,0
33.9,24,18.4,67,0
37.7,39,7.5,76,0
40.6,18,19.5,63,0
27.0,27,28.4,73,1
39.7,63,20.9,17,0
22.9,54,10.7,90,1
41.7,78,2.7,33,0
23.4,59,29.6,81,0
27.2,27,15.7,2,0
19.6,86,1.8,47,0
22.5,82,0.4,41,1
26.3,87,16.9,8,1
23.1,94,14.9,68,1
44.3,27,26.2,19,0
28.1,37,26.7,90,0
31.7,71,0.9,4,0
42.0,30,24.2,39,0
20.9,38,17.7,21,0
31.4,92,4.7,78,1
43.3,99,16.4,49,1
43.5,100,16.6,43,0
27.9,45,28.8,62,0
39.4,20,10.7,61,0
20.7,81,2.7,83,1
42.6,87,17.3,68,1
28.6,84,19.3,36,1
21.7,40,8.8,80,1
28.9,63,2.5,3,0
20.8,86,14.5,49,1
31.4,51,23.1,89,0
32.2,20,5.6,11,0
42.1,88,16.3,82,1
38.0,83,0.8,38,0
23.1,83,1.6,87,1
37.9,82,25.5,65,1
36.4,20,27.3,12,0
43.6,43,21.4,9,0
31.4,88,19.2,1,0
42.9,41,27.0,14,0
18.1,45,19.8,42,0
44.7,44,11.2,51,0
22.2,91,7.4,85,1
41.8,69,20.4,90,1
26.4,98,22.1,34,1
36.6,68,24.7,48,0
40.8,39,24.5,62,0
34.2,95,20.8,5,0
21.5,43,2.1,14,0
22.3,77,2.0,68,1
22.5,47,28.7,91,1
25.7,51,8.5,72,1
20.9,30,11.8,25,0
33.0,78,6.0,66,1
30.7,28,3.3,4,0
23.0,23,7.3,78,1
29.8,33,13.3,98,1
35.9,79,23.0,24,0
37.6,20,17.1,19,0
41.2,47,27.7,44,0
23.4,97,1.7,48,0
43.6,79,1.9,23,1
23.2,99,21.6,3,1
19.9,46,18.0,36,0
22.3,85,28.9,7,0
36.5,67,15.5,2,0
37.5,56,11.1,18,0
36.5,15,11.4,72,0
40.0,87,3.6,28,1
19.0,84,2.2,83,1
43.3,97,11.6,87,1
28.4,45,20.5,78,0
27.3,96,13.6,19,1
32.5,61,6.7,36,0
37.7,64,30.0,20,0
38.0,70,24.2,18,0
30.4,84,25.6,51,1
40.7,60,6.2,51,0
41.9,73,22.0,56,0
30.5,58,9.8,51,0
37.5,41,7.4,91,0
33.3,99,23.5,46,0
32.8,67,11.2,39,0
28.6,75,3.3,83,1
26.1,94,12.4,25,1
27.1,35,19.8,66,0
22.9,71,0.7,26,0
33.3,37,8.2,95,1
38.8,97,12.1,100,1
22.1,55,14.1,94,1
38.6,77,9.5,97,1
32.3,95,26.3,86,1
39.2,25,0.6,6,0
41.0,55,27.9,45,0
38.1,42,9.2,8,0
34.8,55,17.5,57,0
27.1,37,8.7,12,0
22.3,34,4.9,15,0
42.6,67,4.7,70,1
30.7,50,20.7,31,0
35.9,33,27.3,12,0
21.7,63,14.2,61,1
38.7,90,20.6,46,0
33.8,38,13.4,2,0
43.6,87,10.3,43,0
41.9,23,5.3,79,0
36.3,34,3.3,85,0
44.0,56,8.8,100,0
27.6,78,0.5,75,1
44.8,61,25.5,24,0
25.6,81,27.1,3,1
26.6,36,1.6,30,0
25.1,70,10.1,34,0
35.8,57,16.5,16,0
18.3,88,0.6,48,1
42.4,63,11.7,88,1
36.8,57,11.0,65,0
29.0,58,4.0,44,0
32.9,77,8.4,10,1
42.8,25,24.2,40,0
42.2,17,24.3,97,0
24.6,37,11.2,19,0
39.6,26,25.9,1,0
37.9,58,26.1,79,0
22.2,95,29.0,58,1
41.6,100,3.2,15,0
37.0,40,27.5,10,0
20.5,26,0.1,87,0
23.7,25,11.6,80,1
23.2,40,21.2,63,0
37.1,75,8.6,86,1
41.4,22,13.3,64,0
20.1,40,7.9,69,0
44.3,30,21.1,9,0
23.1,56,22.7,29,0
28.7,90,8.9,52,1
35.3,42,12.8,44,0
32.3,98,26.7,87,1
25.6,35,1.9,8,0
27.3,22,18.6,55,0
36.2,72,0.4,95,0
26.6,61,20.9,77,1
33.4,55,13.5,95,1
28.0,53,22.9,40,0
45.0,39,6.8,21,0
36.7,67,13.9,59,0
42.9,66,13.9,59,0
22.1,64,12.6,3,0
39.3,63,29.7,80,0
28.8,16,13.0,84,1
22.1,38,6.5,2,0
30.8,49,10.1,2,0
28.6,53,24.9,70,0
24.1,77,18.2,63,1
29.7,35,14.6,85,1
27.5,28,2.0,41,0
34.4,33,7.1,63,0
29.2,16,28.7,80,0
27.1,54,20.5,54,0
21.3,31,15.9,43,0
39.8,31,11.1,60,0
18.5,62,12.5,26,0
36.6,55,19.0,60,0
33.0,88,23.8,89,1
42.4,56,23.4,73,0
37.1,93,7.1,31,1
33.2,17,9.4,12,0
38.3,94,9.6,67,1
30.5,49,2.0,49,0
39.4,50,21.4,46,0
30.8,43,19.0,41,0
40.3,76,16.9,100,1
43.8,77,29.6,77,1
23.4,97,5.6,76,1
21.2,22,22.1,24,0
39.6,51,7.4,48,0
36.9,16,8.9,26,0
26.0,18,19.5,97,1
20.1,74,23.3,18,0
34.9,86,4.7,56,1
20.9,50,13.7,25,0
30.2,35,17.6,41,0
21.3,56,16.6,47,0
26.5,63,16.5,80,1
35.5,65,5.3,78,1
35.4,56,17.0,72,0
41.8,22,21.7,91,0
31.4,23,4.2,13,0
22.4,45,2.8,46,0
27.1,67,10.3,8,1
28.8,22,15.7,82,1
36.8,85,24.7,26,0
22.3,48,6.8,7,0
36.5,18,1.6,89,0
30.9,20,6.6,29,0
43.8,32,15.0,41,0
38.4,100,11.9,65,1
31.3,100,21.4,53,1
19.8,40,17.7,26,0
33.7,15,10.5,10,0
41.8,80,27.0,21,0
23.7,83,0.2,80,1
25.6,86,11.2,49,1
40.5,92,7.7,25,1
42.2,65,3.6,36,0
18.8,92,29.0,85,1
38.8,41,5.5,5,0
39.7,41,6.0,72,0
40.5,42,26.6,38,0
30.5,97,18.8,72,1
23.9,18,9.3,27,0
41.2,41,15.0,92,0
37.4,73,29.5,77,1
42.9,76,16.8,36,0
20.1,28,26.5,3,0
19.4,16,28.4,0,0
30.0,87,28.8,12,0
27.9,97,5.7,54,1
20.1,68,19.6,38,0
42.3,53,4.3,58,0
21.2,96,22.3,87,1
41.8,75,5.2,14,0
37.6,73,26.1,74,1
25.4,17,21.1,61,0
37.7,34,6.5,50,0
18.8,78,13.0,59,1
22.7,16,17.3,5,0
43.9,50,21.3,92,0
23.5,49,0.7,34,0
24.3,72,24.3,83,1
41.6,70,16.8,89,1
39.4,21,8.6,11,0
27.9,75,16.3,47,1
37.6,84,4.4,94,1
27.4,37,17.4,47,0
44.6,52,4.4,86,0
36.2,67,10.8,55,0
34.3,32,10.0,45,0
30.6,84,25.9,21,0
27.3,95,4.4,43,1
35.1,35,25.5,73,0
44.4,41,24.7,50,0
40.2,29,29.7,69,0
32.0,88,0.1,70,1
38.0,57,14.7,41,0
32.8,65,15.7,50,0
33.6,67,20.6,13,0
35.3,73,4.7,88,1
37.3,79,24.0,63,0
42.7,54,7.3,51,0
40.3,84,19.1,24,0
18.4,52,3.6,23,0
19.8,72,28.5,54,1
35.9,16,20.9,38,0
28.5,41,9.1,79,1
42.8,96,18.4,5,1
44.4,78,9.6,3,0
36.9,64,22.6,98,0
29.4,90,18.6,44,1
44.9,63,1.2,62,0
30.8,84,2.8,31,1
42.9,73,11.4,43,0
34.3,75,1.0,39,1
39.0,72,6.5,52,0
18.3,31,17.8,86,1
43.3,71,2.1,23,0
25.4,87,11.6,68,1
37.6,47,17.6,89,1
31.3,72,8.8,20,0
25.8,57,12.8,87,1
44.2,24,6.0,62,0
18.2,98,27.2,98,1
19.2,38,6.7,87,1
40.8,44,21.4,89,0
20.7,32,4.0,77,1
18.6,78,11.0,89,1
18.6,82,26.9,47,1
32.7,68,14.2,35,0
33.0,69,2.0,11,0
41.7,100,10.7,51,1
42.8,32,3.6,20,0
33.4,100,5.9,84,1
28.1,48,14.3,84,1
33.7,29,16.8,29,0
22.0,32,22.4,50,0
28.0,80,23.6,14,1
36.0,89,15.9,38,0
26.6,46,25.8,27,0
35.9,76,14.4,12,0
28.5,96,18.8,9,1
36.0,80,4.4,97,1
30.9,24,17.0,31,0
38.3,95,10.9,28,0
29.0,70,1.3,41,0
18.7,100,21.8,47,1
30.1,43,22.5,16,0
34.6,80,26.7,82,1
22.2,91,15.6,63,1
29.7,18,12.5,71,1
37.0,33,23.2,5,0
25.5,50,13.9,43,0
40.6,92,9.8,39,1
31.8,64,22.7,88,1
36.8,92,18.0,100,1
21.7,58,2.7,62,0
32.4,93,18.9,32,1
25.2,49,26.2,76,1
24.2,56,27.2,72,0
27.4,54,5.8,42,0
36.3,50,7.9,54,0
38.7,32,24.1,88,0
23.1,61,21.4,70,1
23.5,74,17.5,22,0
37.6,52,19.2,26,0
39.3,58,5.5,82,1
28.1,65,14.5,34,1
30.4,58,4.4,77,0
24.8,63,24.4,50,0
19.8,47,27.8,58,0
33.8,50,15.3,53,0
25.2,69,18.8,62,1
20.9,70,11.6,15,0
22.9,61,22.8,6,0
40.9,50,3.2,68,0
21.4,27,27.8,87,1
23.5,99,17.0,1,1
27.1,94,21.6,36,1
24.5,43,18.5,73,1
43.1,60,25.2,19,0
33.0,55,22.9,21,0
23.5,93,0.5,20,0
33.4,93,29.4,34,1
21.4,46,25.4,28,0
30.4,36,26.8,28,0
20.9,45,20.1,55,0
41.2,64,13.4,29,0
40.9,67,21.4,56,0
38.0,64,25.5,96,1
18.6,49,6.2,86,1
29.8,82,10.3,2,1
31.7,64,25.1,77,1
28.1,24,18.0,89,1
22.5,66,6.2,40,0
28.9,46,21.4,29,0
34.2,75,28.8,87,1
24.6,23,13.6,2,0
33.4,61,11.4,62,1
37.6,69,2.7,32,0
24.2,61,27.3,33,0
22.3,43,25.6,82,1
34.2,40,25.4,48,0
19.3,44,2.7,20,0
34.6,85,1.5,10,1
43.2,72,4.5,18,0
25.5,38,6.9,39,0
32.1,44,26.2,79,0
33.5,37,8.6,60,0
42.2,45,0.5,25,0
37.2,23,23.2,34,0
32.4,74,16.6,47,0
22.1,38,7.4,1,0
41.1,49,15.4,2,0
31.6,22,11.8,21,0
30.7,31,7.3,77,1
33.5,50,13.9,58,0
37.2,46,4.9,77,0
19.8,63,4.1,36,0
32.3,77,20.3,50,1
32.6,66,26.7,59,1
43.5,60,23.6,73,1
38.3,82,28.1,21,0
41.2,31,24.1,26,0
34.2,62,25.3,14,0
42.4,63,11.3,47,0
26.5,40,22.5,27,0
38.9,33,13.5,75,0
35.5,53,11.9,18,0
42.3,71,7.6,51,0
37.2,62,26.5,59,0
29.2,21,7.4,18,0
42.9,52,11.2,44,0
42.6,98,26.2,9,0
25.9,80,16.5,5,1
19.8,57,5.8,64,0
18.3,27,4.4,91,1
25.3,18,15.3,80,1
28.0,72,12.1,78,1
27.4,56,8.5,6,0
33.8,71,22.8,55,0
19.0,85,21.9,72,1
19.8,34,28.0,48,0
35.8,71,21.9,81,1
21.9,40,2.8,49,0
28.6,20,1.3,1,0
23.3,87,5.8,19,1
32.8,47,29.7,26,0
44.8,35,25.8,33,0
39.2,43,14.0,21,0
21.1,100,13.8,43,1
37.7,62,25.5,33,0
33.1,57,18.9,41,0
22.2,90,15.6,35,1
39.0,46,6.8,2,0
31.1,57,28.2,38,0
44.3,66,1.5,75,1
39.6,47,3.2,18,0
24.0,43,26.4,31,0
42.4,27,20.9,64,0
29.1,66,12.6,42,0
20.2,35,18.7,84,1
38.9,22,13.1,55,0
29.2,18,10.0,47,0
26.3,77,26.4,62,1
33.9,66,12.9,30,0
24.6,36,10.1,76,1
34.0,25,3.0,10,0
22.1,69,14.8,11,1
22.1,21,0.1,22,0
21.6,61,20.4,89,1
36.0,26,1.2,39,0
20.7,89,2.5,5,1
18.0,39,23.7,50,0
20.9,90,8.7,67,1
40.5,51,4.2,59,0
41.0,35,19.3,89,1
20.6,92,6.7,36,1
28.6,58,20.0,88,1
39.9,60,28.6,39,0
35.6,66,12.5,30,0
36.0,41,7.2,19,0
19.0,22,17.6,15,0
20.9,72,3.8,92,1
25.6,57,20.6,74,0
37.4,70,12.3,82,1
37.7,53,28.1,26,0
35.7,61,4.7,24,0
19.8,19,25.2,32,0
23.0,78,13.9,50,1
30.1,56,22.4,90,0
35.8,87,26.0,23,0
41.5,36,28.6,53,0
31.1,57,4.4,17,0
31.8,78,28.7,25,0
29.3,16,18.9,91,1
39.6,62,10.1,13,0
38.8,79,6.1,18,1
36.4,79,8.2,50,1
44.8,93,27.8,25,0
38.8,20,13.6,92,1
32.8,83,29.9,58,1
25.7,17,12.2,80,1
30.8,68,27.9,77,1
24.2,55,25.0,28,0
25.1,98,25.6,29,1
24.9,48,0.1,29,0
24.0,72,7.2,0,0
19.3,24,24.1,35,0
40.0,84,28.2,2,0
41.5,96,23.6,98,1
35.9,78,29.7,27,0
35.9,51,23.4,30,0
33.1,57,5.3,83,0
18.4,69,2.4,82,1
43.6,17,3.0,95,0
22.6,52,20.2,53,0
42.5,41,21.9,46,0
38.7,51,9.3,69,0
35.3,24,29.5,15,0
43.7,23,23.4,97,0
44.1,29,22.9,43,0
31.5,83,14.0,15,1
36.0,50,23.6,45,0
27.5,64,24.2,69,0
37.6,94,24.1,98,1
44.8,35,4.4,20,0
40.0,83,5.8,96,1
27.5,58,25.6,96,1
20.8,80,23.3,51,1
22.5,94,19.1,99,1
38.2,23,29.3,95,0
40.5,78,16.7,58,1
26.7,62,6.0,5,0
30.2,15,17.1,2,0
35.5,68,22.5,0,0
41.3,25,4.0,12,0
32.1,29,17.8,60,0
32.9,85,21.8,43,0
34.9,19,23.6,81,0
24.6,83,24.7,37,0
41.2,22,28.2,85,0
36.8,63,30.0,35,0
40.9,24,29.3,46,0
31.5,53,12.2,3,0
26.8,26,26.1,67,0
34.2,27,10.9,12,0
38.7,55,26.7,23,0
23.7,25,6.9,35,0
40.7,85,22.6,10,0
43.3,84,8.9,70,1
20.7,66,22.6,5,0
42.8,68,2.8,42,0
38.0,32,2.1,75,0
20.9,76,1.3,46,1
32.6,48,4.8,71,0
20.2,36,5.6,72,1
35.0,17,14.1,93,0
22.6,80,7.2,52,1
36.4,49,17.3,93,0
31.3,45,1.8,27,0
36.0,39,24.8,37,0
21.7,90,12.3,74,1
25.3,93,25.7,15,1
24.9,92,14.9,14,1
33.9,47,20.7,73,0
40.0,89,3.6,85,1
21.6,20,6.9,31,0
37.7,65,4.0,27,0
43.9,88,0.1,26,0
40.4,16,12.4,43,0
30.1,33,21.7,100,0
41.5,56,29.3,48,0
36.4,71,19.9,81,1
23.6,60,5.6,85,1
31.2,50,13.1,32,0
29.7,35,1.8,7,0
32.2,41,12.4,36,0
25.7,37,12.8,1,0
39.2,82,2.0,58,1
26.2,43,13.5,88,1
40.7,64,8.1,61,0
29.8,32,0.5,30,0
31.1,43,29.6,70,0
35.3,33,3.3,92,0
32.1,27,8.2,84,1
39.6,66,0.6,72,0
24.5,51,7.6,31,0
41.1,88,24.0,67,1
34.9,82,0.1,2,0
38.7,85,12.6,43,0
31.0,38,3.3,39,0
24.8,49,17.6,80,1
36.1,92,17.0,45,0
28.3,94,5.9,31,1
19.2,58,10.7,97,1
32.4,78,6.8,71,1
36.6,28,17.0,17,0
29.1,20,6.1,52,0
44.9,24,3.1,70,0
37.4,43,22.1,27,0
20.6,47,0.4,75,1
21.2,50,19.3,57,0
20.5,45,18.4,11,0
39.4,83,22.4,97,1
19.2,50,16.2,84,1
43.0,77,24.5,27,0
42.0,27,2.7,74,0
43.0,50,0.0,89,0
43.2,72,16.7,21,0
38.0,95,17.2,85,1
23.2,35,7.0,5,0
23.3,41,5.9,37,0
19.7,72,6.8,17,0
21.2,41,11.0,96,1
40.5,70,4.6,8,0
30.8,15,5.1,4,0
22.7,68,3.3,97,1
23.7,34,12.5,55,0
36.9,36,8.0,66,0
41.9,82,28.5,75,1
44.6,72,4.7,76,1
35.8,42,28.6,54,0
34.5,71,8.4,33,0
23.8,17,5.9,37,0
38.9,74,27.8,74,0
39.5,31,27.0,29,0
43.6,29,16.8,50,0
33.7,32,1.6,23,0
41.6,31,7.2,6,0
41.2,84,26.5,30,0
32.9,58,15.8,11,0
25.1,85,4.1,22,0
29.5,41,4.2,28,0
20.4,33,18.7,9,0
37.5,84,2.4,97,1
30.4,50,29.8,43,0
18.9,16,23.4,99,0
41.3,18,2.5,21,0
33.8,25,20.6,61,0
29.9,83,19.4,7,1
38.2,92,0.8,19,0
26.4,29,23.8,64,0
25.8,52,7.8,10,0
39.9,91,20.0,69,1
25.8,81,27.3,9,0
22.7,51,15.0,100,1
26.5,75,1.2,55,1
18.7,91,1.5,84,1
41.9,63,10.4,43,0
27.8,81,8.3,19,1
28.2,30,7.1,19,0
31.8,56,11.1,6,0
26.4,36,23.6,48,0
32.9,20,18.8,6,0
23.6,67,18.1,78,1
30.4,60,23.6,2,0
39.0,82,5.5,8,0
25.2,21,27.8,50,0
40.5,30,26.7,67,0
25.1,48,28.9,82,0
32.8,75,15.0,31,1
23.2,39,15.8,8,0
25.2,34,20.2,18,0
34.7,52,21.8,66,0
35.4,100,21.9,52,1
22.3,46,26.4,96,0
27.9,82,12.9,13,1
43.9,47,2.5,5,0
25.9,95,11.7,45,1
38.5,20,5.6,100,0
37.5,62,10.2,87,1
25.9,17,20.1,60,0
26.3,50,25.9,65,0
43.9,82,15.2,2,0
37.7,62,7.2,89,1
32.0,50,9.9,17,0
34.5,22,20.2,43,0
25.8,96,1.7,37,1
23.5,42,6.3,97,1
23.2,82,7.7,40,1
28.7,43,24.2,13,0
20.6,91,13.6,59,1
32.7,92,29.3,30,1
20.5,40,14.8,17,0
35.4,43,1.2,52,0
37.5,25,27.5,78,0
31.4,56,29.7,12,0
43.9,67,23.4,92,1
42.1,16,27.3,26,0
44.9,18,17.6,42,0
21.0,31,25.1,67,0
24.6,63,10.0,81,1
25.1,51,24.7,76,0
43.9,68,27.5,79,1
28.6,93,23.8,17,0
20.1,92,2.1,15,1
35.3,88,8.6,69,1
24.1,65,15.9,43,0
33.8,67,5.8,92,1
43.4,92,18.1,18,0
24.5,50,10.1,53,0
20.5,19,20.9,93,0
21.5,83,12.2,95,1
40.4,95,0.6,43,0
31.3,65,12.9,95,1
32.0,27,3.5,16,0
39.1,17,28.2,24,0
32.0,41,10.8,50,0
20.4,18,11.6,87,1
20.0,42,3.0,22,0
24.9,58,10.7,55,0
32.9,70,17.2,62,1
40.9,69,22.9,82,0
34.8,82,24.9,37,0
21.1,53,26.9,0,0
44.6,39,10.3,30,0
41.3,85,22.1,67,0
29.0,42,7.0,47,0
37.5,21,3.1,47,0
36.7,17,18.2,6,0
27.9,87,17.4,8,1
25.7,38,28.0,91,1
44.8,89,24.2,51,1
37.1,94,28.3,53,1
33.5,63,26.1,84,1
40.4,97,18.1,76,1
20.4,81,8.9,68,1
33.6,96,28.6,31,0
26.9,28,8.8,98,1
42.0,87,18.6,24,0
42.0,28,5.5,99,0
25.9,33,23.3,55,0
33.2,22,12.2,89,0
44.7,75,4.7,81,1
30.3,68,29.2,3,0
29.9,42,9.3,92,1
32.0,43,9.8,84,1
42.5,98,7.3,66,1
35.7,86,22.7,36,0
42.2,67,26.6,15,0
42.4,87,18.3,43,0
32.8,33,12.2,97,1
32.7,33,13.0,34,0
39.2,63,17.2,44,0
35.0,42,0.4,61,0
20.7,33,23.0,67,0
33.4,30,7.6,24,0
28.8,34,7.2,98,1
40.9,49,18.8,5,0
40.5,36,14.4,28,0
18.2,80,13.0,50,1
19.7,22,3.5,97,1
31.6,24,2.4,24,0
27.0,18,1.4,8,0
32.3,93,19.4,10,1
35.0,24,25.7,41,0
30.2,37,25.9,66,0
41.5,71,19.3,80,1
19.4,62,6.6,35,0
18.5,78,13.2,76,1
28.5,22,21.4,57,0
37.6,67,20.1,76,0
27.3,86,24.0,95,1
37.6,75,27.7,6,0
33.3,92,2.0,99,1
18.6,82,20.2,33,0
44.2,40,6.1,29,0
43.3,55,10.7,21,0
27.3,66,3.3,69,0
30.5,41,25.5,21,0
20.1,35,0.0,14,0
38.3,45,24.8,85,0
21.6,78,16.4,44,1
21.3,42,13.4,85,1
26.0,48,17.8,92,1
41.3,56,1.4,50,0
31.8,27,12.9,36,0
24.4,41,20.5,13,0
30.7,28,27.8,59,0
36.0,36,27.5,9,0
40.5,96,2.8,62,1
32.5,38,3.1,24,0
32.0,68,5.1,69,1
37.8,77,23.5,87,1
29.8,69,26.0,29,0
24.6,29,25.4,22,0
36.4,55,12.3,43,0
33.5,72,28.8,2,0
39.2,90,16.3,81,1
28.9,30,13.6,89,1
28.9,78,7.1,51,1
39.1,33,25.8,1,0
38.6,63,16.2,10,0
22.9,95,10.5,86,1
20.3,65,20.4,84,1
18.4,57,16.2,57,0
36.5,66,17.1,93,1
32.1,37,2.2,73,0
26.8,65,29.1,96,1
43.8,86,17.7,98,1
24.4,94,18.3,36,1
41.4,35,3.8,4,0
39.6,92,20.8,29,0
29.7,91,21.5,32,1
44.2,97,3.9,77,1
40.8,93,15.4,80,1
35.5,51,10.4,80,1
31.7,19,20.9,56,0
27.6,37,7.1,69,0
30.1,76,5.9,98,1
18.7,93,13.6,48,1
44.0,23,21.6,84,0
31.4,83,14.8,69,1
41.1,88,27.5,64,1
37.4,34,25.1,16,0
31.9,40,14.8,95,0
39.3,83,9.5,67,1
28.8,38,20.5,30,0
19.4,49,26.5,84,1
38.4,64,11.4,79,1
36.5,87,1.1,86,1
22.5,84,5.3,95,1
41.0,49,7.5,67,0
30.4,65,5.9,45,0
25.9,96,7.4,17,1
38.0,49,23.7,28,0
32.7,88,28.0,43,0
22.4,25,20.5,41,0
32.4,58,21.7,61,0
42.7,58,11.7,73,0
28.9,90,6.6,88,1
27.3,92,23.5,47,0
24.0,79,3.2,90,1
28.0,18,28.5,62,0
25.1,64,28.5,71,1
18.4,56,22.7,98,0
40.3,43,0.2,39,0
34.8,80,24.7,9,0
42.7,91,14.5,6,0
32.1,57,17.5,34,0
20.3,61,6.3,39,0
26.8,73,3.2,41,0
20.9,37,11.0,27,0
30.8,82,2.9,54,1
41.0,20,0.5,79,0
43.7,34,20.9,82,0
25.7,26,1.1,45,0
30.3,93,15.9,15,1
32.1,86,1.8,93,1
38.5,15,8.2,16,0
40.8,82,16.7,98,1
28.9,32,28.1,71,1
29.2,56,25.9,74,1
29.2,72,16.2,35,0
41.3,32,14.8,43,0
27.1,100,8.4,80,1
37.8,69,28.9,40,0
25.8,79,3.9,78,1
44.1,69,29.6,3,0
43.2,15,26.5,5,0
39.6,62,19.2,75,1
41.7,24,28.8,16,0
41.7,29,24.0,40,0
23.6,56,10.2,4,0
23.5,96,12.8,94,1
36.4,51,9.1,66,0
34.7,64,17.6,91,1
21.9,43,12.7,81,1
37.4,52,19.3,19,0
21.5,80,29.5,90,1
42.8,51,6.3,8,0
23.9,37,21.2,13,0
23.1,23,3.8,77,0
41.7,97,0.2,39,0
20.5,63,22.1,11,0
24.6,48,14.7,26,0
30.5,18,16.0,98,1
28.9,26,20.0,22,0
42.3,76,13.9,33,1
33.2,49,14.5,48,0
41.3,19,9.8,79,0
31.8,100,22.3,48,1
24.5,28,11.8,70,1
37.4,30,19.4,22,0
30.3,42,5.9,100,0
43.0,98,17.5,23,0
26.8,37,4.7,72,1
23.8,67,26.4,12,0
39.6,99,25.6,9,1
26.2,85,16.5,30,1
26.8,61,21.1,31,0
41.1,84,6.1,71,1
25.2,30,14.7,82,1
37.9,78,6.6,50,1
24.7,17,17.1,33,0
33.6,78,18.3,92,1
22.9,72,18.1,74,1
18.1,88,5.2,8,1
19.5,46,20.0,76,1
38.5,78,21.6,27,0
37.1,56,4.1,71,0
24.6,34,0.8,86,0
21.6,61,11.9,92,1
32.8,37,1.1,5,0
38.5,77,18.2,87,1
32.0,79,25.9,56,1
36.5,62,20.0,45,0
24.4,83,11.8,7,1
23.5,50,29.3,30,0
35.4,88,25.7,73,1
21.0,23,10.4,20,0
41.5,88,27.0,11,0
39.0,97,17.3,99,1
38.2,99,0.7,38,0
30.9,98,26.0,65,1
19.5,40,27.3,73,1
44.8,25,6.3,75,1
20.5,29,4.4,6,0
22.1,34,3.5,20,0
41.4,73,12.3,96,1
19.4,92,23.1,86,1
21.1,63,12.1,16,0
19.1,94,21.7,57,1
37.5,99,22.3,67,1
43.2,40,27.8,95,0
19.0,88,5.8,48,1
23.6,16,19.8,58,1
41.7,53,23.3,13,0
38.6,51,5.3,11,0
18.6,86,20.5,80,1
21.8,58,25.8,73,1
44.5,34,17.9,48,0
18.5,90,5.8,46,1
37.5,23,24.3,94,0
18.0,42,21.5,72,1
27.3,89,14.9,2,1
24.2,73,3.6,35,0
29.4,60,16.5,69,1
28.5,31,6.4,3,0
43.4,34,0.8,61,0
29.4,61,18.4,61,1
33.1,50,1.8,76,0
19.7,25,12.9,75,1
29.1,31,3.8,36,0
35.6,28,10.3,33,0
40.3,95,19.3,28,0
18.9,22,3.7,78,1
42.5,66,28.7,72,1
30.2,69,26.8,39,0
19.8,71,17.7,99,1
28.0,69,25.3,31,0
30.9,28,4.1,32,0
29.7,29,1.3,7,0
39.5,80,3.7,26,0
39.8,67,16.6,12,0
28.8,26,14.7,54,0
19.2,16,15.5,93,1
30.1,33,17.8,92,0
44.3,22,13.9,25,0
19.1,72,3.0,6,0
37.2,57,2.4,6,0
27.8,82,28.6,62,1
23.4,66,5.2,90,1
18.7,87,13.1,44,1
41.2,60,13.4,90,1
34.1,78,0.9,15,1
18.1,40,30.0,99,0
34.4,35,24.7,56,0
40.6,65,13.1,19,0
27.5,23,15.7,17,0
18.5,22,29.4,51,0
29.5,54,29.0,80,1
18.7,23,23.9,6,0
33.9,100,14.0,32,0
18.5,98,7.9,30,1
38.7,85,2.0,91,1
38.4,95,20.9,73,1
26.5,100,29.9,8,1
39.2,20,7.7,77,1
19.0,90,8.9,76,1
43.1,65,23.5,67,0
35.2,97,2.0,59,1
29.9,30,24.4,48,0
33.0,52,3.1,48,0
22.0,77,8.6,6,1
31.0,49,7.4,22,0
29.8,41,22.1,65,0
34.1,89,17.1,14,1
30.0,16,2.0,33,0
41.9,99,4.2,27,0
19.4,73,24.6,69,0
20.9,67,1.6,20,0
35.0,99,18.8,12,1
43.5,25,7.1,87,1
33.4,91,15.1,99,1
30.1,33,26.9,10,0
44.0,83,15.1,75,1
43.1,80,0.9,9,0
43.1,48,9.1,17,0
38.5,72,28.4,45,0
31.9,44,17.1,56,0
28.1,16,16.2,7,0
25.0,20,12.6,40,0
36.0,38,25.3,48,0
20.3,91,12.1,97,1
36.0,35,15.3,63,0
25.3,36,18.0,54,0
42.4,34,13.9,96,0
33.6,100,27.9,61,1
19.4,20,17.7,29,0
25.0,26,23.7,54,0
27.6,20,14.8,70,1
24.7,77,8.5,88,1
33.1,57,21.7,45,0
39.0,73,17.4,84,1
28.8,52,19.2,77,1
37.0,51,25.1,48,0
32.8,48,28.1,54,0
25.2,80,9.4,8,1
18.3,86,10.1,49,1
22.3,60,17.4,31,1
29.0,84,16.4,0,1
44.1,43,8.0,51,0
36.8,44,18.4,55,0
44.6,65,14.4,96,1
30.0,88,2.0,2,1
40.5,26,9.0,27,0
33.8,46,10.7,96,1
35.3,35,30.0,26,0
20.9,42,14.3,52,0
27.2,46,1.3,32,0
33.0,27,12.0,99,0
42.6,61,27.2,35,0
31.4,48,3.7,12,0
26.6,19,26.2,89,0
25.4,87,12.5,8,1
38.4,76,26.9,95,1
38.9,31,21.0,76,0
33.5,84,18.9,69,1
43.8,15,26.0,59,0
21.9,49,2.4,34,0
32.0,28,23.6,41,0
23.0,65,18.8,33,1
29.4,99,16.2,31,1
28.7,94,16.5,39,1
28.3,54,20.7,11,0
27.2,48,29.4,84,0
21.0,93,4.0,76,1
19.6,76,29.8,31,1
42.0,20,10.5,9,0
20.1,22,6.8,76,1
38.3,86,24.2,26,0
26.5,67,29.3,82,1
20.7,89,7.8,47,1
19.5,77,0.2,3,1
35.7,88,9.0,17,0
32.3,89,7.5,6,1
42.9,63,20.5,35,0
34.6,70,14.9,6,0
39.3,48,4.9,39,0
29.4,61,14.7,56,1
32.5,18,17.1,100,0
38.7,43,5.8,64,0
18.8,31,7.3,100,1
25.0,66,26.3,100,1
41.1,38,23.1,43,0
19.5,65,19.0,77,1
27.4,21,0.3,86,1
22.3,38,3.6,19,0
22.9,72,12.8,61,1
26.4,32,22.9,78,0
28.5,28,2.4,35,0
20.5,79,24.5,32,1
39.5,96,11.6,7,0
38.5,83,0.5,60,1
31.9,65,14.4,63,1
21.5,25,5.2,76,1
30.0,16,27.9,34,0
21.6,67,23.8,21,0
39.9,24,4.4,14,0
19.4,82,7.5,94,1
27.2,70,10.4,75,1
41.4,83,1.4,70,1
44.3,96,5.1,33,1
22.7,31,3.7,71,0
31.6,47,10.9,96,0
19.3,69,7.6,83,1
25.7,74,10.2,18,0
40.8,24,3.3,24,0
43.2,72,8.6,68,1
38.7,77,20.5,79,1
30.2,65,22.9,31,0
35.4,36,14.7,3,0
41.4,86,16.2,87,1
40.1,75,10.6,1,1
32.7,23,18.2,49,0
40.3,47,9.9,81,0
18.9,92,29.8,29,1
37.4,79,24.9,34,0
42.1,57,25.4,39,0
19.0,96,22.2,65,1
37.3,65,13.2,64,0
31.9,23,25.3,44,0
25.5,47,27.5,46,0
25.1,21,24.8,26,0
41.7,23,14.3,79,0
30.2,85,3.2,82,1
38.4,100,9.6,82,1
21.3,83,13.7,64,1
35.8,83,22.1,79,1
33.6,90,15.8,99,1
41.9,91,1.8,40,0
33.6,32,25.1,13,0
40.7,32,7.6,29,0
39.9,91,16.2,48,0
22.7,31,27.1,71,1
24.1,72,4.9,30,0
33.3,28,4.5,14,0
35.8,78,0.9,20,0
23.7,37,15.5,65,0
37.2,86,27.7,21,0
21.3,29,0.4,29,0
42.0,17,1.9,66,0
30.5,63,3.4,3,0
40.7,91,20.1,71,1
37.3,30,0.3,10,0
23.1,64,23.9,36,0
42.8,45,26.9,37,0
35.5,97,28.3,75,1
38.4,76,8.3,100,1
35.3,39,9.4,52,0
26.5,27,1.0,25,0
30.3,66,27.5,0,0
40.1,50,28.3,95,0
28.2,24,9.9,88,1
29.8,100,11.7,34,1
20.0,97,11.8,47,1
41.4,26,21.1,28,0
18.0,72,16.2,12,0
34.6,90,8.1,79,1
19.1,93,0.5,98,1
38.5,70,12.6,25,0
33.0,63,16.0,72,1
34.8,35,11.7,58,0
32.3,84,13.0,71,1
42.2,87,3.5,67,1
31.1,93,2.2,3,0
39.7,69,5.4,58,0
33.4,63,0.7,76,1
21.4,26,4.0,89,1
30.3,95,15.7,71,1
28.3,53,29.3,70,0
38.5,88,11.1,17,0
39.2,61,10.1,40,0
30.4,73,8.7,11,0
31.2,64,18.1,100,1
20.6,97,16.5,35,1
34.4,90,12.1,17,1
25.2,35,4.2,61,0
31.8,24,13.5,90,0
37.5,61,8.0,16,0
40.2,59,20.4,47,0
40.5,20,9.6,99,1
21.4,88,4.2,46,1
40.4,88,0.5,93,1
19.7,66,6.6,90,1
29.1,21,13.8,27,0
25.5,75,29.8,64,1
42.8,93,9.8,92,1
18.1,26,14.6,83,1
22.9,48,21.5,30,0
21.7,68,2.2,69,1
18.2,23,1.8,44,0
35.3,22,2.7,73,0
44.3,93,5.3,59,1
44.5,99,2.6,23,0
20.2,20,22.3,29,0
19.4,87,4.1,5,0
30.5,70,17.8,87,1
18.1,76,7.7,89,1
20.3,79,17.2,39,1
37.2,52,6.8,82,0
39.5,81,14.0,75,1
33.5,67,10.3,76,1
25.5,75,23.0,52,1
43.9,80,27.8,60,1
39.7,83,2.5,98,1
19.0,57,1.4,45,0
35.9,66,6.7,23,0
30.6,52,6.4,100,1
29.8,82,22.9,30,1
41.5,34,12.6,7,0
41.3,84,13.1,95,1
30.1,90,16.4,91,1
42.1,84,15.1,70,1
44.1,55,24.0,48,0
44.2,53,12.2,17,0
19.3,57,1.6,56,0
37.0,65,10.8,79,1
27.5,61,28.8,20,0
33.2,16,17.8,69,0
42.4,56,3.2,63,0
36.9,18,20.0,76,0
42.0,27,28.5,12,0
39.0,64,2.8,87,0
21.8,52,21.1,56,0
19.5,37,5.0,3,0
37.4,62,27.6,40,0
36.9,25,20.5,0,0
36.0,38,13.1,40,0
27.6,22,0.3,53,0
20.1,29,10.1,92,1
42.5,59,29.0,83,0
25.0,96,26.7,43,0
29.8,20,28.7,63,0
38.7,39,25.3,59,0
32.9,60,21.2,75,1
35.4,44,20.0,8,0
18.3,65,8.6,86,1
23.8,53,23.2,1,0
36.6,89,3.6,35,0
21.4,19,26.3,54,0
31.7,51,1.9,69,0
34.9,27,28.7,83,0
41.8,93,26.8,69,1
27.3,46,27.3,87,1
27.2,20,10.8,9,0
19.6,77,17.1,73,1
35.4,65,17.1,70,1
20.0,64,21.5,61,0
19.2,45,29.9,64,0
36.7,31,21.5,27,0
33.4,51,9.2,89,1
41.3,17,0.1,62,0
28.2,35,10.0,1,0
22.3,59,24.9,9,0
23.7,63,9.4,16,0
23.0,28,13.8,32,0
33.7,95,5.6,73,1
23.9,43,9.2,12,0
18.4,19,17.1,82,1
40.7,20,10.7,0,0
38.6,84,16.7,52,1
24.8,16,4.5,14,0
28.4,71,6.6,17,1
43.0,51,26.9,42,0
27.0,87,16.7,69,1
26.7,87,25.8,11,1
34.0,90,23.1,39,0
28.7,44,28.6,30,0
36.1,37,23.9,88,0
30.4,60,15.6,9,0
30.5,74,26.7,88,1
21.4,71,3.4,44,0
24.1,85,0.2,24,1
36.9,36,3.0,77,0
19.8,82,23.6,66,1
42.6,15,20.6,72,0
29.7,29,15.1,27,0
28.0,85,16.5,93,1
41.8,87,22.5,88,1
22.5,27,11.5,66,0
37.1,58,27.5,61,0
38.7,92,25.7,8,0
44.4,92,28.3,65,1
30.9,37,24.1,35,0
44.0,54,26.0,84,0
44.9,32,5.0,96,1
22.4,21,5.3,27,0
26.0,31,18.8,29,0
35.9,34,1.8,11,0
25.5,50,19.6,93,1
43.0,82,22.4,8,0
44.3,61,17.3,90,1
36.9,31,22.1,94,0
21.4,96,6.2,6,1
43.3,34,6.6,16,0
37.4,78,10.8,16,0
24.6,39,1.2,99,0
31.6,68,10.1,6,0
24.8,40,0.1,7,0
37.3,91,6.9,56,1
30.4,65,27.1,12,0
32.5,31,23.0,87,0
35.6,91,2.7,87,1
30.7,63,26.0,5,0
33.7,82,6.5,100,1
25.1,84,24.6,8,1
28.5,35,4.5,10,0
43.3,68,14.6,64,0
27.9,86,26.5,53,1
30.4,20,11.5,89,1
43.1,25,17.1,50,0
27.8,53,17.4,99,1
26.1,19,13.2,55,0
44.5,54,18.1,24,0
33.3,59,0.3,82,0
28.2,73,5.7,21,0
21.6,30,2.7,18,0
23.8,67,20.0,94,1
43.4,86,20.9,34,0
20.7,80,25.5,81,1
32.4,78,28.5,76,1
20.6,94,27.9,18,1
24.5,54,27.2,91,0
35.8,88,20.5,33,0
23.4,58,24.1,17,0
43.6,38,26.7,85,0
27.8,45,6.7,33,0
43.6,19,24.3,30,0
20.1,61,25.5,67,1
29.0,62,29.4,34,0
41.3,64,27.5,72,1
31.5,73,12.0,91,1
37.5,96,10.1,25,1
44.1,70,11.1,60,0
28.6,91,23.3,48,0
29.6,50,3.8,22,0
25.7,17,16.1,1,0
27.0,94,27.5,39,1
20.4,58,5.6,51,0
21.9,62,17.3,50,1
40.8,38,3.4,30,0
30.2,50,4.1,47,0
44.7,49,5.4,15,0
19.4,100,28.6,83,1
33.8,46,23.8,20,0
40.0,53,23.3,39,0
37.4,22,13.6,52,0
35.8,73,6.8,87,1
18.8,97,20.6,15,1
43.4,60,27.6,18,0
20.1,85,13.4,71,1
26.6,41,10.9,84,1
38.0,37,13.0,64,0
25.0,98,26.7,63,1
21.0,39,19.3,20,0
43.2,18,20.7,52,0
41.6,33,6.7,56,0
30.2,88,12.9,87,1
29.0,39,14.0,14,0
42.6,97,24.8,97,1
36.9,34,24.4,68,0
18.7,62,9.8,66,1
19.0,34,14.5,87,1
37.7,23,9.3,40,0
35.9,39,3.6,3,0
26.1,88,20.8,15,1
38.6,82,24.2,88,1
31.3,36,27.3,25,0
23.3,94,10.4,90,1
32.0,65,5.3,92,1
34.2,38,17.3,80,1
39.2,59,3.8,47,0
27.5,99,20.5,30,0
22.6,96,20.8,56,1
36.9,39,26.8,77,0
22.7,51,10.9,60,0
39.1,43,3.9,54,0
20.4,59,29.2,60,0
20.5,21,16.5,58,0
31.8,64,18.2,100,1
38.6,35,24.9,25,0
19.0,16,14.7,19,0
20.7,97,25.4,70,1
42.1,86,20.3,80,1
37.1,78,20.0,80,1
42.9,48,16.0,33,0
30.9,56,13.3,33,0
21.9,42,29.5,19,0
43.7,80,0.5,13,0
25.9,34,10.4,85,1
22.2,100,29.7,80,1
22.8,60,12.2,48,0
40.2,94,29.8,43,0
28.0,21,27.0,31,0
39.3,76,25.9,31,0
41.1,29,15.9,34,0
36.5,77,8.3,30,0
31.1,55,6.9,71,0
38.8,98,16.9,19,0
42.0,24,6.6,49,0
28.8,22,15.3,36,0
24.2,75,19.7,49,1
26.5,50,23.7,5,0
26.6,87,2.2,22,1
35.8,62,2.6,92,1
19.9,87,23.0,86,1
26.9,49,0.5,85,0
33.6,63,17.8,27,0
26.7,85,14.9,23,1
30.9,15,24.3,2,0
22.6,35,20.0,9,0
41.4,78,2.9,93,1
22.0,24,28.2,73,0
38.3,70,27.2,79,1
30.5,87,19.4,51,1
33.3,81,14.2,9,1
29.5,76,6.9,77,1
21.6,98,11.7,97,1
30.4,58,20.9,67,0
34.8,98,16.3,45,1
40.7,41,28.2,87,0
42.3,54,6.1,77,0
35.0,63,9.9,24,0
43.8,89,19.1,23,0
21.4,20,4.8,75,0
27.5,18,23.2,62,0
25.4,51,16.9,58,0
31.0,21,0.0,53,0
30.5,54,9.3,85,1
31.4,53,17.2,75,1
42.9,26,12.6,25,0
42.0,69,20.7,4,0
41.2,19,0.7,31,0
26.5,43,14.1,4,0
38.0,49,17.0,78,0
44.0,71,2.4,81,1
35.6,32,17.1,48,0
26.7,21,20.8,75,1
37.4,37,11.0,14,0
32.3,74,12.4,26,0
26.1,25,25.6,78,0
42.7,94,25.5,72,1
34.5,59,27.7,52,0
24.7,57,22.6,37,0
26.3,47,23.6,39,0
21.3,87,27.8,75,1
38.3,46,25.0,33,0
33.6,51,6.8,34,0
25.1,82,22.8,84,1
22.6,43,1.4,42,0
29.3,92,21.7,92,1
44.7,100,24.5,82,1
33.7,49,3.0,20,0
44.1,88,13.4,7,0
21.1,76,22.9,61,1
26.1,81,10.4,36,1
37.2,67,11.1,60,1
21.6,31,1.1,1,0
26.1,87,13.0,38,1
43.1,33,21.7,28,0
19.5,18,4.2,94,1
20.9,29,6.1,59,0
41.2,60,15.9,76,1
23.1,89,10.1,86,1
44.0,86,28.2,10,0
34.5,23,7.8,46,0
26.1,48,20.9,50,0
24.0,24,6.7,69,0
28.0,41,8.9,23,0
40.4,35,28.0,94,0
18.9,46,5.8,58,0
22.9,67,6.2,13,0
26.1,99,13.5,74,1
31.6,99,11.9,69,1
18.9,98,9.4,90,1
33.4,50,11.4,74,0
22.1,98,2.7,84,1
29.8,51,1.9,33,0
44.8,53,6.2,40,0
22.2,83,23.8,46,0
22.4,86,18.3,35,1
28.6,38,13.5,43,0
23.4,32,15.6,19,0
39.4,16,4.1,17,0
28.8,28,6.5,1,0
18.6,40,7.6,59,0
19.8,30,20.1,54,0
27.9,16,13.1,54,0
38.9,93,18.3,96,1
24.7,22,5.2,82,1
23.7,25,28.2,22,0
37.8,86,23.1,62,1
24.3,42,8.1,16,0
21.4,52,13.8,74,1
20.5,35,28.7,84,0
25.9,62,1.8,92,1
42.7,48,19.8,69,0
37.7,28,25.0,60,0
35.2,78,9.6,33,1
20.9,91,28.1,23,1
19.4,61,19.2,29,1
41.6,71,4.6,86,1
35.0,58,15.2,8,0
22.2,91,1.2,74,1
28.4,83,8.5,32,1
37.6,33,28.4,62,0
34.9,72,17.2,9,0
20.7,25,2.6,6,0
32.3,80,1.3,89,1
44.5,85,12.5,95,1
19.3,24,13.6,6,0
25.9,19,23.9,28,0
22.1,28,17.6,79,1
24.8,60,5.3,40,0
31.3,37,5.3,63,0
38.2,46,6.6,58,0
22.4,61,25.7,19,0
21.1,37,11.3,41,0
34.0,97,11.5,24,1
38.0,15,20.8,25,0
44.4,52,9.1,2,0
31.6,81,15.0,76,1
42.9,16,8.1,2,0
18.3,62,18.4,48,1
36.5,24,18.4,40,0
39.3,72,14.9,79,1
28.7,96,19.7,20,1
38.0,68,7.0,23,0
42.9,75,9.6,21,0
42.6,87,4.6,53,0
41.9,59,16.3,18,0
21.6,98,11.1,92,1
22.1,51,3.5,41,0
23.9,34,17.7,40,0
28.9,70,7.3,85,1
35.4,37,24.8,92,0
35.9,38,1.3,48,0
27.1,48,18.7,3,0
36.1,58,2.9,26,0
24.0,83,22.8,5,0
25.4,83,25.6,28,1
19.7,97,2.5,19,0
43.6,37,23.5,47,0
31.8,29,21.3,68,0
41.5,84,12.5,63,1
26.0,16,3.1,74,0
32.3,48,16.7,7,0
26.4,54,22.5,86,0
19.1,64,5.3,64,1
29.9,82,14.4,40,1
26.8,64,19.1,36,0
38.2,30,17.9,92,0
23.9,99,5.4,78,1
37.3,70,24.3,22,0
23.2,17,9.2,8,0
25.7,93,7.6,27,1
25.6,77,28.1,72,1
20.4,93,13.4,97,1
33.9,91,29.3,35,1
36.6,27,19.6,65,0
21.0,85,0.6,28,1
29.4,17,22.1,95,0
37.1,22,0.2,25,0
32.6,39,16.3,24,0
18.1,95,1.4,22,1
24.6,82,27.0,70,1
43.3,85,20.7,53,1
22.6,87,23.0,7,0
30.2,83,20.9,20,0
38.4,46,25.7,22,0
44.8,41,26.5,64,0
42.1,41,6.4,61,0
42.3,25,15.2,81,0
41.8,84,27.4,96,1
22.8,73,3.1,55,1
26.2,28,0.0,9,0
22.2,79,23.7,25,1
37.4,34,3.0,69,0
37.7,43,10.5,23,0
37.9,23,15.9,41,0
29.0,76,14.8,12,1
19.2,95,21.7,74,1
18.2,83,15.7,83,1
24.7,24,18.6,59,0
30.0,67,3.5,64,0
27.5,90,12.6,68,1
24.7,53,10.5,63,0
37.8,17,29.7,93,0
36.9,63,11.1,51,1
28.4,36,18.3,45,0
40.4,32,9.7,26,0
34.7,90,17.0,20,1
26.8,92,8.2,55,1
35.2,71,22.1,17,0
41.3,17,13.4,80,1
21.9,94,12.4,75,1
19.7,71,17.2,50,1
18.6,15,16.6,76,1
26.3,78,7.6,45,1
41.0,51,12.2,9,0
23.2,92,24.1,38,0
29.1,46,8.7,58,0
43.5,58,6.2,93,1
32.5,83,3.2,48,0
39.0,83,0.8,37,0
18.3,92,5.0,81,1
39.8,16,9.8,21,0
40.6,19,4.9,17,0
19.1,66,8.7,77,1
18.5,84,5.4,68,1
27.7,28,23.1,0,0
41.7,88,16.7,85,1
26.9,54,20.0,69,0
24.4,91,22.1,33,0
32.9,68,29.5,30,0
22.0,72,23.6,1,0
18.0,20,20.4,92,1
38.5,66,3.1,99,1
27.6,41,0.5,45,0
25.9,86,7.8,72,1
40.3,84,19.9,37,1
30.1,21,15.1,61,0
35.6,82,14.2,53,1
39.7,18,3.4,96,0
29.5,30,1.4,34,0
26.2,47,3.9,76,0
28.6,50,20.0,54,0
42.4,66,24.6,47,0
26.1,19,11.3,100,1
21.2,59,18.3,55,0
21.7,69,23.0,23,0
21.4,16,10.0,27,0
35.5,52,13.2,3,0
31.5,76,27.0,38,1
25.8,56,11.2,28,0
29.8,36,2.9,29,0
24.1,15,14.7,10,0
25.8,59,6.5,21,0
19.5,46,11.8,84,1
43.6,23,27.9,99,0
24.4,96,4.3,59,1
22.2,49,16.1,69,0
34.7,86,9.6,86,1
33.0,36,5.4,85,0
22.6,59,4.2,40,0
29.0,79,9.8,47,1
20.3,23,1.6,6,0
41.0,21,10.9,76,0
25.0,73,9.2,60,1
38.6,96,6.4,98,1
26.0,82,22.0,93,1
21.0,74,3.6,74,1
37.0,88,13.8,33,0
40.9,92,6.1,42,0
31.2,83,0.9,24,0
32.3,68,2.5,100,1
36.6,45,24.8,66,0
44.5,69,28.1,65,0
31.7,37,24.4,71,0
27.5,37,14.4,60,0
18.3,86,13.0,40,1
26.5,30,13.4,39,0
26.8,99,6.4,41,1
31.0,80,1.5,65,1
41.3,60,12.7,61,0
25.9,63,14.9,94,1
30.0,63,28.0,75,1
33.9,23,29.6,28,0
40.0,32,17.6,73,0
42.0,95,23.8,33,0
19.4,90,17.3,3,1
21.0,83,17.9,43,1
24.2,17,15.9,29,0
22.4,25,16.2,52,0
25.8,51,5.1,37,0
25.5,80,23.3,38,1
38.3,100,18.5,58,1
28.0,36,16.8,47,0
26.9,88,10.5,66,1
43.5,29,25.3,6,0
21.9,71,22.4,59,1
34.4,99,25.4,9,0
26.1,84,5.6,77,1
42.3,74,0.4,42,0
32.3,48,27.8,12,0
39.5,41,12.8,97,0
32.1,65,29.5,13,0
22.9,42,19.1,26,0
31.6,70,25.5,14,0
33.6,93,29.6,62,1
20.2,58,17.3,2,0
35.7,88,18.9,21,0
30.0,88,1.4,40,0
33.1,69,27.7,74,1
24.0,62,2.7,84,1
38.1,83,22.5,96,1
44.0,16,23.1,85,0
23.3,65,0.6,95,1
21.3,45,23.6,10,0
24.7,83,3.8,73,1
26.3,97,26.0,44,0
24.6,69,1.3,7,0
26.9,83,23.9,64,1
19.2,56,1.8,17,0
23.7,74,6.2,8,0
43.2,82,14.9,48,1
21.8,71,2.4,88,1
31.8,91,12.0,31,1
27.5,94,1.8,0,1
27.0,56,29.3,96,1
20.4,96,28.7,57,1
20.3,57,25.8,48,0
33.8,87,5.6,44,0
20.7,52,7.4,86,1
19.1,32,25.1,30,0
31.1,73,0.8,20,0
34.1,98,11.3,0,1
42.7,52,5.3,10,0
39.8,47,2.1,90,0
20.1,28,18.7,89,1
43.9,56,19.0,26,0
32.5,96,27.6,52,1
19.2,62,28.9,4,0
36.1,84,0.0,62,1
18.2,33,14.6,26,0
21.6,80,26.2,33,1
25.0,49,13.6,67,0
24.2,55,23.8,2,0
29.1,20,12.6,51,0
36.8,99,25.8,80,1
33.4,37,15.2,97,0
43.3,80,13.6,34,1
38.4,59,3.4,90,0
40.4,57,16.1,58,0
40.8,30,13.6,25,0
35.3,69,24.2,71,0
39.3,64,25.2,34,0
23.5,41,17.7,97,1
42.3,79,14.8,70,1
30.0,60,28.9,28,0
23.8,51,22.8,57,0
40.4,27,7.0,1,0
18.3,29,28.3,44,0
31.8,96,26.2,2,0
32.7,65,4.0,33,0
44.2,48,2.0,21,0
42.1,93,1.0,83,1
30.2,32,0.2,97,0
19.8,22,21.2,63,0
40.6,49,3.0,27,0
25.3,45,25.2,82,0
19.6,76,21.4,39,0
43.8,33,4.3,35,0
43.7,18,17.6,94,1
30.8,64,29.5,73,1
23.5,37,11.2,63,0
39.4,38,8.7,33,0
36.2,37,12.6,13,0
40.4,21,1.1,39,0
32.2,27,20.6,27,0
30.8,34,16.4,57,0
22.6,34,23.4,4,0
27.1,45,11.7,53,0
19.9,61,5.9,69,1
18.8,58,13.9,77,1
18.8,27,14.8,17,0
43.8,87,29.0,3,0
23.8,74,2.7,96,1
35.7,36,4.8,13,0
32.6,63,17.0,95,1
30.8,24,19.7,63,0
23.0,18,24.1,32,0
41.5,50,22.3,14,0
21.0,36,16.4,8,0
40.5,73,7.7,31,0
19.5,33,24.8,97,0
25.9,31,5.5,18,0
35.5,16,4.3,23,0
42.6,49,22.7,18,0
33.8,54,22.3,57,0
41.8,63,18.5,26,0
29.4,95,10.6,12,1
42.9,75,12.3,83,1
34.3,53,21.6,3,0
25.3,59,24.8,45,0
32.6,29,11.5,16,0
20.9,100,3.3,68,1
42.9,26,5.1,55,0
41.8,51,22.0,68,0
24.9,86,12.8,65,1
21.4,74,11.4,7,0
31.5,49,9.4,33,0
31.8,44,13.1,84,1
44.4,87,3.3,4,0
25.9,87,3.9,55,1
19.2,66,17.1,92,1
43.2,40,11.8,93,1
21.5,40,23.6,29,0
32.6,80,13.1,57,1
31.6,30,6.7,67,0
26.6,70,5.6,91,1
22.5,36,6.0,93,1
36.5,33,26.0,45,0
18.0,41,22.8,0,0
18.6,85,15.6,31,1
38.1,66,13.6,75,1
34.5,15,15.5,73,1
45.0,30,7.6,51,0
18.6,26,11.5,96,1
22.1,45,4.2,63,0
43.2,89,20.2,98,1
37.6,94,1.3,1,0
39.5,58,9.0,10,0
29.5,48,11.7,5,0
18.6,91,24.5,75,1
25.5,43,7.5,15,0
37.5,46,28.6,10,0
32.1,25,9.6,84,1
33.0,62,20.8,42,0
21.8,88,28.9,39,0
44.3,39,19.1,85,0
19.8,41,9.7,30,0
29.1,18,13.4,48,0
34.4,47,8.5,90,0
41.3,70,13.2,91,1
20.6,85,4.1,82,1
39.9,84,27.3,88,1
22.1,32,19.6,65,0
34.1,51,29.0,19,0
21.8,82,10.4,8,1
25.1,56,27.1,59,0
39.3,60,19.1,24,0
26.4,43,10.3,58,0
18.2,26,4.8,12,0
43.7,85,21.0,13,0
21.1,68,28.1,80,1
39.2,56,10.4,2,0
36.0,65,3.4,4,0
30.5,37,6.6,33,0
29.0,21,2.6,71,0
32.1,73,2.6,11,0
23.4,31,17.0,80,1
19.9,26,3.8,83,0
43.6,62,0.3,94,1
29.8,56,6.7,98,1
26.4,20,29.1,39,0
22.8,33,29.4,53,0
41.0,53,11.5,3,0
34.8,57,7.1,46,0
37.4,95,29.5,93,1
31.3,34,7.8,44,0
43.9,25,14.7,52,0
22.6,55,22.7,95,0
40.3,100,28.6,50,1
44.6,80,11.8,53,1
43.2,66,28.6,16,0
44.6,94,26.4,52,1
29.9,49,23.7,37,0
30.6,25,19.9,74,0
35.3,61,0.5,52,0
39.8,53,15.0,61,0
44.3,31,7.1,34,0
26.3,54,21.8,94,1
32.8,29,4.5,43,0
29.7,47,18.1,96,1
22.4,47,17.2,22,0
44.2,99,20.7,36,1
40.1,30,3.0,90,0
31.3,40,16.4,10,0
22.0,46,0.1,85,1
24.3,43,10.1,75,1
31.5,79,24.2,92,1
32.3,50,17.6,53,0
18.6,66,12.2,99,1
27.4,27,24.5,5,0
20.5,62,9.3,84,1
20.2,38,7.4,3,0
37.1,21,9.3,95,1
29.4,45,14.9,12,0
41.6,64,1.6,7,0
22.4,40,3.2,57,0
40.4,94,18.1,6,0
20.4,50,1.0,1,0
26.0,75,24.4,30,0
38.3,78,22.4,75,1
38.6,86,12.4,99,1
41.9,64,26.5,19,0
36.5,93,29.3,6,0
25.0,89,19.4,81,1
40.2,57,26.0,1,0
21.3,41,28.7,43,0
27.1,36,21.2,2,0
42.9,86,15.9,56,1
38.1,75,4.1,59,1
38.5,44,14.0,53,0
29.5,85,20.7,14,1
30.7,34,3.9,25,0
41.7,90,19.0,49,0
31.0,30,16.1,62,0
40.6,20,13.4,53,0
41.3,15,5.5,36,0
18.4,85,11.0,45,1
41.4,79,0.9,21,1
24.9,52,5.8,98,1
23.8,65,28.9,20,0
28.5,19,23.7,49,0
36.1,63,16.5,58,0
28.8,75,0.6,56,1
19.8,94,20.7,31,1
40.9,61,20.9,18,0
26.7,29,25.2,38,0
28.5,15,14.4,1,0
23.3,20,29.4,83,1
38.7,35,8.5,27,0
34.7,43,17.3,36,0
41.1,79,2.0,3,0
26.1,28,22.2,76,0
40.0,55,25.7,5,0
20.7,24,11.3,92,1
38.6,85,29.7,89,1
28.9,46,6.9,78,1
24.3,85,2.7,0,1
18.5,30,26.4,35,0
29.4,34,14.7,74,1
41.1,30,9.6,31,0
27.1,29,4.1,98,0
42.5,78,9.9,12,0
24.3,62,23.0,63,1
20.7,61,7.8,48,1
19.2,100,24.4,59,1
24.1,64,0.6,37,0
29.7,62,23.2,54,1
30.7,19,10.7,56,0
18.7,41,1.8,64,0
21.3,64,24.2,96,1
31.0,97,22.6,61,1
23.8,77,9.5,29,1
18.4,38,26.7,37,0
40.7,79,25.4,90,1
36.1,64,1.5,72,1
27.0,65,20.6,51,0
42.1,38,16.7,38,0
30.1,69,7.5,1,0
35.6,63,20.5,18,0
43.5,41,28.3,26,0
44.1,66,14.3,88,1
27.7,31,6.5,67,0
37.5,75,18.2,52,1
39.5,81,27.6,66,1
34.0,44,5.3,88,1
39.1,45,7.8,44,0
36.6,92,23.2,60,1
33.6,25,28.7,41,0
41.1,69,28.5,99,0
26.5,98,22.1,52,1
19.6,75,15.0,59,1
37.2,59,7.6,55,0
33.8,18,7.2,100,1
25.0,38,14.3,51,0
30.3,41,5.4,90,0
22.7,97,4.4,13,0
38.6,74,24.9,83,1
29.5,30,29.1,13,0
22.4,52,4.7,69,0
21.1,49,25.1,51,0
32.9,19,11.2,13,0
43.8,16,6.2,22,0
18.8,38,22.4,72,1
18.4,49,5.5,50,0
31.4,24,1.8,69,0
41.4,72,13.9,97,1
42.9,25,12.0,24,0
42.0,20,26.6,87,0
43.4,52,17.5,26,0
29.2,73,5.5,35,0
33.6,29,25.9,56,0
33.2,71,13.0,30,0
18.1,43,28.7,4,0
38.4,56,7.8,20,0
34.6,93,24.5,70,1
20.9,92,6.6,77,1
21.4,35,29.7,63,0
32.6,26,4.8,73,0
40.2,43,10.4,6,0
44.3,87,24.5,7,0
40.4,68,13.6,82,1
40.2,73,25.9,70,1
26.2,41,17.6,33,0
38.2,90,11.2,57,1
31.7,84,13.0,0,1
38.2,61,22.6,2,0
19.2,16,20.0,13,0
43.9,36,17.9,21,0
38.8,62,23.3,38,0
34.7,50,7.8,73,0
33.8,37,27.0,44,0
24.7,37,0.2,21,0
27.7,20,4.6,47,0
39.7,59,25.6,7,0
34.7,43,29.7,36,0
39.5,19,6.8,51,0
31.6,85,24.3,36,0
34.8,46,5.8,20,0
40.9,65,27.6,75,1
21.6,83,0.8,72,1
45.0,44,3.7,100,0
38.3,26,4.9,74,0
30.0,57,22.5,50,0
42.5,93,18.0,17,0
21.2,46,29.0,51,0
20.0,73,9.3,47,0
22.3,16,11.5,76,1
35.3,87,6.1,57,1
34.8,27,17.6,23,0
30.1,44,3.0,47,0
37.5,31,28.3,35,0
26.6,100,25.6,80,1
24.8,28,26.9,18,0
42.0,69,3.6,98,1
18.7,88,17.8,84,1
42.4,55,26.2,34,0
23.2,28,1.9,88,0
41.2,60,0.3,12,0
23.7,32,3.0,81,0
26.1,100,25.2,66,1
31.1,90,13.8,17,1
30.6,31,11.2,94,0
41.2,34,29.1,64,0
24.4,47,18.8,86,1
36.9,84,23.7,75,1
37.9,15,9.1,69,0
31.3,70,14.8,48,0
23.4,41,26.4,96,0
33.9,86,12.9,12,1
41.6,22,5.0,59,0
36.0,70,8.2,66,0
35.2,60,22.1,67,0
40.4,84,5.2,99,1
36.9,76,4.0,100,1
18.5,80,8.0,61,1
35.8,36,10.9,27,0
41.6,62,2.4,74,1
22.6,35,5.2,44,0
38.4,83,5.5,93,1
29.0,53,13.4,70,1
23.1,47,26.4,82,0
20.4,36,23.8,31,0
20.4,87,17.2,76,1
39.3,92,21.1,53,1
22.6,71,1.2,52,1
18.0,58,24.8,6,0
27.8,39,5.6,61,0
35.5,17,21.5,78,0
19.3,25,17.2,31,0
38.6,83,18.6,17,0
26.0,74,2.8,75,1
28.3,15,20.8,53,0
43.2,33,13.8,84,0
26.7,50,12.0,87,1
40.4,22,14.2,55,0
28.6,42,21.3,91,1
18.3,88,9.8,59,1
23.4,69,2.7,54,0
41.1,29,6.2,25,0
21.1,97,28.1,79,1
25.6,26,28.9,38,0
43.3,27,11.7,35,0
21.1,40,13.8,59,0
35.8,64,15.7,61,0
42.1,19,12.7,88,0
39.3,92,8.8,79,1
40.1,69,24.3,60,0
41.2,27,15.3,56,0
44.9,78,18.6,72,1
22.7,38,1.2,21,0
33.1,71,9.2,98,1
20.1,78,5.0,34,1
29.6,57,23.9,64,0
33.5,72,17.1,1,0
27.7,52,23.2,47,0
28.2,32,12.5,72,1
25.6,74,5.2,66,1
37.8,49,1.9,1,0
34.1,44,15.0,43,0
41.9,76,22.3,34,0
20.5,50,7.0,99,1
34.3,19,17.4,28,0
32.4,48,20.2,6,0
31.2,97,19.1,94,1
25.9,73,15.2,66,1
25.4,73,1.5,93,1
20.2,72,25.3,44,0
24.9,68,25.5,16,0
38.4,66,16.6,100,1
27.9,53,26.5,11,0
28.1,81,22.4,73,1
43.3,34,13.6,89,0
33.6,29,0.3,66,0
27.0,73,19.5,71,1
18.6,45,10.9,96,1
18.9,19,6.8,31,0
25.2,69,17.8,31,0
18.7,76,19.3,85,1
18.6,66,14.1,15,1
43.2,38,22.0,53,0
42.0,75,27.3,82,1
39.0,93,0.5,65,1
31.7,79,12.9,27,1
38.5,91,24.3,5,0
30.7,41,17.2,26,0
36.4,36,20.9,88,0
41.4,79,22.7,51,0
38.0,55,24.0,81,0
40.9,100,19.1,73,1
21.8,30,20.8,7,0
35.5,86,12.7,89,1
32.7,66,20.5,56,0
29.0,41,5.6,7,0
28.9,35,17.3,86,1
30.8,89,17.4,98,1
40.7,25,20.2,72,0
43.1,77,3.6,19,0
37.0,41,23.2,29,0
20.4,15,16.0,39,0
25.1,66,17.6,20,0
23.6,90,16.1,85,1
44.3,26,20.2,30,0
26.2,96,18.0,2,1
25.6,87,18.3,53,1
18.7,63,18.0,8,1
27.2,83,13.2,0,1
25.0,92,15.9,34,1
33.2,80,22.3,35,0
39.9,33,23.5,88,0
30.6,83,3.3,60,1
41.2,15,11.6,48,0
25.3,43,20.3,43,0
32.2,21,3.1,83,0
41.8,89,27.6,84,1
42.3,98,15.3,42,0
23.4,72,23.2,14,0
19.5,91,29.3,52,1
26.1,72,26.4,26,0
31.9,84,0.9,81,1
30.3,66,4.5,21,0
43.5,85,5.2,98,1
40.5,82,9.8,3,0
30.4,81,15.2,74,1
43.7,38,19.2,59,0
25.4,24,12.6,0,0
43.3,29,21.6,49,0
22.6,75,12.2,16,1
33.1,82,4.0,2,0
34.9,73,1.7,96,1
44.8,68,5.8,33,0
25.3,56,24.1,48,0
35.6,97,7.6,66,1
42.3,25,5.4,94,0
39.9,99,4.3,20,0
23.8,91,0.6,11,0
43.8,73,10.9,1,0
32.9,49,17.1,51,0
24.7,63,19.5,57,1
21.6,52,7.3,40,0
40.8,54,1.3,45,0
36.9,69,7.7,96,1
36.9,71,23.7,99,1
36.4,46,26.2,89,0
40.7,80,16.4,15,1
41.6,87,13.6,63,1
32.0,50,28.2,51,0
22.1,40,28.8,29,0
19.0,66,24.2,77,1
44.2,67,8.5,9,0
28.1,54,17.0,62,0
21.6,21,28.5,23,0
32.2,38,5.0,52,0
34.7,16,11.5,50,0
44.1,87,17.5,22,0
42.1,63,18.3,75,1
35.7,34,17.6,94,1
39.4,85,7.4,41,1
37.8,66,16.7,59,1
30.2,38,11.2,99,1
18.3,30,7.4,67,0
19.3,47,26.9,31,0
26.8,92,15.8,24,1
20.3,31,12.1,3,0
42.2,52,8.9,83,0
43.1,33,25.2,92,0
43.8,54,22.2,84,0
41.0,51,21.9,72,0
23.9,30,0.5,66,0
31.4,34,27.0,69,0
21.6,90,18.4,55,1
26.8,100,11.5,20,1
26.0,16,9.9,90,1
22.1,81,5.5,43,1
18.8,77,29.8,54,1
43.4,28,18.7,33,0
42.5,66,3.8,72,1
42.9,19,19.5,47,0
32.4,15,2.6,84,0
24.6,15,13.5,52,0
20.7,82,12.9,42,1
22.1,98,27.5,82,1
40.9,15,9.3,39,0
25.0,35,9.5,9,0
31.0,94,9.5,51,1
18.3,78,14.7,25,1
22.6,78,29.7,44,0
24.1,26,22.7,97,0
44.1,33,20.9,79,0
34.1,24,17.7,66,0
23.2,73,1.2,38,0
39.9,54,8.3,57,0
32.8,15,23.4,63,0
18.7,83,12.5,16,1
26.5,23,27.7,0,0
29.2,24,23.3,77,0
39.2,95,1.0,88,1
41.0,60,2.7,88,1
43.9,36,25.9,75,0
20.1,60,11.5,32,0
34.3,24,16.8,45,0
18.0,59,16.3,10,0
26.7,72,7.8,91,1
28.6,61,7.5,85,1
42.9,21,19.4,60,0
19.4,16,17.6,1,0
26.6,54,3.5,35,0
44.9,46,18.1,100,1
22.0,25,24.1,3,0
33.9,65,23.1,98,1
24.4,62,27.5,69,1
28.8,50,18.9,88,1
35.8,83,16.2,19,1
26.7,92,20.9,11,1
25.6,70,21.3,26,0
37.5,58,21.6,16,0
19.5,39,18.1,59,0
25.1,17,15.1,64,0
38.6,70,14.6,64,1
33.1,20,17.9,5,0
34.2,93,2.8,92,1
41.9,51,26.0,10,0
23.4,33,24.3,48,0
20.6,83,8.3,43,1
19.3,35,24.0,30,0
35.8,29,17.8,51,0
26.0,73,24.0,86,1
22.0,55,6.8,60,0
30.9,49,10.9,35,0
31.0,22,25.9,86,0
42.8,40,2.4,96,0
25.8,24,24.7,73,1
37.7,88,8.2,62,1
44.9,31,26.2,23,0
26.8,88,11.3,0,1
24.3,16,4.1,49,0
38.0,53,0.5,47,0
39.9,72,0.2,49,0
28.8,57,27.8,6,0
24.4,65,11.9,55,1
28.0,31,21.9,82,0
35.5,69,8.0,1,0
32.7,30,0.3,27,0
19.2,30,29.7,7,0
35.3,33,10.9,2,0
25.1,35,20.7,98,1
38.4,87,14.0,76,1
24.2,29,17.2,23,0
19.1,94,21.5,55,1
21.6,74,10.5,63,1
35.9,47,24.3,80,0
43.7,20,9.6,95,1
44.0,51,20.8,42,0
31.9,30,16.7,80,1
21.3,85,17.9,44,1
27.5,42,8.5,36,0
28.7,66,4.7,21,0
39.4,62,4.5,63,0
31.4,55,21.0,48,0
24.3,67,3.1,53,0
26.4,69,0.9,1,0
30.1,96,4.6,53,1
18.4,40,10.6,8,0
31.6,18,2.1,25,0
19.8,44,20.4,81,0
29.4,27,9.5,6,0
32.2,88,1.9,16,0
24.9,24,6.3,75,1
26.3,87,8.0,90,1
44.2,61,6.4,87,1
36.7,74,17.5,40,0
21.3,25,22.8,67,0
33.5,65,13.0,95,1
40.9,66,17.4,54,0
28.5,30,16.6,24,0
37.3,78,7.9,85,1
30.4,85,28.6,47,0
19.3,38,29.1,95,1
40.9,26,16.3,31,0
39.8,27,16.9,20,0
34.3,70,14.7,27,0
41.0,33,20.7,77,0
23.7,32,6.3,51,0
25.0,38,26.1,17,0
24.5,35,24.5,58,0
34.7,90,19.6,33,1
29.9,45,18.7,90,1
24.0,83,26.0,83,1
19.3,45,20.6,2,0
20.5,15,2.0,78,0
24.2,37,15.5,37,0
23.7,53,14.8,9,0
34.0,34,26.7,1,0
26.9,56,25.9,42,0
36.6,31,26.9,7,0
26.7,87,20.7,79,1
23.4,43,3.7,0,0
39.3,46,6.4,19,0
38.9,70,29.8,92,0
42.7,78,13.5,59,1
23.5,24,12.4,92,1
36.9,19,28.6,51,0
37.7,18,27.8,56,0
23.6,61,1.6,48,0
27.0,55,5.1,64,0
21.7,51,2.5,4,0
30.8,53,21.8,16,0
25.3,97,26.1,60,1
31.7,69,13.6,17,0
33.4,15,25.3,55,0
18.4,20,7.4,51,0
39.7,99,29.5,81,1
41.8,48,28.4,93,0
25.6,72,8.0,76,1
35.4,41,3.1,27,0
36.9,88,20.4,95,1
40.6,50,25.3,76,0
25.0,79,12.8,75,1
42.0,55,0.4,36,0
37.0,99,6.2,53,1
26.0,31,4.0,28,0
24.9,63,3.0,12,0
37.4,89,21.1,68,1
20.0,28,9.9,36,0
43.2,44,7.5,0,0
22.9,72,13.1,89,1
21.7,39,24.5,67,0
43.4,53,5.2,81,0
27.2,74,22.4,89,1
19.7,80,23.2,67,1
42.5,31,6.2,67,0
32.7,76,1.7,84,1
44.3,52,2.0,66,0
28.4,24,29.6,25,0
33.5,62,12.0,59,1
34.2,49,11.7,96,1
31.9,71,18.7,72,1
23.2,84,7.2,0,1
41.2,71,4.6,50,0
19.4,84,1.8,18,1
20.3,66,4.0,12,0
26.7,55,22.0,87,1
29.0,50,9.9,85,1
43.6,56,9.8,97,0
42.0,60,3.0,22,0
30.7,50,0.2,6,0
32.1,58,15.6,53,0
41.1,52,20.5,45,0
29.2,60,7.7,13,0
22.7,47,25.8,33,0
38.8,90,18.3,37,0
21.9,40,6.0,52,0
44.9,17,15.4,29,0
40.2,20,21.9,57,0
43.9,67,5.8,79,1
39.9,49,4.6,27,0
35.4,22,5.2,88,0
37.7,84,18.3,68,1
18.8,92,23.3,35,0
23.7,100,17.4,74,1
35.2,92,14.3,62,1
41.7,32,25.2,43,0
33.0,29,6.3,49,0
25.3,16,9.0,5,0
23.5,63,22.6,62,0
44.7,16,17.2,63,0
35.3,43,17.2,86,0
42.0,89,24.9,97,1
19.2,99,29.5,0,1
37.4,47,8.1,83,0
39.6,26,10.6,67,0
44.3,32,10.0,35,0
40.7,17,14.1,39,0
19.1,27,16.9,56,0
30.7,83,13.1,46,1
27.9,29,19.7,8,0
42.3,49,29.8,87,0
37.5,40,0.1,66,0
40.7,55,23.6,66,0
36.8,50,3.2,53,0
24.6,43,5.0,54,0
37.9,61,21.7,48,0
38.4,36,13.8,61,0
43.1,41,3.0,56,0
36.9,64,12.1,75,1
35.7,97,27.4,11,0
20.5,82,27.7,97,1
30.7,79,4.5,99,1
41.9,61,24.7,72,1
29.2,85,17.8,2,1
43.1,45,4.0,92,0
23.9,75,3.6,79,1
43.5,18,29.4,21,0
30.7,88,1.7,90,1
26.5,49,26.2,91,1
34.9,72,1.7,70,1
39.9,72,17.4,90,1
19.9,71,12.6,40,0
23.5,82,2.3,69,1
34.9,20,25.3,95,0
30.5,23,10.6,8,0
31.3,22,16.7,38,0
31.8,92,22.9,80,1
22.5,85,6.3,33,1
31.8,67,6.2,2,0
43.9,76,12.0,19,0
34.0,28,5.4,80,1
18.8,57,22.1,70,1
20.7,87,19.4,69,1
35.4,98,23.5,12,0
38.7,18,19.5,62,0
42.7,64,21.5,76,0
41.6,21,13.6,16,0
31.0,33,17.7,18,0
32.9,44,6.7,90,1
35.9,70,19.8,77,1
42.9,46,21.4,5,0
31.3,73,15.3,52,1
39.1,43,29.9,24,0
27.6,72,0.4,62,1
24.4,27,23.0,84,0
20.7,57,10.2,5,0
29.9,19,10.7,82,1
32.2,94,18.1,94,1
31.9,50,7.9,39,0
44.5,83,6.3,9,0
19.7,76,28.5,83,1
38.3,44,29.3,41,0
23.4,83,29.7,14,1
35.0,65,24.6,99,1
34.2,19,17.5,56,0
34.7,83,1.6,18,0
35.2,53,24.1,80,0
27.6,80,8.8,52,1
33.5,52,0.7,97,0
40.1,69,21.8,54,0
40.0,23,13.0,17,0
26.6,42,22.8,64,0
41.5,60,17.5,63,0
30.2,35,18.0,90,0
35.9,44,3.1,50,0
38.9,41,21.3,17,0
40.4,57,16.8,90,0
35.3,44,6.8,38,0
28.1,62,2.1,44,0
37.9,83,7.4,55,1
18.6,74,27.3,38,0
39.5,75,21.3,49,0
37.6,59,22.3,73,0
32.7,98,2.5,80,1
25.2,93,3.4,8,1
18.1,16,28.4,21,0
31.9,27,12.1,70,0
35.4,51,26.7,12,0
39.3,53,25.1,85,0
28.4,22,21.2,32,0
23.5,77,24.3,36,0
37.9,31,17.7,92,0
32.5,51,19.9,30,0
38.8,18,24.4,54,0
27.4,18,17.3,82,1
28.4,38,3.5,24,0
28.2,73,3.7,95,1
44.7,67,13.1,9,0
21.8,55,22.4,30,0
22.7,19,4.0,16,0
36.4,43,8.1,75,1
19.1,41,21.8,54,0
24.0,68,14.6,79,1
20.5,72,18.4,41,0
35.2,50,24.4,15,0
25.9,93,4.9,31,1
19.7,53,25.5,46,0
41.8,32,26.1,48,0
21.0,64,7.4,96,1
28.2,23,17.0,100,1
37.8,97,11.4,78,1
27.0,89,22.7,81,1
31.1,71,11.3,33,0
26.1,20,0.8,70,1
18.1,37,22.3,42,0
19.7,41,25.0,100,0
39.0,47,26.3,51,0
21.8,83,27.3,29,1
18.0,75,22.7,29,0
24.8,61,8.3,93,1
28.1,76,8.8,25,1
27.7,29,7.8,100,1
30.4,81,14.0,40,1
19.7,16,8.7,74,1
25.7,71,14.9,55,1
20.6,39,1.6,67,0
31.6,22,3.0,89,0
31.0,46,2.6,26,0
20.3,26,28.1,32,0
29.7,83,12.4,80,1
43.5,16,14.6,70,0
32.8,27,1.4,85,0
35.0,55,12.7,16,0
38.5,21,12.2,70,1
40.6,33,25.9,74,0
24.6,24,11.2,33,0
37.1,40,0.4,4,0
23.0,21,5.6,64,0
41.6,97,20.7,42,0
36.2,32,5.0,94,0
20.6,34,0.8,52,0
19.0,55,2.3,40,0
33.3,17,2.9,51,0
42.1,41,25.5,66,0
21.5,32,8.3,4,0
24.3,90,3.9,85,1
19.3,63,4.2,3,0
43.9,93,22.7,9,0
38.5,47,16.0,26,0
33.5,39,6.8,22,0
22.9,63,28.7,14,0
22.3,91,7.6,52,1
27.0,42,9.1,64,0
26.1,53,18.3,54,0
22.7,89,15.4,54,1
25.2,21,21.9,74,1
24.7,73,19.1,60,1
42.4,46,8.3,73,1
35.2,61,5.3,60,0
27.6,26,10.0,22,0
44.5,66,11.1,42,0
40.9,49,14.6,49,0
28.0,46,26.2,65,0
34.7,68,12.5,13,0
30.8,62,6.6,51,1
36.8,35,8.7,56,0
42.9,65,13.0,40,0
27.1,86,17.4,88,1
21.4,96,26.4,73,1
42.0,46,4.6,25,0
31.3,90,4.5,13,0
30.8,35,19.2,82,1
43.7,95,16.4,28,1
25.3,99,8.6,70,1
31.5,69,7.4,73,1
29.1,27,11.8,68,0
26.0,75,17.7,30,1
34.4,84,23.6,9,0
20.6,43,20.2,64,0
20.7,80,19.7,88,1
20.4,46,0.7,26,0
21.5,22,14.1,21,0
43.5,50,16.1,54,0
43.9,17,16.7,17,0
37.8,88,6.2,16,0
44.4,65,23.5,75,1
39.1,71,11.9,41,0
25.5,33,22.5,81,0
28.5,52,10.3,51,0
42.8,39,17.9,58,0
38.2,89,25.8,75,1
42.3,16,6.5,73,0
31.7,100,2.4,85,1
22.9,67,21.1,49,0
33.3,26,18.6,57,0
29.1,85,6.7,42,1
34.2,19,3.1,49,0
22.6,88,0.8,51,1
33.3,49,21.9,4,0
23.3,44,8.2,34,0
30.9,100,12.6,61,1
43.8,50,16.0,12,0
19.2,87,16.4,88,1
20.4,22,28.7,55,0
34.2,19,2.2,32,0
20.5,66,0.3,36,0
35.7,90,19.9,10,0
19.3,54,19.7,20,0
22.1,86,24.9,53,1
43.0,66,27.5,4,0
41.7,92,1.2,37,0
21.3,40,7.7,95,1
26.2,48,26.6,7,0
26.6,24,12.8,89,1
33.3,100,2.9,75,1
23.5,84,11.5,10,1
39.3,27,25.7,11,0
21.1,32,23.5,12,0
36.4,17,29.9,38,0
36.1,15,4.8,66,0
39.7,26,8.7,15,0
40.7,73,25.5,38,0
21.7,77,28.0,9,1
23.8,70,14.3,65,1
31.3,52,25.8,24,0
19.9,85,23.7,10,0
42.8,78,9.0,14,1
21.3,88,30.0,21,1
35.3,30,10.5,6,0
37.2,25,27.6,27,0
19.4,91,19.9,84,1
28.5,67,16.4,44,0
22.5,56,5.3,83,1
38.0,24,0.1,81,0
25.6,23,28.0,59,0
32.7,93,8.3,67,1
29.5,92,8.5,72,1
24.0,22,0.9,13,0
44.7,58,13.0,44,0
23.6,61,23.3,37,0
41.0,38,13.4,92,0
30.3,64,12.1,97,1
27.8,61,0.8,48,0
30.9,99,1.3,37,1
42.9,29,25.2,0,0
31.7,68,25.8,33,0
39.3,80,13.4,13,0
18.1,96,29.4,52,1
32.6,22,20.2,97,0
31.1,83,4.2,60,1
22.5,79,21.6,15,1
41.5,99,4.8,29,0
32.9,38,5.2,19,0
18.4,50,14.1,19,0
23.2,92,17.7,38,1
18.0,26,1.2,96,1
25.2,92,24.1,29,1
42.0,28,21.1,31,0
36.0,55,5.8,99,0
43.0,36,23.0,67,0
21.5,15,23.7,55,0
21.2,100,10.8,62,1
44.5,91,22.8,67,1
18.8,84,0.5,9,0
42.2,28,18.7,91,0
24.5,24,18.4,97,1
39.2,80,22.8,12,1
25.1,75,16.7,58,1
37.8,95,3.9,4,0
20.3,80,20.2,78,1
18.6,43,22.7,63,0
35.3,18,20.2,29,0
33.1,29,20.0,12,0
40.2,94,21.8,91,1
24.8,45,24.7,51,0
33.5,55,24.4,70,0
43.9,78,23.5,75,1
26.3,17,16.3,35,0
33.5,15,25.0,77,0
33.3,21,20.7,45,0
32.0,84,12.9,48,0
37.7,64,9.9,58,0
24.3,49,11.1,5,0
28.8,33,13.3,11,0
29.3,86,2.1,75,1
19.6,60,6.6,2,1
25.6,76,21.7,78,1
22.3,93,25.5,37,1
26.1,78,25.8,23,1
39.7,16,15.9,86,0
24.5,33,27.0,22,0
26.1,15,23.0,35,0
30.3,31,9.2,92,1
27.2,65,18.0,41,1
27.1,73,8.5,74,1
28.4,78,16.9,48,1
22.4,36,11.1,7,0
44.9,42,6.6,18,0
39.5,91,8.7,23,0
40.9,56,19.2,17,0
28.4,20,8.4,17,0
29.7,38,27.1,88,1
34.2,71,4.7,62,0
43.7,91,4.2,16,0
26.2,67,13.9,98,1
42.4,60,20.5,75,1
42.3,63,18.1,60,0
28.7,31,24.6,96,0
44.2,30,25.2,75,0
31.5,53,15.9,45,0
23.0,20,12.5,85,1
19.3,88,7.2,31,1
28.1,43,14.7,62,0
34.3,15,1.7,2,0
37.1,97,10.2,12,1
21.9,58,11.3,91,1
36.9,23,15.4,47,0
44.2,54,0.1,57,0
44.9,33,6.8,36,0
37.6,42,4.1,29,0
44.0,98,18.8,59,1
38.7,51,9.9,37,0
37.8,46,13.3,100,0
34.6,60,5.9,78,1
42.8,100,13.5,63,1
44.2,69,10.2,44,0
35.8,97,26.9,53,0
21.4,88,4.8,11,1
26.7,85,1.6,84,1
39.5,94,1.8,16,0
19.9,29,11.7,80,1
36.4,71,0.7,80,1
35.1,41,10.1,17,0
23.4,77,3.7,45,1
22.2,32,11.4,81,1
37.5,97,15.4,53,1
42.6,25,2.5,19,0
26.4,17,1.2,95,0
30.2,58,23.2,31,0
38.3,87,27.2,19,0
37.0,24,6.2,33,0
27.3,99,18.8,48,1
34.5,31,29.1,96,0
37.3,28,14.7,70,0
39.6,78,12.4,72,1
41.8,58,26.9,67,0
19.1,27,23.4,85,0
40.0,60,4.9,54,0
25.9,70,13.4,28,0
19.7,33,14.6,35,0
43.5,43,28.9,31,0
43.7,61,20.2,40,0
34.6,67,7.8,56,1
25.9,69,4.8,35,0
25.8,62,24.9,2,0
29.0,32,9.4,52,0
21.5,87,12.6,49,1
43.1,29,4.3,86,0
41.4,31,22.5,53,0
22.8,44,22.2,89,0
34.6,89,23.3,32,0
41.4,24,3.9,14,0
29.8,99,11.1,0,1
22.0,40,8.8,63,0
32.9,100,21.9,0,0
42.6,78,21.7,59,0
28.1,81,8.7,83,1
30.4,41,6.9,78,1
21.6,52,13.6,87,1
38.9,39,13.3,93,0
36.7,87,21.0,34,0
19.7,65,14.6,98,1
18.3,40,12.2,28,0
40.9,81,12.8,0,0
19.8,32,26.5,19,0
40.2,21,26.7,92,0
25.9,49,3.8,32,0
23.5,42,12.7,57,0
28.3,80,5.0,88,1
34.3,78,21.7,81,1
36.8,63,0.3,42,0
36.3,92,27.5,55,1
21.6,86,29.6,53,1
33.3,21,3.4,24,0
25.1,62,22.9,11,0
43.1,62,1.5,83,0
20.1,57,8.8,14,0
27.3,82,21.5,90,1
19.6,21,6.5,67,0
33.6,19,8.6,81,0
19.7,22,8.2,8,0
29.0,80,10.2,87,1
40.5,39,15.7,83,0
25.4,97,6.5,39,1
26.6,79,1.5,5,1
35.3,28,27.7,66,0
28.3,72,3.3,57,1
25.1,26,28.9,77,0
22.2,74,23.7,84,1
28.9,92,15.8,71,1
37.0,76,21.1,55,0
20.9,81,27.8,54,1
44.4,29,2.6,73,0
40.3,64,13.2,74,1
23.5,40,4.8,8,0
41.5,56,25.9,42,0
23.6,39,7.7,82,1
19.8,59,12.7,56,0
32.7,46,10.9,30,0
33.6,90,23.1,65,1
25.6,64,12.0,18,0
30.6,76,10.1,5,0
36.4,84,24.4,54,1
32.8,92,26.1,0,0
18.2,80,10.2,20,1
22.8,64,12.9,71,1
24.0,55,2.1,47,0
22.4,31,26.2,47,0
29.5,45,0.1,69,0
40.1,15,16.1,72,1
21.4,16,19.2,97,1
33.0,36,28.5,60,0
30.3,29,3.6,97,0
25.9,55,3.8,93,1
35.6,64,6.0,99,1
19.7,71,27.2,18,0
19.3,33,21.5,35,0
23.2,52,14.7,86,1
27.4,99,14.5,88,1
44.6,27,22.7,100,0
43.2,89,17.5,60,1
28.2,93,13.0,98,1
28.9,73,12.2,5,1
34.5,63,15.7,30,0
25.8,49,0.5,78,1
22.1,51,28.3,86,1
36.4,61,5.9,58,1
23.4,38,3.8,11,0
20.1,48,7.3,79,1
30.4,61,20.8,61,0
29.4,29,10.0,100,1
33.8,25,27.2,42,0
38.1,27,1.3,50,0
29.3,18,15.1,17,0
27.4,88,21.5,85,1
40.8,58,17.9,71,0
24.0,51,15.2,91,1
27.7,26,18.0,13,0
33.4,75,17.1,32,1
24.5,79,27.7,81,1
41.0,45,24.4,2,0
20.5,78,20.8,84,1
29.4,33,23.4,18,0
28.6,57,7.9,75,1
44.7,78,20.1,37,0
19.1,19,20.7,94,0
18.6,65,19.9,11,0
36.0,63,23.7,40,0
33.9,86,23.0,35,0
40.2,78,26.3,51,1
23.5,22,26.4,89,0
44.7,55,27.0,83,0
28.3,40,24.4,11,0
19.5,19,17.7,67,0
33.9,23,16.6,66,0
37.6,54,25.6,68,0
22.7,97,29.5,29,1
36.9,50,1.9,69,0
38.4,94,20.5,79,1
19.3,48,21.2,81,1
29.3,26,7.3,53,0
22.6,97,0.7,100,1
21.8,32,20.2,54,0
19.8,88,9.1,58,1
38.8,15,26.2,91,0
20.0,26,1.1,44,0
43.6,46,0.3,78,0
31.4,40,18.1,79,1
25.8,32,2.8,74,0
38.2,32,20.0,77,0
30.8,67,22.0,45,0
18.8,28,12.2,62,0
30.9,27,15.3,61,0
41.5,31,19.7,69,0
29.0,45,13.0,67,0
18.7,98,11.9,99,1
22.4,66,5.2,20,0
29.5,70,13.3,88,1
18.3,39,13.4,50,0
43.6,56,5.1,70,1
34.3,83,29.0,0,0
25.9,89,7.3,40,1
32.5,32,9.7,79,1
31.0,34,13.0,77,1
28.3,18,16.5,24,0
28.0,83,0.7,3,0
42.8,52,3.7,56,0
42.1,64,9.9,70,1
23.1,23,28.6,17,0
43.8,60,26.0,44,0
32.4,71,2.4,14,0
32.2,20,1.7,83,0
38.9,15,21.6,23,0
25.3,96,5.4,57,1
40.6,77,10.5,59,1
34.9,97,0.5,18,1
23.3,30,3.1,19,0
35.1,23,19.3,50,0
19.0,50,5.1,96,1
28.8,97,18.0,19,1
22.4,39,12.2,26,0
35.1,17,11.5,5,0
39.1,78,19.2,2,0
39.9,37,27.1,83,0
21.8,88,13.5,30,1
43.5,96,8.6,3,1
31.4,26,24.2,97,0
26.2,99,28.8,47,1
36.3,78,7.7,92,1
32.7,78,23.7,46,1
26.2,62,6.6,42,0
25.6,98,12.9,70,1
35.9,68,10.6,65,0
36.0,49,15.2,100,0
33.2,44,19.8,45,0
32.8,69,18.9,53,1
23.8,65,24.9,66,1
24.5,18,25.8,58,0
27.9,75,0.1,65,1
25.8,35,23.2,83,1
38.8,93,16.8,84,1
24.8,46,26.1,93,1
44.9,58,26.0,4,0
18.6,54,9.6,7,0
44.9,19,17.9,68,0
28.8,36,22.0,1,0
30.4,50,5.2,97,1
38.5,87,1.4,59,1
24.1,77,27.2,75,1
25.3,59,20.0,87,1
24.5,18,1.9,17,0
33.1,59,3.3,4,0
36.6,96,0.1,43,0
35.8,86,2.8,26,0
24.1,23,4.2,59,0
25.2,44,24.7,96,1
34.8,57,5.6,92,0
21.0,45,19.7,73,1
25.4,36,12.0,23,0
40.1,34,16.5,86,0
42.5,100,10.3,88,1
32.1,78,6.7,24,1
37.3,59,10.5,43,0
25.0,70,29.3,77,1
20.2,44,9.7,10,0
36.0,53,10.3,45,0
38.4,43,20.7,89,0
42.9,68,4.1,23,0
40.8,68,13.7,31,0
24.8,27,29.9,17,0
36.0,75,11.2,54,1
38.5,47,26.5,22,0
18.8,47,15.8,65,1
29.9,35,0.4,79,0
29.4,44,2.5,55,0
18.5,45,27.7,76,1
43.6,70,22.3,7,0
27.1,57,21.6,75,1
21.9,31,27.4,90,1
29.9,27,28.4,97,0
25.6,44,24.8,67,0
32.3,19,9.3,44,0
35.8,98,4.6,18,0
34.4,46,12.0,46,0
41.2,33,16.6,100,0
20.9,47,4.0,46,0
29.9,74,5.5,78,1
21.0,57,8.8,3,0
35.0,39,26.9,66,0
35.5,46,13.1,78,0
24.1,25,26.6,87,1
41.1,100,29.4,61,1
21.2,97,3.2,2,1
22.0,89,3.4,86,1
34.3,64,27.1,43,0
42.6,42,25.7,65,0
40.7,33,20.6,10,0
37.7,77,6.9,79,1
22.2,90,16.5,50,1
42.3,56,13.3,86,0
29.7,76,3.4,3,1
21.7,80,20.5,62,1
29.9,52,10.4,76,1
40.7,25,11.2,25,0
24.9,55,1.5,22,0
21.5,97,11.3,66,1
33.1,86,18.4,27,1
35.2,22,5.1,40,0
28.8,65,1.4,83,1
25.3,92,23.4,100,1
25.4,73,20.4,38,0
19.9,33,7.2,54,0
31.6,20,2.3,31,0
36.0,72,5.2,6,0
20.7,46,8.4,7,0
32.7,35,4.5,12,0
32.5,85,5.1,30,1
18.9,85,22.2,87,1
41.8,64,15.7,92,1
29.1,68,25.2,30,0
33.3,100,20.4,83,1
44.7,63,18.0,59,1
34.0,54,19.4,54,0
23.0,20,0.7,16,0
24.9,27,23.4,60,0
30.3,70,7.2,71,1
41.5,18,23.8,85,0
40.6,56,3.1,27,0
18.2,62,2.4,14,0
38.3,94,7.9,82,1
27.8,61,12.6,60,1
34.7,59,10.2,14,0
23.0,69,15.0,30,0
30.0,29,20.6,86,1
31.5,33,25.4,30,0
27.6,28,4.0,51,0
42.9,71,16.3,3,0
27.8,41,13.8,25,0
40.8,82,14.3,36,0
22.5,32,6.5,83,1
36.0,23,9.1,100,0
41.9,37,14.8,26,0
18.0,29,2.1,58,0
39.0,53,5.2,85,0
28.1,52,15.3,14,0
28.7,83,22.1,26,1
25.1,18,25.3,49,0
28.2,87,11.6,65,1
43.0,42,11.3,71,0
18.1,50,16.2,62,0
42.9,44,12.0,29,0
38.7,88,29.3,95,1
39.0,91,3.4,82,1
31.0,22,11.5,76,0
25.6,20,27.2,6,0
38.1,33,17.4,10,0
30.2,31,15.4,35,0
21.4,39,0.6,68,0
30.1,89,23.2,51,1
19.4,76,10.0,57,1
34.5,81,19.7,73,1
42.1,89,18.4,79,1
19.5,35,27.9,17,0
31.2,29,8.4,52,0
44.7,60,15.5,12,0
34.7,99,3.1,1,0
20.1,42,19.0,87,1
29.0,46,2.8,52,0
40.4,36,17.9,46,0
30.1,37,22.3,96,0
20.8,91,9.2,52,1
31.2,86,15.2,11,1
40.7,42,15.8,88,1
35.5,89,1.6,67,1
36.8,29,22.9,82,0
31.5,69,29.7,44,0
39.5,36,3.4,28,0
29.4,30,24.1,30,0
30.7,82,9.9,74,1
38.4,20,9.3,77,0
24.6,35,18.0,95,1
28.0,57,15.1,43,0
42.4,45,20.4,75,0
38.5,30,4.6,35,0
34.3,34,4.4,41,0
20.9,49,2.1,76,0
26.7,23,18.9,32,0
41.4,37,27.1,13,0
37.1,66,24.3,15,0
28.7,88,17.9,45,1
20.6,41,21.7,71,0
26.6,27,9.4,27,0
34.3,16,26.8,60,0
28.8,99,22.1,99,1
19.2,90,12.9,84,1
27.8,89,16.2,17,1
25.5,19,16.9,95,1
34.3,37,21.1,58,0
35.2,39,9.9,97,0
29.3,80,1.9,26,1
44.0,75,5.8,54,1
18.8,32,3.6,84,0
37.1,16,21.2,23,0
21.6,36,19.4,94,1
20.5,93,15.8,92,1
39.9,22,12.4,31,0
37.8,70,9.4,1,0
42.1,27,19.5,39,0
25.2,52,22.8,70,0
22.2,100,0.9,88,1
24.6,62,0.2,76,1
29.9,59,21.0,11,0
36.0,80,12.8,8,1
29.2,50,0.2,73,0
20.8,78,10.5,79,1
34.7,23,26.9,59,0
26.6,96,4.0,41,0
36.5,94,1.7,22,0
41.2,100,27.1,99,1
18.7,40,9.5,40,0
25.2,88,17.8,22,1
35.1,37,7.3,48,0
29.7,99,28.1,54,1
22.7,36,17.1,29,0
32.5,26,17.1,11,0
34.9,84,23.5,24,1
36.3,94,23.8,100,1
21.4,98,18.9,19,1
18.1,69,20.2,65,0
25.3,39,6.0,38,0
32.5,44,28.6,32,0
30.8,28,28.2,94,0
28.3,93,7.6,4,1
29.7,61,24.4,22,0
24.7,86,5.3,79,1
33.0,58,0.6,34,0
27.2,17,17.3,44,0
44.3,86,19.0,66,1
44.7,92,8.2,61,1
41.4,46,17.1,77,0
25.7,41,9.7,12,0
28.9,20,7.8,15,0
32.1,15,1.1,75,0
27.2,32,16.5,58,0
43.2,51,22.2,78,0
28.9,63,15.5,55,1
30.1,83,18.3,33,1
18.4,28,13.7,82,1
41.5,70,17.5,10,0
34.8,25,2.4,97,0
39.6,48,23.9,91,0
20.8,65,14.4,45,0
29.7,56,0.0,43,0
32.7,79,12.7,2,0
28.4,99,8.8,72,1
23.5,41,29.1,47,0
42.0,70,17.3,41,0
41.8,50,9.7,2,0
27.0,67,12.3,90,1
39.4,44,14.5,39,0
21.7,48,27.0,71,1
19.9,83,17.6,42,1
21.4,19,25.3,42,0
44.5,45,16.2,90,1
29.6,37,22.7,38,0
44.8,24,18.9,97,0
32.0,51,17.2,97,1
41.2,21,20.1,25,0
31.8,43,0.6,10,0
38.8,33,13.2,73,0
34.2,25,29.0,78,1
23.6,52,19.3,64,0
22.0,77,13.8,67,1
38.5,21,26.7,49,0
29.2,21,28.4,95,1
23.8,53,20.4,27,0
34.1,66,15.3,76,1
38.2,46,7.0,68,0
36.2,34,5.9,47,0
36.3,26,14.3,95,0
30.1,43,25.1,57,0
25.6,60,13.8,54,1
36.2,32,11.6,50,0
32.5,20,15.3,70,1
31.2,78,7.9,63,1
34.6,51,19.5,36,0
37.2,32,17.6,24,0
38.2,47,26.3,3,0
30.9,74,12.6,60,0
18.7,34,0.7,61,0
30.6,25,9.2,56,0
23.4,26,2.3,96,1
38.7,98,23.3,7,0
33.9,19,19.3,5,0
41.0,19,23.9,47,0
27.6,79,4.5,95,1
37.5,58,7.3,42,0
35.7,61,7.4,23,0
41.4,31,28.2,55,0
35.0,100,22.9,4,0
30.6,88,22.1,8,0
37.9,54,17.5,96,0
40.3,24,2.4,88,0
31.6,90,22.1,40,0
20.3,28,20.5,40,0
23.8,72,23.6,35,0
29.5,54,21.9,60,0
29.5,26,15.3,97,1
29.0,77,20.1,35,1
37.8,67,12.0,83,1
32.8,33,21.2,2,0
37.2,62,12.1,76,1
28.1,82,19.3,8,1
37.4,44,20.7,0,0
33.5,38,14.9,36,0
26.5,76,20.4,79,1
29.4,34,2.0,7,0
19.8,26,16.0,48,0
26.3,54,13.5,31,0
32.9,26,7.6,93,1
27.2,48,13.7,38,0
18.1,56,18.2,36,0
18.5,36,27.5,28,0
31.0,43,25.1,10,0
42.7,67,12.4,63,1
26.2,41,2.7,26,0
20.1,39,0.3,45,0
28.1,49,27.0,53,0
32.4,25,10.5,79,1
38.9,61,19.1,88,1
31.2,92,9.8,79,1
19.6,88,15.7,90,1
42.8,85,29.4,42,0
39.8,29,11.3,44,0
22.8,83,6.2,12,1
23.9,83,22.9,73,1
32.8,20,22.0,25,0
19.8,48,26.0,24,0
21.4,92,29.5,22,1
42.7,28,20.7,47,0
30.5,45,29.3,6,0
37.9,28,5.2,65,0
22.2,39,8.9,11,0
37.5,26,5.9,10,0
41.8,60,10.9,6,0
26.7,19,5.7,39,0
18.3,71,16.0,85,1
42.1,93,30.0,94,1
27.7,85,9.1,98,1
26.6,67,22.2,90,1
24.4,54,9.8,38,0
39.1,38,17.9,12,0
29.0,93,25.7,76,1
27.2,22,12.5,87,1
43.2,28,0.7,13,0
44.5,63,20.7,11,0
19.6,82,19.1,20,1
21.6,30,12.1,18,0
40.3,31,4.6,10,0
39.9,60,27.8,51,0
35.6,63,25.1,72,1
43.8,18,15.9,80,0
31.4,26,22.4,1,0
33.4,32,19.9,81,1
42.9,96,10.6,16,0
32.9,73,1.5,25,0
21.9,20,28.8,84,1
42.6,49,16.8,78,1
37.8,47,24.2,71,0
43.4,33,18.3,11,0
27.0,20,9.9,65,1
18.6,33,27.4,66,0
18.4,63,1.3,70,1
22.7,38,7.9,53,0
40.9,76,7.9,51,1
44.1,20,21.5,2,0
41.5,96,15.1,93,1
31.6,70,11.8,88,1
23.5,27,27.0,42,0
40.7,70,24.2,28,0
33.1,82,15.3,65,1
37.7,63,10.4,89,1
34.8,45,2.2,49,0
29.3,31,26.6,17,0
18.6,26,29.8,93,0
33.0,16,27.7,61,0
25.5,72,27.1,10,0
34.6,42,15.3,26,0
21.3,47,25.7,66,0
39.5,56,21.9,71,0
43.7,87,8.7,9,1
37.2,30,7.8,72,0
43.8,44,9.2,16,0
24.5,60,26.5,94,1
30.8,96,1.7,72,1
37.7,31,19.7,50,0
18.2,86,7.7,65,1
28.9,95,15.9,98,1
40.5,57,11.4,84,0
34.0,36,11.0,84,1
35.9,35,15.8,21,0
42.3,29,15.8,19,0
28.1,20,13.1,65,0
27.3,83,21.8,87,1
31.1,67,19.2,64,0
34.5,66,8.4,70,1
31.0,49,22.0,73,0
40.4,75,10.0,10,0
27.7,40,2.4,61,0
42.2,57,18.0,20,0
36.9,77,8.2,90,1
44.1,26,29.0,8,0
25.9,82,11.6,20,1
30.0,30,25.2,83,0
39.3,94,14.8,32,1
24.0,93,12.2,100,1
19.9,60,23.4,55,0
41.9,93,12.1,67,1
29.5,16,27.4,6,0
43.8,59,22.1,23,0
40.5,65,23.5,4,0
38.5,56,17.3,83,1
22.2,50,4.3,67,0
38.5,42,9.2,84,1
22.5,63,12.3,6,1
35.0,47,13.1,88,0
43.8,96,26.2,4,0
18.2,41,5.9,38,0
18.1,57,26.1,56,0
28.1,82,12.0,95,1
20.8,59,9.8,34,0
41.8,59,7.4,19,0
19.1,70,14.5,34,0
35.1,32,14.9,6,0
27.0,41,11.9,89,1
34.8,23,3.2,88,0
37.2,59,12.3,94,1
43.0,34,24.1,46,0
22.6,25,26.4,45,0
37.5,98,25.2,27,0
24.6,17,20.2,58,0
41.6,85,4.2,20,0
22.9,48,6.5,77,1
28.7,97,15.4,36,1
18.1,86,18.3,2,1
40.4,25,20.0,72,1
43.3,92,15.1,58,1
28.1,23,4.6,86,0
26.1,54,18.1,21,0
23.6,27,12.9,35,0
32.6,81,22.8,97,1
32.0,97,10.1,73,1
25.3,71,13.0,48,0
33.7,19,14.4,46,0
26.2,93,7.9,90,1
35.2,54,6.7,98,0
32.5,99,14.8,43,1
39.6,37,28.5,92,0
40.4,49,23.0,6,0
28.9,45,9.0,14,0
23.7,90,13.9,15,1
35.9,29,3.7,42,0
24.8,73,25.8,98,1
34.6,48,7.2,9,0
36.7,76,4.0,45,0
30.6,79,10.1,32,0
24.0,49,19.4,93,1
31.2,27,11.8,42,0
28.1,42,18.6,40,0
24.4,33,16.1,47,0
32.9,89,23.6,44,1
38.2,53,25.0,46,0
20.6,67,12.1,19,1
38.9,48,18.8,15,0
29.1,45,6.4,94,1
39.3,96,9.1,0,0
18.5,28,7.5,75,1
35.1,27,7.6,63,0
31.2,46,29.2,15,0
27.4,55,17.2,5,0
37.2,78,28.2,47,0
19.0,74,0.8,77,1
20.7,24,13.8,78,1
35.8,20,22.7,56,0
43.4,73,17.2,82,1
33.5,77,16.3,89,1
22.8,82,9.4,87,1
28.7,34,3.3,46,0
39.9,45,19.9,98,1
29.5,66,20.3,45,0
39.3,77,30.0,47,0
37.0,91,12.2,62,1
30.3,32,16.0,27,0
39.0,42,6.9,44,0
38.3,93,0.2,34,0
19.3,74,27.3,39,0
31.3,54,29.3,29,0
28.9,43,9.4,91,1
29.2,23,28.5,34,0
44.0,40,21.1,85,0
35.9,73,20.2,29,0
38.9,70,25.3,71,0
28.5,18,15.4,43,0
43.6,100,12.5,93,1
39.9,48,21.2,8,0
41.9,81,11.7,74,1
20.4,31,20.2,25,0
20.0,95,19.7,41,1
39.7,25,27.7,74,0
39.3,84,17.0,18,1
39.9,54,11.8,97,0
30.2,48,18.9,34,0
42.7,42,5.4,87,0
25.6,24,3.3,12,0
36.0,58,2.6,48,0
23.1,17,20.6,18,0
23.6,97,19.3,12,1
23.8,69,15.4,99,1
32.5,50,25.9,10,0
28.3,32,5.0,9,0
35.9,46,5.9,41,0
44.3,27,3.3,56,0
32.6,64,0.3,0,0
31.0,65,27.6,59,0
19.2,88,0.3,53,1
29.8,84,7.1,59,1
21.9,92,11.2,61,1
35.7,23,19.1,23,0
31.5,20,8.5,67,0
28.7,21,19.7,13,0
28.5,88,6.7,28,1
28.5,53,19.6,51,0
34.6,74,9.0,75,1
20.2,19,9.7,87,1
34.4,17,11.6,32,0
18.9,87,21.6,96,1
35.4,44,9.0,43,0
37.0,91,13.5,6,0
32.9,62,16.8,12,0
28.7,84,4.3,50,1
43.8,74,8.3,15,0
42.9,23,18.0,81,0
37.7,58,28.6,51,0
21.8,29,12.7,94,1
32.9,80,13.7,35,1
18.3,92,7.0,98,1
32.7,79,24.8,24,1
35.2,15,12.2,57,0
41.9,56,25.5,61,0
27.1,47,11.3,27,0
21.3,35,22.0,38,0
42.5,26,4.5,69,0
23.1,88,9.9,65,1
33.7,76,17.0,1,1
27.1,92,13.6,63,1
20.2,77,21.0,24,0
27.3,79,13.6,7,1
26.2,31,7.6,89,1
18.1,26,28.9,32,0
39.8,96,18.9,75,1
23.6,72,11.6,33,0
38.4,73,22.9,51,0
30.5,100,13.1,7,0
28.5,43,9.3,83,1
39.6,73,20.3,85,1
40.8,96,22.9,97,1
19.2,43,5.3,74,1
38.2,72,10.0,96,1
42.2,48,29.8,43,0
39.0,53,16.3,68,0
33.8,71,21.8,27,0
32.6,59,11.6,43,0
22.4,21,13.7,99,1
42.1,61,24.5,91,1
39.7,67,25.0,13,0
19.4,88,14.2,39,1
27.8,59,12.5,59,0
31.8,73,4.6,49,0
23.7,79,10.1,87,1
38.5,89,0.3,64,1
43.8,63,15.9,44,0
18.3,70,11.4,75,1
22.9,98,21.5,52,1
23.9,31,27.9,100,1
30.9,94,23.0,56,1
42.0,71,17.9,59,0
38.4,41,17.1,52,0
28.2,78,14.1,23,1
19.9,25,1.7,56,0
44.7,30,3.9,76,0
22.7,99,23.8,52,1
44.1,98,27.5,36,0
22.4,39,20.5,99,0
19.4,33,6.5,75,1
24.8,63,0.7,51,0
40.5,63,17.0,33,0
36.4,15,12.0,44,0
21.5,58,13.1,50,0
39.0,91,9.2,17,1
27.3,76,21.5,6,0
39.2,48,7.6,71,0
25.8,76,23.4,43,1
20.9,89,19.0,97,1
39.1,47,5.0,44,0
42.4,82,24.1,41,0
44.3,67,22.8,38,0
27.9,18,14.4,54,0
32.3,72,16.3,3,0
19.1,90,28.5,21,0
24.7,24,27.5,4,0
34.8,56,16.8,53,0
43.7,88,19.9,69,1
33.3,76,4.8,66,1
23.5,24,7.5,20,0
33.3,67,5.2,14,0
42.7,88,11.8,38,0
29.5,45,5.8,23,0
33.0,15,14.1,2,0
20.1,20,5.4,62,0
27.1,25,4.5,2,0
36.4,98,22.6,10,0
27.7,61,28.4,8,0
25.4,78,18.6,84,1
19.5,49,12.2,16,0
26.6,17,23.4,45,0
29.0,88,13.4,35,1
40.3,44,26.0,50,0
31.0,58,8.8,69,0
23.4,88,29.0,64,1
21.8,45,20.7,27,0
32.4,97,0.3,6,0
41.3,57,13.4,76,0
24.2,66,14.6,34,1
27.2,27,18.6,58,0
20.6,20,21.7,72,1
31.4,76,20.1,3,1
21.5,24,17.1,5,0
40.9,34,16.5,92,0
21.4,44,21.2,72,1
40.7,49,17.3,25,0
33.8,79,4.8,13,0
32.5,95,27.3,41,0
20.1,42,24.1,82,1
20.2,91,4.9,2,1
27.0,73,9.1,14,0
42.7,53,16.8,59,0
33.7,35,11.6,44,0
20.2,84,7.1,8,1
26.1,88,28.6,60,1
24.4,97,13.0,59,1
22.6,48,8.9,81,1
23.3,58,25.8,79,1
32.0,36,18.1,48,0
30.9,58,27.1,96,0
24.0,81,26.0,82,1
40.5,93,27.5,6,0
25.3,83,19.4,82,1
21.4,75,17.4,53,1
34.9,21,17.0,1,0
19.8,60,14.5,61,1
21.4,36,12.2,88,1
21.4,48,17.8,4,0
29.1,91,6.9,76,1
37.4,49,27.7,80,0
42.6,57,4.4,30,0
43.5,29,22.6,23,0
28.7,23,7.8,42,0
33.4,16,26.4,81,0
32.1,31,27.6,28,0
44.4,93,15.8,94,1
30.1,54,4.9,73,0
35.2,97,22.9,78,1
36.5,76,23.6,10,0
24.7,91,0.6,21,1
29.6,35,22.3,59,0
28.9,16,1.3,25,0
34.3,17,17.2,90,1
19.5,53,25.3,52,0
41.3,97,9.4,18,1
31.6,46,25.3,90,0
26.6,99,28.2,91,1
22.8,46,3.7,79,1
34.2,22,22.0,56,0
39.9,49,28.4,28,0
23.3,44,20.5,51,0
18.5,55,25.6,94,1
41.4,59,5.2,60,0
36.7,57,13.7,31,0
20.7,43,7.4,61,0
25.5,46,18.9,86,1
19.4,44,12.7,12,0
22.1,75,28.0,2,1
33.4,62,5.7,58,0
19.5,44,10.4,41,0
28.8,31,7.5,16,0
20.6,18,14.6,11,0
43.6,56,16.0,63,0
39.7,49,19.0,89,0
25.4,34,26.9,87,0
43.6,65,9.2,10,0
34.8,62,24.4,11,0
26.7,80,24.0,4,1
38.8,24,17.6,31,0
42.4,59,21.5,28,0
34.5,47,27.9,8,0
37.2,75,3.3,88,1
41.2,55,10.7,15,0
29.7,44,5.2,65,1
35.5,50,12.3,2,0
21.2,67,4.0,9,0
35.7,70,7.1,16,0
41.6,15,13.7,9,0
19.1,34,1.6,77,1
35.8,79,24.3,85,1
29.3,72,13.8,9,0
23.1,42,20.8,54,0
42.6,79,1.3,97,1
19.0,20,2.4,36,0
37.8,21,22.0,76,0
31.1,80,15.7,71,1
32.5,41,1.1,50,0
28.4,46,16.6,14,0
44.1,75,21.2,93,1
20.4,60,28.0,76,1
44.8,95,1.1,75,1
27.0,66,22.8,68,0
28.3,37,15.7,1,0
43.6,77,4.7,0,1
44.6,29,20.2,37,0
22.2,39,13.7,45,0
25.6,74,15.5,93,1
43.9,43,1.5,51,0
30.0,81,22.8,74,1
44.7,62,3.1,32,0
44.4,92,16.5,52,1
42.1,48,11.6,33,0
19.0,70,11.4,65,1
30.1,23,26.1,43,0
42.1,25,12.7,45,0
19.2,100,18.2,46,1
23.6,53,7.5,96,1
31.6,95,19.7,26,1
43.2,17,21.6,17,0
32.3,59,12.9,97,0
24.5,75,21.1,61,1
18.5,40,3.0,63,0
31.0,90,23.5,53,1
28.0,85,14.4,19,1
41.0,33,7.9,7,0
43.8,52,10.1,3,0
44.9,52,17.7,4,0
44.8,19,20.0,75,1
40.8,87,25.4,51,1
30.4,81,15.3,17,1
28.2,65,6.4,25,0
24.7,43,23.2,7,0
18.8,25,8.7,40,0
34.6,94,28.1,2,1
36.7,50,3.2,72,0
44.0,67,9.4,34,0
38.4,34,15.4,63,0
27.7,81,18.2,48,1
21.9,34,13.6,41,0
28.9,15,5.0,31,0
21.5,51,1.2,48,0
30.2,28,5.5,10,0
32.0,20,24.8,13,0
41.0,36,23.2,64,0
27.1,67,12.1,5,1
39.6,38,6.5,16,0
32.2,52,23.1,62,0
34.6,89,16.7,24,1
20.2,32,14.2,78,1
40.4,51,9.1,19,0
21.9,48,20.8,19,0
32.5,65,5.7,9,0
41.4,45,13.9,38,0
19.1,24,25.1,14,0
18.9,34,11.4,48,0
33.9,30,27.6,100,0
34.3,46,20.1,52,0
28.3,18,7.9,100,1
41.6,87,25.0,15,0
40.0,93,3.8,40,0
43.8,91,4.3,38,0
29.0,85,20.1,27,1
19.7,20,6.6,10,0
20.5,23,15.5,14,0
35.1,54,0.3,43,0
36.8,44,4.7,81,0
30.0,90,20.1,39,1
30.2,79,10.8,0,1
38.1,21,24.2,49,0
20.7,99,24.5,58,1
23.7,17,5.9,33,0
38.6,64,8.2,60,0
43.6,34,13.7,84,1
34.2,21,13.6,34,0
24.0,72,8.0,79,1
33.7,82,13.5,77,1
24.7,28,21.2,50,0
25.8,38,24.5,51,0
19.9,64,0.5,21,0
38.5,72,10.5,8,0
33.0,59,14.7,50,0
20.4,19,2.4,68,0
29.0,57,8.9,100,1
22.5,43,11.9,49,0
18.6,50,13.2,66,0
30.5,53,26.3,48,0
35.2,81,17.7,65,1
32.0,74,0.4,83,1
28.9,28,0.8,6,0
39.5,15,22.6,56,0
43.6,43,19.6,40,0
42.5,91,5.9,25,0
30.0,28,3.3,9,0
20.9,69,25.0,4,0
34.6,36,27.7,34,0
25.9,60,10.0,75,1
30.1,44,7.0,85,1
26.2,87,21.9,89,1
28.1,35,6.9,13,0
39.0,18,24.6,93,0
27.7,15,26.3,96,0
26.4,89,17.5,49,1
28.9,59,6.4,49,0
43.8,93,14.3,58,1
20.8,73,6.5,72,1
38.6,34,8.2,63,0
43.1,40,23.8,71,0
40.8,63,25.7,84,1
40.6,34,26.0,84,0
32.9,99,2.8,89,1
44.8,45,8.2,25,0
42.2,76,27.5,49,0
43.3,70,0.2,46,0
35.3,76,26.2,40,0
34.4,30,26.4,15,0
21.7,18,11.8,75,1
34.5,62,22.5,50,0
28.8,90,16.1,76,1
18.4,52,19.9,80,1
26.8,77,0.1,29,1
37.4,47,19.8,60,0
37.6,65,11.9,95,1
44.1,61,9.7,77,1
19.5,18,18.6,22,0
44.6,15,1.4,10,0
36.0,22,2.5,41,0
20.0,24,25.4,58,0
33.2,47,29.0,95,0
34.9,25,4.2,11,0
18.0,86,15.4,83,1
32.3,53,20.0,48,0
34.9,86,25.6,61,1
23.3,42,2.2,33,0
32.3,78,20.3,59,1
24.6,67,25.7,46,0
37.6,23,18.2,16,0
38.8,82,16.4,17,0
29.1,25,15.8,50,0
21.3,64,1.9,80,1
44.3,43,24.9,19,0
29.2,29,20.7,55,0
24.4,79,5.7,80,1
34.0,67,25.4,55,0
18.4,46,4.4,100,1
36.0,88,22.0,84,1
44.4,32,23.7,68,0
41.9,96,24.2,58,0
22.7,92,7.2,74,1
34.3,94,17.0,21,1
26.5,93,12.4,32,1
26.1,81,8.4,31,1
29.6,84,13.1,14,1
20.0,43,6.6,54,0
18.7,81,0.7,71,1
30.9,57,9.5,44,0
36.2,22,23.1,49,0
39.1,82,14.4,78,1
22.6,60,17.3,88,1
18.4,49,28.6,30,0
22.5,67,5.4,92,1
28.7,17,6.5,24,0
31.7,24,16.1,0,0
34.8,59,19.7,75,1
43.7,74,23.1,92,1
44.2,88,5.9,45,1
41.0,55,22.9,8,0
44.0,33,7.6,57,0
36.4,24,1.9,86,0
44.7,73,0.4,90,1
29.5,60,11.8,83,1
41.3,28,3.1,46,0
25.9,35,6.2,3,0
32.7,61,11.9,31,0
38.1,80,21.0,73,1
35.0,96,16.8,65,1
24.0,36,24.0,5,0
36.4,81,15.7,10,0
35.2,44,21.5,45,0
32.7,34,5.5,60,0
18.2,93,13.5,2,1
26.0,84,14.1,86,1
29.8,35,14.7,89,1
38.6,41,18.9,41,0
22.2,56,10.6,11,0
18.5,61,26.6,4,0
21.1,53,20.7,98,0
37.2,31,12.9,22,0
36.6,16,6.3,1,0
21.6,45,9.7,19,0
32.3,15,21.2,24,0
36.4,96,8.2,58,1
39.8,88,3.4,55,1
21.8,86,0.9,77,1
41.5,65,6.6,54,0
34.5,86,14.1,86,1
18.2,41,25.7,32,0
25.5,47,1.9,2,0
20.7,65,7.9,59,1
18.8,84,8.6,100,1
32.9,27,9.9,83,0
31.2,53,4.3,52,0
31.9,90,3.9,12,0
27.7,55,24.5,83,1
44.0,67,18.5,90,1
20.7,39,3.7,20,0
28.1,46,20.9,17,0
43.3,56,15.1,70,0
44.6,97,13.4,38,0
27.4,49,22.2,89,0
31.4,66,5.2,43,0
34.1,20,23.1,11,0
42.7,35,24.5,40,0
36.5,38,13.9,90,1
32.9,37,12.1,28,0
44.5,50,15.9,2,0
18.5,60,24.1,68,1
18.2,90,14.1,69,1
19.8,54,24.8,16,0
34.4,43,11.0,89,1
43.9,52,19.8,46,0
41.7,20,9.8,45,0
29.0,56,13.3,76,1
44.5,26,3.2,24,0
44.7,85,6.7,90,1
38.5,74,12.4,18,0
41.6,56,23.0,87,0
20.4,64,0.0,72,1
44.1,88,13.9,4,0
41.7,99,27.9,21,0
21.1,41,6.0,90,1
34.1,63,1.8,65,0
25.4,70,20.4,9,0
36.1,96,17.3,66,1
34.7,44,0.2,63,0
28.5,28,22.2,95,0
37.7,88,18.1,81,1
33.6,91,3.8,13,1
42.5,57,20.9,6,0
23.7,77,22.4,66,1
41.8,33,15.4,93,1
44.0,86,25.8,65,1
31.8,28,16.4,98,0
39.0,88,14.0,89,1
19.4,87,0.3,0,1
24.4,90,8.5,74,1
40.9,98,24.7,100,1
26.4,97,19.8,39,1
21.0,20,13.6,74,1
38.1,32,11.6,98,0
25.7,44,8.9,57,0
44.8,28,20.7,3,0
24.7,89,19.6,65,1
42.9,81,9.9,80,1
37.2,87,22.2,59,1
37.0,88,29.0,46,0
41.1,72,15.2,28,0
26.9,100,29.6,70,1
28.2,82,9.3,27,1
36.3,77,25.2,88,1
19.5,71,19.6,12,0
30.6,64,2.8,87,1
41.2,55,19.7,82,1
18.1,80,16.0,49,1
22.2,39,5.9,91,1
26.7,16,7.1,24,0
33.7,92,10.2,70,1
36.4,20,21.8,28,0
38.7,32,27.9,87,0
26.5,35,13.8,40,0
39.8,51,18.7,19,0
34.0,21,5.7,16,0
25.2,77,2.2,54,1
26.9,19,17.6,90,1
26.5,59,20.8,5,0
19.0,67,3.4,32,0
23.3,54,8.0,46,0
25.4,75,24.0,14,1
20.9,87,7.5,84,1
20.5,96,4.4,86,1
40.8,56,0.9,94,0
20.8,34,5.1,19,0
35.5,98,21.3,3,0
28.4,51,12.6,88,1
24.7,15,28.1,47,0
26.7,58,17.4,6,0
44.2,42,21.2,54,0
31.5,77,23.0,77,1
42.9,42,7.0,17,0
29.1,39,17.3,76,1
25.1,67,1.1,66,0
36.7,46,12.0,48,0
43.6,69,26.7,72,0
23.0,38,4.5,72,1
28.1,58,20.3,51,0
30.4,92,1.1,82,1
18.6,23,28.7,86,0
22.7,22,6.2,26,0
26.4,19,13.7,76,1
42.1,29,11.5,93,0
32.9,39,20.6,96,0
33.9,96,25.7,9,1
22.3,63,23.5,78,1
21.0,58,6.7,61,0
22.3,68,1.3,7,0
21.4,33,15.3,83,1
30.0,50,5.5,99,1
26.5,94,16.8,62,1
32.5,71,23.7,70,1
19.7,39,4.5,88,1
40.4,18,28.8,21,0
44.4,85,1.6,37,0
29.2,68,11.0,74,1
21.7,49,14.7,1,0
29.3,17,19.4,33,0
22.2,95,7.7,43,1
27.8,42,13.6,59,0
30.7,85,27.2,33,0
29.9,92,8.2,40,1
30.6,21,29.8,11,0
42.4,80,15.0,58,1
32.7,34,12.0,7,0
21.7,33,26.8,87,0
37.1,63,7.7,56,0
18.0,40,26.0,9,0
31.9,69,1.0,49,0
32.7,16,23.8,9,0
28.8,54,30.0,73,1
35.2,33,14.0,67,0
42.2,37,22.8,33,0
33.0,61,7.1,47,0
20.2,66,23.8,10,0
34.3,93,16.7,33,1
18.5,71,0.1,89,1
30.7,80,23.4,87,1
31.1,28,11.0,5,0
30.6,28,21.7,7,0
40.3,22,8.5,28,0
44.3,89,11.2,56,1
28.2,34,19.4,37,0
20.2,21,9.8,8,0
18.9,88,27.8,6,1
19.4,28,14.9,94,1
18.8,37,0.4,6,0
27.4,51,17.0,20,0
24.2,94,5.3,10,1
44.7,37,18.6,60,0
42.4,92,14.2,82,1
36.2,98,19.9,42,1
24.2,91,12.7,76,1
38.2,47,24.9,21,0
22.1,99,20.3,78,1
36.1,36,1.7,10,0
25.7,59,23.4,27,0
25.9,61,2.8,24,0
30.4,93,23.0,56,1
39.5,65,22.2,98,1
30.1,83,3.5,86,1
38.7,15,25.1,40,0
31.4,26,24.3,58,0
34.2,20,24.0,66,0
34.6,65,15.5,10,0
25.4,93,1.0,7,1
43.8,58,15.1,21,0
37.8,60,13.3,33,0
18.7,94,17.3,55,1
22.9,62,22.9,40,0
44.3,90,3.3,14,0
36.7,22,27.3,66,0
39.6,24,28.9,32,0
36.3,80,18.3,85,1
34.1,36,2.3,45,0
29.1,79,20.0,6,1
37.5,40,19.5,88,1
18.2,20,26.5,18,0
25.1,59,18.5,63,0
18.2,57,8.9,20,0
32.0,76,27.6,70,1
37.4,33,29.1,97,0
30.7,47,18.3,69,0
30.1,64,0.1,22,0
24.7,73,28.8,61,1
42.8,75,29.6,23,0
25.1,25,13.7,63,0
32.5,49,10.3,18,0
40.5,38,12.7,54,0
42.8,81,19.5,58,1
44.8,82,13.8,60,1
25.9,57,15.4,57,0
44.1,45,8.3,14,0
43.0,32,21.7,74,0
29.2,15,20.7,77,1
22.9,73,10.0,8,1
23.6,63,26.9,66,1
18.7,34,25.2,67,0
39.3,76,18.1,54,1
29.0,23,29.4,52,0
39.7,32,21.2,89,0
41.4,22,29.0,59,0
35.7,57,18.4,66,0
41.4,44,3.1,4,0
37.1,72,19.1,38,0
24.7,42,25.1,86,0
39.8,98,21.5,62,0
32.5,96,19.5,36,1
30.3,60,12.6,8,0
21.5,24,6.3,89,1
31.3,38,16.7,62,0
38.5,21,27.2,53,0
26.6,53,10.4,65,0
31.9,63,6.9,55,1
37.1,52,2.4,3,0
35.0,85,20.4,22,0
21.8,36,27.4,66,0
28.3,89,1.2,40,1
25.4,90,27.7,77,1
38.6,37,16.1,20,0
44.7,72,26.5,42,0
19.2,25,20.1,86,0
40.0,84,16.7,58,1
39.4,36,6.3,20,0
23.6,70,28.3,66,1
44.5,31,23.6,95,0
32.7,32,12.8,69,0
23.0,33,15.9,94,1
44.5,46,4.5,64,0
30.1,43,24.9,56,0
43.8,15,12.2,85,1
24.1,43,8.0,81,1
40.0,96,21.1,61,1
27.2,69,5.2,83,1
41.2,72,15.0,91,1
19.5,57,6.4,67,0
37.1,75,6.5,16,1
24.0,96,20.1,16,1
32.9,72,27.7,2,0
37.1,47,1.3,93,0
26.9,58,8.7,52,0
34.3,43,29.4,57,0
35.5,52,3.1,53,0
44.2,83,25.6,8,0
39.3,68,19.1,36,0
41.5,73,7.0,50,0
28.3,16,8.9,35,0
36.1,48,22.4,55,0
38.1,41,5.6,22,0
40.9,35,8.5,77,0
27.5,74,27.5,56,0
18.3,69,26.7,30,0
25.1,55,17.5,75,1
43.9,68,8.2,62,0
18.6,86,17.8,26,1
20.3,21,6.8,31,0
31.8,30,7.2,64,0
20.5,63,4.3,28,0
27.6,85,18.7,41,1
38.9,24,1.1,86,0
43.6,61,24.6,26,0
25.6,40,9.8,58,0
21.5,98,13.5,21,1
38.7,24,29.9,48,0
34.4,99,18.6,59,1
36.0,52,10.6,63,0
33.3,93,17.1,47,0
42.1,56,26.9,30,0
28.4,87,21.3,10,1
21.1,80,10.9,36,1
33.1,94,10.3,20,1
21.5,99,26.9,18,0
43.4,100,23.2,82,1
22.4,24,11.8,40,0
41.6,93,18.9,23,0
26.1,62,14.7,90,1
26.6,22,24.1,5,0
30.8,64,23.0,33,0
23.5,80,21.9,70,1
26.1,22,5.7,93,1
36.4,45,5.2,11,0
37.9,51,26.3,36,0
37.9,37,17.5,98,0
24.3,97,25.1,100,1
33.5,26,5.3,91,0
40.2,19,10.9,84,0
27.5,88,9.5,72,1
37.1,51,27.8,61,0
42.7,26,4.1,83,0
42.4,56,9.1,1,0
32.9,91,2.6,100,1
23.5,53,22.2,93,0
25.1,79,21.3,60,1
23.5,91,23.0,79,1
36.7,74,12.8,53,0
23.0,45,8.7,16,0
38.7,34,0.8,21,0
20.3,41,15.1,28,0
20.5,90,25.8,71,1
22.4,82,28.5,6,1
32.7,82,21.3,74,1
36.3,53,24.3,20,0
21.2,88,3.2,73,1
19.0,34,2.1,27,0
26.7,86,21.8,89,1
20.5,34,7.0,55,1
28.8,21,29.8,91,0
42.6,25,0.3,83,0
36.7,87,2.8,14,0
39.4,76,8.7,41,0
21.0,41,23.5,2,0
25.4,48,17.8,55,0
43.9,24,7.7,66,0
38.8,59,1.7,91,0
30.3,34,10.7,83,1
22.1,24,24.8,96,0
21.2,18,25.1,84,1
43.9,79,21.8,11,1
44.3,100,22.3,98,1
26.5,71,29.3,3,0
38.5,88,18.4,98,1
19.6,66,26.1,2,0
27.3,92,8.4,76,1
28.7,92,7.4,91,1
44.6,46,6.5,59,0
18.8,28,22.3,40,0
40.1,18,17.4,8,0
35.7,86,12.6,31,0
23.8,42,25.3,96,1
27.1,83,23.3,37,1
41.8,84,20.8,70,1
34.8,98,5.1,59,1
34.2,15,25.2,63,0
21.8,56,27.4,88,0
36.5,85,28.4,95,1
27.6,29,6.3,98,1
42.1,68,23.5,27,0
32.0,36,23.3,30,0
31.4,86,27.3,70,1
23.3,87,25.2,24,0
43.7,83,0.5,33,0
29.1,71,10.9,39,0
29.4,50,15.5,94,1
43.5,49,2.9,29,0
38.7,31,1.2,29,0
30.3,59,26.7,73,0
31.0,19,3.7,45,0
26.2,80,3.1,95,1
24.8,25,11.1,22,0
21.0,54,21.3,89,1
42.1,24,12.4,48,0
20.8,64,27.5,25,0
20.1,81,18.2,51,1
39.1,58,10.2,80,0
28.2,59,27.3,22,0
31.5,46,11.4,96,0
43.0,44,15.0,11,0
39.8,40,8.7,86,0
35.1,55,8.4,43,0
27.6,67,23.6,3,0
24.2,15,25.5,11,0
43.8,97,29.4,19,0
38.9,43,29.1,48,0
30.7,49,20.6,88,0
35.6,71,22.3,26,0
39.5,44,16.1,84,0
43.4,56,25.1,80,0
18.6,89,5.8,3,1
33.5,67,20.5,46,0
32.7,23,5.7,88,0
41.1,17,7.2,67,0
24.8,49,5.7,95,1
39.9,19,0.5,53,0
39.9,88,9.9,84,1
27.1,30,9.1,23,0
43.8,47,8.6,95,0
29.5,57,8.8,10,0
40.7,60,25.3,16,0
27.3,79,0.2,1,0
29.2,23,19.5,57,0
25.3,74,17.4,100,1
36.8,55,17.6,29,0
36.2,67,21.3,70,1
40.2,69,8.4,93,1
34.4,26,20.6,87,0
19.4,71,0.4,71,1
21.4,94,8.5,83,1
30.1,24,22.1,30,0
41.1,87,9.1,36,0
36.9,51,5.2,90,1
40.9,46,9.4,44,0
39.3,84,6.1,27,1
22.6,83,24.3,91,1
41.2,99,14.8,71,1
35.8,21,27.5,53,0
28.2,96,13.7,91,1
20.6,25,10.2,71,1
41.9,23,25.1,59,0
36.2,81,23.7,35,0
43.2,15,14.6,73,0
21.1,68,3.6,38,0
25.0,63,21.4,10,0
45.0,79,7.2,97,1
30.4,53,5.2,98,0
41.6,77,6.4,93,1
42.8,98,23.0,90,1
24.5,100,14.5,37,1
36.2,78,13.8,7,1
33.1,30,19.0,43,0
22.7,27,4.7,96,1
37.6,86,24.8,70,1
38.4,66,14.5,74,1
34.6,100,12.2,93,1
22.0,70,10.8,92,1
32.8,42,24.9,82,0
30.4,67,9.2,97,1
21.6,28,23.1,0,0
23.1,75,0.3,96,1
40.8,17,13.4,31,0
32.0,22,15.8,65,0
42.8,70,22.5,74,1
22.4,78,24.0,96,1
33.4,80,7.0,64,1
34.0,70,14.8,38,0
29.9,67,28.0,22,0
29.1,22,25.6,36,0
39.9,65,9.5,17,0
30.7,61,20.3,11,0
31.8,79,3.1,75,1
31.5,88,10.5,5,1
26.3,31,22.6,7,0
29.8,37,11.9,28,0
23.9,64,19.9,32,0
22.6,62,28.6,28,0
18.3,19,30.0,59,0
38.9,20,22.0,29,0
20.3,80,10.3,82,1
25.3,66,22.3,47,0
21.4,86,6.0,97,1
33.5,18,1.9,45,0
28.8,67,18.0,26,0
21.7,70,6.9,33,0
22.0,60,20.9,20,0
24.2,32,26.9,28,0
36.2,38,10.1,74,0
20.8,44,24.3,91,1
40.3,21,0.2,88,0
26.4,98,6.2,4,1
38.1,16,8.0,24,0
41.9,40,20.5,80,0
32.5,80,6.3,35,1
28.8,25,3.8,82,1
42.1,95,27.7,34,0
23.9,27,17.8,90,1
34.9,29,14.3,53,0
35.8,84,0.5,83,1
28.4,62,25.3,45,0
26.2,33,2.9,62,0
39.4,74,18.6,20,0
25.8,56,6.2,18,0
40.2,40,19.4,77,0
32.1,61,18.5,33,0
32.2,86,6.4,73,1
24.0,73,18.4,77,1
42.7,81,25.9,86,1
20.2,62,0.7,21,0
34.0,62,22.7,86,1
44.0,61,23.4,87,0
21.4,16,11.9,55,1
32.1,96,20.1,4,0
35.4,43,29.7,63,0
30.7,53,24.9,73,0
29.6,33,16.8,45,0
20.4,15,6.9,42,0
26.4,75,11.4,19,1
26.8,87,22.8,30,1
26.0,88,20.3,53,1
34.1,47,18.5,76,0
18.2,86,16.9,41,1
29.2,70,23.4,83,1
23.4,75,1.7,62,1
18.8,34,22.1,11,0
35.9,74,28.2,48,0
24.0,36,10.5,49,0
23.5,38,5.1,93,1
25.7,79,13.6,72,1
34.2,23,12.8,50,0
39.5,89,3.7,77,1
26.2,81,12.9,92,1
38.2,41,29.3,95,0
29.2,53,27.7,57,0
41.9,95,20.7,85,1
31.9,93,10.9,35,0
31.1,70,23.8,100,1
36.1,91,5.9,12,1
25.9,99,19.9,81,1
20.9,51,10.5,62,0
37.3,68,13.1,73,1
24.9,78,23.8,88,1
32.6,85,26.5,95,1
21.5,88,0.9,42,1
29.8,26,16.6,56,0
39.6,53,22.2,56,0
34.0,84,15.1,56,1
24.6,48,10.6,77,1
31.7,94,6.4,5,1
22.3,56,1.7,30,0
31.8,88,19.3,86,1
25.6,92,28.6,21,1
43.1,53,23.2,29,0
24.8,66,17.8,22,0
23.0,28,20.6,49,0
40.2,79,13.6,0,1
32.7,41,9.9,39,0
34.8,63,12.8,38,0
39.7,42,14.3,33,0
25.5,70,22.0,74,1
35.7,25,12.8,23,0
21.1,58,1.3,96,0
37.6,66,21.0,44,0
39.3,79,21.3,89,1
35.2,96,1.3,100,1
21.3,81,18.1,27,1
28.1,84,12.5,91,1
18.0,43,15.5,40,0
38.7,18,5.0,43,0
23.2,81,0.3,3,0
23.0,52,24.3,59,0
44.0,26,27.3,71,0
28.4,98,24.3,76,1
34.4,89,3.5,51,1
39.2,62,1.1,45,0
21.3,27,20.2,94,1
24.0,88,12.4,56,1
31.5,99,14.8,61,1
32.5,97,9.3,18,1
41.0,35,22.5,71,0
18.5,27,18.0,10,0
44.0,43,6.2,17,0
38.6,50,17.3,20,0
19.1,48,1.2,6,0
30.9,24,28.1,60,0
27.8,86,10.5,19,1
24.9,15,11.7,13,0
36.6,38,27.2,100,0
37.5,98,6.9,7,1
34.0,62,28.3,54,0
31.2,26,5.0,15,0
29.7,97,1.9,10,0
36.0,31,25.9,90,0
39.1,93,25.3,28,0
19.6,56,10.7,95,1
38.8,89,21.6,17,0
29.6,34,6.6,36,0
34.2,86,19.7,64,1
44.9,28,25.4,74,0
35.1,88,22.9,70,1
44.1,60,0.9,20,0
19.8,21,25.3,54,0
32.0,66,23.6,99,1
43.4,86,23.1,32,0
38.2,67,25.2,69,0
36.7,78,27.2,32,0
39.7,85,25.2,34,0
33.2,48,8.4,45,0
40.1,16,17.7,94,0
40.4,79,1.0,16,0
25.1,65,13.0,71,1
36.5,96,16.4,44,1
35.7,77,7.7,77,1
20.1,33,20.0,84,1
25.8,60,13.6,83,1
42.5,37,9.5,24,0
32.4,73,12.2,49,0
20.3,91,24.2,24,0
20.6,51,14.9,67,1
28.8,75,29.7,86,1
42.0,55,17.5,1,0
44.1,64,3.9,57,0
20.3,64,11.6,98,1
28.8,16,23.0,39,0
32.1,49,24.2,51,0
34.1,95,29.9,86,1
31.0,20,3.7,47,0
22.2,78,22.4,87,1
19.2,23,26.9,63,0
23.6,33,9.7,35,0
43.9,58,4.5,95,0
40.4,15,15.6,95,1
40.6,54,18.0,8,0
22.9,61,28.7,7,0
38.9,16,18.8,93,0
26.9,26,5.7,15,0
25.3,67,0.5,78,1
24.2,99,4.5,19,0
37.6,30,0.2,10,0
42.9,89,8.1,33,0
37.6,50,27.3,82,0
25.6,18,24.2,68,0
31.8,48,20.8,25,0
30.6,76,17.8,69,1
36.6,53,1.4,19,0
43.1,69,27.9,18,0
20.5,77,18.7,72,1
20.2,28,19.6,5,0
28.3,54,4.9,52,0
44.8,81,23.2,96,1
39.9,57,10.8,60,0
44.3,59,26.0,53,0
38.7,53,15.1,68,0
23.3,78,24.7,19,1
26.4,38,3.8,41,0
26.8,23,27.0,67,0
38.4,85,0.8,5,0
24.8,61,6.9,94,1
23.0,75,4.8,33,1
28.7,70,11.4,48,0
32.4,84,16.4,63,1
26.7,79,13.4,92,1
19.5,75,9.4,9,1
37.4,64,16.7,77,1
20.8,32,11.9,12,0
18.9,52,21.4,10,0
39.3,48,6.6,81,0
18.4,64,2.4,36,0
21.8,91,11.5,39,1
37.1,54,8.1,26,0
19.9,93,25.5,12,0
36.5,61,6.8,31,0
39.2,72,4.9,55,0
30.6,26,0.8,5,0
39.4,53,6.8,38,0
34.2,61,22.2,69,0
40.0,67,18.8,93,1
32.1,26,25.1,60,0
28.9,31,3.5,73,1
22.1,92,7.7,58,1
44.4,43,15.4,62,0
33.8,20,28.6,26,0
21.2,36,5.6,77,1
25.1,20,27.9,56,0
25.8,41,20.6,39,0
23.9,65,16.7,39,0
30.7,78,7.7,58,1
24.0,64,12.3,97,1
28.9,15,20.2,57,0
44.0,32,4.9,70,0
21.2,38,23.6,82,1
21.4,89,24.9,27,1
29.2,83,5.0,71,1
38.6,32,12.8,90,0
34.2,40,25.5,38,0
35.4,70,17.1,84,1
42.3,66,19.8,50,0
42.0,84,10.6,29,0
22.9,47,19.6,33,0
45.0,81,24.3,35,0
41.7,86,2.7,66,1
44.5,70,10.5,19,0
22.9,18,26.2,95,0
30.6,26,14.2,90,0
26.3,43,23.7,32,0
43.6,27,2.5,52,0
33.6,61,22.1,70,1
37.2,88,28.0,21,0
34.8,78,17.2,25,0
23.6,67,5.8,88,1
27.1,78,5.3,51,1
29.5,78,14.3,46,1
23.7,86,12.8,26,1
20.4,47,30.0,9,0
27.3,86,0.7,70,1
32.7,53,5.4,100,1
41.1,39,6.0,77,0
36.3,77,25.5,14,0
41.4,19,2.8,10,0
34.5,57,9.2,0,0
25.6,40,12.4,32,0
34.7,24,7.8,74,1
18.3,15,25.9,67,0
20.6,64,23.3,32,0
37.0,17,9.4,80,1
33.4,26,10.3,61,0
32.3,18,11.4,78,1
28.3,100,6.9,57,1
44.4,89,20.3,15,0
39.6,39,13.7,55,0
24.0,37,1.7,65,0
33.3,71,29.4,34,0
34.8,75,3.1,96,1
27.8,71,18.5,20,1
30.6,30,3.5,42,0
36.3,27,25.0,59,0
23.6,38,21.9,52,0
40.1,90,12.7,43,1
31.7,83,26.0,87,1
29.3,23,1.0,96,1
27.3,92,14.2,44,1
28.2,76,25.9,75,1
40.4,39,29.8,52,0
25.3,78,1.5,48,1
22.1,65,25.2,84,1
41.9,59,17.8,33,0
32.0,98,22.2,49,1
25.0,89,19.0,56,1
27.4,95,24.3,30,1
41.0,47,25.9,82,0
37.4,31,7.6,99,0
24.5,78,5.1,82,1
33.1,49,20.4,95,0
34.5,55,26.4,82,0
25.0,18,7.1,44,0
33.0,19,23.2,61,0
18.2,44,16.0,25,0
28.0,66,17.4,23,1
21.3,67,18.0,38,1
19.2,50,24.3,3,0
24.0,41,1.7,35,0
27.5,64,6.6,90,1
40.6,55,3.1,94,0
29.0,81,6.9,68,1
35.1,70,6.2,37,0
30.6,97,12.8,88,1
41.3,19,7.4,17,0
23.3,88,18.6,33,1
27.1,33,23.5,90,1
25.7,23,1.6,11,0
22.8,77,13.1,61,1
21.0,91,9.8,50,1
44.4,48,17.8,59,0
33.3,75,6.1,25,1
41.3,17,12.8,33,0
23.8,56,13.4,83,1
25.3,75,15.8,26,1
18.6,59,20.1,98,1
36.5,67,1.0,97,1
18.8,66,25.8,60,1
29.7,75,1.8,10,1
40.8,84,20.4,15,0
34.2,45,26.5,51,0
41.3,87,3.3,24,0
30.5,61,17.9,75,1
44.1,28,21.0,26,0
31.5,79,13.4,42,1
39.0,16,14.7,8,0
35.0,66,25.4,46,0
41.9,69,8.0,63,0
44.1,82,6.1,68,1
26.1,82,21.9,65,1
39.7,44,7.6,98,0
30.5,70,27.9,42,0
36.6,15,26.0,33,0
21.5,38,15.4,78,1
23.1,72,16.6,64,1
39.4,64,24.1,32,0
38.0,25,12.8,95,1
26.8,94,15.1,34,1
44.8,20,16.5,84,1
42.3,90,6.5,25,0
44.2,19,13.8,47,0
18.1,58,4.6,79,1
39.1,30,22.3,20,0
40.5,98,1.1,16,0
43.6,99,18.7,48,0
23.9,91,24.7,21,1
27.7,66,10.6,0,0
18.8,91,19.3,15,1
25.4,22,24.1,87,1
23.6,35,0.8,18,0
34.4,42,2.8,41,0
18.6,31,6.0,85,1
21.8,19,22.7,88,1
43.2,31,24.2,7,0
32.3,30,23.5,4,0
24.4,22,27.3,44,0
32.3,72,6.5,66,1
30.0,77,18.0,26,1
39.9,34,8.1,91,0
35.2,56,7.1,13,0
41.2,83,4.7,18,0
38.6,32,13.1,35,0
33.8,27,15.1,23,0
27.9,74,20.6,99,1
39.2,99,21.7,43,0
34.0,46,1.6,65,0
33.5,94,9.9,38,1
38.0,73,11.6,86,1
18.4,52,15.4,36,0
38.0,56,22.1,65,0
21.7,47,8.6,91,1
19.1,57,0.8,52,0
43.1,59,23.5,76,0
27.9,57,15.2,9,0
31.7,32,19.9,57,0
39.0,53,13.4,57,0
31.4,78,8.1,73,1
28.0,30,3.8,65,0
22.0,51,22.1,31,0
34.1,93,1.2,63,1
37.2,57,26.8,76,0
32.8,54,17.1,94,1
30.5,48,27.7,13,0
29.5,40,20.3,43,0
35.8,77,3.5,42,0
33.8,58,27.0,21,0
29.6,48,18.7,2,0
26.1,34,27.3,19,0
22.0,76,11.9,25,1
43.4,62,28.5,88,1
23.5,28,14.9,81,1
19.5,51,28.8,43,0
24.5,52,10.6,79,1
42.0,61,27.7,23,0
29.4,86,28.7,84,1
23.5,99,14.5,97,1
29.2,21,16.8,100,1
27.6,15,9.0,95,1
20.5,79,12.5,91,1
25.9,25,14.2,47,0
36.4,86,9.6,20,0
34.9,89,13.7,29,1
28.6,64,26.6,99,1
36.4,46,26.1,85,0
19.0,88,28.7,66,1
32.8,97,20.4,11,0
28.0,85,5.9,10,1
20.9,41,5.2,20,0
25.7,19,18.3,24,0
37.1,88,13.0,63,1
19.1,15,20.0,30,0
33.1,72,15.6,83,1
33.1,93,6.3,38,1
43.7,72,15.6,96,1
38.9,70,12.1,95,1
41.8,32,22.2,69,0
26.1,26,5.6,23,0
29.7,76,8.3,93,1
26.3,18,7.7,82,1
23.2,36,22.8,76,1
29.0,71,17.8,83,1
32.0,85,14.2,38,1
34.5,36,9.3,67,0
35.9,54,28.0,32,0
40.0,42,29.5,72,0
37.0,46,2.8,41,0
39.8,66,9.3,18,0
34.6,16,28.2,80,0
39.4,89,22.8,71,1
39.7,49,23.0,75,0
28.5,100,29.9,66,1
43.9,30,19.8,68,0
40.7,88,23.4,18,0
36.0,98,18.9,82,1
25.2,86,14.7,23,1
24.1,41,6.9,90,1
38.9,21,29.4,86,0
23.5,67,14.8,38,1
44.0,78,15.0,6,0
39.3,56,17.5,87,0
36.2,72,19.9,83,1
40.3,73,15.1,71,1
19.5,60,10.1,94,1
42.7,96,22.5,83,1
25.1,47,28.2,33,0
44.1,43,5.0,4,0
29.1,47,28.9,45,0
41.8,47,5.3,7,0
22.1,80,12.9,32,1
37.3,62,4.1,31,0
20.2,88,2.8,67,1
36.1,99,0.7,43,0
28.1,27,7.1,40,0
26.6,84,2.6,33,1
42.6,38,21.3,64,0
42.3,67,21.3,26,0
41.1,100,17.7,91,1
39.0,31,6.2,70,0
18.0,20,27.6,95,1
34.6,24,22.1,62,0
19.0,34,3.8,10,0
25.2,73,27.0,83,1
33.7,67,10.9,76,1
27.0,31,14.2,90,1
27.5,94,12.9,14,1
23.8,79,24.6,5,1
43.4,15,18.8,61,0
21.3,20,12.8,1,0
38.3,32,3.3,70,0
30.3,58,24.1,25,0
21.0,72,7.2,19,0
25.7,25,18.3,56,0
24.7,26,5.4,54,0
27.5,20,5.3,25,0
20.3,67,29.0,43,0
18.6,33,7.5,41,0
27.1,68,13.7,17,0
36.2,66,18.9,60,0
21.9,55,3.4,0,0
42.4,70,16.5,5,0
33.6,55,13.9,9,0
44.2,25,20.9,11,0
30.2,91,6.1,23,1
27.9,39,17.2,29,0
18.5,62,8.2,36,1
36.9,25,26.1,53,0
30.8,22,26.9,74,0
23.1,28,21.2,29,0
22.0,37,11.9,33,0
38.2,57,18.8,87,0
38.0,88,0.7,92,1
26.2,98,27.2,41,1
32.7,19,23.4,12,0
34.4,39,8.5,99,1
37.5,43,29.4,25,0
18.2,76,21.3,47,1
23.2,21,0.1,69,0
21.2,48,7.0,57,0
35.3,33,2.9,59,0
40.4,49,13.2,14,0
27.2,94,5.1,87,1
41.3,95,24.6,95,1
20.5,97,25.2,69,1
28.3,28,13.6,77,1
28.1,60,18.1,63,1
44.1,87,7.2,97,1
44.5,59,21.6,75,0
38.9,92,23.1,24,0
37.4,24,14.6,27,0
25.8,78,0.8,77,1
37.5,20,11.6,90,1
26.0,60,24.8,94,1
33.4,62,14.0,84,1
41.0,63,26.0,0,0
25.0,38,26.1,60,0
41.8,56,12.8,83,0
30.2,89,19.8,20,1
18.7,31,29.3,80,1
39.3,23,3.6,55,0
41.2,17,22.2,3,0
41.9,43,13.1,0,0
35.5,90,8.4,73,1
40.0,23,19.6,6,0
41.6,32,15.0,51,0
32.2,59,27.9,85,0
30.5,77,25.5,100,1
20.3,100,17.7,17,1
31.7,27,3.2,42,0
35.5,91,27.3,39,0
18.8,77,13.5,81,1
44.0,61,11.7,72,1
44.7,36,4.5,45,0
44.2,62,12.0,93,1
43.2,99,13.8,36,1
39.1,93,5.2,5,0
31.4,28,12.7,95,0
41.7,82,12.5,60,1
27.8,30,16.5,93,1
31.2,78,7.9,57,1
31.5,92,7.2,78,1
36.0,57,19.6,39,0
32.5,62,11.6,74,1
30.7,30,5.3,18,0
40.7,93,6.0,89,1
42.1,69,19.2,15,0
28.3,77,3.4,11,1
29.3,89,17.3,26,1
24.5,19,6.4,9,0
38.6,76,16.7,5,1
35.3,82,4.0,94,1
28.1,45,9.9,42,0
29.4,36,1.6,76,0
38.9,77,7.6,64,1
21.1,86,4.7,75,1
23.3,62,3.7,29,0
44.3,31,4.1,28,0
29.9,73,15.3,42,0
39.4,87,19.5,87,1
28.1,97,19.5,40,1
44.1,99,14.8,61,1
20.1,53,6.1,16,0
23.7,97,9.6,44,1
31.6,24,2.1,42,0
27.5,90,4.2,58,1
19.4,49,15.5,93,1
28.3,62,13.5,45,0
23.0,93,7.7,25,1
20.7,83,11.3,58,1
39.8,83,9.5,2,1
33.5,49,6.8,74,1
42.7,49,24.1,7,0
18.4,33,25.7,99,1
30.8,94,5.8,35,1
22.1,15,3.2,67,0
31.6,96,18.4,78,1
35.3,42,28.8,97,0
33.8,62,13.4,41,0
32.3,79,26.6,9,0
20.4,78,1.1,24,1
30.4,65,1.6,11,0
25.7,35,11.5,38,0
42.5,51,12.5,20,0
42.6,30,24.9,43,0
39.4,94,21.3,21,0
35.9,87,8.5,62,1
38.3,46,20.0,29,0
28.4,22,27.5,79,1
40.5,48,14.2,6,0
29.3,46,27.8,67,0
19.4,88,29.9,45,0
28.6,58,4.0,33,0
38.6,25,22.2,0,0
22.5,96,3.2,43,1
19.8,80,1.2,77,1
29.8,100,24.9,67,1
25.3,39,6.5,25,0
28.6,16,4.2,43,0
39.6,23,9.9,55,0
32.9,71,19.4,12,0
37.6,85,5.1,7,1
22.8,53,17.8,21,0
40.0,29,19.3,13,0
25.6,88,17.5,77,1
31.6,52,3.3,0,0
23.8,80,28.8,88,1
42.3,89,5.7,15,0
41.1,67,9.6,0,0
40.4,18,3.2,38,0
22.1,94,27.1,82,1
36.9,70,18.5,64,1
43.9,65,12.1,79,1
32.7,84,4.4,23,1
21.4,99,11.6,85,1
43.6,28,27.4,39,0
36.7,88,3.7,40,0
39.5,29,16.8,3,0
20.7,22,15.5,17,0
20.8,66,24.9,68,0
42.0,45,8.7,69,0
43.2,16,21.8,18,0
28.7,65,14.3,10,1
24.6,35,0.3,17,0
24.7,47,4.8,68,0
29.9,20,24.4,60,0
18.8,32,18.6,93,1
35.6,96,28.0,84,1
38.3,78,19.2,54,1
42.6,53,1.6,69,0
31.1,32,2.3,57,0
27.1,52,25.3,6,0
24.5,42,21.0,47,0
18.5,91,21.4,63,1
25.7,74,24.1,17,0
25.5,70,10.4,8,0
38.1,100,29.7,75,1
34.0,77,29.9,55,1
33.7,55,21.0,28,0
35.8,85,5.1,65,1
23.1,63,19.4,85,1
22.5,73,16.5,54,1
18.6,20,8.2,83,1
27.5,73,23.2,29,0
32.1,92,11.0,30,0
40.2,69,20.5,75,1
36.2,98,5.7,31,0
37.1,22,10.4,60,0
18.1,76,11.2,92,1
32.9,53,17.0,84,1
34.5,66,5.9,44,0
28.2,68,21.1,53,0
38.8,45,16.4,1,0
42.6,60,2.2,99,1
32.9,60,8.3,21,0
42.3,89,10.0,12,0
40.1,39,21.2,95,0
34.5,59,8.8,74,1
23.6,60,3.3,95,1
18.7,67,14.9,43,0
36.2,69,6.9,96,1
37.8,16,28.3,42,0
24.8,77,7.1,18,1
24.4,32,12.6,89,1
40.8,74,26.1,5,0
41.9,37,6.5,69,0
21.8,25,13.2,67,0
35.7,87,22.5,45,0
36.2,55,26.3,15,0
42.4,71,22.5,74,1
24.6,78,26.7,27,0
20.4,92,25.2,26,1
44.7,28,26.9,68,0
28.9,45,1.6,55,0
39.1,89,26.7,86,1
18.7,83,2.9,2,1
37.0,53,16.4,47,0
36.3,20,3.9,64,0
26.2,47,0.7,11,0
19.2,81,7.9,54,1
29.5,85,14.1,57,1
39.4,39,5.5,8,0
33.3,88,14.3,1,1
35.9,17,8.4,82,0
35.9,47,6.4,26,0
26.2,28,1.3,46,0
41.5,17,8.8,50,0
19.8,95,8.8,25,1
24.3,61,10.0,95,1
33.4,32,1.4,60,0
36.5,31,20.4,76,0
29.4,74,3.9,10,0
28.2,24,21.3,97,1
42.1,86,28.2,70,1
37.3,73,14.7,60,0
42.8,23,6.5,61,0
35.7,31,23.7,77,0
20.3,88,6.7,58,1
35.2,35,1.3,64,0
24.1,50,10.8,75,1
26.6,79,12.3,65,1
35.4,73,24.8,28,0
21.1,86,27.0,3,1
44.0,89,19.7,99,1
37.7,20,7.4,81,0
27.4,77,24.1,65,1
34.7,87,3.2,69,1
26.8,99,11.7,17,1
27.8,50,24.8,76,0
38.7,89,5.5,10,1
26.5,18,28.3,29,0
26.5,68,26.9,1,0
44.4,74,28.9,9,0
23.3,86,19.7,23,1
36.5,59,10.8,83,0
37.4,43,20.2,34,0
43.3,19,13.5,66,0
36.3,73,14.0,64,1
32.5,90,27.8,21,1
37.3,32,29.2,13,0
38.0,73,23.4,86,0
43.0,17,23.1,79,0
31.4,23,29.6,100,0
26.0,28,20.6,46,0
32.5,16,26.8,35,0
43.5,17,28.6,39,0
29.5,76,2.5,53,1
43.7,34,28.8,16,0
26.1,78,1.8,33,1
32.8,75,2.5,2,0
31.6,74,23.4,29,0
22.2,74,23.3,88,1
35.8,43,23.6,3,0
24.6,54,25.2,84,1
38.9,87,29.8,61,1
34.2,22,22.6,81,0
25.0,44,15.4,12,0
29.9,91,26.4,64,1
33.5,48,12.1,73,0
25.7,17,8.5,67,0
20.8,39,1.8,65,0
38.7,51,7.4,31,0
40.0,60,20.7,47,0
31.8,30,5.0,47,0
20.2,75,1.7,31,1
24.5,73,8.1,93,1
27.6,63,24.2,60,0
18.8,57,6.3,17,0
20.5,98,20.2,26,0
20.0,58,7.7,81,1
21.1,18,19.2,3,0
18.3,28,7.4,51,1
33.7,21,23.5,46,0
22.8,54,7.9,82,1
39.2,71,19.6,31,0
40.0,86,8.0,17,1
38.9,30,3.7,52,0
44.0,55,20.0,79,1
37.3,54,8.1,18,0
39.4,25,16.0,42,0
23.7,55,16.1,19,0
32.3,97,18.7,7,1
20.9,93,17.4,84,1
44.1,38,24.0,17,0
27.4,62,17.8,44,1
19.5,41,28.5,94,1
27.0,97,5.1,66,1
27.1,78,9.5,63,1
20.4,95,24.6,27,1
25.0,52,27.4,45,0
25.6,75,14.8,61,1
25.7,50,17.0,33,0
24.6,54,12.8,6,0
29.7,64,17.0,65,1
28.5,84,13.0,94,1
27.8,61,24.1,63,1
34.0,86,10.5,83,1
35.6,63,0.6,12,0
21.3,47,0.7,20,0
24.8,60,21.9,77,1
19.2,70,1.8,78,1
21.8,95,22.3,59,1
29.9,33,11.9,17,0
36.0,28,21.2,37,0
21.4,65,23.2,27,0
28.0,98,24.8,95,1
26.0,96,17.9,67,1
43.6,34,13.8,73,0
22.2,46,12.8,100,1
34.0,48,17.1,92,0
27.1,54,18.1,95,1
37.2,60,25.3,93,1
41.6,37,13.5,24,0
31.3,51,20.4,84,0
29.9,28,15.9,16,0
43.2,50,27.1,20,0
34.2,41,11.8,85,0
30.8,28,13.9,34,0
38.7,50,29.4,35,0
27.1,61,3.0,20,0
28.2,79,2.4,15,0
27.5,32,21.2,16,0
37.4,35,1.1,99,0
25.9,96,10.2,45,1
39.4,82,29.3,17,0
39.1,68,14.7,34,0
23.6,41,9.6,33,0
42.6,44,24.6,58,0
37.7,32,21.5,66,0
34.4,89,5.6,44,0
19.1,32,11.4,62,0
38.4,23,7.7,80,1
24.8,81,11.6,72,1
44.2,58,6.5,63,0
27.8,60,14.3,14,0
27.6,15,16.8,71,1
19.8,73,6.7,85,1
44.7,21,14.3,26,0
30.6,44,3.2,16,0
30.9,39,26.7,35,0
38.0,81,10.2,98,1
36.5,73,20.1,47,0
35.3,18,15.8,52,0
37.3,15,18.2,60,0
22.7,86,19.7,61,1
41.5,30,15.7,96,0
27.4,46,17.9,82,1
33.4,19,3.9,26,0
39.9,94,27.2,79,1
37.5,59,3.4,46,0
39.3,18,5.9,25,0
40.1,85,15.8,7,1
41.3,92,8.5,8,1
27.1,36,28.6,93,0
21.3,43,28.0,6,0
31.9,84,12.7,83,1
31.9,77,9.7,87,1
27.1,15,17.6,73,1
26.2,20,8.9,56,0
42.3,65,12.4,37,0
21.5,37,15.1,43,0
32.6,30,8.6,88,0
19.1,43,19.5,34,0
42.7,48,27.2,18,0
31.1,64,7.8,24,0
34.3,40,25.7,36,0
29.5,63,13.5,4,0
33.0,86,20.2,88,1
33.2,61,16.0,57,0
34.8,26,1.6,82,0
30.4,34,29.4,37,0
31.6,94,7.1,74,1
32.5,55,6.5,60,0
20.0,35,8.4,27,0
29.6,49,10.7,85,1
32.1,33,27.8,33,0
44.6,71,16.4,34,0
18.1,20,14.5,75,1
28.5,23,24.1,57,0
28.6,89,5.4,55,1
21.8,21,25.0,99,0
36.0,35,14.1,26,0
39.0,30,4.2,49,0
44.7,24,4.6,31,0
18.7,58,13.7,64,0
27.4,90,3.5,29,0
37.1,38,10.2,49,0
18.5,89,16.2,92,1
41.6,57,27.5,68,0
29.0,92,1.4,26,0
23.5,49,2.2,31,0
29.0,98,5.7,75,1
26.7,83,8.0,86,1
44.9,71,26.0,56,0
37.9,20,12.8,3,0
25.4,63,3.0,35,0
24.7,71,0.9,6,0
37.8,25,21.9,84,0
44.8,51,5.9,71,0
20.2,96,24.8,48,1
31.6,73,13.1,10,0
42.1,77,24.0,0,0
24.9,62,25.0,55,1
21.3,34,8.7,69,0
26.3,50,5.1,64,0
41.8,95,1.9,13,0
31.6,75,5.2,26,1
36.5,37,2.5,20,0
23.5,43,17.3,74,1
42.2,35,3.7,72,0
18.4,30,6.3,17,0
25.8,49,28.4,33,0
29.3,76,2.1,85,1
21.0,74,19.5,48,0
18.2,55,12.5,75,1
33.6,27,12.1,94,0
28.0,98,12.0,100,1
38.3,66,28.0,60,0
28.4,47,14.4,50,0
33.2,31,0.3,85,0
40.9,32,17.6,39,0
41.8,38,2.1,46,0
25.8,94,16.1,63,1
21.6,86,15.0,18,1
27.7,50,4.3,0,0
20.1,85,10.9,5,1
42.0,36,17.8,68,0
39.2,44,19.4,55,0
18.9,63,24.0,17,0
29.2,70,6.1,4,0
22.4,26,7.7,7,0
20.4,39,30.0,30,0
40.2,25,3.3,14,0
25.1,17,12.0,32,0
32.4,58,15.7,40,0
21.6,52,10.7,72,1
20.8,24,8.3,52,0
30.4,47,10.4,90,1
23.7,24,28.1,73,1
23.4,79,13.7,11,1
26.9,65,28.7,79,1
44.3,46,19.7,26,0
37.2,88,10.7,95,1
29.8,47,2.0,83,1
42.9,56,28.3,49,0
36.7,91,18.4,74,1
38.9,70,3.9,54,0
26.3,75,12.6,21,1
23.3,83,8.5,55,1
41.2,29,14.6,75,0
23.2,76,16.9,77,1
20.4,15,3.9,63,0
34.4,22,20.4,79,0
41.1,31,25.1,24,0
43.8,73,4.8,16,0
38.9,61,19.1,73,1
35.1,60,21.9,48,0
40.3,49,12.5,23,0
19.0,65,10.1,52,1
35.1,45,18.0,86,0
19.0,34,8.6,93,1
28.3,56,7.2,68,0
43.8,16,7.1,82,1
26.5,91,22.7,36,0
36.2,35,1.8,36,0
26.0,59,1.5,35,0
18.4,91,6.4,31,1
31.9,89,19.2,72,1
39.4,18,4.2,34,0
26.2,40,2.6,79,0
30.6,27,20.1,22,0
36.3,45,28.2,16,0
30.8,97,6.6,55,1
27.3,71,11.9,56,1
30.0,75,28.4,43,1
26.4,28,8.6,12,0
42.5,67,12.8,43,0
33.7,88,22.3,16,1
25.2,74,21.2,17,0
27.3,97,2.9,32,1
35.2,87,1.5,20,0
34.7,84,29.2,82,1
31.6,51,24.4,60,0
23.8,87,2.1,16,1
41.4,20,6.6,14,0
21.0,71,10.4,31,1
36.8,61,9.5,85,1
43.6,38,2.5,94,0
29.4,38,29.5,4,0
41.1,56,17.9,5,0
37.4,47,5.7,32,0
28.6,52,7.5,20,0
39.8,68,17.6,32,0
22.2,15,18.9,59,1
22.1,71,11.9,64,1
26.6,74,15.3,80,1
42.4,72,27.7,40,0
20.9,92,27.5,24,1
38.3,42,1.2,5,0
19.2,22,20.0,27,0
44.3,58,15.4,54,0
43.8,72,26.5,36,0
28.0,67,3.6,21,0
35.8,74,19.6,30,0
25.4,68,19.1,28,0
37.2,63,10.6,100,1
41.1,82,8.6,98,1
27.0,67,22.0,42,0
30.6,78,6.1,96,1
40.1,80,11.0,100,1
28.7,64,10.8,72,1
42.7,67,9.8,52,0
19.1,96,27.6,29,1
30.1,55,4.6,72,0
37.9,81,7.7,17,0
18.2,35,5.5,16,0
20.5,48,10.2,61,0
35.1,40,13.6,16,0
31.1,67,1.4,8,0
21.9,69,9.2,7,0
34.7,75,1.4,9,0
39.3,34,5.4,71,0
21.3,94,23.4,46,1
38.4,54,26.8,85,0
34.4,36,18.2,47,0
20.3,100,28.3,39,1
28.6,32,16.7,3,0
39.7,97,20.0,42,0
34.3,84,14.0,27,1
38.3,66,13.7,79,1
19.4,71,15.2,39,0
28.8,65,11.3,39,1
24.0,15,20.4,72,1
26.4,81,12.3,20,1
42.4,17,15.9,42,0
22.9,96,12.8,73,1
39.4,63,11.4,96,1
23.7,33,9.8,94,1
31.2,95,28.4,91,1
42.9,92,21.3,60,0
37.6,49,14.0,24,0
24.8,47,26.3,55,0
28.7,20,10.6,38,0
37.7,64,2.6,6,0
41.5,65,5.1,70,1
38.5,81,20.9,60,1
44.1,49,29.2,77,0
42.0,46,20.4,97,0
36.2,94,10.8,66,1
34.8,56,12.5,11,0
36.0,49,1.4,71,0
24.2,98,7.1,12,1
24.7,18,3.6,74,0
25.2,68,17.6,17,1
40.5,41,14.8,63,0
44.2,46,18.9,78,1
39.8,26,23.3,20,0
43.1,18,2.3,27,0
31.5,61,5.4,0,0
22.1,89,3.0,19,1
20.0,39,7.3,50,1
38.5,42,20.4,37,0
34.0,37,2.4,62,0
23.0,30,16.5,54,0
23.1,29,5.5,44,0
18.5,46,2.9,98,1
31.1,55,12.0,73,0
18.2,15,20.7,83,1
35.2,25,28.5,48,0
40.8,42,24.6,22,0
40.9,82,7.2,27,1
42.6,76,3.4,9,0
25.7,78,9.1,79,1
21.1,95,1.8,91,1
30.2,32,14.5,68,0
42.5,47,1.6,79,0
35.7,81,0.3,69,1
25.6,87,19.2,22,1
22.5,63,20.0,1,0
28.1,91,26.1,27,1
25.2,24,16.4,17,0
23.0,72,11.5,46,0
35.7,20,26.5,11,0
21.0,70,14.0,44,0
22.5,42,5.0,49,0
36.4,27,22.5,10,0
30.0,29,3.4,55,0
39.5,83,12.3,17,1
18.2,55,2.9,24,0
28.7,47,22.6,55,0
24.3,17,5.1,5,0
33.5,25,14.5,43,0
35.3,17,8.5,86,0
27.7,40,2.3,66,0
39.0,22,19.9,3,0
26.7,55,0.1,33,0
26.6,85,8.7,62,1
19.7,78,15.1,55,1
34.5,21,22.0,71,1
37.6,18,19.5,50,0
35.8,20,10.2,65,0
26.7,15,2.5,20,0
22.5,97,17.8,56,1
43.1,32,16.5,72,0
21.2,85,27.2,16,0
27.7,26,22.5,8,0
24.9,69,26.9,49,0
18.8,94,17.9,46,1
22.8,20,12.0,8,0
36.2,96,21.4,34,0
39.7,26,13.8,85,0
25.3,60,28.2,56,1
29.8,80,16.7,24,1
35.7,35,26.8,100,0
40.4,72,22.1,77,0
26.3,53,16.3,10,0
32.6,99,15.6,73,1
42.7,27,29.9,35,0
36.9,78,23.9,51,1
29.9,24,17.5,43,0
25.2,66,22.1,12,0
19.1,34,23.7,57,0
26.3,24,28.0,61,0
38.5,20,3.9,19,0
33.0,47,21.1,44,0
26.2,79,26.2,56,1
35.7,56,25.9,93,0
19.6,60,19.1,82,1
32.4,82,16.9,60,1
27.7,79,15.0,58,1
34.7,39,6.4,92,1
36.9,95,0.5,89,1
18.8,93,7.3,64,1
36.0,40,21.4,67,0
38.7,51,16.0,34,0
36.3,46,17.6,29,0
37.5,65,23.9,44,0
37.2,92,2.3,93,1
29.2,73,12.2,100,1
30.8,57,29.2,28,0
41.1,15,28.2,80,0
19.5,28,12.3,24,0
25.3,22,3.5,88,0
20.5,65,20.7,32,0
22.8,68,6.4,21,1
33.0,38,26.6,24,0
30.4,51,8.3,46,0
39.6,30,22.2,83,0
23.5,52,28.0,10,0
20.8,58,8.0,73,1
25.9,87,10.0,82,1
22.5,25,19.0,68,0
22.9,95,23.0,48,1
31.7,61,2.2,79,1
21.3,67,8.2,62,1
34.5,47,19.8,36,0
33.8,79,29.7,22,0
29.9,41,9.7,83,1
34.7,78,11.2,82,1
39.9,61,7.2,0,0
30.5,30,7.8,83,0
39.5,43,25.7,61,0
22.8,45,1.5,59,0
22.6,56,22.2,9,0
37.6,26,4.2,51,0
42.4,45,22.3,68,0
36.4,64,28.2,39,0
38.1,96,2.1,34,1
29.2,69,12.6,95,1
28.5,18,11.3,76,1
29.2,72,27.4,77,1
41.8,33,24.0,8,0
42.6,91,28.7,80,1
28.4,16,12.7,98,1
29.8,59,17.4,13,0
42.3,55,0.1,93,0
20.2,20,0.0,32,0
23.1,76,5.0,79,1
29.2,80,28.9,81,1
21.0,37,1.8,50,0
25.1,93,16.4,18,1
19.0,74,18.6,97,1
34.7,96,22.6,57,1
41.6,35,1.0,7,0
19.8,25,8.3,34,0
24.9,16,19.2,28,0
22.6,83,27.5,8,1
33.6,36,15.6,41,0
37.1,91,8.2,41,1
36.8,42,26.9,62,0
31.6,90,6.9,43,1
31.5,88,14.1,76,1
32.4,41,11.7,55,0
30.7,95,3.0,47,1
23.9,49,21.9,68,0
26.5,50,24.5,29,0
19.5,45,10.2,55,0
41.6,82,10.7,70,1
29.1,95,28.9,54,1
41.1,68,6.3,39,0
42.5,65,0.5,62,0
40.8,36,2.6,11,0
25.9,64,5.0,17,0
26.4,98,8.6,13,1
18.6,31,25.6,44,0
25.9,79,10.5,100,1
35.1,56,12.2,30,0
22.3,50,19.2,60,0
38.6,90,9.9,57,1
42.9,61,23.2,41,0
42.2,77,26.3,32,0
39.9,60,21.8,95,0
26.9,36,5.1,42,0
40.4,68,13.7,75,1
19.4,99,14.8,41,1
41.0,76,17.7,81,1
34.8,87,20.6,54,1
41.7,41,23.6,50,0
24.9,89,28.5,72,1
19.4,22,24.6,85,1
27.2,19,13.1,7,0
25.1,26,10.3,91,1
43.4,51,4.3,72,0
30.7,55,6.6,88,1
27.2,40,20.3,77,1
28.1,46,10.0,78,1
29.3,54,3.9,55,0
18.6,22,15.3,18,0
28.7,46,6.1,52,0
19.9,91,14.9,63,1
30.1,81,5.4,48,1
44.9,39,19.8,88,1
19.1,28,21.4,78,0
31.0,64,1.4,31,0
44.6,44,1.8,47,0
25.6,82,19.5,31,1
35.6,70,1.6,23,0
35.0,40,2.6,60,0
32.6,35,20.5,8,0
33.7,68,14.6,92,1
31.5,73,23.5,58,0
41.0,58,23.0,58,0
26.4,59,9.0,79,1
23.6,79,3.3,42,1
23.5,29,3.2,6,0
28.3,41,17.2,47,0
24.3,21,16.1,93,1
23.2,46,5.7,10,0
27.9,23,9.3,83,1
26.5,18,13.9,18,0
24.8,70,4.2,54,0
28.4,51,21.5,40,0
45.0,53,9.2,64,0
29.8,28,28.0,53,0
33.2,46,22.0,32,0
30.2,89,13.6,6,1
33.7,21,13.1,41,0
42.8,59,5.0,4,0
24.2,61,15.2,26,0
30.5,29,4.8,69,0
32.5,82,29.6,71,1
42.1,90,20.1,91,1
43.8,53,24.9,45,0
28.4,57,18.7,8,0
25.5,65,19.7,37,0
29.7,56,4.3,74,0
18.8,24,29.1,21,0
41.6,82,11.3,68,1
26.9,78,26.7,100,1
31.6,75,22.9,76,1
38.6,30,26.8,38,0
30.2,20,22.5,78,0
29.4,33,22.8,43,0
38.1,79,20.9,7,0
36.0,74,14.5,91,1
40.4,78,7.2,89,1
19.2,46,3.2,12,0
35.9,16,22.4,75,0
21.4,26,11.6,34,0
31.0,37,14.6,36,0
22.8,79,21.3,85,1
41.5,86,22.6,62,1
27.1,26,28.8,87,0
29.4,65,15.6,65,1
27.4,74,3.3,41,0
40.6,68,2.4,53,0
33.1,89,26.7,5,1
24.5,45,11.6,52,1
18.4,87,26.5,40,0
36.8,29,25.9,9,0
23.6,57,12.5,24,0
21.6,62,27.9,65,0
28.1,92,12.1,75,1
20.2,33,19.2,54,0
30.2,54,16.7,97,1
33.7,85,9.1,61,1
38.3,79,18.8,52,1
20.3,69,27.9,7,0
22.4,95,1.5,90,1
28.5,38,5.4,44,0
37.8,69,7.5,30,0
43.4,32,14.5,51,0
42.8,16,3.3,49,0
44.3,92,2.7,64,1
24.6,98,0.5,67,1
36.0,43,24.4,0,0
39.3,37,5.8,52,0
27.4,75,6.2,94,1
31.2,62,11.7,93,1
22.5,92,15.6,8,1
39.6,16,25.1,90,0
23.9,35,14.1,2,0
38.3,54,23.0,22,0
26.2,63,6.2,41,0
36.5,44,23.6,52,0
21.1,80,20.7,19,0
44.1,84,0.1,54,1
26.9,100,29.5,17,0
33.2,40,27.6,85,0
37.2,27,19.7,20,0
38.6,74,14.5,77,1
39.9,41,19.1,54,0
28.6,65,19.5,78,1
31.0,79,2.2,31,0
29.2,56,17.4,35,0
18.3,40,29.3,62,0
19.3,37,20.0,76,1
44.7,18,25.0,62,0
23.9,96,20.7,85,1
35.8,34,21.3,94,0
21.4,72,28.6,42,0
30.2,27,17.5,43,0
40.0,46,1.6,51,0
30.3,22,13.7,8,0
36.9,65,9.9,36,0
25.9,84,18.1,64,1
22.3,91,28.7,30,1
31.6,36,27.3,91,0
26.9,50,17.6,56,0
29.2,88,2.7,51,1
29.0,60,13.2,44,0
31.7,36,28.8,90,0
20.9,87,19.7,84,1
37.1,87,20.0,3,0
33.2,86,25.7,74,1
23.1,47,22.2,40,0
31.0,67,25.9,9,0
42.8,83,25.3,43,1
27.2,19,21.2,74,0
36.8,91,10.4,51,1
31.9,33,28.4,72,1
44.3,61,28.8,96,1
38.4,64,24.2,14,0
39.1,26,4.6,58,0
29.2,28,16.9,41,0
29.1,82,14.8,5,1
21.7,100,4.2,28,1
37.2,85,28.2,12,0
22.3,88,18.5,50,1
29.6,43,13.3,2,0
35.5,43,8.9,32,0
24.0,63,10.8,61,1
30.4,27,17.4,89,0
27.4,99,25.7,62,1
40.7,39,17.7,62,0
18.9,48,11.7,57,0
34.2,24,11.8,92,1
18.2,58,8.1,54,0
35.7,78,22.4,30,0
38.4,81,29.0,54,1
21.4,35,9.9,12,0
44.1,37,12.7,53,0
26.5,78,23.3,6,0
33.2,81,1.6,1,0
39.0,64,3.7,40,0
39.3,16,1.2,9,0
36.1,19,13.5,66,0
43.3,47,11.8,97,0
35.0,78,8.5,51,1
24.3,88,19.1,4,1
34.3,28,6.3,73,1
26.6,88,11.3,8,1
23.9,28,6.0,1,0
25.9,99,16.2,32,1
39.4,37,10.8,8,0
20.3,89,19.7,25,1
34.2,16,17.3,21,0
25.6,38,9.4,57,0
34.9,90,1.1,87,1
38.5,32,7.4,69,0
36.3,74,11.7,55,0
44.8,64,24.9,93,1
33.6,55,26.9,9,0
39.1,54,0.5,27,0
34.5,75,16.5,68,1
25.7,100,21.0,24,0
32.3,80,5.9,30,1
36.6,87,19.9,81,1
41.6,72,21.2,23,0
38.3,46,15.3,0,0
21.3,54,16.8,70,1
21.2,43,24.7,13,0
39.9,80,12.4,43,1
40.4,66,25.3,63,0
34.0,100,16.8,77,1
38.6,44,1.8,19,0
44.2,71,9.6,56,0
18.9,79,18.7,23,1
36.3,16,6.3,1,0
29.8,82,14.5,76,1
22.6,91,14.2,22,1
26.7,74,1.9,51,0
33.6,68,14.3,33,0
20.6,54,9.5,57,0
38.7,60,13.3,38,0
36.3,81,16.0,41,0
37.4,98,25.3,77,1
44.1,29,24.5,46,0
38.6,28,24.6,40,0
30.9,46,23.6,69,0
20.0,73,12.8,94,1
31.4,19,19.5,7,0
38.3,83,0.3,77,1
23.5,41,29.8,74,0
25.0,56,21.1,22,0
26.6,69,1.5,80,1
38.2,59,11.3,88,0
41.1,84,17.3,31,0
34.8,61,4.2,98,1
30.2,58,2.3,43,0
41.0,96,4.0,24,0
32.7,96,6.1,21,1
44.9,33,13.9,48,0
36.0,100,11.7,20,1
42.6,63,17.4,59,0
31.0,38,28.6,27,0
30.7,41,20.5,44,0
44.8,75,16.8,56,1
29.2,27,17.1,24,0
39.5,34,5.4,73,0
20.4,37,28.0,89,0
21.8,15,26.0,97,1
23.0,45,20.6,32,0
42.6,61,8.2,47,0
19.7,84,18.4,40,1
42.2,45,2.6,98,0
19.4,44,10.4,28,0
23.5,35,15.2,55,0
23.2,100,9.1,78,1
26.3,72,17.4,96,1
43.7,61,13.3,54,1
33.8,70,19.6,11,0
22.0,61,1.8,53,0
41.0,67,27.2,40,0
25.9,95,6.3,56,1
19.4,82,24.7,68,1
23.7,88,5.1,46,1
29.9,81,17.9,83,1
25.8,74,28.0,85,1
28.6,24,11.9,31,0
41.0,52,11.6,13,0
22.3,65,29.0,19,0
38.8,45,28.3,89,0
26.4,21,15.5,36,0
25.6,25,19.0,55,0
24.9,98,21.2,87,1
24.2,27,1.8,88,0
28.5,45,23.1,55,0
44.6,33,15.7,46,0
26.3,52,22.5,68,0
26.9,93,27.4,48,0
22.4,88,10.6,97,1
35.1,80,9.4,54,1
19.0,68,22.4,94,1
22.9,64,26.7,37,0
34.0,96,3.1,33,1
35.8,40,15.3,81,1
20.9,63,26.7,17,0
25.5,18,12.5,80,1
32.7,51,9.6,60,0
40.9,33,27.3,55,0
19.5,37,27.3,35,0
42.2,82,17.2,44,0
38.0,16,13.8,8,0
43.0,74,22.7,78,1
28.1,36,7.3,84,1
44.7,96,27.9,3,0
29.7,27,7.6,43,0
43.1,99,6.0,15,1
38.6,47,13.7,97,0
27.6,23,5.1,70,1
25.9,89,5.3,0,1
31.7,100,27.0,9,0
39.2,38,1.4,75,0
21.7,71,26.2,70,1
21.2,35,12.5,55,0
27.0,20,25.5,97,0
30.9,44,29.6,17,0
38.2,91,1.9,76,1
24.4,46,24.6,88,0
27.9,36,14.6,76,1
40.0,45,16.8,64,0
26.0,44,14.5,50,0
24.9,91,17.5,34,1
40.8,86,22.7,94,1
18.5,43,29.6,66,0
35.3,27,8.6,52,0
24.6,31,17.7,5,0
26.6,17,10.0,7,0
43.3,80,25.6,84,1
27.0,18,25.1,15,0
21.4,42,14.0,21,0
19.6,21,14.5,36,0
30.7,44,17.0,88,0
30.7,77,28.2,91,1
18.8,47,10.7,67,0
36.6,82,11.9,86,1
38.4,76,8.8,35,1
28.2,63,28.4,56,0
23.9,63,21.9,98,1
41.0,75,7.9,18,0
33.1,84,0.0,55,1
34.0,79,19.2,45,0
39.3,89,18.8,0,0
23.8,46,23.2,14,0
18.5,65,18.2,90,1
31.0,71,11.2,88,1
29.3,52,28.4,6,0
36.0,27,12.8,51,0
32.1,73,9.5,33,0
32.9,46,10.1,62,0
41.9,35,18.3,65,0
38.4,43,0.3,79,0
24.5,61,4.1,89,1
19.1,98,16.1,44,1
22.9,86,25.1,30,1
37.0,18,2.8,32,0
39.9,77,25.1,38,0
44.4,49,21.8,25,0
30.1,74,1.1,97,1
43.7,20,17.3,53,0
32.4,92,9.3,49,1
33.5,72,7.0,49,0
39.1,19,19.9,98,0
18.6,75,6.2,51,1
42.4,89,2.9,6,0
41.4,17,8.8,14,0
44.1,55,12.9,81,0
42.0,19,14.2,91,0
39.7,79,19.8,64,1
35.9,23,20.3,54,0
33.9,64,9.6,59,0
24.3,46,9.2,8,0
18.9,83,25.8,56,1
42.8,68,13.5,14,0
28.4,76,20.8,70,1
32.9,33,25.2,75,0
22.5,77,22.7,79,1
40.9,80,11.0,83,1
25.0,89,1.9,51,1
35.2,52,3.0,89,0
36.3,86,23.4,47,0
30.6,44,1.9,35,0
30.3,68,6.1,67,1
27.9,66,29.1,2,0
40.2,70,22.5,32,0
32.8,27,8.1,39,0
18.1,49,1.1,56,0
29.1,34,7.2,15,0
37.6,54,29.1,5,0
38.8,92,14.6,74,1
32.1,35,5.3,71,1
35.9,57,22.5,39,0
30.2,41,22.3,33,0
37.2,88,24.7,76,1
42.2,62,3.4,82,1
31.0,39,24.4,52,0
40.2,56,29.8,57,0
31.7,74,25.1,89,1
43.8,76,27.3,7,0
23.1,90,22.3,18,1
35.5,90,1.7,55,1
30.4,86,9.7,91,1
18.1,96,3.2,37,1
36.9,47,1.8,20,0
28.2,22,1.4,15,0
42.3,67,20.5,63,0
27.5,76,23.3,0,1
21.0,34,26.4,73,1
20.8,70,6.4,41,0
29.1,52,5.4,89,1
22.2,92,27.5,88,1
23.7,85,18.9,62,1
30.5,32,28.0,21,0
18.9,59,9.4,9,0
35.3,44,17.2,40,0
26.3,68,8.2,61,1
27.1,21,24.8,49,0
44.7,80,4.7,83,1
36.4,70,18.6,50,0
26.6,59,1.0,23,0
42.6,45,7.7,89,1
41.5,75,6.8,17,0
39.4,22,24.5,91,0
28.4,70,12.2,41,0
35.7,56,7.0,81,0
25.5,95,29.1,14,1
44.4,50,6.6,28,0
43.5,79,22.4,9,0
32.9,16,11.0,8,0
44.4,81,1.0,42,0
24.1,29,6.7,99,1
41.1,98,16.8,37,1
27.0,62,4.0,14,0
21.2,71,0.3,94,1
36.0,78,0.3,20,0
43.5,19,16.9,68,0
42.0,49,8.7,16,0
27.3,90,17.5,89,1
33.9,98,5.2,40,1
28.7,34,26.2,31,0
29.6,19,11.5,23,0
36.0,23,11.0,61,0
41.6,72,20.8,46,0
41.4,40,14.2,66,0
33.9,42,2.0,22,0
39.7,49,23.0,32,0
32.3,17,20.1,79,0
29.4,35,3.4,34,0
38.6,65,8.3,48,0
26.6,70,23.1,31,0
39.9,31,25.4,33,0
19.1,80,2.8,0,0
25.3,28,5.0,92,1
20.0,86,16.1,5,1
34.2,99,7.5,57,1
33.0,97,21.8,93,1
39.9,66,15.5,62,1
24.7,16,15.6,2,0
31.9,90,18.2,1,1
41.0,80,1.3,15,0
18.4,42,8.5,3,0
44.8,85,25.2,14,0
27.2,43,10.2,82,1
37.5,99,13.0,75,1
19.0,38,28.8,99,0
45.0,27,12.3,53,0
26.2,17,26.7,81,0
22.3,52,27.2,57,0
38.9,33,15.2,19,0
33.3,39,11.9,20,0
30.3,49,18.7,71,0
33.8,56,18.0,22,0
18.1,89,4.5,31,1
20.1,48,22.4,47,0
44.2,60,14.9,15,0
28.6,77,25.5,65,1
20.6,17,8.6,73,1
27.3,22,9.1,64,0
36.2,65,8.7,12,0
25.3,20,15.9,18,0
41.7,39,23.8,16,0
40.9,17,14.2,18,0
42.1,85,27.5,49,0
20.5,38,12.4,27,0
27.8,61,14.7,41,1
28.7,79,22.4,88,1
41.1,40,17.3,39,0
32.0,62,8.1,35,0
36.2,75,15.4,45,1
32.7,80,3.7,22,0
29.7,64,11.2,78,1
22.8,100,27.5,53,1
43.7,70,20.7,17,0
29.2,45,2.5,22,0
27.2,47,3.7,26,0
38.0,59,29.0,81,0
40.5,19,4.8,100,0
42.1,17,2.6,58,0
20.2,18,12.6,72,1
27.8,17,4.0,49,0
25.7,73,6.7,46,0
25.5,97,8.5,31,1
20.0,42,5.6,30,0
40.3,70,25.1,95,1
44.1,88,19.1,54,1
35.3,47,14.1,82,1
21.7,21,21.4,12,0
35.9,22,8.9,70,0
31.8,46,22.3,71,0
28.6,25,19.3,57,0
37.2,94,22.6,82,1
23.1,51,4.3,41,0
34.0,93,3.9,33,0
27.7,78,14.3,98,1
30.3,47,10.9,86,1
19.3,28,19.8,66,0
41.7,38,2.8,36,0
26.3,19,6.8,48,0
32.3,89,24.8,91,1
31.2,79,26.2,22,0
38.5,100,8.6,42,1
36.7,90,23.2,31,0
35.9,91,9.3,96,1
19.5,64,17.3,92,1
36.4,37,15.8,30,0
35.4,21,4.5,40,0
29.0,68,21.4,90,1
30.8,52,12.3,56,0
30.2,100,23.8,66,1
32.0,70,6.5,53,0
41.6,88,9.8,91,1
39.1,56,29.3,74,0
37.0,23,3.4,71,0
38.2,37,6.9,80,0
44.0,21,2.6,35,0
23.8,77,17.1,17,1
36.2,79,27.5,74,1
41.9,60,8.8,72,1
41.7,74,17.1,90,1
33.0,95,4.6,17,0
19.2,97,3.7,100,1
20.6,47,5.3,52,0
34.1,65,5.5,10,0
31.2,90,10.2,32,1
38.7,20,17.0,50,0
20.7,100,29.7,1,1
18.2,48,18.9,45,0
36.8,38,8.2,84,0
31.1,97,8.8,92,1
43.9,69,10.5,84,1
34.7,81,6.0,5,1
21.1,30,17.6,19,0
19.7,98,6.5,32,1
38.5,45,9.8,55,0
28.1,72,20.4,63,1
23.7,31,11.6,98,1
32.4,76,9.7,26,0
18.2,97,17.7,76,1
24.9,75,27.4,9,1
42.2,95,5.5,65,1
43.8,67,2.6,84,1
34.1,76,25.3,50,1
42.0,67,18.1,63,0
30.8,26,13.8,96,0
25.8,44,11.0,54,0
35.7,46,23.5,94,0
23.9,59,22.7,49,0
28.0,33,26.5,41,0
30.0,63,14.7,40,0
30.8,86,22.8,95,1
35.9,37,15.7,28,0
34.1,74,25.2,34,0
38.2,24,5.5,48,0
25.0,96,23.7,26,1
36.1,45,3.2,73,0
22.8,71,10.0,89,1
24.9,89,26.0,4,1
26.6,95,18.2,43,1
42.0,66,6.5,2,0
35.6,40,11.7,91,0
39.4,21,10.8,9,0
25.0,72,15.3,94,1
19.5,53,25.2,64,0
20.4,98,10.9,96,1
41.6,75,22.5,85,1
24.7,68,10.9,20,1
42.9,35,23.0,76,0
33.7,84,11.8,58,1
36.8,57,10.8,66,0
33.8,19,14.2,23,0
42.8,64,18.3,76,1
26.8,85,5.5,61,1
19.3,31,17.2,27,0
23.7,31,11.7,73,1
30.7,48,12.6,20,0
24.7,84,25.3,36,0
27.7,76,2.5,17,1
44.8,82,8.0,89,1
35.4,23,21.7,45,0
38.3,75,13.1,46,1
33.1,35,4.7,88,0
27.8,31,20.7,41,0
31.2,18,26.1,55,0
18.2,100,4.5,18,1
39.0,37,18.3,28,0
27.6,33,16.3,56,0
34.5,28,11.2,24,0
39.7,91,19.5,38,1
43.5,67,15.8,39,0
25.2,50,20.3,41,0
30.3,34,26.9,31,0
38.5,30,30.0,45,0
32.2,21,28.0,61,0
28.9,54,24.6,44,0
38.2,58,16.3,83,0
26.6,16,3.3,71,1
33.0,68,14.6,62,0
24.8,70,2.4,27,0
32.3,85,28.6,48,0
40.4,96,8.9,97,1
24.5,43,7.0,56,0
25.5,88,12.3,29,1
43.7,88,26.8,18,0
39.4,70,27.6,21,0
21.1,24,10.3,23,0
31.1,41,16.5,81,1
24.6,55,1.5,21,0
34.2,16,9.6,81,0
24.8,31,22.5,3,0
30.9,97,16.9,20,1
20.1,60,28.5,62,1
24.4,67,11.3,73,1
38.3,55,17.4,77,1
20.5,53,14.5,92,1
28.5,61,6.1,56,1
32.3,59,15.7,38,0
38.2,59,27.1,46,0
21.1,29,24.0,78,1
24.8,48,7.9,92,1
43.2,23,27.6,31,0
26.6,58,14.4,61,0
31.1,45,13.2,20,0
21.8,79,8.2,58,1
28.0,24,23.6,79,0
43.0,87,25.0,60,1
28.1,90,26.1,68,1
21.4,38,24.4,5,0
39.0,22,9.7,1,0
25.7,29,13.1,48,0
32.9,51,1.0,93,0
19.8,43,8.3,23,0
29.0,99,22.2,60,1
44.5,39,18.3,31,0
38.9,67,10.1,25,0
41.7,39,26.3,47,0
43.5,55,28.0,74,0
18.5,65,29.9,20,0
23.0,30,17.8,0,0
31.2,77,22.9,41,1
30.7,98,25.8,18,1
44.6,74,25.6,54,0
19.3,75,13.7,74,1
39.9,46,26.0,49,0
18.7,78,19.7,63,1
39.9,57,29.3,96,0
36.5,52,8.3,46,0
30.0,32,18.0,20,0
42.2,18,20.6,2,0
34.5,38,20.7,18,0
27.6,72,15.5,44,0
28.4,17,10.0,38,0
37.9,69,15.0,8,0
29.9,41,17.5,98,1
22.4,96,9.5,11,1
39.2,85,13.8,4,1
36.1,53,0.2,42,0
38.6,85,24.2,46,0
38.0,58,18.6,61,0
29.8,42,26.1,47,0
38.8,18,10.5,24,0
29.0,68,13.5,8,0
32.4,55,11.6,31,0
30.1,18,24.8,23,0
41.4,81,28.1,28,0
33.4,86,23.1,14,0
44.4,88,5.1,10,0
30.8,76,7.2,54,1
33.3,82,11.2,27,0
29.0,48,20.5,64,0
44.4,69,23.4,97,1
43.1,69,13.3,25,0
28.7,58,20.0,5,0
30.8,62,29.9,44,0
27.6,46,22.1,96,1
25.8,15,9.6,95,1
36.1,71,14.4,84,1
27.6,16,8.8,22,0
36.6,83,19.5,94,1
32.8,18,18.8,40,0
32.3,34,6.3,62,0
25.9,61,23.5,80,1
19.3,17,4.6,14,0
39.4,25,11.1,59,0
33.7,29,12.2,1,0
36.1,69,23.0,14,0
27.3,61,18.9,55,1
24.2,51,0.5,35,0
35.9,60,1.4,5,0
27.1,53,1.0,82,1
33.9,31,18.8,2,0
41.6,88,18.7,4,1
28.4,92,23.7,79,1
27.0,98,10.4,89,1
40.3,20,27.6,28,0
28.6,86,6.5,37,1
21.8,36,9.1,41,0
42.7,27,14.5,67,0
24.4,23,23.5,98,0
41.5,100,5.5,34,1
35.2,93,18.9,90,1
28.8,46,20.1,4,0
37.7,48,10.7,75,1
18.5,85,26.0,69,1
31.4,36,25.3,13,0
18.3,88,11.3,94,1
19.4,89,15.1,57,1
20.0,16,28.6,64,0
42.0,67,28.8,71,0
24.0,17,6.9,80,1
25.9,92,3.3,23,1
20.6,21,3.0,32,0
25.0,67,11.6,19,0
29.9,29,4.6,44,0
29.4,31,13.2,75,1
30.2,37,23.1,20,0
27.6,78,23.8,81,1
43.4,77,8.4,4,1
19.6,87,19.4,78,1
21.2,44,19.6,11,0
38.9,27,28.0,4,0
22.7,25,8.0,98,1
30.1,68,10.0,33,0
38.7,62,5.6,33,0
44.2,99,15.0,81,1
34.2,68,22.2,36,0
24.9,99,20.2,73,1
40.6,74,16.7,32,0
31.7,69,4.1,77,1
39.9,39,13.3,76,0
43.1,36,9.4,22,0
36.1,15,21.2,62,0
35.8,30,9.3,33,0
18.1,36,13.1,15,0
27.5,51,4.6,45,0
28.4,86,5.9,55,1
40.4,41,16.0,15,0
27.3,16,17.3,45,0
43.1,95,10.9,18,1
27.2,62,12.1,69,1
35.2,80,27.1,82,1
42.9,16,13.2,60,0
22.1,39,6.2,4,0
35.7,42,14.7,13,0
22.1,75,4.8,31,1
22.2,67,3.8,57,1
29.9,70,26.5,42,0
39.4,30,17.4,37,0
32.5,72,19.2,58,0
33.8,34,29.3,37,0
34.4,39,23.6,25,0
31.2,96,26.5,20,0
29.0,48,21.3,77,0
42.6,57,6.9,83,0
42.2,97,15.0,97,1
18.9,24,11.9,91,1
41.6,76,13.5,1,1
24.6,20,27.5,70,1
24.0,40,3.1,40,0
31.8,28,11.9,35,0
40.1,35,7.5,17,0
19.6,30,26.1,28,0
32.3,93,19.3,46,1
19.9,60,8.3,85,1
33.2,84,27.3,46,1
24.6,26,25.8,74,0
18.6,63,23.2,1,0
29.3,38,7.1,48,0
19.6,65,1.1,18,0
42.6,98,5.2,18,0
41.3,78,16.6,77,1
21.9,58,3.1,100,1
44.8,33,26.1,54,0
20.7,46,10.1,53,0
19.8,82,8.7,9,1
41.4,93,26.7,63,1
18.5,32,21.3,67,0
19.0,93,14.3,45,1
41.4,69,15.9,53,0
19.3,83,6.4,70,1
38.6,86,27.9,86,1
21.1,20,13.3,28,0
44.6,21,15.8,58,0
42.9,40,17.4,24,0
18.3,34,0.8,6,0
40.8,100,11.7,50,1
31.0,95,5.3,83,1
31.3,80,24.8,83,1
34.8,83,25.3,78,1
19.7,36,13.9,68,0
42.0,37,4.6,100,0
22.7,88,13.6,86,1
44.0,56,7.7,14,0
34.0,46,16.5,37,0
38.8,62,8.7,82,1
31.7,66,23.6,46,0
25.2,84,1.6,60,1
40.4,88,5.2,34,1
23.9,67,29.6,66,0
30.9,59,10.8,81,1
27.9,17,8.4,43,0
24.6,78,10.8,1,1
38.2,19,18.5,6,0
21.1,33,2.8,9,0
38.7,90,21.2,0,0
23.2,45,3.3,96,1
36.2,89,12.6,2,0
19.3,54,12.2,11,0
36.3,41,9.8,0,0
22.5,37,24.3,49,0
36.5,41,2.3,49,0
21.5,64,12.0,29,0
21.2,27,8.8,70,1
23.1,15,1.9,10,0
21.3,89,8.9,59,1
19.2,29,18.1,81,1
27.8,85,2.2,90,1
18.2,57,12.4,56,0
35.2,35,24.1,28,0
34.1,26,14.2,55,0
27.8,48,3.3,83,0
22.1,38,24.2,67,0
30.9,27,1.6,53,0
38.0,17,5.1,74,0
44.1,61,26.5,56,0
25.8,100,9.0,5,1
30.7,78,10.1,19,0
37.3,94,27.9,63,1
22.4,30,9.5,59,0
34.9,82,17.8,91,1
28.8,85,25.9,12,1
44.2,55,26.0,14,0
19.8,35,21.7,14,0
25.9,79,9.4,46,1
44.1,71,6.5,86,1
30.0,75,26.9,91,1
20.5,15,20.5,51,0
26.7,55,19.6,69,0
30.8,15,5.8,0,0
35.5,26,28.0,51,0
30.5,64,3.1,83,1
21.1,31,13.6,68,0
41.1,100,28.6,80,1
20.4,35,0.9,31,0
30.7,63,10.7,54,0
18.3,23,17.1,85,1
43.1,55,8.7,16,0
37.5,71,16.6,19,0
20.0,68,26.1,26,0
38.6,37,9.1,84,0
40.6,47,26.4,60,0
41.7,99,11.9,55,1
25.4,82,4.4,29,0
35.4,52,3.8,9,0
29.4,80,7.9,7,1
32.0,91,24.3,12,1
36.9,93,4.5,35,0
28.6,33,1.9,96,1
25.7,47,9.7,97,1
20.7,70,22.6,34,0
39.4,16,12.9,99,0
35.4,51,3.1,88,0
30.8,98,3.1,28,1
36.2,97,12.8,30,1
20.8,16,28.4,69,0
40.9,20,19.2,68,0
33.6,56,13.6,48,0
21.0,82,6.8,1,1
20.9,56,19.0,35,0
25.7,54,25.1,30,0
25.2,43,11.1,83,1
41.1,75,7.5,97,1
30.9,27,19.9,64,0
22.2,61,25.1,9,0
39.5,55,1.5,0,0
23.8,17,2.5,95,0
32.0,94,11.9,73,1
25.3,17,22.1,45,0
33.2,56,21.7,84,0
18.9,59,14.5,73,1
31.6,82,8.0,93,1
28.5,79,1.5,26,1
34.4,37,8.6,54,0
20.6,91,10.4,34,1
39.9,96,24.9,48,0
38.0,80,19.4,78,1
31.8,83,29.9,95,1
19.5,79,24.0,11,0
22.1,100,24.7,58,1
27.0,32,26.3,19,0
23.7,25,5.6,49,0
31.5,59,0.1,88,0
32.0,59,28.3,54,0
29.5,73,21.0,33,0
23.1,37,14.9,90,1
23.1,40,9.5,62,0
36.9,47,5.4,100,0
36.3,54,21.7,1,0
24.8,19,13.2,30,0
25.0,62,19.5,58,1
34.7,93,8.6,43,0
44.4,99,9.9,72,1
35.9,57,6.8,82,0
41.3,88,10.9,88,1
31.3,92,24.0,90,1
24.0,52,20.1,23,0
23.7,89,10.4,19,1
32.1,95,3.0,87,1
21.4,34,2.6,41,0
20.8,96,2.2,83,1
19.4,18,14.3,24,0
43.5,20,5.3,33,0
44.3,50,28.6,99,0
37.2,28,5.1,17,0
22.9,36,27.2,71,1
39.2,82,22.6,90,1
19.6,88,9.1,74,1
24.7,16,29.5,45,0
41.7,81,6.2,79,1
21.3,29,12.7,94,1
23.0,63,19.5,66,1
34.7,91,6.3,8,1
20.9,44,2.2,57,0
26.1,91,16.3,100,1
32.6,40,13.3,35,0
29.8,44,16.3,12,0
39.4,72,1.8,32,0
25.2,36,9.2,46,0
26.3,71,25.7,1,0
26.7,44,27.5,41,0
43.5,81,3.9,26,0
32.9,27,20.0,99,1
18.7,86,24.3,72,1
38.1,81,29.8,7,0
37.7,83,8.4,61,1
44.3,36,28.8,65,0
37.9,43,13.9,47,0
38.8,27,9.6,30,0
38.1,72,23.2,48,0
29.2,78,1.8,84,1
23.8,44,2.7,73,0
37.4,26,30.0,75,0
27.1,43,0.8,31,0
23.6,29,25.2,32,0
24.2,78,18.7,59,1
38.9,42,14.6,80,1
23.7,68,2.9,68,1
21.7,21,26.9,36,0
32.0,20,14.3,12,0
22.9,49,13.5,88,1
21.4,70,16.8,61,1
22.0,56,1.8,54,0
40.5,88,19.8,3,1
37.3,43,11.5,56,0
35.2,31,0.7,57,0
42.5,19,18.6,61,0
39.9,92,0.7,29,0
36.8,56,0.3,68,0
33.3,68,16.2,95,1
25.5,70,9.8,90,1
45.0,83,23.4,93,1
25.1,38,1.0,40,0
19.5,96,10.8,10,1
42.9,100,9.8,61,1
18.3,37,1.5,93,1
35.4,55,18.0,76,0
19.0,18,2.1,32,0
20.1,19,10.5,80,1
19.4,95,14.4,73,1
40.8,49,28.6,45,0
32.0,15,29.3,1,0
42.0,19,0.7,91,0
24.9,60,7.6,59,1
32.3,42,8.9,68,0
27.5,61,12.2,36,1
33.7,33,25.8,50,0
21.6,71,12.7,10,0
32.3,75,18.1,94,1
20.4,79,3.4,85,1
39.4,64,10.6,87,1
19.6,30,11.0,42,0
18.6,45,3.3,2,0
41.4,24,23.3,32,0
35.1,50,14.4,61,0
41.7,27,18.8,88,0
39.0,35,21.0,15,0
30.4,75,1.7,46,0
44.0,27,12.4,32,0
25.5,90,12.6,46,1
31.6,38,7.5,39,0
43.4,84,6.8,65,1
41.4,45,25.9,80,0
25.3,50,23.0,91,1
40.1,35,23.4,58,0
44.4,26,21.5,34,0
44.2,88,29.8,2,0
33.5,54,11.5,97,1
24.9,66,7.0,74,1
35.4,52,16.8,64,0
33.1,97,28.7,96,1
30.9,100,19.2,61,1
39.7,88,14.1,26,1
32.3,56,7.4,18,0
21.0,27,25.7,58,0
29.4,83,17.1,39,1
29.8,73,13.0,88,1
38.3,93,2.4,15,0
23.1,61,4.9,32,0
27.2,99,19.5,26,1
30.1,89,14.9,1,1
39.4,68,22.6,57,0
33.5,18,18.9,83,1
37.8,42,23.9,93,0
35.6,68,14.5,84,1
41.1,72,14.3,61,0
25.3,60,24.1,59,0
21.6,61,29.9,95,1
36.8,61,11.1,36,0
34.7,19,19.2,100,1
36.7,83,9.6,41,0
28.0,95,6.5,33,1
43.2,85,8.1,43,1
37.2,98,14.2,96,1
23.7,58,20.7,23,0
37.1,57,0.8,72,0
43.7,16,20.6,20,0
43.1,75,3.9,80,1
30.8,88,9.8,64,1
31.4,86,17.4,34,1
37.9,97,29.5,51,0
24.3,69,24.3,69,0
39.3,38,23.3,55,0
25.1,37,19.2,98,1
44.0,51,5.9,46,0
19.5,76,18.1,50,1
29.7,43,14.3,99,1
36.4,47,4.2,62,0
29.3,51,16.9,8,0
21.0,39,28.3,54,0
27.0,75,24.1,43,1
22.8,19,3.0,77,0
27.4,93,14.3,7,1
34.9,33,6.2,61,0
18.6,23,5.9,96,1
40.3,89,0.6,26,0
26.1,37,24.9,55,0
41.2,37,22.7,35,0
25.6,85,0.1,89,1
36.2,96,10.6,78,1
21.2,97,20.8,73,1
29.4,48,1.2,8,0
32.6,85,13.9,76,1
25.1,60,17.7,12,0
35.6,18,24.3,29,0
40.0,22,29.8,77,0
44.6,70,19.4,32,0
23.9,52,24.8,71,0
37.5,60,26.4,86,1
41.9,82,15.0,49,0
30.8,76,7.2,80,1
35.0,56,1.6,31,0
40.0,37,26.2,60,0
36.5,25,29.9,73,0
40.0,66,4.8,5,0
27.5,35,12.7,79,1
21.9,98,19.0,86,1
24.6,74,4.3,71,1
38.6,77,17.7,30,1
41.8,82,17.1,34,1
20.1,36,25.7,55,0
22.5,77,14.4,63,1
28.4,93,2.5,37,0
30.0,36,17.9,79,1
26.5,51,3.0,40,0
24.0,100,15.4,18,1
25.7,48,2.3,1,0
39.8,87,2.1,76,1
24.7,46,13.7,23,0
27.8,82,27.7,37,1
28.7,60,9.5,10,1
23.7,41,27.1,84,0
18.8,29,21.6,65,0
28.0,71,25.3,11,0
30.9,20,21.7,91,0
44.7,74,8.3,24,0
42.4,72,10.8,3,0
45.0,15,5.5,13,0
23.8,42,7.1,76,1
39.9,99,1.3,0,0
35.8,52,17.0,52,0
20.1,85,18.5,20,1
43.6,48,0.5,0,0
20.1,82,11.4,34,1
29.5,66,1.6,83,1
41.1,49,7.5,69,0
40.5,75,2.5,71,1
44.8,19,28.7,43,0
20.2,55,22.4,8,0
33.4,56,18.3,80,1
19.6,34,14.5,76,1
39.6,50,23.9,96,0
44.9,92,13.1,6,1
24.9,79,25.3,42,1
22.0,75,10.5,34,1
22.8,66,25.9,96,1
28.4,48,19.9,88,1
29.2,29,23.4,97,1
27.1,48,26.4,94,1
22.3,78,3.3,14,1
33.2,27,11.5,47,0
18.6,24,17.0,85,1
27.6,77,1.3,21,1
31.3,85,11.4,41,0
25.1,52,2.7,38,0
38.2,94,29.2,33,0
38.2,78,23.7,2,0
32.5,59,25.4,8,0
40.1,44,13.1,65,0
44.4,37,12.3,32,0
43.6,71,1.3,18,0
19.7,87,20.0,14,1
22.0,15,13.4,48,0
20.1,98,0.3,54,1
20.1,48,6.6,46,0
30.8,100,28.0,76,1
39.2,65,12.3,13,0
26.4,30,26.0,100,0
26.7,18,23.9,55,0
20.2,73,10.4,14,1
41.8,15,27.0,60,0
24.8,79,8.5,47,1
30.3,28,15.9,54,0
31.0,20,13.0,62,0
36.6,92,21.8,22,0
38.5,53,17.6,15,0
23.5,96,17.8,19,1
27.8,72,28.6,95,1
34.8,83,6.7,54,1
42.6,50,23.6,6,0
36.3,28,5.1,98,0
27.3,89,24.3,36,1
35.0,65,17.7,68,1
18.8,37,20.1,21,0
38.4,31,1.8,27,0
20.6,16,25.8,69,0
22.0,77,24.7,4,0
40.9,98,5.1,6,1
28.8,45,13.7,28,0
43.0,94,10.6,79,1
26.6,65,13.1,48,0
29.8,67,4.6,73,1
41.7,59,16.3,50,0
28.4,21,4.0,46,0
44.5,63,15.4,24,0
39.9,94,4.4,41,0
27.7,85,29.8,2,1
34.6,17,18.4,71,1
40.1,98,25.9,63,0
40.1,83,27.4,81,1
42.1,22,29.5,81,0
29.8,56,16.2,65,0
44.8,45,25.5,96,0
24.2,18,22.7,35,0
19.7,55,25.1,91,1
18.0,83,18.3,80,1
42.0,64,8.3,87,1
30.7,94,23.9,36,0
30.6,93,29.3,81,1
38.2,46,1.7,60,0
21.4,98,15.9,3,1
40.9,69,7.9,14,0
18.1,21,9.6,80,1
42.2,30,26.9,69,0
42.7,57,9.0,26,0
31.7,15,16.3,23,0
26.3,63,4.8,21,0
26.8,15,13.3,44,0
24.0,16,11.1,17,0
27.7,55,25.3,7,0
23.1,35,7.6,10,0
39.6,85,15.3,86,1
18.4,61,3.7,79,1
41.7,96,8.0,65,1
27.7,26,24.7,13,0
18.6,15,14.8,80,1
44.4,62,2.0,54,0
34.3,42,6.5,98,0
30.8,94,4.4,99,1
33.2,89,8.0,28,1
30.6,93,6.1,72,1
36.2,37,25.5,77,0
28.1,21,11.0,25,0
39.9,71,2.4,38,0
23.5,41,18.3,38,0
20.3,97,9.4,8,1
24.0,70,11.7,36,0
29.6,41,29.0,44,0
20.3,54,27.0,40,0
44.3,50,11.2,53,0
38.5,62,1.0,69,0
26.6,28,27.5,48,0
39.3,28,16.0,79,1
33.6,67,23.4,30,0
21.5,16,8.4,26,0
39.9,81,15.8,97,1
20.8,87,11.6,98,1
26.8,93,21.8,84,1
31.4,48,0.2,99,0
24.6,84,27.5,48,1
31.9,74,1.2,63,1
22.1,20,22.1,59,0
30.9,79,18.2,54,1
29.2,18,10.7,62,0
32.3,86,23.2,18,0
23.1,20,16.9,3,0
34.4,89,16.3,37,1
31.5,95,20.6,46,0
32.1,65,4.2,0,0
31.7,95,26.3,83,1
40.7,66,13.8,87,1
31.6,98,2.0,54,1
43.6,64,0.3,48,0
41.0,79,20.4,67,0
41.6,35,14.6,6,0
37.6,35,11.1,69,0
28.2,79,27.9,54,1
39.0,72,17.9,20,0
25.7,100,18.3,100,1
44.8,71,0.3,15,0
33.1,82,6.4,71,1
34.7,59,26.6,33,0
42.5,73,16.5,5,0
42.2,83,7.4,32,1
42.3,55,16.2,88,0
42.7,96,4.1,7,0
20.7,23,20.1,64,0
29.4,69,22.4,53,0
19.5,96,18.2,73,1
35.2,53,6.7,3,0
31.5,86,0.3,89,1
30.0,37,27.7,82,1
37.1,45,13.2,16,0
37.8,82,15.8,2,0
44.8,25,10.0,40,0
32.6,96,3.0,80,1
23.4,24,8.5,21,0
40.7,100,10.1,17,0
31.0,92,8.3,92,1
24.6,29,14.9,69,0
30.1,19,10.6,78,1
29.0,32,1.0,39,0
42.9,71,15.6,91,1
24.8,16,22.9,42,0
30.1,67,29.1,17,0
34.2,77,15.3,40,1
27.3,31,9.5,43,0
22.0,57,16.9,54,0
30.3,93,5.4,77,1
44.8,35,4.1,91,0
30.7,49,1.3,85,0
20.7,48,3.1,66,0
29.8,44,16.7,85,1
32.2,45,18.5,25,0
36.0,92,15.7,17,0
27.7,47,12.7,64,0
23.0,67,26.8,11,0
24.1,66,11.2,34,1
33.0,86,27.4,25,1
35.6,25,21.2,98,0
22.3,33,14.4,80,1
18.1,66,0.9,93,1
22.0,69,12.4,36,0
35.2,19,17.6,55,0
25.7,19,17.0,10,0
19.3,28,12.9,45,0
41.6,54,10.2,39,0
19.0,27,14.2,66,0
41.1,31,19.6,62,0
41.3,98,20.7,0,1
26.5,31,10.2,86,1
33.4,73,20.6,25,0
31.5,40,4.7,52,0
28.1,66,17.1,13,0
38.2,22,18.8,86,0
38.3,23,25.9,63,0
23.8,47,0.0,18,0
18.9,17,12.2,22,0
44.4,68,27.2,32,0
26.4,88,19.4,97,1
27.1,70,20.2,45,0
40.9,39,8.5,62,0
20.1,67,0.4,65,1
36.9,60,5.8,70,1
37.5,58,10.8,81,1
31.3,55,16.9,94,0
19.6,23,20.2,41,0
44.0,82,22.1,21,0
19.3,27,12.0,35,0
18.6,99,7.4,17,1
43.9,73,21.1,37,0
38.9,44,6.8,91,0
34.0,54,10.4,58,0
29.6,78,20.8,93,1
41.7,21,8.8,60,0
21.5,96,19.1,50,1
42.7,76,4.5,94,1
23.7,52,3.1,1,0
30.2,99,26.1,2,0
34.1,71,16.8,37,0
34.6,36,17.4,31,0
28.2,48,3.9,16,0
21.4,60,15.2,77,1
44.2,21,29.0,98,0
25.7,90,2.1,43,1
27.8,87,17.2,11,1
38.7,82,22.3,29,0
36.3,59,26.8,44,0
35.6,43,8.6,33,0
19.5,74,20.8,65,0
29.2,98,6.5,93,1
34.0,93,19.5,30,1
43.2,84,22.5,83,1
41.1,94,0.6,60,1
44.9,30,4.7,20,0
35.2,24,5.5,39,0
22.1,99,15.3,40,1
25.1,78,29.2,64,1
23.9,74,19.1,58,1
31.2,62,25.7,56,0
34.8,97,21.6,81,1
43.2,64,20.1,23,0
28.9,47,21.4,97,0
21.5,57,13.6,0,0
34.4,21,7.7,62,0
31.0,94,30.0,95,1
24.5,92,27.7,63,1
35.9,35,21.0,83,0
34.7,94,13.0,24,1
33.3,28,24.3,38,0
25.5,28,26.0,75,1
36.2,79,27.4,57,1
22.1,36,12.0,18,0
18.5,68,24.1,45,0
26.5,88,9.4,61,1
30.1,84,24.9,63,1
27.8,57,22.0,24,0
19.9,97,13.4,99,1
19.9,100,6.4,38,1
26.9,64,26.4,78,1
38.2,74,11.4,80,1
21.8,17,24.1,100,0
22.6,82,12.7,84,1
38.8,60,26.6,66,0
19.5,15,10.5,81,1
43.4,44,15.4,83,0
41.6,68,5.8,78,1
26.9,42,26.6,49,0
23.6,86,14.0,73,1
37.1,78,8.6,49,0
22.8,80,20.3,60,1
23.2,24,22.4,44,0
36.0,41,16.2,17,0
30.0,72,18.1,93,1
26.4,98,9.0,83,1
25.2,29,17.8,72,1
35.8,55,29.1,73,0
28.4,96,7.9,25,1
25.5,88,28.4,91,1
38.7,72,28.2,9,0
30.2,44,20.0,52,0
26.9,97,13.3,41,1
42.2,34,10.5,82,0
39.3,39,2.7,68,0
30.2,17,14.3,74,0
25.4,62,12.4,9,1
29.0,66,21.8,87,1
39.5,26,21.6,6,0
24.3,15,23.1,0,0
28.6,62,10.3,48,0
30.5,68,25.3,98,1
27.8,73,26.5,92,1
33.9,76,14.4,38,0
38.6,58,0.1,66,0
34.6,34,7.2,6,0
39.2,69,22.8,23,0
26.4,77,19.1,53,1
40.6,57,6.6,59,0
40.6,16,9.7,99,0
22.5,91,0.0,62,1
19.9,68,4.5,25,0
43.2,98,11.3,45,0
30.9,21,13.0,15,0
34.3,43,13.0,58,0
27.0,22,8.1,15,0
35.7,88,19.2,87,1
30.0,70,20.2,13,0
33.5,51,12.4,4,0
43.1,64,20.2,70,1
25.3,68,24.8,19,0
34.3,80,6.6,65,1
32.6,54,21.4,57,0
32.6,79,4.6,99,1
30.3,94,12.1,67,1
32.5,70,29.9,57,0
42.9,38,28.2,29,0
41.6,19,17.1,56,0
42.3,47,14.6,42,0
44.7,17,3.5,24,0
28.4,34,21.8,11,0
40.6,63,13.4,93,1
44.1,50,0.5,20,0
22.9,52,22.6,51,0
43.3,97,24.9,15,1
24.5,25,12.6,41,0
33.3,100,19.2,84,1
35.8,62,27.2,52,0
24.4,83,2.6,28,0
41.8,93,1.9,13,0
37.6,45,11.4,74,0
18.7,71,17.8,38,0
37.8,51,18.0,7,0
36.4,84,1.9,12,0
38.5,93,7.6,19,1
33.1,26,30.0,90,1
44.4,94,29.3,20,0
39.3,83,17.9,2,1
31.5,69,28.7,6,0
29.4,81,2.2,37,1
41.2,69,26.9,54,0
20.6,76,22.8,87,1
40.6,50,4.9,0,0
42.0,75,1.5,3,0
38.0,59,16.6,35,0
24.9,97,14.4,91,1
44.3,56,21.0,22,0
45.0,19,6.9,25,0
27.9,81,25.9,11,1
27.4,86,18.3,22,1
36.5,93,9.1,59,1
25.1,27,18.3,75,1
41.3,42,5.4,46,0
34.2,19,2.5,17,0
24.3,48,28.0,17,0
30.0,77,20.9,60,1
32.4,88,9.2,86,1
29.4,37,7.0,84,1
38.0,48,6.0,35,0
32.5,38,2.7,66,0
18.1,30,9.4,43,0
28.9,50,23.4,86,1
41.5,28,6.3,69,0
44.5,46,4.7,26,0
27.8,79,22.7,78,1
24.5,74,9.6,21,0
22.0,43,4.4,30,0
36.9,27,22.2,72,0
39.5,76,23.7,55,1
43.5,36,16.6,62,0
41.9,62,0.6,53,0
41.1,56,23.1,92,0
19.2,54,23.5,21,0
42.1,20,14.3,86,1
22.3,63,5.6,94,1
32.1,38,17.3,93,1
18.6,69,26.3,20,0
35.3,79,28.6,92,1
28.3,82,1.8,45,1
21.6,32,12.5,96,1
43.3,100,2.5,52,1
28.1,17,1.9,47,0
41.0,96,28.2,95,1
44.7,42,25.1,98,0
40.4,51,28.1,56,0
43.0,63,25.5,69,0
36.8,68,6.3,62,0
24.4,71,29.6,75,1
30.8,82,0.9,88,1
24.7,38,16.2,74,1
37.9,24,23.9,90,0
35.7,43,29.5,78,0
39.6,57,13.6,95,0
40.8,97,14.6,97,1
25.3,51,10.0,20,0
26.8,64,4.6,21,0
18.3,99,6.2,35,1
40.4,49,24.0,16,0
33.3,64,3.7,66,0
30.1,86,20.3,48,0
42.7,70,17.1,83,1
34.3,48,10.2,4,0
35.8,82,6.0,92,1
34.6,24,11.4,74,1
45.0,63,0.4,88,1
31.1,62,21.0,13,0
24.6,98,5.7,1,1
28.2,57,19.5,83,1
42.6,55,18.8,87,1
28.3,53,2.2,27,0
22.5,82,16.4,74,1
36.3,85,26.7,97,1
43.3,18,15.8,11,0
30.4,51,17.9,22,0
37.0,18,7.3,52,0
18.8,98,10.0,71,1
25.7,49,6.3,62,0
39.0,40,5.2,91,1
44.8,68,6.4,71,1
38.9,24,21.5,9,0
19.5,53,7.0,38,0
19.3,90,29.5,72,1
26.9,63,15.4,100,1
22.8,86,3.6,97,1
19.8,82,25.4,60,1
30.5,91,2.7,88,1
20.8,35,28.9,45,0
36.7,54,11.6,27,0
21.5,42,3.2,9,0
32.3,72,23.6,2,0
22.8,46,26.1,63,0
32.2,85,2.8,10,1
26.6,36,0.7,27,0
41.1,29,11.4,16,0
22.5,65,2.7,72,1
18.3,59,6.8,5,0
44.3,23,13.8,84,0
38.5,23,6.8,81,0
22.2,84,19.6,9,1
35.9,19,5.3,72,1
42.0,26,25.0,39,0
20.0,50,11.6,49,0
41.4,45,24.5,4,0
31.4,77,4.7,80,1
27.8,88,28.7,0,1
37.9,41,20.7,44,0
24.5,41,10.9,14,0
37.2,68,4.0,8,0
26.4,88,8.2,15,1
24.6,61,20.0,93,1
20.7,43,19.7,3,0
28.7,40,1.7,75,0
25.9,15,14.3,11,0
40.7,58,17.0,87,0
29.2,45,7.1,6,0
39.5,43,19.8,66,0
31.0,40,6.6,12,0
26.6,79,0.6,1,0
39.5,53,3.1,18,0
31.2,20,2.8,39,0
32.0,97,3.6,50,1
18.1,17,6.8,32,0
42.4,62,26.0,46,0
37.3,52,11.7,95,0
35.4,22,2.9,13,0
42.7,17,4.2,21,0
20.6,59,3.2,66,0
43.1,15,12.2,2,0
21.0,77,23.0,4,1
44.2,30,27.6,95,0
43.0,64,24.4,59,0
35.1,17,8.4,12,0
35.5,99,4.4,81,1
34.9,51,29.7,93,0
36.2,59,12.7,95,1
33.1,96,15.0,21,0
21.8,15,7.7,71,1
20.2,18,24.9,49,0
24.1,77,11.3,37,1
24.8,33,21.7,90,1
21.1,89,28.1,37,1
23.9,52,10.9,47,0
18.4,86,28.8,6,0
35.0,17,29.4,92,0
27.5,75,5.9,40,1
42.6,47,4.1,57,0
34.0,41,12.4,11,0
43.8,93,0.7,66,1
25.0,22,19.3,14,0
37.2,100,8.9,5,0
40.6,68,0.2,37,0
31.3,69,0.4,22,0
22.6,56,27.2,25,0
23.1,26,13.5,23,0
32.7,88,10.4,8,1
28.0,19,2.9,31,0
34.6,59,23.1,34,0
22.4,29,13.4,78,1
23.7,93,22.3,79,1
42.4,18,22.8,97,0
22.4,89,12.7,84,1
29.7,28,4.1,7,0
25.7,50,21.6,61,0
25.0,86,24.5,48,1
26.9,21,16.7,45,0
38.1,24,19.5,39,0
39.4,88,17.4,19,1
30.6,16,26.4,74,0
31.9,30,0.2,66,0
35.0,28,7.5,67,0
26.7,57,4.2,31,0
43.3,84,22.8,43,0
21.2,30,25.8,72,1
19.0,59,5.6,26,0
38.8,20,25.5,43,0
18.4,70,14.7,1,1
24.1,21,6.8,67,0
18.5,70,19.1,59,1
34.0,23,17.5,82,0
37.8,57,0.4,62,0
33.6,19,18.1,62,0
44.2,54,10.5,90,0
18.7,70,17.7,14,0
24.7,73,24.0,60,0
32.9,54,7.4,98,1
26.6,62,12.4,54,1
26.5,74,18.7,72,1
22.9,67,6.8,91,1
23.9,48,28.4,62,0
23.1,96,18.5,73,1
26.8,66,22.9,87,1
42.9,48,1.9,29,0
23.2,72,11.9,83,1
22.1,88,23.4,56,1
39.9,85,2.6,81,1
18.9,60,24.3,80,1
33.7,75,23.8,20,0
23.0,45,12.8,30,0
24.8,99,6.5,31,1
19.2,42,29.1,67,0
23.2,24,5.7,86,1
37.3,70,22.5,18,0
21.4,28,22.2,36,0
28.3,36,0.8,26,0
30.5,76,26.6,96,1
37.8,54,3.6,41,0
39.4,68,26.1,57,0
19.7,27,23.4,65,0
26.8,37,12.1,29,0
35.2,17,0.4,82,0
42.0,49,6.7,24,0
21.4,85,20.0,60,1
37.9,28,12.1,55,0
32.0,21,26.7,33,0
31.7,94,1.1,85,1
25.6,66,24.2,23,0
32.2,36,13.0,59,0
25.1,63,1.0,69,1
23.9,70,25.0,10,0
33.2,26,15.5,24,0
42.6,34,17.7,25,0
38.1,15,9.2,0,0
24.2,97,15.7,94,1
25.5,29,19.6,51,0
31.2,47,17.4,92,1
23.3,67,16.6,12,0
41.7,75,19.5,89,1
35.2,86,3.1,9,0
27.3,41,19.8,23,0
36.6,83,7.5,22,0
23.4,77,1.9,6,1
24.4,79,9.3,92,1
38.5,73,12.1,19,0
31.3,91,29.8,60,1
29.2,47,15.9,9,0
27.1,18,7.4,11,0
31.0,24,5.2,65,0
30.0,96,6.6,82,1
26.9,96,17.0,96,1
39.0,34,29.0,23,0
35.4,81,2.9,54,1
27.4,90,9.5,99,1
33.9,34,7.3,99,0
19.2,36,19.0,65,0
20.7,25,10.2,86,1
24.2,21,24.5,49,0
32.9,23,20.4,35,0
31.3,25,8.3,9,0
33.2,15,7.7,56,0
44.8,35,1.1,71,0
38.4,31,8.5,57,0
31.6,66,5.6,57,1
35.5,86,12.8,8,1
43.0,31,23.9,58,0
18.7,68,29.2,24,0
41.7,57,19.2,90,0
29.0,87,25.8,6,1
27.7,75,8.8,89,1
34.0,47,19.3,53,0
43.2,46,20.3,60,0
29.2,25,27.2,64,0
27.5,58,14.5,61,0
42.0,61,16.9,88,1
25.5,58,15.2,52,0
32.5,80,27.4,24,0
25.9,84,26.3,21,1
38.5,63,1.1,16,0
25.2,15,5.5,49,0
35.3,34,3.6,61,0
22.7,57,23.7,75,1
32.8,24,27.4,97,0
37.5,44,13.1,52,0
38.6,90,8.8,28,1
44.8,18,9.1,62,0
20.4,35,13.1,70,1
31.8,63,9.6,15,0
32.1,28,18.4,75,1
42.8,15,26.0,92,0
23.6,41,20.4,30,0
34.8,19,5.0,60,0
33.9,38,10.8,5,0
42.0,66,11.2,46,0
26.6,53,15.6,27,0
22.0,24,29.2,87,1
36.1,15,23.5,50,0
41.5,58,29.7,61,0
32.1,95,22.9,36,0
19.4,66,0.2,3,0
43.1,29,12.2,86,0
35.8,39,29.5,56,0
29.0,36,8.8,88,1
28.2,74,21.1,11,0
20.3,42,6.9,88,1
41.4,72,9.8,42,0
25.1,17,11.5,24,0
38.9,38,12.5,47,0
24.4,82,16.4,80,1
34.4,90,28.6,75,1
28.2,21,16.4,100,1
31.9,55,15.5,4,0
20.9,96,0.6,53,1
43.3,82,13.3,42,0
21.7,64,3.6,72,1
41.4,93,1.7,21,0
35.7,92,6.2,2,1
35.5,52,8.8,8,0
20.3,40,8.2,91,1
26.9,71,18.2,76,1
42.8,75,5.6,51,1
39.1,86,14.6,31,0
28.3,41,28.2,44,0
41.3,40,13.3,9,0
36.4,28,28.9,6,0
20.7,66,14.6,61,1
44.9,92,10.8,74,1
23.4,31,21.6,16,0
41.5,64,14.4,59,0
33.9,75,9.4,99,1
33.7,30,24.3,3,0
26.3,48,20.1,20,0
37.0,50,27.1,26,0
43.0,82,4.1,75,1
28.9,50,28.7,30,0
28.4,49,23.0,66,0
40.7,92,29.7,50,1
41.5,81,23.0,66,1
24.3,25,29.6,38,0
32.6,45,9.7,4,0
25.7,21,20.6,37,0
30.6,38,13.7,57,0
27.8,49,10.3,19,0
33.1,23,1.8,42,0
30.4,98,4.9,60,1
42.4,73,9.5,11,0
24.6,30,27.9,48,0
24.5,84,5.1,71,1
24.2,67,15.7,76,1
36.6,17,16.8,82,0
32.4,76,13.8,92,1
27.7,28,5.7,83,1
23.8,91,18.8,41,1
44.1,72,25.1,61,0
38.9,65,24.4,11,0
39.0,23,15.6,23,0
29.0,71,22.0,67,1
19.9,44,23.9,97,1
28.6,83,3.6,1,1
21.8,67,3.9,87,1
31.9,53,0.8,32,0
28.7,50,17.0,57,0
39.0,43,11.8,34,0
40.1,87,19.5,36,0
21.6,98,14.0,21,1
42.4,98,0.9,9,0
41.3,93,7.5,32,1
22.4,16,27.5,86,1
22.4,17,10.7,49,0
18.7,96,10.6,67,1
34.7,91,1.2,10,1
22.6,42,5.6,100,1
21.6,53,0.4,34,0
43.1,96,13.7,65,1
36.8,33,13.9,66,0
44.4,26,19.5,22,0
30.1,88,22.3,25,0
24.1,57,13.1,78,1
42.4,17,2.8,34,0
39.5,72,11.8,48,0
29.2,100,28.3,73,1
19.4,68,8.4,1,0
20.1,54,1.9,83,1
42.0,100,5.4,52,1
40.3,42,7.7,54,0
36.9,61,8.4,95,1
21.4,99,24.0,28,1
25.6,67,13.6,22,0
25.0,21,2.3,77,1
34.7,80,26.9,14,0
36.4,57,29.5,43,0
25.1,38,10.3,91,1
21.4,83,20.1,54,1
18.1,80,2.5,97,1
39.1,79,8.5,91,1
39.5,24,7.3,97,0
38.9,74,20.2,79,0
31.6,55,0.6,89,0
41.9,32,20.1,6,0
36.1,55,23.1,53,0
20.1,22,12.0,2,0
35.4,28,2.9,100,0
38.8,73,6.6,56,0
26.9,15,7.0,40,0
25.4,54,6.8,97,1
39.1,49,26.8,97,0
32.8,56,7.6,2,0
33.8,36,23.4,93,0
20.9,60,28.0,6,0
33.1,46,0.5,43,0
33.7,19,7.2,34,0
37.7,95,6.3,23,1
22.3,64,4.3,42,0
38.8,62,21.2,92,1
40.1,79,9.0,63,1
28.4,59,22.0,56,0
36.7,44,17.8,77,1
38.9,41,2.1,74,0
20.1,84,15.1,45,1
32.8,82,27.6,100,1
43.4,16,20.4,72,0
31.0,80,7.3,57,1
23.4,24,16.8,71,1
40.0,95,19.3,98,1
25.9,96,20.8,2,1
38.3,58,26.1,20,0
36.3,63,19.2,0,0
42.6,72,3.0,68,0
31.7,60,15.6,42,0
39.5,85,26.1,85,1
18.9,58,26.6,84,0
19.2,66,23.8,74,1
41.9,51,6.2,2,0
28.8,48,27.6,32,0
44.9,39,18.4,5,0
26.0,47,24.7,99,0
18.4,76,7.1,12,1
31.1,84,19.6,95,1
21.3,38,1.7,25,0
31.2,38,18.3,83,0
37.8,94,24.2,32,0
42.1,25,29.4,99,0
29.2,68,8.2,8,0
31.2,88,6.6,23,1
27.2,61,4.1,89,1
32.7,28,28.6,97,0
18.3,15,2.3,49,0
35.2,82,6.6,11,1
22.3,87,28.0,7,1
26.0,64,26.3,91,1
23.7,19,16.5,3,0
22.0,99,7.1,50,1
21.8,31,25.5,38,0
40.6,47,29.6,60,0
19.0,21,23.7,7,0
30.3,97,7.1,58,1
32.4,94,4.9,32,0
32.7,20,1.8,20,0
18.7,99,7.7,79,1
37.4,28,19.7,58,0
37.8,65,8.1,81,1
38.0,84,18.9,58,1
30.1,17,26.6,93,0
28.8,74,26.1,40,0
33.9,50,23.0,77,0
40.5,17,24.6,97,0
37.3,89,25.2,27,0
32.3,84,21.5,51,1
22.4,20,16.1,36,0
40.7,39,7.9,27,0
25.1,84,5.2,100,1
40.9,15,0.7,50,0
27.4,48,13.4,25,0
29.7,52,23.7,11,0
23.7,32,10.2,13,0
41.1,33,24.6,81,0
19.4,59,15.2,11,0
39.6,37,29.5,28,0
41.4,84,23.0,6,0
32.9,96,29.7,1,1
42.0,80,21.4,88,1
20.9,62,15.1,38,0
37.0,44,1.8,40,0
42.9,31,2.8,17,0
20.9,66,15.5,0,1
32.3,27,28.9,84,0
45.0,69,29.2,47,0
20.3,34,28.0,61,0
40.4,72,3.4,1,0
38.7,65,16.0,67,1
29.7,68,29.8,39,0
25.9,45,10.5,77,1
29.5,87,10.1,81,1
25.9,38,10.3,40,0
30.0,63,16.2,72,1
36.8,76,24.3,28,0
28.1,64,18.8,49,0
24.1,35,29.2,83,0
35.7,18,3.0,86,0
41.8,60,21.4,7,0
39.5,24,10.5,98,0
34.8,63,21.9,80,1
21.8,22,19.5,62,0
22.1,90,12.6,89,1
27.8,97,18.3,90,1
36.5,95,25.8,29,0
38.9,26,11.8,96,1
36.5,17,13.0,70,1
20.4,67,11.9,84,1
18.7,88,16.1,44,1
35.3,42,7.9,25,0
40.0,41,12.2,41,0
32.2,81,15.0,78,1
42.8,46,8.5,18,0
42.4,48,2.8,54,0
28.5,27,24.0,62,0
24.5,94,12.2,63,1
21.5,96,6.0,50,1
24.4,53,15.7,3,0
37.4,96,5.2,42,0
29.4,36,16.8,75,1
33.0,59,7.9,19,0
21.8,76,27.2,28,0
41.3,38,10.1,12,0
36.1,86,27.3,50,1
24.0,15,7.7,13,0
29.9,47,7.8,59,0
27.2,38,25.5,16,0
28.8,93,12.0,42,1
29.1,37,2.0,47,0
30.5,46,11.1,84,0
35.0,53,9.8,82,1
18.8,95,25.0,0,1
18.6,71,7.8,42,1
43.8,77,12.5,39,1
30.4,53,3.5,69,0
21.2,73,13.1,63,1
38.9,40,10.5,36,0
22.8,31,27.6,46,0
25.7,84,16.1,49,1
35.9,61,24.2,39,0
31.2,60,9.3,13,0
20.7,97,23.0,83,1
18.9,27,8.8,99,1
41.3,87,19.2,87,1
35.0,88,15.2,83,1
43.4,55,15.6,36,0
44.5,16,20.2,17,0
30.8,32,26.6,62,0
42.7,64,19.4,43,0
40.3,92,0.1,75,1
36.4,51,8.1,72,0
18.4,82,0.1,24,0
39.4,83,17.9,20,0
33.3,20,25.9,33,0
34.3,64,9.8,95,1
18.9,87,7.4,53,1
26.7,68,19.2,71,1
44.1,82,0.4,21,0
32.9,64,9.6,22,0
19.2,16,16.6,46,0
32.7,100,26.1,67,1
31.8,15,21.0,0,0
27.0,39,13.7,19,0
44.2,82,22.1,80,1
39.2,98,25.4,19,0
42.5,39,0.3,9,0
44.6,84,1.9,97,1
33.4,36,28.2,26,0
30.6,97,11.7,14,1
25.3,59,25.5,89,0
44.3,86,1.8,0,0
30.3,32,18.6,21,0
26.3,34,19.9,52,0
27.0,45,9.2,21,0
23.4,89,23.1,81,1
31.2,98,8.1,41,1
34.4,21,18.3,98,0
43.4,61,10.9,67,1
27.4,34,26.8,83,0
25.1,98,6.5,66,1
20.6,70,2.4,76,1
27.5,86,14.6,26,1
36.9,34,17.6,11,0
37.4,91,20.1,7,0
26.0,69,14.0,41,1
35.8,98,1.3,59,1
39.1,80,18.5,93,1
25.4,48,27.7,10,0
33.2,93,28.8,60,1
22.4,50,10.1,66,0
32.5,76,8.1,32,0
40.7,88,26.1,53,1
32.9,81,29.1,44,1
40.7,78,19.7,2,0
33.1,99,0.7,58,1
20.2,78,8.6,26,1
30.1,33,19.7,78,0
26.9,62,26.2,53,1
18.7,85,8.1,76,1
18.0,58,20.8,71,0
21.4,42,11.4,19,0
37.0,52,18.6,87,0
39.2,19,0.1,44,0
33.4,20,11.8,83,1
42.4,54,20.8,99,0
19.4,61,24.3,60,1
42.2,51,16.0,62,0
30.4,46,28.6,6,0
23.7,71,4.0,68,1
18.8,94,2.8,100,1
19.0,68,7.5,82,1
26.3,25,15.1,33,0
19.2,34,4.7,1,0
39.1,87,14.3,44,1
24.7,70,29.8,99,1
38.3,79,25.5,48,0
43.9,61,21.8,44,0
27.0,67,16.7,49,1
27.7,69,22.9,34,0
30.9,36,19.7,39,0
30.8,43,1.3,6,0
27.3,48,12.2,33,0
40.9,45,8.6,79,1
27.4,89,8.0,80,1
25.7,73,0.2,15,0
28.0,57,20.0,49,0
38.7,76,1.2,77,1
35.5,23,15.7,75,0
35.5,40,16.0,56,0
35.7,59,9.8,35,0
22.8,82,28.2,85,1
24.6,97,4.6,9,1
36.0,73,25.4,59,0
20.2,15,25.8,91,1
29.9,73,8.8,24,0
19.4,48,16.4,0,0
32.0,92,4.7,12,0
24.0,68,17.2,34,1
24.8,92,6.2,81,1
38.9,64,20.9,66,0
33.7,79,12.5,50,1
37.9,82,20.0,58,1
26.3,55,15.7,7,0
25.9,25,23.7,53,0
26.6,23,27.2,57,0
37.9,96,23.6,41,0
35.9,32,29.8,2,0
26.6,77,9.0,17,1
44.9,83,22.6,38,0
34.8,83,22.9,56,1
33.5,62,17.0,12,0
22.6,81,2.7,4,1
32.0,72,26.0,13,0
36.8,45,10.5,39,0
22.6,45,22.9,33,0
33.7,37,6.1,47,0
19.5,38,8.7,40,0
20.1,28,23.0,22,0
25.3,41,10.0,100,1
34.1,80,24.6,25,0
31.4,22,4.6,12,0
24.9,19,3.9,95,0
19.2,63,0.1,80,1
28.5,52,8.2,26,0
36.4,15,5.4,95,0
44.2,41,7.4,46,0
25.5,66,19.1,75,1
35.9,78,1.1,21,0
22.1,61,21.6,11,0
36.3,44,28.4,12,0
21.5,40,20.1,64,0
19.2,99,9.4,46,1
28.5,96,26.5,18,1
27.0,98,14.1,21,1
19.0,55,27.8,46,0
19.2,66,26.8,14,0
34.5,15,8.0,83,1
42.6,32,14.2,81,0
23.3,21,15.2,4,0
29.3,100,6.8,42,1
43.7,66,7.2,47,0
33.0,82,23.1,71,1
41.8,93,16.9,56,1
32.3,64,17.4,5,0
41.6,61,14.6,26,0
42.5,15,13.8,94,0
29.0,64,0.0,86,1
18.3,47,13.7,47,0
20.8,55,0.5,52,0
27.4,56,15.5,97,1
35.1,19,19.4,41,0
43.2,90,14.9,95,1
22.4,36,8.7,5,0
24.5,22,12.0,88,1
33.5,19,24.8,72,0
40.6,27,22.2,31,0
38.5,58,17.8,97,0
40.8,33,25.0,19,0
28.7,32,24.5,27,0
33.0,30,8.1,91,0
35.2,57,8.9,18,0
37.9,34,5.1,30,0
22.0,31,23.2,7,0
18.7,39,3.9,67,0
22.6,99,20.2,33,1
27.0,97,17.6,62,1
20.6,44,10.1,97,1
34.3,63,3.5,62,0
23.0,50,26.8,89,1
25.4,77,24.0,36,0
42.3,83,22.6,76,1
30.4,61,6.5,8,0
18.1,39,0.0,59,0
34.1,65,7.4,30,0
19.5,77,28.5,15,1
29.4,35,12.6,62,0
29.6,90,4.4,41,1
36.0,88,14.1,57,1
23.3,38,20.7,24,0
22.2,50,13.0,76,1
22.5,35,28.4,28,0
32.1,25,5.9,41,0
37.5,42,10.1,3,0
21.9,18,23.1,90,0
42.8,20,26.3,87,0
45.0,53,2.2,39,0
43.0,38,17.7,19,0
39.9,64,13.3,3,0
36.0,97,17.0,73,1
42.4,97,10.5,35,1
42.5,93,20.7,25,1
43.8,50,3.4,25,0
32.9,44,6.2,66,0
31.7,89,11.0,79,1
37.7,93,0.6,31,0
33.6,49,10.2,61,0
33.4,22,15.3,23,0
39.8,76,3.9,23,0
18.4,76,0.1,53,1
33.1,92,24.4,64,1
28.6,73,8.6,92,1
38.3,36,22.3,12,0
32.8,61,28.6,48,0
19.1,96,23.1,73,1
35.9,32,13.7,84,0
38.1,57,24.6,86,0
39.7,96,20.0,33,1
20.8,29,22.4,7,0
27.6,67,5.3,38,0
21.9,99,12.2,53,1
31.7,97,28.0,33,0
38.0,87,12.1,61,1
24.7,69,24.6,21,0
40.7,56,22.8,91,0
18.6,55,8.1,92,1
21.8,67,19.0,37,0
26.1,22,20.9,98,0
30.9,59,4.5,91,0
23.1,30,1.3,8,0
36.2,67,16.0,83,1
34.7,61,7.2,9,0
22.4,61,4.9,98,1
25.4,71,8.5,70,1
19.7,71,19.5,85,1
25.8,35,15.2,80,1
19.0,99,22.1,58,1
20.1,20,22.0,93,0
20.9,52,30.0,37,0
38.8,62,11.8,81,1
43.4,28,3.4,65,0
26.3,90,19.6,3,1
24.9,23,24.8,84,0
29.9,39,20.6,93,0
42.8,37,30.0,36,0
34.2,17,21.4,53,0
19.5,48,2.6,9,0
30.4,100,25.4,87,1
20.0,59,11.1,1,0
20.4,81,15.4,70,1
19.1,68,0.5,55,1
44.1,60,19.4,34,0
25.2,44,10.4,9,0
28.9,87,10.5,34,1
43.1,75,1.6,19,0
27.3,44,16.2,14,0
44.0,30,3.5,90,0
22.7,75,25.4,32,1
38.3,93,5.8,14,0
28.6,97,25.7,41,0
35.1,78,5.6,40,1
23.8,19,14.9,63,0
23.0,15,13.2,41,0
32.7,54,9.6,92,0
26.1,17,16.5,55,0
38.0,69,20.2,16,0
38.7,44,24.4,52,0
20.7,16,27.7,74,1
34.6,45,23.5,75,0
43.5,49,23.2,3,0
34.5,79,3.4,92,1
30.2,29,29.8,75,0
35.9,97,5.5,66,1
41.2,54,22.0,42,0
41.3,47,18.7,45,0
35.2,53,21.2,5,0
28.9,48,19.3,61,0
32.4,70,18.8,50,1
42.1,85,1.9,10,0
27.0,36,17.0,93,1
36.9,74,4.5,34,0
18.5,69,14.8,63,1
31.9,99,11.6,58,1
19.8,78,0.1,88,1
24.8,21,15.1,28,0
27.7,43,5.7,97,1
44.8,73,17.3,7,0
22.9,46,23.7,49,0
40.4,64,19.3,2,0
30.0,34,17.7,41,0
36.3,63,19.3,51,0
41.8,86,27.5,53,1
29.4,29,29.3,2,0
25.3,45,18.7,95,1
22.9,98,20.1,61,1
42.3,42,22.7,2,0
29.3,41,6.6,74,1
35.5,59,1.3,50,0
35.4,78,12.8,91,1
27.6,82,19.4,83,1
27.2,21,20.4,6,0
23.9,68,18.8,23,0
19.3,90,22.8,4,1
44.6,62,26.7,37,0
39.6,89,17.2,36,0
40.8,48,6.3,8,0
19.3,16,21.0,76,1
38.3,89,18.3,5,1
28.8,89,3.5,80,1
21.0,54,18.3,68,0
29.2,81,7.9,1,1
21.6,26,13.5,35,0
40.5,26,29.2,98,0
29.8,57,11.1,88,1
25.5,78,10.2,25,1
27.0,72,10.6,85,1
42.1,94,9.7,91,1
24.7,86,11.8,25,1
19.6,69,14.9,71,1
29.9,61,26.5,60,1
41.0,56,28.3,40,0
25.0,78,8.5,76,1
31.4,81,3.1,7,0
32.7,18,6.2,69,0
41.1,29,0.1,81,0
39.7,15,15.1,30,0
42.5,66,0.3,87,1
18.7,74,10.4,90,1
32.4,60,3.4,51,0
20.3,17,15.0,50,0
26.4,91,1.4,28,1
25.8,100,21.2,51,1
29.7,97,4.2,88,1
44.6,71,4.0,13,0
27.2,97,23.7,4,1
37.6,17,22.4,23,0
35.5,67,10.7,42,0
21.8,26,21.2,75,1
28.3,79,24.2,32,1
33.6,42,25.5,85,0
30.1,50,10.6,77,0
32.4,37,7.0,37,0
29.9,25,23.5,38,0
24.9,43,20.1,98,1
42.4,63,23.1,82,0
34.8,22,15.4,56,0
24.0,74,18.1,56,1
38.4,28,15.9,27,0
24.9,88,0.5,20,1
43.2,36,19.3,68,0
22.2,40,8.9,92,1
26.6,35,3.3,54,0
28.9,15,24.6,77,1
19.2,17,11.3,54,0
31.7,94,13.4,86,1
37.1,31,22.1,53,0
32.9,88,6.6,42,1
37.0,20,18.8,38,0
34.9,17,20.7,73,0
28.8,82,26.5,25,1
28.2,64,18.1,2,1
21.2,47,8.8,67,0
44.9,32,18.2,51,0
44.7,38,20.6,90,0
41.4,59,19.9,25,0
30.9,74,26.8,13,0
19.1,52,21.2,89,1
31.9,17,2.3,7,0
37.2,96,24.1,30,0
39.9,24,5.4,67,0
34.3,97,22.3,44,0
38.3,80,6.3,99,1
33.1,28,9.1,62,0
21.9,59,0.7,39,0
32.2,32,1.4,25,0
27.6,22,19.5,7,0
31.7,72,13.4,42,0
18.0,56,5.7,95,1
31.1,96,19.0,49,0
35.6,65,25.8,26,0
44.9,23,8.1,32,0
25.6,60,22.9,11,0
37.8,34,18.5,55,0
37.1,97,8.3,98,1
43.9,48,19.6,53,0
32.7,24,13.3,20,0
36.4,78,14.2,7,1
19.8,65,0.9,63,0
38.7,91,11.3,3,0
19.7,90,4.7,52,1
39.3,57,27.8,83,0
40.4,72,15.6,80,1
30.8,76,11.5,33,0
21.6,53,28.2,60,0
25.6,29,26.6,57,0
35.8,15,23.4,68,0
39.1,68,24.6,82,1
44.0,38,17.1,85,0
30.9,64,5.4,47,0
27.2,48,0.4,99,0
33.8,80,22.7,73,1
34.3,61,18.6,42,0
28.8,53,18.9,21,0
36.5,89,7.9,4,1
24.9,48,14.8,50,0
31.6,40,18.3,98,0
19.8,86,21.9,59,1
38.9,92,4.9,57,0
25.4,45,15.3,42,0
41.4,81,13.5,45,1
24.3,98,29.2,99,1
24.1,31,24.7,79,1
42.3,45,16.5,39,0
41.6,37,24.1,7,0
34.6,48,24.6,68,0
26.1,69,15.5,49,1
34.7,86,19.1,5,1
37.2,66,6.0,32,0
31.2,54,13.2,59,0
21.0,72,16.5,24,1
39.1,83,2.6,52,0
40.7,66,4.7,94,1
23.7,75,25.3,30,1
37.5,40,1.9,2,0
44.5,24,17.1,15,0
29.5,30,12.7,39,0
34.7,84,15.7,73,1
37.8,76,26.4,50,1
43.3,24,15.1,23,0
30.5,95,18.9,16,1
31.3,98,29.3,70,1
29.9,73,3.1,56,0
35.2,81,20.0,45,1
34.5,57,13.7,47,0
23.2,55,29.9,76,1
19.5,18,23.6,24,0
38.5,43,23.3,30,0
27.2,31,29.9,61,0
44.0,59,26.3,66,0
41.2,23,16.7,72,0
20.3,26,23.5,0,0
40.2,70,13.7,83,1
44.3,92,5.9,14,0
20.6,65,27.1,38,0
24.6,40,5.8,37,0
27.4,16,25.7,46,0
24.6,37,24.5,11,0
20.7,58,28.4,89,1
30.2,91,2.1,74,1
36.1,60,25.5,97,1
30.7,44,2.9,61,0
27.7,83,19.7,16,1
32.9,38,1.2,34,0
26.9,62,11.7,24,0
41.6,93,15.3,87,1
29.8,70,7.1,80,1
44.5,54,21.6,74,0
41.7,18,19.9,24,0
39.2,72,22.8,72,0
35.1,63,24.6,100,0
25.4,89,8.8,78,1
41.3,24,2.7,22,0
30.1,42,19.3,80,1
19.4,92,19.9,69,1
19.6,89,22.1,64,1
21.6,30,2.8,2,0
31.8,90,18.5,24,1
38.4,91,26.4,5,0
28.0,15,23.4,99,1
34.8,53,14.7,54,0
29.7,22,21.7,49,0
18.9,45,1.1,93,0
18.2,56,20.5,89,0
41.5,81,0.5,89,1
21.2,50,6.3,30,0
18.0,60,14.8,25,0
20.8,28,3.6,44,0
33.5,94,18.9,83,1
34.8,88,2.5,87,1
34.1,28,17.9,79,0
34.3,23,7.0,37,0
31.2,68,9.5,89,1
21.5,62,29.3,38,0
35.1,65,0.8,72,0
42.0,24,12.6,66,0
20.9,25,10.2,84,1
44.7,68,0.5,49,0
23.7,53,10.9,25,0
25.2,92,14.8,16,1
18.1,89,12.4,14,1
23.3,40,24.1,3,0
24.0,59,29.0,95,0
43.0,86,16.4,71,1
44.1,84,0.5,38,0
31.4,48,12.4,70,1
26.7,27,20.5,72,0
22.4,51,0.9,42,0
42.1,52,3.0,81,0
23.5,40,17.0,80,1
24.3,97,23.3,9,1
40.0,66,14.9,87,1
34.9,61,4.7,64,0
36.3,63,15.9,91,1
25.1,39,18.2,18,0
18.4,80,20.3,67,1
44.7,56,23.2,100,0
40.4,56,14.5,25,0
37.3,84,1.4,61,0
23.8,75,6.2,10,1
19.4,85,23.7,52,1
35.3,54,15.6,26,0
30.3,81,13.8,70,1
39.7,47,29.3,92,0
27.4,98,3.5,35,0
26.6,24,16.6,31,0
20.0,19,0.1,35,0
40.1,53,21.8,13,0
36.4,100,7.5,13,0
41.6,89,8.5,41,0
26.6,46,21.0,49,0
26.7,61,12.9,34,0
20.7,34,19.9,91,1
32.6,22,1.9,7,0
23.2,31,3.6,18,0
24.9,78,24.2,14,0
20.6,54,15.5,29,0
24.8,19,18.0,95,1
43.1,32,27.9,52,0
21.6,64,24.5,52,1
26.1,26,27.5,81,0
18.0,23,4.9,26,0
44.4,17,3.7,58,0
40.3,58,29.5,80,0
35.6,46,5.6,70,1
39.6,39,11.6,39,0
25.9,54,8.4,21,0
39.7,17,22.5,33,0
35.4,55,29.4,65,0
39.0,16,10.3,78,0
18.2,49,4.9,82,0
29.8,44,11.9,42,0
31.3,25,0.8,64,0
23.0,51,28.6,15,0
40.5,62,17.5,44,0
42.4,88,15.3,95,1
28.1,58,2.7,39,0
27.6,62,5.0,54,1
24.7,55,4.2,12,0
23.4,85,9.2,33,1
30.9,97,20.1,72,1
19.6,35,0.7,19,0
20.1,73,29.7,49,0
38.9,98,19.4,92,1
21.9,54,18.8,62,0
38.3,46,3.2,46,0
21.7,62,6.8,27,0
41.9,50,25.5,28,0
18.4,29,6.3,36,0
26.2,54,5.5,36,0
30.6,76,15.1,86,1
44.0,62,10.1,78,1
38.0,76,29.0,3,0
29.5,54,16.9,51,0
43.2,75,18.4,94,1
43.3,38,10.5,85,1
29.8,54,2.3,27,0
18.4,72,20.7,100,1
34.7,63,13.6,89,1
37.1,39,6.5,52,0
18.7,20,13.3,13,0
41.3,78,9.4,84,1
35.1,31,1.4,8,0
41.9,76,24.4,1,0
21.8,62,28.0,92,1
24.4,32,6.3,70,1
39.8,44,6.4,52,0
29.6,66,22.2,79,1
26.3,54,27.3,52,0
31.1,77,3.4,77,1
39.8,89,9.9,8,0
21.2,78,16.4,58,1
24.5,22,27.4,63,0
26.7,62,28.1,66,1
18.3,66,9.0,26,0
41.5,53,10.2,65,0
37.5,51,21.3,94,0
41.0,72,2.1,35,0
35.5,78,10.4,3,1
36.1,60,19.4,58,1
19.8,78,15.9,80,1
25.5,22,4.7,62,0
38.9,92,7.7,35,0
43.3,71,18.2,26,0
28.5,21,8.6,68,0
39.2,73,3.5,68,0
20.1,23,15.8,94,1
37.4,97,6.6,57,1
25.8,68,13.1,66,1
28.1,31,13.9,30,0
35.3,96,3.1,66,1
20.8,68,14.9,36,0
40.1,57,8.3,98,1
27.5,99,13.1,58,1
39.8,73,18.0,92,1
30.9,71,19.3,39,0
35.3,58,29.1,3,0
19.9,40,3.1,33,0
22.1,37,28.8,75,0
20.9,38,17.2,70,1
28.3,31,7.7,46,0
27.2,97,27.5,20,1
41.0,28,14.9,36,0
32.4,70,9.6,83,1
26.3,34,22.8,95,0
23.8,54,4.6,95,0
39.1,18,5.5,6,0
20.0,68,8.8,73,1
19.1,35,11.3,20,0
43.8,28,21.7,65,0
29.3,94,12.3,29,1
22.6,19,1.6,30,0
44.3,88,10.3,92,1
23.3,37,1.8,93,0
29.4,59,1.3,72,1
42.6,29,20.2,98,0
42.7,81,7.6,85,1
21.4,65,7.5,33,0
20.8,18,24.0,86,0
18.9,87,11.3,51,1
26.0,67,4.3,23,0
40.6,30,20.9,59,0
21.4,63,14.2,22,1
29.0,58,15.7,45,0
20.2,49,20.4,27,0
42.3,37,1.0,5,0
23.9,20,28.0,58,0
22.5,86,14.0,79,1
41.5,79,17.0,93,1
31.1,52,4.9,93,0
18.9,77,23.2,88,1
30.7,82,13.5,27,1
38.6,81,1.7,13,0
39.8,19,19.6,22,0
22.1,41,15.9,46,0
22.0,74,14.8,5,0
25.7,82,24.1,50,1
24.5,38,7.9,70,1
28.8,47,12.3,35,0
43.0,36,12.5,50,0
26.8,54,3.9,74,0
23.3,90,17.1,7,1
21.3,53,20.1,9,0
34.5,19,9.4,85,1
20.0,34,29.0,54,0
35.5,61,7.9,10,0
38.2,48,6.0,59,0
22.5,99,12.4,4,1
18.3,56,12.4,21,0
43.6,38,29.4,35,0
36.0,56,29.5,50,0
25.9,60,26.2,10,0
34.0,66,9.6,50,0
22.8,38,20.2,62,0
19.9,29,2.3,62,0
27.1,38,10.4,91,1
36.4,37,23.9,74,0
28.9,52,28.3,97,0
21.5,92,4.3,44,1
32.7,24,16.6,42,0
44.1,64,2.6,51,0
36.4,35,4.8,33,0
40.7,81,29.3,30,0
29.7,78,17.6,27,1
44.9,51,1.4,25,0
30.7,42,11.8,81,0
27.5,96,17.3,49,1
32.1,63,19.3,3,0
43.5,76,17.7,53,1
24.4,18,1.5,18,0
45.0,16,18.5,88,0
35.8,17,8.4,0,0
22.2,19,7.0,28,0
39.6,48,4.3,14,0
39.7,51,13.5,22,0
40.4,44,17.4,80,0
36.5,79,18.7,73,1
25.0,78,24.7,94,1
34.5,46,28.2,93,0
41.5,80,6.4,96,1
18.8,75,5.2,65,1
39.1,93,24.9,78,1
20.8,100,12.5,9,1
18.7,79,24.6,3,1
32.4,22,7.9,79,0
24.2,37,13.1,34,0
26.9,31,5.6,46,0
25.0,64,14.7,17,1
22.8,33,3.1,40,0
24.4,55,1.5,12,0
34.7,89,5.6,23,1
43.2,71,7.6,12,0
37.0,65,10.1,89,1
29.4,84,12.0,99,1
40.5,56,26.4,28,0
33.7,69,24.4,0,0
40.4,56,25.3,82,0
29.0,54,27.2,61,0
44.4,26,15.4,27,0
35.8,73,4.7,94,1
21.2,26,16.1,51,0
43.0,21,23.3,27,0
33.7,100,25.7,43,0
44.2,73,26.5,53,0
41.6,60,18.6,96,1
20.0,91,11.4,52,1
30.0,22,22.2,17,0
28.2,54,17.2,73,1
36.5,52,7.0,85,0
37.9,40,26.6,32,0
26.0,28,25.5,19,0
23.3,78,14.0,97,1
37.1,49,4.4,18,0
41.2,53,3.9,82,0
39.9,90,25.2,24,0
20.5,88,0.8,29,1
30.0,28,13.6,12,0
35.9,90,27.8,69,1
37.7,56,0.4,94,0
24.3,75,3.0,38,1
23.6,56,2.6,27,0
35.6,40,29.5,90,0
44.9,23,20.9,9,0
36.2,95,29.0,48,0
43.1,40,22.8,33,0
35.0,60,26.1,27,0
43.3,96,15.2,21,1
26.2,77,24.0,69,1
44.0,33,1.0,69,0
33.4,97,17.8,92,1
27.2,85,20.6,22,1
43.1,59,13.8,86,1
29.3,27,22.7,84,1
31.9,25,12.8,22,0
43.4,91,18.2,13,0
26.7,68,10.2,25,0
42.9,70,3.3,28,0
30.6,52,25.5,10,0
20.7,16,9.6,30,0
30.2,17,14.5,85,0
28.3,25,3.8,89,0
31.1,68,18.2,47,0
39.7,37,3.2,67,0
26.2,15,19.9,49,0
38.8,32,29.6,54,0
44.6,21,8.2,70,0
22.6,40,2.0,96,0
35.4,71,16.6,80,1
26.5,86,11.6,33,1
44.0,16,26.7,14,0
40.2,96,10.9,31,0
30.2,57,9.8,0,0
28.6,28,13.0,37,0
32.6,49,1.5,77,0
21.4,63,14.3,36,0
29.9,90,19.0,74,1
20.4,31,10.7,84,1
34.6,65,5.9,86,1
23.9,57,19.4,20,0
38.4,38,5.7,26,0
34.7,69,14.6,27,0
23.5,60,16.1,87,1
34.7,28,26.1,59,0
29.1,80,10.9,50,1
22.0,57,21.4,89,0
24.1,67,5.9,51,1
31.6,27,2.3,14,0
28.0,42,29.0,43,0
38.4,59,29.3,77,0
43.0,21,12.7,72,1
34.6,79,23.4,16,1
25.1,67,7.1,7,1
33.5,74,21.1,66,0
26.8,95,8.3,57,1
23.5,93,9.0,28,1
26.4,87,21.1,33,1
42.6,60,7.6,92,1
33.7,74,25.3,18,0
42.6,85,28.6,46,0
25.1,54,0.7,99,1
22.3,100,20.8,81,1
44.8,17,6.0,32,0
29.6,44,1.5,57,0
33.4,92,14.7,9,1
18.0,18,11.9,83,1
38.7,27,18.6,36,0
31.2,44,8.4,52,0
27.8,20,8.2,91,1
31.5,80,4.6,19,0
19.4,33,24.7,11,0
34.7,15,5.4,88,1
19.2,26,9.1,32,0
22.8,88,1.6,44,1
26.7,45,14.4,24,0
18.8,93,28.8,63,1
31.0,52,9.4,69,0
25.7,63,7.0,26,0
39.0,96,16.7,39,1
27.3,88,27.6,26,1
33.2,21,16.8,37,0
23.6,30,12.7,6,0
35.9,47,19.8,94,0
39.7,20,6.0,81,1
24.6,52,27.8,15,0
36.4,95,29.4,26,0
37.4,98,7.0,96,1
19.1,73,3.3,92,1
40.5,27,18.8,68,0
20.5,64,20.1,55,0
33.4,43,2.0,48,0
44.8,100,15.6,86,1
35.9,18,16.3,7,0
43.0,45,27.6,71,0
42.0,88,20.4,0,0
39.5,100,23.8,57,1
41.8,45,23.5,54,0
25.3,23,27.1,77,1
36.4,59,8.8,99,0
36.7,81,11.7,75,1
36.9,35,9.2,2,0
24.3,48,29.0,18,0
24.1,75,19.0,79,1
25.1,16,18.2,76,1
18.6,39,18.7,46,0
21.7,63,18.5,78,1
24.4,96,23.5,11,0
28.3,76,6.8,27,1
23.0,64,29.1,40,0
43.6,52,16.2,6,0
36.7,88,11.7,66,1
33.5,36,7.1,71,1
32.8,57,22.2,3,0
18.0,29,29.5,89,1
36.3,53,23.2,70,0
31.3,33,0.1,34,0
27.9,85,25.7,59,1
44.3,32,5.1,92,1
30.2,57,18.5,6,0
27.3,47,22.4,80,1
43.3,82,7.2,9,0
44.0,41,5.3,88,0
20.9,21,6.9,62,0
31.7,23,1.6,19,0
30.3,91,10.2,57,1
44.8,29,4.7,27,0
19.5,22,14.8,77,1
38.8,98,22.3,26,0
39.5,35,10.5,59,0
29.6,83,18.7,22,1
42.5,77,8.6,20,0
41.0,42,9.1,73,0
33.2,96,18.7,47,1
43.3,65,4.8,74,1
34.1,56,25.3,4,0
42.2,87,9.1,38,0
38.3,78,10.9,26,1
29.5,40,22.7,97,1
42.5,37,10.5,53,0
38.8,60,16.3,39,0
29.8,89,10.7,84,1
36.3,77,21.7,41,0
33.1,61,28.2,6,0
30.5,89,12.4,35,1
19.8,62,17.6,0,0
34.6,57,12.4,58,0
26.4,36,12.7,48,0
31.5,60,1.4,93,1
19.3,53,20.7,52,0
36.7,95,11.7,64,1
31.6,19,21.5,13,0
21.8,74,9.9,80,1
22.4,96,18.4,23,1
22.7,38,23.0,28,0
18.3,89,24.5,92,1
25.2,63,29.4,17,0
28.2,56,28.7,12,0
31.8,48,17.7,60,0
20.5,100,2.9,86,1
43.6,50,11.1,71,1
24.5,84,9.4,80,1
27.0,99,8.8,77,1
40.6,93,25.3,8,0
33.9,43,28.3,97,1
35.5,58,4.3,70,0
35.6,56,2.4,0,0
36.7,23,16.4,63,0
38.4,73,7.5,8,0
20.1,92,12.7,26,1
41.0,87,16.3,91,1
43.1,21,9.4,0,0
36.2,56,18.2,49,0
40.9,94,19.6,83,1
19.7,61,18.5,46,1
23.6,52,10.7,94,1
22.5,17,21.5,20,0
36.2,52,24.4,65,0
32.7,67,9.6,72,1
40.5,85,13.3,41,1
18.9,62,9.3,42,0
34.4,88,6.2,47,1
38.5,15,29.5,56,0
44.9,99,27.1,87,1
20.5,100,12.7,35,1
23.7,61,24.5,21,0
25.1,86,6.1,76,1
44.4,61,17.6,46,0
44.2,77,13.9,7,1
33.7,31,26.6,53,0
40.6,29,24.6,49,0
36.2,47,17.9,55,0
41.0,97,5.3,54,1
18.5,36,21.3,45,0
35.8,18,27.7,97,0
27.9,90,21.3,49,1
21.0,75,6.2,33,1
25.1,39,16.9,81,1
23.4,76,10.8,65,1
34.0,25,7.3,69,0
42.0,82,14.9,0,0
33.2,26,18.9,84,0
21.2,44,7.0,60,0
26.8,100,28.1,26,1
20.5,45,5.0,10,0
42.4,16,20.1,97,0
21.9,79,14.6,77,1
24.5,80,14.6,78,1
19.1,80,21.7,24,1
22.7,21,24.9,18,0
41.7,54,8.5,37,0
41.3,29,18.1,65,0
20.6,47,17.6,60,0
39.7,19,24.0,18,0
44.8,90,0.5,90,1
23.0,52,4.9,35,0
31.5,30,16.2,99,1
40.4,43,25.6,100,0
24.4,78,20.3,26,1
18.9,22,25.2,94,1
33.5,57,21.2,81,0
31.4,43,7.4,44,0
21.1,67,15.0,97,1
19.3,95,26.4,19,1
43.8,77,18.5,70,1
45.0,66,5.3,11,0
43.7,16,19.0,53,0
19.2,32,28.4,16,0
18.3,99,11.3,36,1
35.2,100,24.5,49,0
40.4,31,3.5,89,0
42.0,57,1.3,12,0
24.5,47,27.7,48,0
42.8,89,9.8,75,1
40.1,25,25.3,67,0
31.7,89,27.9,32,0
25.3,89,8.3,76,1
21.8,52,14.0,18,0
25.8,47,23.6,39,0
36.3,72,25.1,52,0
33.4,90,0.1,33,0
26.8,51,9.0,39,0
36.7,61,14.5,66,0
39.6,55,4.8,17,0
38.4,83,20.0,50,1
28.2,17,26.5,78,0
42.2,47,7.1,10,0
43.1,52,4.7,30,0
20.6,70,21.1,79,1
27.2,82,6.6,27,1
31.1,31,22.5,56,0
45.0,47,25.1,20,0
21.1,55,29.1,0,0
41.0,41,8.3,12,0
25.8,32,5.4,58,0
19.2,53,27.4,76,1
27.3,76,1.5,86,1
41.1,45,4.8,76,0
33.0,95,16.7,62,1
23.7,62,4.8,0,0
27.2,82,5.7,81,1
27.9,84,26.8,100,1
44.2,43,4.8,11,0
34.3,62,26.4,93,1
33.0,59,23.0,72,0
31.9,100,2.8,15,0
39.6,92,18.6,23,1
21.2,86,7.1,17,1
18.1,47,5.7,84,1
38.1,55,10.2,39,0
23.1,87,20.3,91,1
38.8,71,3.8,1,0
19.4,87,20.2,27,1
25.9,50,23.3,80,0
41.4,93,19.4,87,1
24.1,63,5.8,17,0
35.5,15,19.7,83,1
38.7,36,9.2,61,0
24.5,88,22.1,62,1
42.2,25,27.3,21,0
31.4,84,28.3,55,1
44.6,21,4.4,14,0
44.7,99,5.4,97,1
44.9,52,19.5,46,0
45.0,71,11.5,74,1
40.0,60,4.3,69,0
20.3,87,13.9,64,1
27.6,69,12.2,7,0
41.7,21,1.6,35,0
44.3,33,14.0,49,0
21.2,31,6.7,49,0
27.2,75,11.0,3,1
18.5,64,25.8,96,1
27.4,54,7.2,99,1
44.8,45,16.5,57,0
40.1,26,22.4,69,0
39.7,61,15.1,49,0
41.2,37,3.2,75,0
32.5,39,12.2,60,0
26.9,29,2.8,76,1
43.2,41,28.7,92,0
19.4,63,4.6,56,0
27.8,64,23.5,86,1
33.0,37,20.3,20,0
33.5,56,8.4,50,0
43.8,50,14.8,28,0
29.7,26,8.9,45,0
43.7,21,6.2,43,0
27.6,51,4.8,26,0
22.3,47,13.1,57,0
38.1,31,5.0,89,1
28.5,78,9.1,56,1
18.3,60,29.9,42,0
38.4,52,21.7,21,0
27.7,69,7.8,18,0
25.8,72,16.0,48,0
24.2,25,18.5,83,1
19.1,97,5.7,96,1
34.8,43,2.1,54,0
21.3,63,25.4,30,0
34.3,38,27.8,12,0
37.7,55,8.4,23,0
18.1,59,0.7,94,0
23.8,96,14.0,100,1
37.0,68,25.1,3,0
39.7,45,10.2,91,0
42.1,79,19.3,28,1
25.0,48,19.0,57,0
38.7,72,17.2,98,1
25.0,59,22.0,20,0
33.7,22,21.9,38,0
28.4,36,23.9,41,0
31.9,89,29.4,86,1
26.9,72,15.7,82,1
42.5,76,27.8,97,1
24.3,80,3.2,67,1
32.7,66,28.9,66,0
25.1,28,3.2,77,0
36.3,35,24.1,52,0
19.9,97,16.9,75,1
30.5,36,6.5,13,0
41.7,33,21.8,79,0
41.4,97,11.6,40,0
39.6,86,25.4,44,0
19.5,41,24.4,5,0
37.4,63,2.3,87,1
18.5,51,9.4,52,0
39.3,28,18.7,61,0
37.2,99,8.7,84,1
23.7,78,9.8,1,1
33.3,43,4.6,93,0
42.1,49,1.2,11,0
20.1,39,26.5,96,0
43.6,77,0.8,58,0
32.3,67,25.0,75,1
32.9,75,24.0,29,1
23.8,96,3.2,53,1
39.5,72,10.4,21,0
26.4,21,2.5,2,0
35.2,98,24.4,60,1
19.4,91,20.7,7,0
31.9,31,11.1,86,1
28.3,24,16.3,48,0
18.1,58,23.6,58,0
18.2,22,24.9,12,0
42.8,32,4.0,14,0
37.0,86,24.9,78,1
26.6,19,3.7,9,0
42.5,63,17.0,34,0
21.0,63,27.5,55,1
32.0,76,25.3,5,0
25.6,54,2.4,99,1
24.2,37,16.8,95,1
27.8,87,11.4,98,1
42.6,90,28.1,64,1
28.4,70,13.4,13,0
42.3,77,0.6,100,1
39.9,47,25.6,100,0
28.5,56,1.1,20,0
42.9,35,27.0,10,0
35.9,33,27.5,33,0
32.2,57,20.9,44,0
40.6,57,0.1,21,0
21.8,47,19.5,17,0
23.8,62,5.4,14,0
35.0,51,15.1,63,0
40.8,39,4.6,19,0
28.8,41,18.5,81,1
18.4,28,23.3,53,0
29.5,74,8.4,66,1
22.8,77,16.6,63,1
34.6,20,27.6,38,0
29.7,19,20.9,49,0
28.6,72,22.7,55,0
33.3,19,19.0,90,1
40.9,98,9.4,78,1
19.9,96,1.2,91,1
21.3,68,8.9,76,1
41.4,56,19.1,33,0
42.6,59,14.0,91,0
24.6,96,13.5,44,1
24.9,74,15.1,74,1
35.2,37,15.6,59,0
21.9,37,24.2,98,1
29.5,56,7.7,93,1
35.1,31,15.0,39,0
38.8,52,29.4,88,0
27.3,50,19.4,24,0
37.4,34,19.3,38,0
28.4,56,22.7,72,0
27.7,40,16.6,70,1
44.5,42,4.1,31,0
39.3,57,21.7,27,0
28.5,80,24.3,16,1
34.2,68,24.5,98,1
36.1,53,18.1,81,0
35.9,43,25.2,78,0
18.0,40,7.0,81,1
35.2,24,23.8,9,0
36.1,76,29.1,12,0
41.7,29,27.8,45,0
20.9,63,25.1,27,0
27.5,93,8.2,70,1
21.1,84,13.9,92,1
27.1,88,23.3,48,1
42.3,72,26.4,46,0
28.0,71,24.6,77,1
21.3,62,1.9,83,1
33.0,26,1.9,82,0
41.1,52,6.6,4,0
30.4,43,4.1,1,0
27.1,87,8.7,57,1
29.2,39,16.6,81,1
22.7,40,28.0,50,0
29.3,43,20.8,12,0
26.4,25,22.4,58,0
24.2,91,15.1,60,1
25.5,49,25.5,23,0
37.5,52,4.0,28,0
39.4,100,29.8,32,0
42.0,51,28.2,64,0
40.5,79,26.2,8,0
31.4,32,20.7,92,0
40.5,54,26.2,45,0
25.7,75,7.8,71,1
25.9,58,4.0,65,0
31.1,35,19.6,42,0
30.4,87,16.7,75,1
22.8,51,10.2,88,1
18.7,98,28.1,19,0
18.6,29,9.0,75,1
28.8,29,22.8,60,0
32.2,50,11.2,72,1
18.8,59,13.2,79,1
28.3,31,29.3,55,0
22.8,42,7.1,43,0
43.0,16,1.0,85,0
42.2,98,10.4,44,0
34.1,99,5.5,81,1
28.8,41,13.6,62,0
20.8,60,4.7,46,0
37.4,77,24.2,15,0
45.0,29,1.9,44,0
31.2,100,6.2,71,1
29.1,52,25.0,80,0
21.4,26,10.2,74,1
26.4,85,14.9,70,1
19.9,23,6.9,87,1
23.8,100,15.4,74,1
42.7,59,23.5,35,0
42.2,37,9.9,20,0
23.7,69,23.6,25,0
41.1,70,2.5,19,0
35.4,93,4.2,70,1
35.8,99,21.7,60,1
25.9,100,20.8,61,1
20.8,43,11.9,56,0
19.3,90,13.2,95,1
19.0,64,11.3,75,1
36.5,97,3.9,93,1
26.5,65,15.5,72,1
25.9,68,8.6,73,1
23.5,25,2.6,48,0
37.1,55,9.4,3,0
28.4,31,3.0,5,0
37.3,99,23.5,91,1
38.3,67,7.5,29,0
38.0,85,9.8,21,0
34.1,26,12.8,45,0
20.5,22,25.1,94,0
39.6,80,28.6,10,1
36.1,80,8.7,41,0
26.3,40,0.9,59,0
25.9,58,24.4,97,1
37.9,75,27.6,15,1
42.0,68,24.7,95,1
41.4,79,6.3,51,1
23.4,37,26.6,28,0
37.1,40,1.2,58,0
30.5,79,24.4,51,1
30.2,22,5.6,43,0
30.3,63,12.8,5,0
33.5,60,0.6,46,0
29.5,21,12.6,78,1
28.1,41,4.1,97,0
31.4,28,19.5,33,0
22.9,49,0.4,96,0
23.3,70,15.6,65,1
26.6,64,1.5,0,0
32.9,34,0.2,65,0
20.9,95,6.5,70,1
34.0,89,18.9,18,1
20.2,27,15.2,73,1
33.1,28,28.6,68,0
41.6,31,2.9,42,0
20.6,82,28.7,59,1
30.3,16,3.1,4,0
29.6,71,20.5,40,0
21.4,31,9.2,100,1
27.0,81,18.4,21,1
20.9,66,26.2,43,0
31.2,77,6.0,26,0
40.8,73,27.0,72,1
21.1,56,4.1,95,1
36.3,69,24.0,100,1
27.3,46,28.6,54,0
19.7,81,26.3,41,1
38.3,69,18.8,43,0
28.4,91,3.3,21,1
20.6,57,7.6,88,1
29.2,83,2.8,94,1
25.8,44,23.5,3,0
23.4,66,0.4,60,0
44.8,68,25.4,64,0
26.8,53,19.4,37,0
36.9,53,21.3,68,0
21.1,77,6.5,71,1
20.9,31,26.8,41,0
32.7,77,28.8,35,0
42.3,59,1.7,98,0
27.2,41,9.3,85,1
28.1,84,21.1,53,1
36.7,94,16.9,54,1
32.7,49,8.8,62,0
24.2,26,5.0,95,1
35.3,81,25.1,99,1
24.7,26,0.8,47,0
40.3,32,18.3,92,1
43.5,68,25.2,46,0
38.6,20,26.3,63,0
19.3,45,26.8,29,0
44.4,71,25.6,62,0
24.9,27,1.0,94,1
24.8,89,14.1,15,1
32.0,22,27.1,27,0
18.9,46,10.1,96,1
22.9,29,27.6,62,0
36.6,32,24.5,6,0
20.2,16,13.1,50,0
42.3,61,2.9,64,0
30.8,80,15.0,82,1
30.6,85,15.4,38,1
41.0,95,21.1,62,1
37.8,60,14.0,74,1
20.3,52,26.2,11,0
42.8,92,25.3,53,0
35.5,93,1.6,48,0
37.1,37,24.0,81,0
39.7,27,0.6,83,0
43.6,78,20.1,50,1
32.0,69,16.3,84,1
33.4,53,4.4,2,0
23.1,64,28.2,42,0
35.3,21,26.3,17,0
20.5,49,22.6,5,0
44.9,62,25.3,28,0
27.1,87,8.5,47,1
29.8,46,21.4,80,1
29.3,24,29.8,69,0
39.2,95,20.4,21,0
30.9,53,23.2,26,0
43.8,84,13.3,8,0
36.8,87,13.5,62,1
22.1,96,28.2,25,1
26.1,56,12.1,8,0
37.5,30,10.3,25,0
34.9,53,16.8,82,1
41.4,61,7.4,8,0
41.5,21,1.0,98,0
33.6,20,9.4,99,0
41.4,50,3.1,86,0
18.9,66,21.5,23,0
39.6,46,6.5,26,0
40.1,34,9.3,37,0
29.9,80,17.2,61,1
22.4,24,22.8,100,1
34.3,99,24.4,93,1
37.6,97,18.3,12,0
40.0,78,4.1,34,0
38.7,25,21.3,11,0
38.7,17,22.0,62,0
29.4,25,6.7,35,0
35.9,50,17.6,10,0
42.3,97,29.2,40,0
34.5,65,5.2,11,0
27.5,21,29.7,40,0
42.3,70,23.4,55,0
40.6,42,13.3,47,0
30.5,74,3.7,8,0
33.9,39,25.6,83,0
39.3,78,11.4,95,1
18.0,77,19.1,0,1
22.6,71,17.3,54,1
37.9,54,10.1,56,0
44.7,52,28.5,0,0
23.9,84,14.9,81,1
29.3,51,12.7,43,0
26.3,91,2.6,97,1
29.2,97,22.0,38,1
35.6,77,20.9,77,1
36.9,15,6.3,74,0
22.5,85,25.8,51,1
30.7,97,20.6,60,1
28.0,77,15.9,100,1
26.8,64,26.6,27,0
33.7,48,22.4,53,0
23.5,79,3.3,16,0
22.7,73,11.1,33,0
21.7,68,11.8,96,1
36.7,62,21.9,0,0
25.6,55,11.1,94,1
35.4,44,2.9,98,0
22.1,69,12.7,18,0
31.3,69,0.1,71,1
39.7,79,1.8,8,0
19.3,47,9.5,98,1
36.3,69,8.2,80,1
35.7,45,17.9,49,0
30.9,46,19.7,96,1
24.0,93,23.0,31,1
23.3,40,15.8,54,0
31.8,85,21.6,51,1
33.7,82,4.5,65,1
43.9,41,16.7,92,0
44.1,28,27.3,48,0
22.9,33,7.5,4,0
39.8,96,18.1,90,1
34.6,76,16.3,62,1
37.8,61,4.0,74,1
32.1,63,28.3,32,0
28.9,100,5.9,26,1
22.8,93,21.7,7,1
28.7,34,29.9,19,0
35.9,70,5.6,11,0
30.1,71,13.7,56,1
41.0,71,20.1,29,0
31.0,83,29.9,77,1
27.7,88,13.1,55,1
43.6,88,26.8,29,0
18.9,42,20.8,35,0
36.1,35,29.2,17,0
21.2,45,7.2,35,0
36.7,78,5.6,44,0
32.3,50,23.4,14,0
32.5,67,22.6,10,0
21.8,53,0.6,30,0
44.2,38,7.9,51,0
34.2,59,14.3,18,0
35.8,81,9.7,1,1
21.8,53,25.3,65,0
37.2,60,15.7,1,0
33.6,90,27.4,54,1
42.3,87,4.8,89,1
35.4,55,20.7,41,0
41.5,93,0.9,64,1
38.2,59,21.6,62,0
25.4,51,28.5,41,0
44.8,52,18.6,50,0
37.3,77,15.0,73,1
35.2,73,4.3,20,0
36.8,54,26.1,48,0
38.4,56,28.0,30,0
18.3,78,0.3,58,1
38.0,75,25.3,78,1
38.6,70,20.8,31,0
36.7,55,3.2,45,0
41.5,63,19.5,86,1
21.2,70,15.5,9,0
38.6,19,14.9,0,0
18.7,93,25.8,79,1
43.7,61,15.9,44,0
23.9,89,26.8,20,0
41.4,47,9.6,55,0
22.9,38,3.8,38,0
44.6,54,8.4,10,0
34.8,88,17.2,83,1
42.6,66,16.9,25,0
43.3,45,16.5,40,0
33.8,90,27.4,61,1
27.4,99,20.2,55,1
28.0,23,0.4,55,0
29.1,29,19.5,8,0
32.0,77,8.7,90,1
35.5,23,13.6,24,0
36.5,88,23.8,29,0
21.9,50,9.4,69,0
42.0,81,17.5,96,1
42.0,65,4.0,73,1
18.2,97,5.6,36,1
27.7,24,15.1,6,0
28.3,21,16.8,24,0
33.4,34,19.6,6,0
36.9,84,10.6,67,1
29.4,48,18.4,70,1
32.8,49,8.2,1,0
41.6,84,28.3,54,1
44.7,73,2.1,98,1
42.4,97,25.3,6,0
24.8,73,9.2,60,1
27.1,63,4.6,3,0
40.5,65,29.9,74,1
45.0,49,18.8,13,0
18.3,27,4.2,99,0
42.8,21,12.5,80,0
41.2,70,25.1,46,0
44.6,94,0.6,65,1
35.4,73,12.8,62,1
42.1,42,24.8,60,0
36.9,46,17.5,77,0
31.2,43,13.9,72,1
19.1,39,9.8,19,0
36.7,87,22.0,49,0
34.0,18,4.1,54,0
31.4,54,5.6,86,1
24.2,25,3.0,80,1
19.3,70,19.4,97,1
24.3,72,5.8,80,1
20.9,43,28.5,100,0
18.2,83,7.3,33,1
44.4,46,14.7,98,0
23.6,64,6.5,25,0
31.9,48,19.0,46,0
26.6,85,11.8,97,1
18.9,99,28.8,70,1
18.8,61,27.2,73,1
42.9,42,16.3,41,0
40.5,21,27.4,40,0
24.0,84,29.6,95,1
30.3,28,16.8,6,0
30.3,50,18.6,92,0
39.6,82,29.4,14,0
36.1,96,29.5,14,0
25.3,67,2.8,76,1
27.2,29,13.6,4,0
41.4,67,27.6,53,0
42.6,65,12.8,70,1
25.8,55,20.0,30,0
36.5,43,14.9,63,0
29.7,92,18.6,45,1
34.2,36,19.9,35,0
42.9,31,7.0,71,0
40.5,38,5.5,54,0
31.8,54,18.4,13,0
35.5,27,9.4,20,0
32.0,66,6.5,42,0
43.4,99,11.2,26,0
20.3,61,2.5,25,0
36.3,40,10.4,14,0
43.5,15,4.9,64,0
30.8,53,9.2,73,0
30.0,37,6.8,79,1
31.0,63,2.3,89,1
33.1,36,10.4,69,0
36.0,81,29.7,34,0
21.2,96,21.2,40,1
26.2,82,13.4,57,1
18.7,72,5.9,61,1
33.5,68,3.1,62,0
29.0,71,14.6,73,1
28.4,79,26.9,94,1
25.1,57,3.7,64,0
34.1,48,10.0,9,0
42.2,99,3.8,13,0
42.9,80,28.7,30,0
32.8,15,2.0,54,0
36.1,21,26.7,83,0
24.8,30,9.1,41,0
45.0,78,20.7,44,0
18.5,61,11.4,12,0
29.8,28,11.4,38,0
27.5,75,6.8,60,1
42.2,81,8.1,92,1
20.4,49,2.2,62,0
19.9,94,0.2,14,1
28.1,97,3.1,38,1
20.7,89,10.8,35,1
41.1,98,10.8,68,1
32.7,42,11.5,4,0
22.7,65,12.8,9,1
19.3,47,7.2,66,0
41.9,63,24.8,39,0
21.8,74,21.4,25,0
41.9,91,18.1,58,1
39.3,64,8.3,43,0
24.4,99,0.2,85,1
25.1,30,20.2,78,0
31.8,80,14.4,27,0
18.8,78,19.1,48,1
37.3,32,24.2,58,0
22.5,78,6.7,54,1
41.1,22,7.9,26,0
42.8,64,26.7,42,0
19.3,74,7.0,26,0
40.8,36,12.5,84,0
25.0,41,1.6,97,1
41.3,87,14.0,24,0
40.8,27,5.8,84,0
39.9,90,13.0,18,1
19.6,63,24.7,91,1
34.5,94,21.2,20,0
24.9,16,21.0,11,0
35.7,46,3.4,49,0
20.5,23,18.2,11,0
29.7,68,9.3,6,1
44.4,35,20.9,36,0
29.6,20,12.4,69,1
33.5,38,5.0,66,0
23.5,74,18.3,78,1
32.5,91,9.6,73,1
27.9,86,17.0,19,1
19.7,76,8.4,62,1
22.8,49,18.7,58,0
28.8,55,3.1,65,0
36.2,94,20.1,55,1
32.5,69,14.7,54,1
38.9,22,6.3,94,0
20.1,31,18.8,31,0
35.4,81,14.8,100,1
35.3,48,5.4,38,0
37.9,42,24.7,42,0
36.2,57,22.6,58,0
33.2,82,21.4,29,1
29.5,81,29.1,71,1
27.8,62,26.0,27,0
34.8,39,28.1,88,0
43.2,58,5.2,8,0
19.7,40,20.4,36,0
29.3,17,28.2,55,0
37.5,96,17.0,91,1
44.2,47,14.1,45,0
39.0,68,26.7,2,0
19.3,24,1.2,27,0
22.4,28,21.5,26,0
27.1,61,3.2,12,0
34.1,43,4.1,19,0
27.6,48,3.0,16,0
29.1,44,18.8,52,0
21.1,48,9.6,60,0
27.1,19,8.0,15,0
28.6,84,25.9,63,1
31.5,19,23.0,10,0
35.2,92,3.0,22,0
32.5,38,5.9,22,0
23.1,60,23.8,53,1
36.4,41,5.8,49,0
37.1,26,1.1,43,0
20.2,73,7.4,25,1
20.7,52,10.2,17,0
44.1,86,21.9,55,1
39.0,95,11.4,23,0
26.9,51,0.7,86,1
24.3,94,18.4,78,1
29.7,92,29.3,76,1
18.3,86,13.1,72,1
33.4,92,17.0,85,1
43.7,87,29.9,15,1
33.3,86,29.1,87,1
25.4,30,5.2,84,1
34.2,99,0.3,18,0
20.5,58,3.4,41,0
38.5,42,27.0,57,0
27.0,40,5.0,60,0
21.5,90,18.1,52,1
31.5,83,11.1,69,1
23.7,26,11.6,8,0
37.2,66,10.6,96,1
26.2,93,7.6,59,1
39.3,66,22.0,87,1
38.2,25,0.5,45,0
31.4,99,1.4,26,0
45.0,33,13.8,73,0
19.1,95,16.4,74,1
32.8,93,13.5,24,1
41.4,53,6.1,20,0
20.7,87,8.3,42,1
38.0,36,10.4,70,0
19.2,32,19.3,97,1
38.4,80,3.2,5,0
19.3,88,26.2,92,1
33.8,55,3.7,38,0
25.9,60,23.6,71,1
18.4,25,21.1,86,0
30.9,49,21.5,76,0
42.5,68,7.6,23,0
39.7,53,13.6,40,0
36.6,88,22.2,22,0
27.2,91,27.8,50,1
40.9,31,7.6,68,0
30.2,95,8.3,47,1
43.1,66,15.8,43,0
23.0,70,15.1,22,0
33.3,85,19.4,13,1
22.1,64,11.7,33,0
39.0,83,1.2,62,0
22.4,92,22.9,59,1
37.1,92,13.1,31,1
41.4,27,24.9,87,0
34.8,24,14.1,83,0
24.4,71,1.6,85,1
42.2,45,15.0,60,0
32.3,21,9.3,82,0
30.6,76,27.6,70,1
22.9,62,5.9,11,1
21.7,29,9.7,30,0
18.7,40,27.7,23,0
43.7,88,27.4,53,1
30.0,47,27.5,8,0
42.9,45,2.1,12,0
20.5,68,15.1,78,1
44.6,53,4.7,52,0
29.7,26,11.0,27,0
34.0,93,0.9,26,1
44.0,54,20.7,15,0
20.1,63,19.2,25,0
29.7,26,6.2,39,0
41.8,40,9.9,95,0
26.8,38,15.5,81,1
23.7,56,20.6,39,0
35.8,38,24.7,76,0
38.6,87,6.4,32,1
40.9,60,29.2,58,0
32.8,97,6.6,22,0
36.1,78,0.0,87,1
25.9,70,8.7,18,0
43.1,97,2.3,35,0
22.2,48,29.4,64,0
18.2,72,26.7,1,0
28.8,33,14.9,2,0
35.6,88,3.5,13,0
36.2,31,11.4,77,1
28.7,67,28.0,21,0
43.2,24,5.6,51,0
36.5,51,6.1,62,0
31.8,76,18.3,55,1
35.8,64,14.4,23,0
34.1,67,21.3,0,0
36.7,41,6.6,62,0
38.9,85,28.5,12,0
18.0,97,28.5,85,1
21.3,87,11.5,37,1
25.6,27,25.7,45,0
26.3,73,10.6,15,0
38.0,41,16.3,74,0
44.3,34,11.9,53,0
41.8,35,29.1,58,0
26.5,66,2.1,99,1
38.3,87,27.4,48,0
36.2,62,18.5,79,1
22.3,58,28.6,57,0
34.2,85,15.1,5,1
33.3,39,1.6,90,0
25.7,76,22.1,93,1
20.1,21,4.1,27,0
40.4,98,4.2,29,0
34.9,61,19.2,42,0
36.7,32,17.8,19,0
30.5,33,5.9,26,0
28.0,85,4.5,28,1
32.6,60,2.0,89,1
43.8,95,22.9,79,1
31.4,75,27.6,31,1
40.2,73,18.0,56,1
44.8,64,29.4,68,0
24.6,15,19.0,91,1
22.9,90,23.1,97,1
26.9,53,7.7,33,0
28.2,73,8.1,3,0
22.2,17,11.5,8,0
36.3,86,19.1,72,1
34.9,90,15.2,56,1
19.4,90,15.4,8,1
18.3,15,15.5,30,0
23.9,30,30.0,10,0
37.0,29,22.6,9,0
29.8,67,7.5,24,0
34.9,15,30.0,96,0
33.4,58,1.6,36,0
24.5,36,13.2,75,1
33.4,98,28.9,18,1
25.6,98,7.9,14,1
20.3,63,17.8,87,1
39.8,49,24.9,66,0
38.7,29,28.3,83,0
29.6,31,7.2,13,0
31.2,55,14.5,85,0
20.1,46,14.3,20,0
29.2,57,18.0,15,0
21.5,83,6.3,44,1
39.7,44,9.4,66,0
44.8,30,12.3,100,0
37.3,67,24.7,35,0
20.9,39,5.1,79,1
39.4,27,23.3,22,0
35.5,58,15.6,86,0
36.5,27,16.5,67,0
42.7,21,2.8,49,0
21.6,62,7.5,43,1
39.2,65,15.3,65,1
18.4,49,28.9,68,0
40.9,46,10.1,29,0
28.8,63,11.9,18,0
20.6,86,17.5,59,1
42.2,86,16.7,59,1
38.8,73,28.7,69,0
41.1,40,25.3,68,0
26.3,100,26.9,95,1
27.4,26,0.4,97,0
30.8,15,29.7,71,0
23.0,81,4.9,12,1
21.1,25,20.9,65,0
26.4,26,24.9,38,0
18.6,52,9.3,72,1
32.4,90,8.9,41,1
29.1,53,17.4,96,1
38.5,26,17.7,53,0
37.4,92,6.8,35,1
18.2,48,3.1,46,0
36.0,40,18.9,27,0
30.0,64,25.8,9,0
18.1,28,11.6,92,1
33.0,49,25.6,39,0
36.2,32,23.9,3,0
32.1,31,15.9,98,1
42.8,24,15.4,68,0
33.5,92,4.2,99,1
24.9,47,1.7,47,0
21.8,54,15.0,59,0
20.2,43,23.4,52,0
35.6,66,4.6,90,1
20.0,15,28.5,34,0
36.3,52,28.6,61,0
41.3,23,26.8,3,0
29.8,64,12.7,67,1
24.6,71,4.0,89,1
39.4,86,17.3,44,1
43.4,98,1.5,39,0
19.1,61,20.8,11,0
40.5,55,11.6,44,0
41.1,50,3.0,54,0
28.7,68,13.7,42,0
38.9,29,29.1,15,0
19.1,78,0.5,66,1
36.7,95,15.8,72,1
38.7,87,12.7,80,1
39.8,67,5.5,92,1
21.7,73,12.6,44,0
37.2,45,5.6,77,1
31.9,48,16.1,66,0
19.8,70,20.2,85,1
31.9,39,22.6,32,0
25.6,33,4.8,77,1
32.6,42,3.9,15,0
19.7,45,6.6,74,1
33.3,42,0.3,1,0
18.2,46,14.7,53,0
33.0,99,17.0,2,0
42.1,20,26.3,55,0
37.9,33,25.0,57,0
31.2,91,1.4,41,1
19.5,74,22.1,72,1
25.3,39,11.8,8,0
38.6,29,15.5,24,0
29.3,49,15.9,69,0
28.3,67,17.6,53,1
29.2,39,11.7,56,0
41.9,73,27.5,58,0
23.0,67,21.5,87,1
37.1,38,20.7,79,0
27.7,49,21.2,80,1
30.5,84,16.3,11,1
25.1,32,7.7,20,0
38.3,75,1.1,4,0
39.7,75,10.1,43,0
26.7,35,8.0,68,0
32.7,83,16.0,49,1
31.9,90,21.5,3,0
24.1,88,3.4,73,1
32.2,22,13.1,35,0
26.1,36,0.7,30,0
40.6,99,23.7,39,0
32.9,37,16.4,97,0
43.3,54,0.5,49,0
26.4,83,13.1,93,1
39.5,71,27.8,23,0
29.1,35,14.4,29,0
19.3,99,17.1,30,1
26.6,52,9.3,83,1
25.6,46,28.9,22,0
44.4,20,26.0,76,0
26.0,91,11.6,53,1
31.2,100,5.6,100,1
33.3,15,17.2,9,0
34.5,96,19.6,64,1
28.7,68,2.0,2,0
33.5,30,2.8,5,0
37.3,59,12.1,20,0
31.0,65,4.0,7,0
34.1,33,15.8,44,0
38.5,90,29.2,43,0
18.6,22,23.0,38,0
20.0,69,25.5,98,1
36.4,20,28.4,47,0
42.2,78,11.2,19,0
18.6,29,13.5,69,0
22.8,86,6.4,89,1
26.7,73,0.9,95,1
35.3,65,21.1,3,0
23.0,100,25.0,19,1
32.0,92,5.8,99,1
24.1,74,26.7,61,1
29.4,75,18.3,34,1
28.5,84,9.8,23,1
21.2,52,15.2,19,0
35.5,86,18.1,70,1
42.0,71,10.8,81,1
29.8,59,15.9,86,1
32.8,65,24.6,46,0
38.9,89,5.4,17,1
33.3,48,11.6,87,0
40.9,93,20.1,46,0
28.8,33,5.5,66,0
44.3,41,9.8,11,0
30.6,82,11.8,33,1
19.8,51,16.8,61,0
29.9,71,28.2,99,1
33.8,99,21.6,2,0
19.8,83,13.2,99,1
31.4,87,28.5,7,0
36.0,79,23.8,85,1
29.8,51,21.9,22,0
26.9,18,19.9,41,0
32.4,52,12.1,18,0
28.9,48,23.1,42,0
32.3,66,25.7,98,1
27.3,25,4.0,37,0
36.3,44,21.4,16,0
34.6,97,25.3,79,1
32.4,70,19.8,54,1
39.3,96,7.6,52,1
39.2,28,14.8,98,0
33.3,93,12.4,4,0
44.9,57,11.1,21,0
28.5,24,22.1,33,0
43.8,62,10.0,88,1
27.8,77,16.8,25,1
21.1,84,7.2,0,1
22.3,74,21.5,10,0
35.6,79,1.5,18,0
38.2,91,15.6,4,1
24.9,55,24.5,42,0
30.1,77,7.4,87,1
23.8,86,5.4,77,1
23.1,99,21.2,8,1
39.4,96,7.2,49,1
39.9,48,18.7,31,0
33.9,97,0.3,34,0
34.2,78,6.2,73,1
42.1,80,8.2,42,1
21.8,28,27.0,24,0
19.4,33,7.8,38,0
40.9,82,8.3,72,1
44.4,18,18.1,48,0
43.1,18,17.2,59,0
23.4,21,24.5,18,0
25.9,57,15.1,68,0
33.9,78,5.3,34,1
38.5,64,27.2,31,0
21.8,82,20.5,17,0
33.6,37,13.8,74,0
36.5,20,17.7,11,0
21.9,19,5.5,96,1
27.2,27,29.6,82,1
27.6,41,11.5,35,0
26.8,28,21.5,85,1
22.5,44,14.7,0,0
41.2,72,14.9,47,0
34.6,20,6.2,20,0
18.7,45,8.6,59,0
38.2,45,4.8,59,0
41.8,54,12.7,81,0
20.1,22,24.5,26,0
23.9,44,16.3,84,1
39.9,46,13.4,55,0
24.4,60,16.4,68,1
20.1,69,26.6,35,0
34.3,93,12.6,19,0
25.3,26,27.3,87,0
22.0,61,28.3,64,1
32.0,93,5.1,26,0
30.9,30,8.0,16,0
30.6,99,12.4,7,1
31.5,94,21.1,93,1
40.1,38,25.2,38,0
42.2,58,9.0,60,0
35.7,71,2.1,29,0
28.1,68,24.0,62,0
21.2,20,3.9,20,0
39.7,55,18.0,54,0
33.4,50,29.0,67,0
28.0,42,21.3,1,0
18.4,59,16.6,44,0
37.2,32,11.3,87,0
36.8,75,10.5,23,1
35.1,92,4.6,39,0
21.0,15,5.2,70,1
40.0,81,28.6,70,1
31.2,70,29.3,94,1
26.3,78,1.3,83,1
40.3,89,21.3,0,1
21.2,66,19.9,34,0
38.1,45,10.4,18,0
33.7,18,5.2,9,0
41.8,80,14.1,87,1
43.9,20,16.1,17,0
21.5,22,10.8,16,0
19.1,90,7.1,91,1
28.4,21,15.9,67,0
25.9,64,2.1,57,0
40.6,16,25.9,36,0
41.3,38,7.9,59,0
42.2,93,21.6,98,1
42.4,39,17.0,50,0
26.8,66,15.4,80,1
27.9,69,23.4,23,0
43.6,40,3.6,2,0
40.4,59,1.6,88,0
42.3,58,0.5,25,0
38.0,22,28.0,88,0
22.2,50,27.4,84,1
34.4,47,23.3,81,0
29.6,53,11.4,53,0
30.6,96,28.0,93,1
29.1,30,8.3,91,1
26.2,17,0.2,1,0
23.7,71,7.9,57,1
25.3,27,0.5,60,0
31.7,37,5.7,23,0
26.8,99,20.6,88,1
24.0,69,23.4,21,0
37.7,41,21.6,34,0
19.2,58,8.3,60,0
28.9,74,16.2,53,1
20.1,98,1.5,2,1
34.2,30,15.9,48,0
35.4,49,15.0,96,0
34.8,95,28.6,38,1
35.9,25,8.6,16,0
44.2,97,20.3,28,0
43.9,59,19.0,86,1
19.3,17,15.1,47,0
38.9,73,9.9,88,1
21.0,43,22.1,70,0
43.3,77,1.6,94,1
25.6,47,11.6,81,1
18.4,100,5.9,69,1
24.6,61,21.4,86,1
41.0,85,28.2,22,0
24.1,66,22.2,41,0
19.2,75,25.9,57,1
24.2,77,19.8,8,1
29.4,39,12.0,44,0
39.3,87,14.6,23,1
33.6,25,18.8,68,0
41.7,36,19.4,61,0
26.5,91,18.2,78,1
29.7,17,9.0,64,0
34.6,64,0.3,46,0
28.9,27,2.5,94,1
23.0,88,3.9,11,0
44.6,55,15.1,38,0
27.7,45,0.7,63,0
24.0,40,20.7,25,0
43.9,89,25.9,17,0
35.0,67,29.7,12,0
36.5,30,19.8,40,0
28.7,70,6.5,40,0
39.6,63,28.1,85,1
22.7,68,24.3,98,1
42.1,88,19.9,43,1
32.3,45,1.6,25,0
32.4,99,21.1,70,1
27.9,95,29.6,31,1
38.1,93,2.9,5,0
32.0,44,8.7,71,1
24.5,25,26.8,96,0
29.9,35,28.1,56,0
39.2,51,1.4,74,0
39.9,32,28.2,64,0
43.3,26,11.6,60,0
42.3,77,13.6,12,0
18.2,51,1.3,6,0
41.5,70,2.0,39,0
30.3,48,3.2,80,0
19.8,49,19.2,0,0
39.4,18,22.5,11,0
24.4,96,5.1,15,1
40.3,90,0.6,1,0
20.5,46,25.0,98,1
33.4,28,10.7,81,1
41.3,24,17.4,59,0
43.4,49,8.7,82,0
37.2,51,9.7,9,0
37.7,54,12.8,73,0
28.1,96,16.4,25,1
42.6,57,18.6,56,0
31.2,20,27.9,80,0
20.8,80,13.8,88,1
34.3,92,22.6,65,1
24.0,81,26.6,95,1
27.4,30,17.0,68,1
39.7,89,11.4,9,0
28.2,67,20.5,74,1
28.4,88,25.3,20,1
41.5,18,20.3,64,0
29.5,63,10.7,37,1
37.8,62,25.2,57,0
35.9,55,18.0,59,0
29.7,42,20.8,80,1
18.4,74,9.5,93,1
32.2,39,19.7,31,0
24.3,43,17.0,35,0
38.9,26,27.8,92,0
29.7,86,15.0,43,1
19.4,46,19.3,69,0
25.1,66,0.1,95,1
22.2,73,29.8,26,0
19.8,42,0.1,42,0
39.6,86,17.5,80,1
32.2,16,29.5,91,0
33.9,59,10.0,96,1
28.8,42,1.7,66,0
23.8,19,13.2,93,1
37.6,91,23.5,1,0
21.4,99,19.5,44,1
24.1,54,8.8,10,0
40.3,54,26.8,58,0
35.2,51,16.2,50,0
21.3,71,22.6,20,0
34.5,95,9.5,74,1
24.5,40,12.7,100,1
44.2,47,3.1,18,0
36.8,65,28.9,22,0
18.3,92,11.4,71,1
19.5,46,4.3,12,0
41.6,65,12.7,7,0
36.3,94,2.3,59,0
30.5,15,8.0,42,0
33.5,91,4.8,5,1
39.9,81,26.0,70,1
22.0,25,7.3,71,1
35.5,19,9.4,24,0
28.4,96,2.7,30,1
20.4,76,27.0,32,0
25.5,59,10.9,41,0
39.8,38,28.8,26,0
27.8,24,12.5,96,1
38.1,26,10.5,52,0
23.2,40,11.5,29,0
29.1,54,15.3,42,0
19.5,52,7.9,41,0
42.3,55,25.4,0,0
44.5,26,12.4,29,0
25.0,17,24.2,83,1
34.6,95,23.4,61,1
31.7,27,24.7,26,0
19.7,58,4.5,35,0
43.3,50,23.1,8,0
23.8,18,17.1,85,1
23.3,59,22.0,9,0
25.5,63,28.1,76,1
34.2,47,19.1,51,0
20.7,41,4.3,58,0
19.3,53,18.5,74,1
41.4,69,23.0,99,1
44.4,45,29.0,33,0
37.2,93,16.8,73,1
35.5,61,1.5,77,0
44.8,42,7.2,86,0
35.8,65,3.8,74,1
21.6,85,12.9,62,1
21.0,92,5.1,37,1
38.1,32,15.3,95,0
18.1,18,12.8,30,0
21.0,42,27.3,83,1
22.6,61,3.5,63,1
20.4,72,12.0,87,1
29.8,77,18.6,10,1
30.8,93,28.5,19,0
24.2,56,17.0,31,0
27.8,25,27.2,31,0
29.7,84,25.7,92,1
37.4,60,20.9,81,0
38.8,18,17.2,13,0
39.4,100,14.9,96,1
32.9,83,20.0,68,1
20.1,98,3.9,36,1
32.8,27,12.0,48,0
34.1,15,6.4,55,0
25.7,99,19.2,56,1
21.8,35,6.5,17,0
24.8,70,6.0,71,1
28.6,25,4.8,32,0
25.9,32,28.0,99,1
43.4,84,8.4,44,1
18.2,48,14.0,89,1
30.0,54,6.4,34,0
18.1,73,17.6,85,1
28.4,56,5.5,44,0
22.8,46,19.0,34,0
40.6,99,16.1,29,0
37.6,30,17.3,75,0
26.6,15,22.6,83,1
30.1,55,27.7,33,0
21.7,84,23.5,95,1
36.1,18,27.3,54,0
27.3,15,3.1,54,0
23.1,53,5.9,57,0
44.7,48,18.4,36,0
43.0,36,8.5,32,0
44.1,69,3.5,22,0
41.5,45,0.2,96,0
32.8,21,25.8,71,0
31.7,17,21.7,82,0
41.0,91,15.0,23,0
45.0,89,24.8,45,0
34.9,15,19.4,75,0
38.7,40,19.1,86,0
31.3,25,6.3,93,0
31.2,89,3.9,74,1
22.5,26,0.7,86,0
22.6,91,16.8,17,1
40.6,88,29.3,73,1
42.3,46,10.0,78,0
43.1,36,12.9,4,0
22.8,36,9.0,70,1
41.1,74,14.2,4,0
24.3,83,3.1,13,1
19.3,63,16.3,18,0
28.3,79,15.3,71,1
28.0,88,4.8,86,1
32.6,29,28.4,10,0
21.8,80,12.5,49,1
18.6,88,17.5,91,1
44.1,52,17.3,14,0
39.0,29,11.2,74,0
24.3,52,25.0,64,0
24.7,31,20.9,78,0
38.4,33,9.5,73,0
31.7,81,20.7,34,0
36.9,87,27.9,88,1
32.6,99,12.8,62,1
27.1,99,25.8,93,1
36.6,58,20.2,76,0
39.7,25,23.6,38,0
36.1,98,14.9,5,1
44.6,91,24.4,94,1
37.0,21,7.0,24,0
28.8,43,27.1,79,0
21.1,75,5.4,34,1
43.9,95,2.6,41,0
44.0,84,19.4,55,1
24.7,29,29.5,83,0
36.0,84,14.0,48,0
19.7,53,4.4,14,0
40.8,81,22.8,79,1
34.5,91,21.3,14,1
22.0,64,9.8,74,1
21.2,41,7.0,83,1
29.4,85,3.6,28,0
23.9,72,27.0,2,0
36.9,87,16.4,14,0
18.1,67,7.4,21,0
25.4,49,7.1,49,0
38.9,87,24.7,40,0
36.0,92,18.8,64,1
35.3,77,15.0,84,1
41.2,23,29.7,76,0
27.4,45,12.0,71,1
42.1,42,8.1,77,0
32.4,91,6.1,36,1
25.4,82,1.4,8,0
43.8,68,17.6,51,1
32.6,92,16.1,27,1
43.2,39,2.6,60,0
43.9,36,11.7,49,0
18.5,45,21.2,57,0
18.1,87,24.6,72,1
35.7,70,8.3,66,0
19.6,72,3.3,73,1
29.9,63,11.1,2,0
34.3,18,16.2,42,0
37.6,52,17.4,45,0
37.2,40,17.8,10,0
27.8,70,11.6,91,1
24.9,87,28.9,32,1
43.8,28,23.8,98,0
32.0,80,22.0,0,1
34.9,95,22.2,48,1
36.1,37,1.8,76,0
19.1,42,0.7,80,1
21.3,69,3.9,91,1
26.8,82,16.3,10,1
38.0,94,19.5,21,1
30.5,27,26.5,12,0
18.8,79,25.8,39,0
25.1,74,13.0,89,1
19.6,99,28.3,44,1
30.0,67,9.5,11,0
27.1,53,26.2,69,0
39.5,71,17.0,45,0
34.1,23,7.6,78,0
44.2,23,29.6,84,0
18.8,90,28.7,42,1
43.1,53,9.3,73,0
22.6,62,4.3,14,0
27.4,85,27.1,78,1
40.1,42,23.8,86,0
30.4,66,11.7,51,1
27.6,34,25.4,82,0
22.9,45,3.1,98,1
31.0,90,14.8,51,1
39.2,23,3.1,16,0
28.0,22,23.9,56,0
24.3,43,9.8,86,1
29.4,80,1.5,13,1
21.8,33,13.8,97,1
29.2,41,25.7,77,1
24.2,38,27.1,0,0
30.5,95,28.7,22,0
27.3,79,2.0,26,0
39.4,70,3.0,42,0
39.4,32,24.8,0,0
36.1,85,3.8,25,1
38.9,31,19.3,7,0
22.5,43,1.3,92,1
30.7,54,0.5,58,0
32.7,62,6.6,14,0
27.2,52,20.9,28,0
41.0,37,28.5,94,0
41.8,58,5.8,13,0
25.0,45,7.1,36,0
22.1,59,4.5,90,1
29.2,61,28.5,59,0
28.2,39,19.5,26,0
23.6,31,4.8,55,0
37.2,80,1.4,0,0
31.8,25,25.0,42,0
31.2,26,26.9,96,0
20.7,28,16.3,24,0
25.8,98,2.3,73,1
34.0,53,8.0,89,1
35.0,75,26.9,94,1
43.1,63,4.5,25,0
30.2,28,3.1,15,0
19.2,54,29.3,88,1
36.7,30,19.0,56,0
28.3,94,21.6,22,1
44.8,21,28.0,23,0
44.4,31,6.9,57,0
28.9,64,9.3,27,0
37.9,60,27.5,76,1
34.7,95,22.3,8,0
19.9,32,28.8,78,0
29.9,16,25.2,78,1
23.7,22,12.7,60,0
35.0,31,1.4,91,0
37.6,26,15.0,97,0
20.0,24,1.2,14,0
43.8,48,11.8,6,0
23.0,20,9.3,43,0
42.3,83,24.3,90,1
20.4,40,16.4,76,1
23.7,96,5.4,58,1
24.2,88,27.2,94,1
18.2,58,23.7,23,0
25.2,84,16.3,2,1
38.9,67,18.0,92,1
27.6,75,23.8,40,1
23.8,60,28.9,21,0
33.3,47,12.7,97,0
22.5,98,23.1,43,1
25.0,48,17.5,87,1
43.6,66,1.0,65,0
36.3,74,16.3,15,0
22.3,35,6.4,91,1
36.3,96,17.2,37,0
30.3,100,23.9,68,1
32.2,100,11.9,79,1
26.1,57,2.4,33,0
21.2,62,13.9,79,1
20.5,31,11.4,7,0
19.7,40,23.7,10,0
24.3,83,3.9,51,1
35.9,29,28.3,16,0
37.8,60,9.7,46,0
42.9,57,21.7,99,0
40.6,71,5.2,1,0
39.4,71,19.2,85,1
19.6,94,28.9,58,1
18.7,93,18.4,27,1
28.8,65,4.8,91,1
27.3,42,16.9,76,1
38.5,96,17.5,24,1
43.2,81,28.0,72,1
31.8,41,26.5,92,0
18.4,45,18.7,38,0
35.2,56,10.2,46,0
28.6,30,10.4,87,1
25.2,32,13.8,64,0
28.7,96,12.2,9,1
43.2,65,27.8,86,1
41.6,37,9.3,64,0
43.9,54,8.1,46,0
41.4,59,2.5,34,0
34.3,58,6.1,4,0
26.0,64,22.5,31,0
25.1,56,8.5,0,0
21.4,33,4.2,78,1
35.5,79,8.9,12,0
20.1,21,28.8,77,0
19.5,88,15.6,91,1
18.6,87,21.0,83,1
22.1,20,4.9,39,0
39.9,69,12.2,100,1
29.8,66,26.1,25,0
22.3,36,11.3,52,0
25.8,17,20.0,76,1
31.2,56,20.7,37,0
35.8,38,11.0,76,0
34.0,29,4.2,27,0
27.0,39,1.6,20,0
24.0,40,12.9,33,0
29.6,43,14.0,54,0
35.1,70,9.0,2,0
35.0,49,15.5,23,0
20.0,48,27.3,42,0
22.9,59,11.2,29,0
20.7,98,27.2,99,1
40.7,60,9.5,19,0
40.2,91,8.6,47,0
27.5,81,24.5,93,1
19.5,35,4.5,71,1
25.6,89,17.3,74,1
39.4,83,19.0,71,1
41.7,79,17.4,1,0
18.8,95,20.4,98,1
32.3,51,28.7,93,0
18.9,37,19.8,95,1
20.8,47,26.0,97,0
29.7,44,19.6,2,0
35.2,78,27.4,90,1
42.2,20,26.2,84,0
41.1,21,5.5,79,0
39.7,15,26.6,56,0
34.6,44,18.1,56,0
37.8,80,25.3,6,0
31.7,89,3.0,44,1
18.7,60,25.9,21,0
33.0,72,15.7,81,1
26.3,54,15.0,13,0
18.2,80,25.8,100,1
30.5,88,22.8,100,1
26.7,66,18.3,20,0
34.0,97,6.0,80,1
18.9,23,11.9,67,0
36.2,54,21.0,51,0
24.2,94,20.7,74,1
30.7,97,17.9,39,0
42.4,98,29.8,73,1
38.7,79,9.1,59,1
31.2,73,8.3,55,1
24.5,71,8.4,52,1
38.6,71,16.7,53,0
36.5,27,11.3,30,0
19.8,29,2.8,51,0
28.0,62,29.7,17,0
19.9,78,3.5,66,1
26.1,85,4.9,52,1
24.7,41,5.2,11,0
21.3,25,0.8,84,1
32.1,30,23.5,73,0
25.3,21,2.5,94,0
19.2,25,19.4,39,0
25.0,86,2.8,40,1
33.4,27,29.8,35,0
23.1,79,1.7,94,1
22.7,56,24.1,68,0
25.1,76,22.5,65,1
38.2,20,17.5,59,0
35.4,61,13.5,93,1
29.1,51,4.9,35,0
36.3,74,1.8,22,0
34.9,28,18.9,84,0
28.8,70,18.2,16,0
31.1,37,17.2,19,0
39.2,45,21.0,92,0
35.5,18,15.3,52,0
23.6,53,22.6,35,0
24.2,71,28.4,5,0
22.7,98,0.6,25,1
37.4,56,11.7,76,1
19.2,32,16.7,35,0
43.2,34,13.5,25,0
36.7,99,11.4,91,1
34.7,52,3.3,86,0
39.8,73,18.0,33,0
30.3,25,10.4,62,0
34.4,66,26.8,2,0
18.6,84,23.1,16,1
36.5,33,0.3,87,0
18.4,96,5.2,60,1
18.2,96,14.5,70,1
34.9,69,9.4,40,0
18.1,33,4.5,21,0
21.5,85,3.1,79,1
23.5,55,24.6,27,0
37.4,34,6.8,63,0
24.1,48,4.1,9,0
40.9,81,6.4,67,1
36.0,47,22.7,74,0
34.1,84,28.1,21,0
23.8,39,3.8,64,0
29.5,65,3.6,74,1
30.0,20,15.2,12,0
28.8,33,28.1,14,0
35.4,72,28.1,88,1
37.3,37,2.4,33,0
35.9,53,7.7,16,0
30.9,21,26.2,66,0
42.8,96,18.5,63,1
38.9,36,27.3,84,0
34.6,72,6.0,27,0
24.8,61,19.4,67,1
39.1,71,25.2,28,0
37.8,21,12.0,0,0
39.1,46,0.1,58,0
24.6,70,22.4,48,0
38.5,79,10.7,66,1
42.4,26,21.8,94,0
30.6,44,6.8,42,0
31.5,78,23.0,75,1
23.0,83,21.7,95,1
42.7,52,23.4,7,0
29.8,52,20.4,58,0
38.6,93,5.1,94,1
21.2,20,13.8,80,1
22.2,84,1.1,73,1
27.5,35,7.9,17,0
26.8,29,26.1,91,0
42.2,72,4.5,10,0
41.0,17,1.9,57,0
35.2,57,20.8,58,0
41.6,76,7.4,14,0
42.0,73,21.5,38,0
36.7,92,23.7,72,1
39.2,77,28.5,89,1
31.2,77,15.6,94,1
19.4,17,24.3,36,0
40.9,43,20.2,93,0
44.4,16,16.8,28,0
21.3,83,14.4,15,1
37.1,17,29.8,25,0
34.9,22,23.3,29,0
43.5,16,5.7,47,0
23.6,46,13.2,28,0
22.1,88,11.1,88,1
39.5,49,16.5,65,0
41.2,84,3.2,78,1
31.5,61,17.0,72,1
24.2,37,19.3,17,0
32.2,94,17.7,66,1
41.8,99,17.3,69,1
23.7,88,2.8,4,1
22.8,50,28.5,58,0
29.2,40,27.2,98,0
32.7,64,17.4,73,1
32.7,76,1.2,83,1
36.9,83,22.5,32,0
40.3,90,1.9,69,1
20.2,28,10.3,85,1
29.9,37,9.7,58,0
18.4,28,29.8,95,0
32.2,32,10.1,38,0
41.1,17,3.9,82,0
43.0,38,14.5,47,0
21.1,59,25.3,21,0
39.0,100,4.4,8,0
36.9,43,8.6,93,0
28.4,44,16.3,53,0
29.9,61,23.8,56,0
30.6,74,3.3,73,1
36.9,67,0.8,24,0
43.7,57,19.2,56,0
42.2,22,18.4,68,0
25.0,97,16.0,55,1
34.1,77,2.8,88,1
38.4,66,23.7,78,0
33.3,78,14.4,24,1
38.8,56,7.2,76,0
42.7,84,27.3,10,0
18.6,76,25.5,60,1
24.4,29,29.8,66,0
37.8,41,14.3,32,0
33.8,77,20.4,6,0
42.6,38,9.5,93,1
20.4,40,6.9,86,1
22.3,48,19.5,47,0
35.8,59,21.8,36,0
42.6,35,13.3,63,0
40.6,52,8.5,56,0
42.9,24,13.7,3,0
43.0,86,11.6,72,1
38.1,31,26.0,87,0
21.3,75,12.9,68,1
23.2,63,2.6,71,1
26.6,92,25.7,26,0
32.7,81,25.8,63,1
18.8,23,5.3,9,0
43.6,35,26.9,27,0
39.5,86,3.3,55,1
20.0,37,28.8,49,0
22.6,56,22.7,94,0
34.4,39,9.5,16,0
41.4,52,6.9,86,0
39.5,38,26.5,64,0
18.8,27,26.0,45,0
19.6,48,7.4,5,0
44.5,84,4.7,97,1
21.2,52,14.4,79,1
35.8,70,27.4,84,1
31.9,18,5.8,12,0
22.6,49,1.5,78,0
41.6,75,10.5,27,1
29.2,83,28.4,33,1
21.0,98,3.1,76,1
31.4,93,25.7,12,1
25.8,56,2.0,19,0
31.7,49,29.8,95,0
27.5,80,10.1,72,1
19.1,66,16.2,96,1
35.1,89,25.4,88,1
19.5,27,1.4,59,0
41.3,85,13.6,77,1
30.8,32,25.9,43,0
39.2,99,21.2,6,0
42.5,58,18.5,91,0
35.9,38,28.8,21,0
25.3,51,20.3,72,1
43.1,95,0.4,87,1
30.2,55,16.4,42,0
39.1,75,29.0,19,0
34.7,71,20.0,66,0
33.2,71,9.6,10,0
23.4,15,12.0,23,0
38.4,94,27.7,1,0
36.8,19,13.8,59,0
22.6,29,15.0,35,0
18.4,66,2.1,81,1
26.2,18,20.4,23,0
20.2,93,10.9,42,1
36.0,56,22.4,35,0
26.1,96,8.1,22,1
32.5,56,21.4,4,0
21.6,90,7.0,45,1
20.2,77,23.2,65,1
29.0,68,18.6,69,1
27.5,47,11.7,4,0
18.2,48,6.9,85,1
31.1,92,5.7,56,1
29.4,23,26.4,4,0
36.2,48,9.8,25,0
20.1,47,13.4,75,1
20.8,37,12.7,6,0
32.5,92,18.2,46,1
31.7,55,5.8,60,0
34.2,76,29.8,65,1
29.5,68,15.4,5,1
28.9,24,3.1,70,1
32.9,51,19.3,90,1
23.2,38,2.5,81,1
44.8,56,8.8,59,0
42.2,74,0.7,5,0
38.8,58,22.1,70,0
36.1,54,16.2,47,0
25.7,44,27.9,59,0
26.3,24,21.8,41,0
27.8,75,13.6,10,1
27.3,64,4.9,51,1
33.2,25,16.2,47,0
30.2,90,4.5,5,1
26.8,65,7.1,13,0
37.4,50,28.0,52,0
28.8,66,19.0,72,1
41.3,45,14.5,42,0
23.7,81,6.0,28,1
35.7,48,17.4,83,0
27.7,51,15.3,73,1
31.5,95,5.2,1,1
29.6,56,6.2,63,0
30.1,26,1.0,2,0
22.1,83,28.0,0,0
18.5,36,22.4,51,0
40.9,74,16.8,65,1
40.3,47,9.3,79,1
42.1,65,29.2,18,0
36.8,67,10.4,18,0
38.6,35,10.6,97,0
22.2,88,3.5,25,1
23.5,56,29.6,20,0
20.0,90,13.9,50,1
42.5,63,5.0,17,0
38.3,39,6.4,3,0
40.1,21,22.9,60,0
21.1,74,22.6,37,0
28.7,84,6.6,71,1
25.2,29,14.6,41,0
30.3,40,2.9,16,0
24.0,55,25.6,28,0
34.2,63,5.2,62,0
19.9,18,25.2,81,0
30.2,28,8.9,48,0
33.2,67,20.8,67,0
33.1,39,18.3,58,0
43.7,31,13.4,50,0
22.3,82,8.7,79,1
23.8,61,11.0,45,1
36.0,17,2.0,8,0
36.1,87,24.3,33,0
37.3,59,3.9,24,0
33.6,45,28.3,10,0
28.5,49,17.1,62,0
27.1,94,25.8,32,1
36.3,90,17.0,33,1
22.0,24,0.1,4,0
38.6,79,16.4,60,1
35.1,24,7.4,95,1
29.6,51,28.3,8,0
43.8,27,24.1,0,0
25.7,84,14.6,60,1
21.9,20,26.9,67,0
32.9,55,9.0,44,0
37.1,81,11.5,18,0
22.5,22,28.6,82,1
39.8,51,24.2,58,0
18.5,63,14.9,76,1
34.7,97,12.3,73,1
30.6,16,25.0,32,0
35.4,33,21.4,42,0
44.0,39,28.4,80,0
36.0,99,26.6,10,0
41.7,96,4.2,38,0
31.0,20,9.2,25,0
36.6,72,11.7,59,0
41.7,61,10.3,69,0
30.4,54,6.5,29,0
36.8,65,22.9,20,0
27.1,69,26.2,26,0
32.3,73,7.1,95,1
42.2,44,25.7,9,0
42.2,67,7.7,61,0
43.0,18,7.5,7,0
44.4,52,27.0,10,0
26.5,36,1.9,74,1
20.8,20,24.4,15,0
25.5,49,6.5,4,0
38.6,89,16.2,74,1
42.2,45,24.6,5,0
40.6,17,1.6,67,0
41.7,66,15.1,85,1
28.6,56,15.6,38,0
22.4,38,25.5,56,0
32.1,74,10.1,88,1
40.7,52,9.4,18,0
22.7,78,10.2,11,1
23.7,61,3.9,52,1
26.4,50,4.1,23,0
20.4,64,1.7,45,0
23.2,28,29.3,77,1
30.2,51,5.4,2,0
35.9,73,26.4,57,0
24.0,37,7.6,37,0
24.6,64,21.3,27,0
22.0,44,29.8,62,0
35.3,41,6.5,59,0
35.1,76,29.5,83,1
23.9,70,9.6,68,1
31.8,73,26.5,55,0
26.1,95,23.8,79,1
44.7,59,20.3,70,0
31.2,96,0.9,31,1
38.3,56,30.0,13,0
36.1,97,9.4,16,1
32.1,40,12.2,59,0
21.1,17,13.8,3,0
28.7,27,27.9,44,0
27.8,27,1.3,38,0
34.9,30,16.9,51,0
41.6,28,2.6,71,0
34.4,23,14.6,93,1
29.8,31,17.8,1,0
37.7,68,15.2,82,1
27.6,66,5.1,33,0
19.6,21,11.2,8,0
28.9,76,12.5,1,1
25.2,57,22.9,51,0
39.3,23,18.1,38,0
20.3,15,20.8,85,0
22.7,28,1.0,89,1
39.1,31,10.2,57,0
34.8,32,3.6,23,0
39.9,40,25.8,65,0
33.2,96,1.8,52,1
43.8,41,29.8,10,0
21.7,25,22.1,82,1
25.6,65,6.3,8,0
32.2,64,22.9,93,1
41.5,98,2.0,68,1
32.4,41,10.5,87,1
26.1,52,10.8,24,0
32.8,43,29.2,19,0
25.9,71,0.1,73,1
31.5,47,24.7,30,0
35.6,17,28.0,35,0
30.1,67,7.6,61,0
35.5,64,20.8,80,1
25.3,67,16.4,14,0
20.4,57,27.1,29,0
25.6,98,0.2,59,1
39.1,71,22.9,32,0
36.0,81,8.3,68,1
19.5,31,4.8,92,1
44.4,15,3.9,70,0
29.4,70,26.2,16,0
22.8,90,5.8,93,1
24.9,49,10.5,15,0
19.0,71,14.7,82,1
19.8,15,25.5,71,0
18.4,41,21.7,37,0
40.5,77,3.1,87,1
24.9,57,13.3,93,1
44.9,38,24.3,58,0
27.1,48,17.0,58,0
44.4,81,12.6,79,1
40.7,98,19.5,24,0
22.4,57,25.5,99,0
27.1,38,28.7,23,0
43.2,48,19.5,81,1
18.2,44,15.5,62,0
23.9,76,26.6,43,1
41.8,77,21.8,17,0
22.9,25,25.5,80,0
44.4,20,1.0,39,0
35.1,42,19.9,35,0
44.1,21,5.6,86,1
30.9,41,16.6,47,0
27.7,19,23.8,16,0
26.5,67,7.2,25,0
28.2,87,8.4,96,1
29.0,58,15.2,93,1
42.8,93,2.1,73,1
32.6,56,25.6,14,0
37.2,54,8.8,40,0
24.7,35,17.9,63,0
23.1,55,17.4,19,0
23.6,79,19.4,67,1
20.9,68,12.0,31,0
23.0,80,24.3,77,1
20.6,48,21.9,48,0
22.7,92,23.8,58,1
38.4,48,20.0,14,0
43.0,48,26.5,54,0
35.4,78,11.9,12,0
43.1,69,14.5,81,1
37.4,91,26.7,58,1
39.7,59,3.0,65,0
25.0,61,12.4,72,1
24.0,100,18.0,54,1
20.9,83,4.6,90,1
40.8,91,24.7,38,0
28.8,58,17.0,57,0
44.5,61,20.1,55,0
22.5,87,27.5,87,1
24.2,53,7.7,39,0
31.1,89,25.3,74,1
31.7,34,11.1,21,0
20.7,51,19.3,28,0
43.8,58,19.2,84,0
34.6,81,28.0,10,0
36.9,99,15.4,57,1
41.9,48,23.4,57,0
44.6,82,27.5,25,0
18.1,23,16.0,12,0
34.7,47,25.1,84,0
44.6,65,22.6,63,0
31.6,74,20.6,91,1
27.3,88,16.7,59,1
43.7,17,10.5,34,0
33.6,89,24.2,97,1
33.7,92,16.0,40,0
40.9,76,8.7,49,0
26.4,33,26.8,39,0
26.0,25,29.6,21,0
36.4,79,17.0,99,1
35.5,18,16.8,6,0
27.3,50,6.7,11,0
33.3,29,1.1,39,0
41.4,37,7.7,4,0
42.0,34,16.3,45,0
36.0,87,17.2,81,1
42.3,66,23.2,29,0
35.6,21,15.4,1,0
29.7,71,25.2,34,0
37.9,60,24.8,57,0
18.5,42,9.7,85,1
40.4,64,8.1,95,1
32.3,43,25.6,72,0
25.6,83,15.1,62,1
43.6,99,2.4,91,1
25.6,81,20.8,36,0
44.7,25,4.5,36,0
28.2,59,18.1,82,1
38.4,20,21.2,18,0
21.9,57,4.2,34,0
28.3,29,7.4,66,0
30.8,56,14.1,55,0
40.6,79,8.4,93,1
42.7,79,14.8,5,0
33.4,47,12.4,34,0
33.5,50,15.4,65,0
27.5,20,3.7,54,0
27.1,67,13.6,100,1
32.2,57,6.9,17,0
34.7,58,24.0,78,0
19.1,97,11.7,9,1
33.4,41,3.8,93,0
24.7,84,27.8,88,1
44.6,95,11.1,56,1
39.4,51,29.5,94,0
41.4,83,6.0,94,1
18.2,42,13.6,59,0
32.8,56,16.1,69,0
30.3,66,23.5,88,1
19.1,67,10.1,41,0
26.6,64,6.6,49,0
28.6,85,20.0,14,1
42.7,33,23.9,17,0
23.7,22,27.2,96,0
20.6,44,14.8,95,1
32.8,38,27.1,38,0
32.5,87,28.1,94,1
31.5,20,27.5,11,0
24.3,57,23.2,89,1
39.9,42,22.2,80,0
37.1,59,17.9,10,0
34.2,90,25.0,79,1
34.7,18,2.0,26,0
18.4,51,9.6,60,0
37.3,99,16.6,41,0
42.9,75,21.2,77,1
20.1,25,29.5,77,0
32.5,40,26.2,52,0
29.4,54,18.7,69,0
38.9,86,6.7,30,1
18.4,17,21.4,27,0
33.2,45,27.5,95,0
38.2,40,28.3,51,0
26.1,22,8.5,86,1
20.1,51,26.6,53,0
42.5,55,16.1,64,0
35.4,16,11.9,78,1
25.8,34,24.0,74,0
22.4,45,1.9,79,1
38.1,89,21.4,43,0
44.7,41,19.3,18,0
19.7,19,29.9,71,1
39.4,24,27.6,61,0
24.2,33,19.6,86,1
26.1,71,15.6,4,0
34.9,54,8.0,0,0
43.6,41,9.2,34,0
22.1,46,14.6,17,0
34.1,53,2.8,63,0
27.0,48,14.3,63,0
22.2,89,3.9,85,1
23.1,22,18.1,47,0
42.6,91,26.0,1,0
35.3,90,13.3,73,1
43.1,45,29.1,11,0
36.1,34,29.5,38,0
27.4,56,18.2,49,0
20.9,63,22.9,54,1
25.9,23,28.4,59,0
39.3,84,18.3,11,1
43.0,96,16.0,89,1
33.2,68,3.8,2,0
22.6,90,14.8,90,1
35.0,22,28.5,88,0
19.7,18,15.8,19,0
42.9,96,5.4,6,1
27.3,29,14.4,71,1
40.8,56,26.9,40,0
42.1,79,15.4,5,0
34.4,68,28.2,46,0
29.3,18,11.2,5,0
26.1,97,17.6,42,1
30.8,16,27.4,16,0
38.5,76,6.3,2,1
40.4,86,16.3,56,1
43.1,64,6.7,21,0
41.6,52,3.5,29,0
26.7,98,1.6,22,0
19.6,76,22.4,1,0
21.8,42,9.5,17,0
26.9,18,13.1,59,0
36.1,62,14.2,6,0
43.3,82,6.1,64,1
41.0,48,2.9,12,0
24.1,50,6.6,91,1
33.8,29,21.5,82,0
33.5,54,24.7,85,0
30.2,51,19.5,80,0
37.5,40,29.7,7,0
40.0,42,27.0,5,0
32.8,25,15.0,46,0
44.6,45,10.3,55,0
34.3,61,28.5,68,0
37.8,91,24.1,35,0
19.7,87,19.6,98,1
38.9,71,28.0,30,0
19.8,93,26.2,89,1
28.3,60,10.1,99,1
27.2,99,1.8,20,0
18.3,83,0.5,24,1
37.1,78,28.6,86,1
41.6,34,13.5,47,0
23.7,38,28.7,95,0
28.7,24,16.4,87,1
41.7,91,3.0,55,0
35.0,20,3.4,33,0
37.7,90,27.1,28,0
18.5,72,24.6,100,1
39.6,98,12.6,7,0
37.9,86,21.8,93,1
38.9,71,24.2,39,0
37.6,70,6.1,12,0
27.7,98,22.8,78,1
41.3,56,6.1,63,0
21.5,84,11.3,23,1
24.9,17,26.9,82,0
18.9,55,17.2,63,0
41.1,25,16.0,43,0
35.3,38,4.4,60,0
18.3,100,15.9,62,1
44.5,77,29.5,66,1
41.5,44,10.4,80,1
43.3,19,21.2,20,0
26.4,29,19.1,74,1
41.5,80,8.9,49,0
43.4,50,26.3,62,0
35.5,38,14.5,79,0
34.5,40,18.5,19,0
27.3,25,25.1,46,0
30.6,47,24.4,91,0
37.9,44,0.3,28,0
34.8,86,3.3,72,1
42.8,33,20.7,66,0
25.9,43,7.2,63,0
21.0,48,18.9,1,0
34.5,44,29.4,6,0
20.9,15,6.7,11,0
21.1,53,0.4,44,0
44.3,74,16.1,55,0
19.9,68,27.2,32,0
26.3,51,7.0,7,0
23.8,48,27.9,81,1
44.3,60,0.6,65,0
42.2,85,4.4,81,1
33.1,65,2.4,58,1
20.3,56,20.5,68,0
31.2,33,27.3,15,0
28.3,59,10.3,18,0
26.2,81,24.5,27,1
37.3,84,13.3,6,0
43.8,36,6.0,28,0
38.3,76,1.8,78,1
24.5,32,14.3,88,1
18.8,63,10.6,70,1
34.7,48,11.0,6,0
24.4,46,3.6,64,0
31.6,97,8.4,68,1
40.1,26,7.6,84,1
32.1,37,14.2,62,0
38.9,49,27.1,5,0
33.5,99,8.4,11,1
41.4,97,23.3,8,0
40.3,33,8.9,4,0
22.0,24,21.7,52,0
24.3,59,7.8,24,0
30.7,36,25.9,41,0
27.4,65,5.7,80,1
21.2,48,3.4,82,1
30.5,73,19.9,71,1
38.2,47,16.9,18,0
43.1,39,18.6,54,0
27.7,83,19.0,89,1
35.2,28,17.8,65,0
38.7,72,8.3,84,1
25.4,67,10.5,74,1
38.3,34,29.9,2,0
29.6,39,29.5,60,0
29.2,40,11.2,29,0
21.0,27,8.8,31,0
31.5,98,25.9,77,1
32.3,17,7.7,98,1
42.9,65,6.5,30,0
19.3,66,10.8,40,1
25.6,48,20.5,77,0
28.7,77,6.8,18,1
28.8,81,7.4,5,1
42.6,79,17.8,35,0
34.7,89,6.1,78,1
25.6,91,28.1,46,1
34.8,58,26.0,20,0
38.0,52,4.5,53,0
40.4,73,25.4,67,0
34.3,97,26.8,52,1
19.7,41,12.9,74,1
29.1,71,6.6,18,0
37.0,97,13.7,98,1
44.7,90,8.3,8,0
25.2,76,22.1,3,1
27.2,43,29.2,56,0
33.9,73,17.9,89,1
21.7,66,4.5,34,0
33.5,99,27.2,96,1
24.0,19,29.6,75,1
43.6,37,6.2,27,0
38.8,86,17.5,9,1
31.5,41,19.9,46,0
24.0,38,2.2,64,0
33.0,28,22.3,18,0
35.4,88,15.8,56,1
26.9,29,27.9,45,0
34.9,42,9.0,99,1
32.1,15,1.1,37,0
34.6,48,13.7,85,1
22.4,44,25.6,51,0
20.7,67,25.9,93,1
43.5,84,13.3,16,1
28.6,64,7.0,54,1
30.2,69,6.9,48,0
24.2,62,3.8,30,0
18.3,72,10.8,1,0
18.2,86,8.3,90,1
43.7,44,23.4,73,0
20.6,73,9.5,19,1
35.4,15,24.3,82,0
34.1,78,14.5,82,1
35.7,83,20.4,15,0
22.7,68,21.2,53,1
25.0,36,16.6,0,0
42.0,86,0.8,21,0
36.3,52,25.2,55,0
44.3,67,9.8,60,0
33.2,65,12.3,23,0
27.6,78,24.4,38,1
32.7,82,6.0,96,1
22.7,81,8.0,79,1
37.2,38,23.2,76,0
30.3,47,17.3,46,0
30.0,52,5.0,26,0
33.3,48,28.5,86,0
18.7,56,9.0,19,0
38.3,32,13.0,49,0
39.8,90,28.5,58,1
40.2,75,3.3,77,1
36.9,67,16.2,62,0
41.8,29,21.8,5,0
43.0,72,17.1,60,0
28.3,100,1.4,22,1
18.4,97,27.6,88,1
26.3,31,6.5,21,0
24.7,55,5.4,3,0
26.4,36,29.8,43,0
37.0,38,19.0,13,0
38.0,17,5.1,33,0
40.2,88,7.6,10,0
33.4,66,10.0,44,0
26.9,55,2.9,99,1
26.6,93,16.8,53,1
40.9,56,0.8,76,0
41.6,67,4.4,78,1
28.0,77,4.6,93,1
37.2,27,8.6,25,0
28.9,53,7.1,22,0
31.5,61,28.2,73,1
25.8,20,18.0,74,1
29.2,88,21.9,70,1
32.9,31,6.7,60,0
19.6,53,17.4,63,0
35.7,43,19.8,32,0
32.6,93,1.6,49,1
42.3,74,15.4,68,0
23.1,27,4.3,58,0
34.7,19,10.1,85,1
38.1,57,2.3,88,0
36.7,94,10.2,93,1
43.9,88,13.5,6,0
33.3,74,22.0,100,1
23.5,80,0.1,3,1
42.4,47,20.0,24,0
35.6,68,21.9,82,1
41.9,96,9.0,100,1
40.2,32,28.3,18,0
18.9,85,29.4,46,1
28.1,39,28.2,33,0
31.1,23,18.5,38,0
42.2,23,27.0,56,0
25.6,74,9.4,62,1
22.6,55,2.5,80,0
20.9,68,2.1,24,0
22.8,43,4.5,93,1
30.4,34,7.6,60,0
44.7,74,8.2,29,0
35.2,41,21.2,5,0
42.6,81,29.6,15,0
22.2,41,8.1,50,0
40.6,77,24.3,33,0
24.1,38,11.5,91,1
42.6,100,28.0,40,0
42.6,85,28.4,96,1
21.6,93,15.1,5,1
22.1,24,22.9,26,0
18.8,100,9.7,89,1
23.8,80,12.3,2,1
22.4,53,5.8,52,0
31.6,39,23.1,42,0
21.7,62,24.8,78,1
36.2,33,16.1,42,0
32.7,78,18.7,30,0
28.2,20,19.4,19,0
31.9,40,29.1,91,0
32.4,71,24.5,99,1
37.4,27,4.0,7,0
34.4,59,27.9,100,0
41.8,28,1.1,76,0
23.7,65,25.7,42,0
39.9,75,21.5,87,1
34.6,28,6.3,9,0
44.9,31,18.2,80,1
36.5,81,2.0,34,0
41.0,85,18.9,41,1
22.9,72,18.6,40,0
25.8,60,1.3,64,1
26.7,84,15.5,42,1
31.9,95,23.2,5,0
33.5,54,7.2,100,1
30.8,82,16.2,77,1
33.6,94,19.2,69,1
38.7,15,11.9,18,0
33.7,19,17.1,46,0
26.3,59,20.4,16,0
44.3,82,17.2,2,0
42.7,78,13.9,24,0
32.4,79,26.4,42,0
18.5,89,6.6,25,1
39.5,74,13.5,44,0
33.2,89,4.1,29,1
26.3,33,28.1,89,1
33.9,28,23.6,18,0
23.9,46,4.2,45,0
38.4,80,23.4,98,1
39.1,17,9.1,10,0
22.7,50,5.3,12,0
36.1,29,2.6,97,0
26.1,49,9.3,65,0
18.4,53,22.7,89,0
18.5,24,11.7,68,0
41.8,78,3.1,61,1
36.3,77,6.9,79,1
35.0,27,21.2,81,0
18.3,39,26.0,22,0
26.3,46,19.0,86,1
18.2,53,27.7,13,0
20.0,86,10.3,54,1
41.9,41,27.0,96,0
23.4,23,8.2,46,0
20.3,91,0.5,30,0
42.6,82,29.3,68,1
29.6,71,10.4,37,0
42.2,79,23.1,25,0
24.5,34,1.0,36,0
38.1,67,15.2,45,0
20.3,89,27.0,84,1
18.0,82,14.2,4,1
38.4,63,3.4,65,0
41.8,22,23.5,90,0
30.9,44,26.7,16,0
39.6,74,16.1,29,0
26.2,64,8.4,42,0
31.7,81,22.0,30,0
38.9,95,6.0,52,1
29.7,95,21.7,91,1
36.3,77,6.4,19,0
31.3,47,25.9,75,0
34.3,98,2.6,29,0
26.3,15,27.8,9,0
28.9,93,19.4,51,1
27.7,90,24.4,19,1
24.8,62,0.8,46,0
34.7,100,15.7,48,0
42.5,69,22.1,12,0
25.5,43,18.9,66,0
22.2,58,16.8,6,0
26.6,65,5.1,76,1
25.3,70,1.4,93,1
19.6,33,8.0,36,0
36.7,68,9.5,19,0
19.9,65,1.6,51,0
24.6,18,13.2,39,0
42.3,64,29.2,1,0
38.9,42,2.2,27,0
37.0,82,6.3,36,1
28.2,92,23.5,63,1
37.7,38,9.2,95,0
42.2,36,14.5,39,0
22.8,83,20.0,81,1
38.8,28,4.0,94,0
21.9,28,4.8,91,1
34.5,85,13.8,77,1
34.2,51,19.8,64,0
33.7,19,12.2,70,0
22.8,73,10.4,11,0
25.9,19,16.8,60,0
21.9,81,28.1,64,1
32.1,18,11.4,20,0
30.4,64,10.4,50,1
23.2,83,22.2,40,0
43.1,18,10.1,14,0
39.4,79,0.8,61,1
29.4,53,13.9,61,0
21.1,89,11.3,17,1
41.9,34,19.9,24,0
21.4,18,12.0,98,1
36.2,24,6.3,60,0
34.0,64,20.7,25,0
26.0,43,11.0,8,0
33.9,17,9.3,69,0
39.9,43,21.2,45,0
43.1,32,8.7,6,0
40.9,22,8.3,40,0
38.2,17,22.0,82,0
38.6,16,11.2,65,0
33.6,87,4.7,33,0
33.6,98,15.1,43,1
34.9,46,4.9,47,0
19.5,29,3.2,69,0
28.9,100,24.5,20,1
34.4,38,15.7,11,0
34.6,92,11.8,44,1
41.2,90,19.9,12,1
32.9,61,29.7,86,1
36.9,64,24.1,94,0
26.5,86,6.6,48,1
38.6,54,8.5,25,0
30.6,51,6.9,29,0
35.4,70,28.3,59,0
38.2,49,24.4,50,0
37.8,23,3.3,42,0
28.8,97,2.3,52,1
34.1,64,9.2,7,0
29.8,78,25.5,53,1
38.6,24,14.1,69,0
36.3,94,11.4,12,0
38.2,75,6.8,57,1
42.9,18,4.5,76,0
37.7,32,28.3,63,0
18.3,90,26.9,54,1
39.3,89,9.1,47,0
20.9,52,26.2,83,1
26.5,89,27.3,69,1
25.2,85,12.7,37,1
40.7,86,0.7,50,1
25.4,53,11.2,73,1
45.0,73,5.9,8,0
35.1,72,17.3,76,1
35.4,82,2.4,54,0
23.1,17,3.8,80,0
41.1,76,26.2,51,1
34.1,26,11.8,80,1
25.7,92,15.0,98,1
30.2,81,13.9,88,1
27.9,67,8.9,63,1
32.4,25,20.2,61,0
44.2,49,1.2,55,0
44.6,88,27.1,79,1
38.8,59,3.4,62,0
29.3,42,24.7,36,0
19.6,21,4.6,4,0
20.7,64,24.4,23,0
34.6,94,28.8,61,1
38.8,73,23.6,64,0
23.8,37,11.4,26,0
23.4,87,12.4,66,1
26.2,68,17.4,9,0
42.0,20,12.9,71,1
30.1,69,13.8,47,0
33.8,96,9.1,91,1
39.8,16,2.2,79,0
23.7,90,22.4,32,1
25.9,63,8.3,3,1
36.5,59,1.3,55,0
36.8,65,10.4,21,0
27.0,40,1.5,33,0
28.1,98,15.3,51,1
41.3,57,18.6,19,0
41.3,21,0.6,49,0
37.5,94,27.1,82,1
26.3,29,8.9,17,0
19.5,79,19.7,0,1
42.8,33,0.0,48,0
30.6,37,2.0,63,0
25.6,69,12.5,60,1
39.4,99,24.1,85,1
21.3,77,18.3,18,1
20.2,70,14.5,18,0
19.1,64,20.9,64,0
44.5,65,24.2,77,1
32.6,95,21.7,52,1
27.7,28,25.0,54,0
37.0,36,22.8,19,0
32.7,23,20.5,17,0
24.4,17,21.3,46,0
41.6,63,24.9,77,1
25.0,85,5.8,37,1
32.8,49,11.9,96,1
21.9,71,9.1,94,1
33.3,53,27.8,39,0
25.7,29,20.1,59,0
28.2,64,2.7,76,1
23.0,43,5.1,30,0
43.3,94,11.2,14,1
31.0,64,2.5,97,1
21.6,28,11.8,64,0
44.3,73,4.5,85,1
36.3,57,19.8,93,0
34.7,82,16.1,86,1
34.3,49,10.2,65,0
28.7,75,25.1,76,1
34.2,46,0.3,16,0
20.4,86,11.0,7,1
22.3,44,3.3,97,1
29.8,65,10.5,52,1
42.9,38,8.2,20,0
28.5,57,21.8,89,0
43.9,81,9.4,6,0
43.4,87,10.6,74,1
35.0,38,4.8,33,0
22.8,49,7.6,33,0
37.4,66,13.0,10,0
33.5,37,20.8,17,0
41.6,77,24.8,89,1
40.1,64,2.0,24,0
22.5,58,20.7,15,0
23.9,24,23.9,90,1
22.6,59,11.3,7,0
20.1,37,1.7,81,0
32.9,29,24.2,57,0
18.1,78,27.6,25,1
24.0,81,21.6,56,1
22.0,48,4.6,7,0
30.5,43,12.9,72,1
33.7,55,14.3,63,0
39.3,76,25.3,95,1
22.2,15,21.0,90,1
38.1,93,16.1,9,0
37.7,33,27.4,83,0
31.0,38,21.1,92,0
28.3,26,11.6,88,1
22.9,78,1.6,18,1
20.1,36,12.5,12,0
32.4,16,16.5,23,0
38.6,89,2.6,90,1
35.2,88,7.1,32,0
39.1,46,29.7,86,0
37.1,81,17.8,29,0
31.0,44,2.4,75,0
21.9,84,15.6,22,1
30.2,74,2.2,95,1
26.2,44,15.2,85,1
31.6,17,22.2,0,0
38.0,76,24.4,94,1
34.6,51,4.7,58,0
37.9,92,26.5,67,1
22.0,46,25.3,98,1
34.7,23,5.6,67,0
41.0,23,6.8,91,0
34.9,48,7.5,86,1
27.0,30,23.9,45,0
25.6,36,20.1,26,0
24.9,37,11.2,71,1
31.7,61,23.8,8,0
32.2,92,4.6,13,0
20.6,15,26.8,85,1
25.4,56,7.3,43,0
40.5,91,13.0,86,1
36.8,86,22.4,87,1
40.3,58,7.5,63,0
26.9,80,22.8,70,1
38.1,70,16.1,47,0
21.5,75,15.7,91,1
18.3,99,28.1,54,1
21.1,92,15.6,61,1
39.1,51,12.6,98,0
20.4,86,20.8,89,1
36.3,24,11.6,78,0
37.3,17,14.8,80,0
42.4,58,3.5,88,0
25.8,88,26.2,30,0
28.3,69,2.0,78,1
21.1,98,8.2,66,1
22.4,55,4.8,52,0
21.2,42,1.9,91,1
39.6,77,27.4,88,1
18.7,82,14.4,24,1
32.4,87,16.8,20,1
44.0,57,20.0,92,0
42.7,29,7.1,28,0
42.4,67,22.3,47,0
23.3,46,5.5,53,0
23.9,60,3.7,78,1
32.9,39,19.7,63,0
31.0,35,22.8,39,0
42.9,78,25.7,64,1
32.8,49,4.3,14,0
37.6,69,9.5,36,0
27.7,42,23.7,20,0
25.0,41,28.3,62,0
43.3,66,9.0,47,0
43.1,54,0.0,50,0
43.8,90,21.8,19,0
23.9,80,5.7,74,1
18.1,95,28.5,3,0
20.6,100,25.1,62,1
21.1,39,17.0,93,1
37.7,36,1.1,3,0
44.1,95,19.4,57,1
36.0,83,12.9,15,1
37.8,24,16.4,54,0
33.7,46,28.3,98,0
36.3,22,20.7,75,0
43.5,19,23.5,46,0
31.8,54,1.4,82,0
42.5,45,10.6,30,0
31.8,82,9.1,58,1
19.7,43,5.5,67,0
27.6,43,24.6,29,0
29.0,99,0.1,23,1
27.1,26,14.9,73,1
45.0,28,3.5,71,0
43.9,88,2.1,3,0
20.0,34,13.6,78,1
27.5,97,15.6,33,1
45.0,95,17.2,85,1
37.1,63,4.2,27,0
34.0,73,17.3,90,1
28.9,80,15.8,92,1
23.3,97,11.6,35,1
31.7,93,9.7,51,1
44.1,76,6.2,28,0
19.1,15,8.2,12,0
36.0,34,7.1,83,0
27.9,97,24.9,15,0
35.1,95,24.1,75,1
18.3,15,3.3,17,0
27.3,21,14.6,92,1
20.8,78,22.0,37,0
26.2,59,12.5,53,1
24.4,20,14.8,80,1
38.7,45,19.2,60,0
38.7,73,21.1,10,0
24.4,45,25.8,44,0
29.6,36,3.8,87,1
41.9,53,13.7,51,0
19.0,93,14.6,100,1
18.0,26,19.4,48,0
34.4,62,16.6,47,0
26.0,84,23.6,47,1
40.3,53,1.7,39,0
44.9,66,10.1,0,0
24.8,87,11.1,85,1
34.1,55,27.2,95,0
40.3,74,10.8,54,0
22.3,52,0.5,10,0
21.6,93,0.8,37,0
35.0,60,0.8,55,0
34.0,49,5.1,12,0
38.1,73,4.1,23,0
34.0,43,7.7,23,0
32.0,32,8.9,10,0
32.8,61,13.9,93,1
30.8,51,3.3,91,0
43.9,34,6.2,91,0
24.1,78,3.0,27,1
37.9,79,13.3,32,1
31.4,90,10.8,95,1
42.5,35,9.6,40,0
39.8,56,19.1,79,1
27.2,55,8.1,37,0
29.4,21,8.7,70,1
21.4,51,7.1,69,0
25.9,66,21.9,54,0
35.6,53,9.0,19,0
38.2,21,17.0,86,0
33.6,46,23.4,42,0
33.5,21,3.0,45,0
32.3,15,26.0,25,0
27.2,51,10.0,44,0
34.9,99,19.4,77,1
27.3,76,1.4,32,1
29.1,79,26.6,77,1
27.6,65,16.5,40,0
27.6,82,7.1,39,1
22.9,61,10.9,81,1
36.3,30,27.4,22,0
27.2,45,18.9,54,0
24.6,84,6.7,4,1
41.7,30,0.9,44,0
38.3,81,1.2,80,1
25.8,18,11.8,24,0
35.1,42,0.6,54,0
41.4,40,9.3,15,0
28.2,21,11.2,41,0
30.1,39,25.5,73,0
25.0,58,19.1,24,0
45.0,43,5.8,76,1
44.7,42,2.2,19,0
37.4,86,3.7,87,1
23.9,77,14.1,93,1
18.7,19,28.4,94,1
39.1,86,18.0,66,1
41.2,66,16.6,57,0
36.7,68,25.9,55,0
35.8,53,27.9,25,0
29.7,19,17.9,27,0
42.3,23,19.9,62,0
39.3,92,22.4,13,0
19.5,54,6.0,76,1
25.5,94,15.5,66,1
30.9,46,15.5,36,0
34.0,42,25.7,22,0
37.5,16,2.7,43,0
36.0,62,15.6,73,1
22.1,17,1.1,23,0
19.0,16,3.3,92,1
21.7,99,16.1,51,1
40.8,77,6.9,45,1
36.6,61,10.6,44,0
34.9,26,24.8,59,0
43.3,26,9.0,49,0
21.7,54,6.8,63,0
38.6,15,24.8,80,0
20.3,79,1.2,80,1
35.4,65,26.8,79,0
23.5,56,19.7,61,0
40.8,82,17.8,51,1
21.8,34,14.7,95,1
20.4,77,22.6,8,0
27.8,44,13.3,45,0
27.3,43,26.8,63,0
43.8,39,25.4,69,0
34.4,94,1.8,97,1
43.0,36,7.5,2,0
39.7,72,13.9,3,0
44.0,32,11.2,74,0
44.4,75,16.3,37,0
21.0,31,22.0,39,0
25.8,26,14.5,94,1
44.9,77,7.6,80,1
20.1,94,7.7,84,1
44.5,75,16.7,72,1
23.5,76,3.3,8,1
29.3,52,22.8,85,1
35.0,87,18.0,9,1
22.1,45,20.7,88,0
30.2,91,9.3,39,1
35.4,59,0.1,59,0
41.6,42,5.9,5,0
42.9,76,1.4,65,1
37.0,36,27.3,69,0
38.2,78,1.8,78,1
34.9,44,8.3,39,0
41.7,99,8.8,33,1
25.0,70,25.5,72,1
24.7,25,0.4,99,1
21.4,36,21.6,80,1
20.5,89,10.7,69,1
20.0,40,12.8,93,1
32.2,64,1.0,84,1
44.4,44,4.4,47,0
19.9,99,17.6,90,1
22.7,48,17.3,36,0
30.1,41,2.4,51,0
35.8,22,24.6,11,0
23.8,35,8.3,6,0
23.1,80,3.0,10,1
22.9,43,13.2,56,0
37.1,50,29.8,97,0
41.3,30,30.0,56,0
38.5,39,0.2,52,0
36.8,48,25.2,58,0
28.0,82,2.7,47,1
20.0,65,28.0,100,1
27.1,26,23.7,18,0
28.4,34,2.3,27,0
19.4,29,14.4,11,0
43.3,35,26.4,22,0
34.4,51,9.9,12,0
28.9,55,2.4,36,0
41.7,27,16.4,1,0
25.2,16,0.8,41,0
32.0,16,19.9,77,0
38.8,17,23.4,59,0
28.7,28,20.9,75,0
41.2,93,13.9,69,1
29.5,88,20.9,28,0
20.8,78,0.7,84,1
30.4,24,10.0,33,0
43.1,30,12.7,62,0
29.4,56,13.0,6,0
32.2,70,12.9,69,1
26.9,69,16.5,2,0
44.1,62,4.4,66,0
30.6,53,24.2,8,0
43.6,51,28.0,10,0
43.4,66,15.4,74,1
27.2,28,16.3,82,1
20.2,77,29.5,68,1
23.4,80,29.6,71,1
21.2,47,18.4,51,0
30.2,73,19.8,89,1
33.4,52,0.7,24,0
44.7,40,22.8,36,0
36.5,86,5.9,83,1
33.9,59,13.9,28,0
35.1,60,13.9,5,0
29.4,52,10.4,80,1
22.5,49,26.5,7,0
24.0,71,24.3,68,1
36.3,39,1.3,68,0
42.4,74,11.8,6,0
18.1,65,26.2,23,0
21.9,87,28.8,19,1
39.1,87,23.5,91,1
23.5,69,5.0,0,1
32.8,61,6.0,91,1
21.5,32,23.9,5,0
28.7,62,29.1,74,1
18.4,88,14.9,2,1
30.3,100,7.3,99,1
28.1,22,28.4,98,1
23.5,66,16.8,17,1
25.0,30,25.7,6,0
43.5,68,14.6,74,1
21.7,94,22.9,74,1
29.6,42,13.6,78,1
39.1,18,1.1,96,0
21.9,36,20.8,67,0
33.0,36,29.7,74,0
33.2,77,0.1,71,1
30.9,23,9.5,21,0
36.5,49,8.5,11,0
42.9,31,18.6,27,0
20.6,42,29.9,60,0
41.0,19,1.1,23,0
40.2,100,22.0,18,0
18.6,90,15.4,13,1
41.1,84,1.8,99,1
23.1,73,3.1,69,1
35.3,20,28.0,95,0
27.3,85,4.0,63,1
27.7,91,16.3,90,1
32.0,85,2.9,63,1
31.7,53,12.5,56,0
32.8,34,5.1,21,0
28.8,47,5.0,42,0
26.2,50,28.8,11,0
25.9,64,10.9,69,1
42.2,53,27.4,52,0
39.4,34,8.1,3,0
19.9,100,1.1,12,1
39.6,49,21.1,14,0
20.8,67,1.6,50,0
38.0,17,17.5,51,0
35.5,35,12.3,23,0
28.2,49,14.1,93,1
22.2,63,5.8,100,1
19.8,19,27.5,16,0
24.9,38,17.6,95,1
18.1,59,23.9,67,0
25.7,88,24.3,95,1
37.1,77,5.2,35,1
42.5,32,24.1,86,0
19.8,86,17.1,4,1
42.7,54,8.0,18,0
23.7,51,27.9,93,1
30.8,88,18.7,85,1
36.4,40,8.4,18,0
20.0,33,28.6,12,0
18.7,98,16.7,9,1
44.1,99,11.4,39,1
21.6,90,0.3,7,1
32.0,43,25.5,37,0
30.5,43,21.8,18,0
31.2,68,20.0,38,0
21.6,31,9.4,56,0
29.4,52,1.5,3,0
41.0,88,10.8,20,0
21.2,43,19.1,100,1
29.6,67,27.5,27,0
31.0,79,1.3,11,0
37.8,20,11.6,30,0
43.2,78,10.7,74,1
37.2,94,8.2,59,1
42.2,73,10.7,35,0
35.8,78,11.3,56,1
44.0,26,6.6,89,1
20.8,89,22.9,100,1
42.6,42,5.0,99,0
22.4,69,29.8,32,0
23.4,32,26.2,36,0
36.7,32,3.6,51,0
18.4,51,17.2,24,0
43.5,20,25.1,42,0
20.7,94,28.7,24,1
27.9,52,12.0,7,0
34.1,25,16.1,29,0
29.1,41,18.6,73,1
19.0,73,29.7,27,0
20.5,84,1.5,45,0
44.2,90,10.0,84,1
45.0,49,27.1,47,0
23.7,70,29.3,4,0
37.6,92,26.7,22,0
36.6,20,20.0,71,0
33.8,15,28.3,12,0
39.4,27,10.8,73,0
33.5,62,17.1,22,0
19.9,71,3.3,50,1
26.7,42,11.4,5,0
32.7,28,19.4,98,0
23.5,85,1.3,31,0
36.7,40,16.1,50,0
41.7,49,29.3,89,0
21.3,89,4.7,9,1
29.3,24,9.3,69,0
41.6,27,25.9,37,0
32.9,37,11.4,15,0
24.3,16,5.2,47,0
32.7,47,10.5,26,0
26.8,89,18.0,59,1
20.4,100,3.2,15,1
39.7,24,29.1,23,0
23.3,100,11.4,89,1
21.5,92,3.3,25,1
44.3,25,10.0,75,0
43.8,48,0.4,49,0
20.1,52,12.6,14,0
18.3,85,8.3,71,1
25.0,72,11.2,79,1
29.5,22,0.8,37,0
20.9,40,25.5,24,0
24.4,46,28.6,79,0
19.7,71,10.5,64,1
36.2,72,19.9,49,0
32.5,58,28.8,33,0
37.9,79,12.8,95,1
20.4,40,26.8,87,1
38.7,77,18.3,43,0
30.9,41,1.3,94,0
19.7,31,17.0,87,1
26.5,46,11.6,51,0
23.2,42,22.7,94,1
38.2,81,11.9,26,1
33.6,57,9.2,2,0
36.1,38,2.5,25,0
34.4,39,26.9,29,0
25.0,71,29.6,65,0
42.6,83,26.6,15,0
41.9,62,22.3,97,1
18.4,21,5.3,84,1
25.6,73,13.9,2,0
25.6,25,6.2,43,0
32.1,35,18.5,75,0
25.2,51,27.9,29,0
38.9,66,16.4,39,0
38.5,46,17.7,28,0
28.5,65,21.0,54,0
32.7,33,6.9,14,0
21.7,52,14.1,89,1
36.6,75,8.4,32,1
29.3,16,25.8,84,0
35.5,84,12.3,49,1
33.7,75,17.9,76,1
43.0,29,24.6,22,0
35.3,52,9.7,36,0
40.5,31,13.8,15,0
37.8,59,18.1,81,0
34.8,90,7.9,92,1
28.8,54,20.4,60,0
33.6,30,16.3,36,0
19.2,29,23.9,57,0
33.0,40,2.6,75,0
21.0,98,4.3,65,1
21.6,99,15.5,88,1
42.7,36,28.6,15,0
39.8,18,7.9,41,0
43.2,37,27.8,77,0
28.1,35,3.3,86,1
42.4,96,27.4,56,1
43.9,44,11.7,15,0
23.9,75,0.7,58,1
37.1,39,25.9,97,0
35.7,35,10.9,48,0
23.0,32,0.2,28,0
31.9,45,29.2,78,1
35.8,94,19.8,10,1
39.4,70,19.0,89,1
28.1,48,0.9,46,0
33.3,37,7.0,97,1
34.1,87,29.6,79,1
39.7,55,23.3,45,0
40.9,91,4.7,56,1
39.2,38,10.9,74,1
25.7,86,24.3,40,1
21.7,19,9.6,93,1
37.6,72,28.0,100,1
21.0,91,15.1,88,1
28.9,45,7.5,46,0
30.3,95,12.9,27,0
23.6,15,18.8,56,0
34.4,60,29.0,45,0
39.5,39,4.0,47,0
40.4,65,25.6,16,0
41.6,69,19.1,60,0
39.5,63,6.2,36,0
19.4,97,0.5,52,1
24.6,81,12.8,90,1
21.4,95,15.3,14,1
27.0,79,7.7,2,1
24.1,23,15.9,70,1
27.0,56,5.5,64,0
35.2,64,22.0,57,0
30.5,68,1.7,31,0
20.4,62,26.0,71,1
39.7,72,0.8,30,0
20.4,26,17.7,34,0
30.0,58,0.5,2,0
30.9,69,8.0,84,1
19.4,75,19.8,9,1
22.7,56,6.9,36,0
20.9,56,25.4,42,0
27.0,48,18.9,17,0
33.1,38,1.6,46,0
19.7,44,27.7,65,0
42.1,91,10.5,14,0
38.7,96,18.6,81,1
27.5,31,4.4,96,0
25.1,22,24.9,70,1
29.4,76,23.5,94,1
31.2,64,11.5,59,0
35.7,86,26.3,49,0
29.6,58,21.5,7,0
25.8,60,2.9,69,0
22.8,50,0.7,89,0
35.8,50,1.2,79,0
25.4,81,29.8,96,1
26.7,27,13.6,94,1
41.3,70,3.3,85,1
22.2,52,19.5,10,0
24.7,48,2.4,70,0
21.7,85,17.0,49,1
32.6,43,9.8,81,0
30.7,83,6.1,92,1
43.7,67,23.6,69,0
29.0,67,29.1,78,1
26.8,66,15.3,35,0
19.4,92,25.6,10,1
28.1,87,20.0,54,1
33.3,38,29.0,31,0
38.2,47,24.6,82,0
24.9,42,0.1,83,1
26.3,73,25.7,64,0
24.8,98,21.6,94,1
39.8,44,1.8,60,0
41.7,54,19.7,42,0
35.6,34,16.7,1,0
45.0,79,7.5,52,1
45.0,19,15.3,100,1
37.2,84,2.9,82,1
30.8,22,3.4,5,0
30.4,80,19.6,34,1
36.8,47,7.7,29,0
27.4,75,4.0,88,1
33.2,57,2.3,11,0
33.3,61,21.8,86,1
28.9,82,19.2,16,1
29.0,60,2.7,55,0
36.4,16,25.5,0,0
45.0,84,22.5,83,1
35.3,53,22.3,13,0
24.5,71,5.0,22,1
28.0,69,23.7,92,1
20.1,50,16.9,45,0
32.5,24,21.7,92,0
23.4,74,12.5,91,1
34.0,92,21.7,30,0
43.9,72,7.4,12,0
39.4,55,20.7,24,0
44.6,55,25.7,74,0
23.6,84,9.4,88,1
36.0,95,8.9,35,0
35.9,78,7.9,55,1
21.6,90,13.7,79,1
32.5,25,3.1,64,0
20.6,21,13.2,98,1
26.8,88,27.6,40,1
35.8,74,29.8,5,0
21.9,43,20.8,59,0
34.0,67,14.4,31,0
40.7,49,17.6,48,0
42.3,77,23.5,22,0
35.1,42,28.6,63,0
23.7,18,10.8,14,0
21.1,70,5.4,49,0
32.1,38,14.3,33,0
32.1,22,19.6,33,0
28.7,56,22.1,37,0
28.6,15,18.9,80,1
44.9,82,17.2,64,1
34.4,45,29.5,9,0
20.1,44,5.7,4,0
26.0,27,14.4,41,0
26.1,83,23.4,53,1
41.5,16,8.5,53,0
25.0,54,20.5,96,1
25.9,27,12.1,27,0
29.5,99,21.5,96,1
38.7,51,25.3,62,0
19.4,43,6.6,75,1
24.9,71,8.0,16,0
21.6,20,12.8,86,1
18.6,79,0.8,68,1
29.3,15,22.6,92,1
36.0,27,18.8,6,0
41.8,79,0.4,18,0
22.1,22,14.3,30,0
44.0,86,28.2,56,1
21.9,63,25.0,54,1
43.1,43,8.4,40,0
36.8,70,29.2,11,0
37.3,20,15.9,100,1
26.7,49,17.3,91,1
36.6,59,2.0,63,0
22.6,29,4.3,8,0
43.8,55,4.3,11,0
21.3,68,14.1,85,1
29.6,45,25.7,91,1
21.8,18,29.9,98,1
24.9,98,26.3,33,1
20.1,43,4.0,41,0
20.5,89,21.1,26,1
33.0,26,6.8,4,0
36.4,45,26.5,18,0
35.3,65,17.0,85,1
24.6,97,21.8,86,1
18.2,86,23.6,10,1
31.5,63,5.0,36,0
25.6,69,11.3,3,0
18.9,23,17.2,95,1
41.1,63,2.7,78,1
37.3,88,20.9,55,1
23.2,69,29.7,99,1
26.1,17,20.1,70,0
33.2,86,10.9,7,1
40.0,53,22.6,25,0
35.4,37,10.2,36,0
38.5,99,24.8,49,0
44.0,82,28.9,86,1
21.5,23,9.8,91,1
19.8,25,23.8,80,1
24.5,42,16.4,26,0
19.2,64,1.2,30,0
22.3,79,17.7,77,1
43.6,44,14.0,59,0
29.8,95,27.5,82,1
18.6,90,25.7,47,0
18.8,31,29.1,43,0
44.7,15,5.8,49,0
33.8,25,5.8,30,0
43.2,80,25.9,32,0
27.7,32,24.7,41,0
43.9,94,21.2,16,0
31.8,24,7.8,30,0
37.9,33,10.5,40,0
38.9,28,7.1,94,0
43.0,42,0.3,54,0
39.8,95,27.0,13,0
21.3,98,21.0,63,1
43.4,68,14.1,88,1
19.5,38,22.3,15,0
38.0,62,21.8,22,0
20.1,30,2.3,66,0
18.8,88,16.5,84,1
31.7,89,17.1,28,1
19.3,98,24.7,24,1
39.7,92,2.5,82,1
33.2,69,24.7,2,0
18.5,80,4.6,72,1
35.7,99,22.0,81,1
32.7,49,7.1,97,1
42.9,97,24.2,66,1
22.8,84,7.4,47,1
37.4,16,10.9,69,0
44.8,72,14.6,75,1
31.5,73,12.2,63,1
19.4,50,8.5,33,0
22.3,40,19.7,73,1
37.5,96,21.6,34,0
25.4,89,5.6,98,1
18.8,33,17.3,62,0
24.9,33,23.9,19,0
25.1,89,16.6,11,1
30.5,84,17.3,99,1
40.3,39,19.4,77,0
27.1,94,11.7,97,1
28.1,82,21.6,13,1
19.5,46,25.0,68,0
42.0,50,9.7,53,0
33.3,39,19.6,22,0
23.1,48,10.3,56,0
31.7,24,2.2,60,0
44.5,90,11.3,11,0
26.3,69,11.7,66,1
43.2,22,15.7,77,0
30.7,21,14.5,49,0
20.6,16,28.2,21,0
40.3,58,26.8,75,0
18.3,59,15.6,45,0
22.8,90,23.4,46,0
34.1,53,8.7,55,0
39.7,49,16.0,36,0
35.8,65,21.6,8,0
21.0,51,9.7,95,1
29.9,81,28.6,55,1
23.8,70,18.0,86,1
35.2,79,17.4,60,1
35.5,21,6.6,45,0
36.9,19,14.0,35,0
29.8,47,6.5,38,0
33.3,73,1.6,43,0
39.3,29,20.8,86,0
23.6,52,25.9,29,0
44.5,75,21.8,87,1
36.9,94,28.2,89,1
20.6,79,10.7,95,1
18.5,33,11.7,15,0
21.3,81,25.3,19,1
23.6,36,6.2,10,0
30.0,81,25.4,80,1
30.7,80,20.6,36,0
21.8,19,11.2,37,0
18.5,26,2.7,53,0
41.6,37,14.1,51,0
38.1,20,2.4,65,0
20.5,87,13.2,91,1
37.5,28,16.5,9,0
36.6,31,13.9,82,0
43.8,28,23.2,96,0
33.9,82,5.1,68,1
38.6,74,12.4,28,0
23.7,91,7.9,29,1
30.1,28,16.0,88,1
28.9,83,22.8,40,1
30.8,44,25.1,36,0
30.4,54,25.0,57,0
30.1,73,17.9,25,0
41.6,98,24.6,69,0
29.9,31,7.4,54,0
31.8,33,21.7,42,0
25.3,35,24.9,56,0
33.9,90,13.6,84,1
25.3,28,7.5,89,1
42.8,84,16.0,52,1
23.8,49,5.8,31,0
33.2,19,12.0,16,0
30.4,56,22.7,33,0
25.7,16,8.5,8,0
44.4,91,17.3,75,1
32.0,73,12.2,0,0
36.3,66,21.5,84,1
36.6,88,6.1,74,1
38.0,78,27.7,86,1
28.5,19,26.0,90,1
33.7,91,1.2,72,1
37.9,83,28.4,80,1
40.0,78,19.8,93,1
31.8,45,28.4,89,0
32.0,16,3.2,96,0
28.9,31,8.4,64,0
20.2,57,23.7,19,0
25.0,65,14.5,32,0
29.1,39,21.8,22,0
43.3,57,0.7,39,0
28.3,81,25.9,84,1
31.5,86,25.3,1,0
33.6,48,14.4,23,0
18.8,83,29.8,94,1
24.1,43,19.9,12,0
41.3,51,5.8,64,0
19.6,30,7.4,92,1
41.4,37,19.8,77,0
32.5,52,24.8,100,0
28.9,68,9.5,28,1
36.6,58,7.0,59,0
40.7,28,5.3,19,0
31.1,25,24.7,40,0
36.3,96,27.9,42,0
18.1,38,4.5,63,0
19.0,36,19.2,88,1
24.4,39,13.9,2,0
28.5,54,0.3,87,1
25.5,33,17.2,29,0
43.8,61,9.8,5,0
34.9,39,5.3,97,0
19.0,82,4.0,16,1
25.2,90,3.6,5,1
28.4,27,0.0,47,0
35.7,77,1.6,15,0
23.1,47,0.1,96,1
25.4,27,11.2,13,0
31.8,38,5.1,14,0
36.1,36,22.3,73,0
19.7,18,3.8,22,0
41.7,35,21.6,96,0
23.9,88,19.1,17,1
26.5,79,26.8,36,1
31.4,55,1.1,17,0
37.3,94,2.5,11,0
36.6,25,18.0,74,0
24.0,33,28.9,0,0
34.5,79,19.2,84,1
40.0,99,16.2,37,1
41.4,96,9.7,15,1
34.7,53,20.6,15,0
41.2,74,28.3,100,1
41.5,77,12.2,2,0
34.1,98,22.4,96,1
20.9,50,24.1,26,0
40.0,72,30.0,10,0
21.0,15,28.2,38,0
32.1,18,12.2,85,1
28.3,33,19.4,3,0
18.7,85,5.7,22,1
23.1,62,4.4,88,1
44.3,93,13.7,47,1
37.7,31,1.5,81,0
28.2,67,20.6,59,1
37.4,69,13.3,9,0
30.5,93,9.3,34,0
20.6,17,10.4,73,1
21.5,40,7.4,95,1
26.4,95,17.5,5,1
36.0,17,11.9,54,0
31.8,85,25.2,14,1
22.9,22,21.3,17,0
32.7,59,8.7,34,0
21.8,26,12.9,49,0
35.7,55,20.6,12,0
39.5,98,3.9,43,0
25.1,29,18.7,2,0
18.4,57,24.9,95,1
32.7,71,16.5,36,0
44.4,58,19.9,55,0
34.5,74,20.3,61,0
33.7,36,12.0,65,0
26.5,46,6.7,45,0
23.2,53,24.5,2,0
35.2,68,18.0,64,1
35.6,41,3.5,91,0
42.6,21,15.1,88,0
19.2,61,12.0,43,1
32.1,39,7.7,6,0
32.5,60,13.1,93,1
40.0,25,17.5,60,0
36.9,92,23.1,4,0
44.7,52,22.6,85,0
35.9,87,22.0,17,0
34.0,50,9.6,34,0
20.3,82,6.3,12,1
42.0,88,25.6,74,1
42.4,31,5.5,65,0
21.8,96,17.2,85,1
42.0,52,4.7,76,0
38.0,15,25.6,78,0
40.2,58,0.7,38,0
32.3,63,21.3,8,0
23.3,85,25.0,64,1
18.4,58,21.6,72,0
27.4,36,3.1,64,0
37.7,51,11.4,31,0
44.0,70,29.4,48,0
40.4,62,11.7,80,1
41.4,15,1.5,87,0
40.2,39,6.1,74,0
20.1,65,24.7,1,0
36.0,95,11.0,96,1
37.4,87,8.6,11,0
43.2,71,29.9,43,0
43.8,33,20.7,24,0
28.3,34,11.1,60,0
25.1,27,19.7,15,0
42.8,61,12.5,50,0
42.4,66,9.3,50,0
24.6,60,10.2,50,1
30.1,25,1.7,73,0
30.4,64,18.0,78,1
25.6,89,19.3,19,1
26.4,40,12.7,22,0
42.5,25,10.3,23,0
23.6,78,18.0,36,1
30.1,52,2.1,94,0
24.0,46,12.4,7,0
19.4,75,28.5,54,1
28.3,20,11.0,36,0
19.0,57,27.9,88,0
29.6,99,19.9,39,1
37.5,84,18.8,81,1
34.9,65,3.3,39,0
26.1,78,11.3,66,1
41.1,65,9.2,3,0
41.0,40,19.8,36,0
32.5,70,12.1,18,0
20.7,94,29.0,18,0
30.3,67,11.6,43,0
29.3,44,30.0,7,0
42.6,20,27.9,20,0
36.4,35,27.8,85,0
29.2,72,12.4,33,0
36.9,67,10.6,95,1
35.0,68,7.7,20,0
28.7,99,22.2,16,1
24.9,89,21.2,43,1
22.7,48,17.8,11,0
29.6,83,21.5,23,1
20.6,82,19.1,3,1
34.1,58,27.5,61,0
39.8,86,7.3,66,1
38.5,77,29.8,28,1
24.5,29,10.5,97,1
44.2,16,10.2,31,0
44.5,100,1.2,99,1
20.3,83,6.0,86,1
19.6,87,12.1,23,1
44.8,85,28.5,46,0
38.0,26,1.9,24,0
43.5,90,13.2,45,1
28.4,86,20.8,97,1
43.2,22,24.2,98,0
20.6,64,2.2,51,1
35.3,27,6.0,0,0
23.4,51,15.8,24,0
43.3,26,18.9,96,0
25.9,80,23.6,65,1
42.8,55,25.4,61,0
44.9,89,15.7,91,1
27.7,47,23.5,6,0
26.1,90,7.3,58,1
40.3,83,18.0,97,1
30.4,44,10.1,36,0
36.5,58,23.6,69,0
18.6,71,27.2,25,0
19.7,30,17.7,76,1
21.6,24,23.0,89,1
39.4,71,19.2,21,0
27.9,96,12.1,29,1
23.8,60,3.3,66,0
29.1,71,18.5,55,1
41.7,73,7.3,96,1
44.8,86,25.0,50,1
35.0,65,17.1,81,1
30.1,95,27.0,14,0
36.3,46,8.1,15,0
22.1,37,6.0,41,0
23.0,45,7.9,24,0
28.0,72,2.7,22,0
42.0,56,14.6,78,0
40.1,43,19.2,54,0
28.3,38,15.9,57,0
39.3,99,15.3,4,0
44.5,62,12.0,88,1
41.8,44,26.7,86,0
30.7,96,17.5,7,1
18.8,88,11.6,70,1
29.8,54,7.9,82,1
44.6,90,23.1,35,0
43.7,78,27.6,52,0
43.4,61,26.4,82,1
23.6,64,0.6,86,1
18.5,25,25.3,87,0
23.8,38,5.7,29,0
31.4,69,15.1,56,0
45.0,20,16.3,52,0
44.4,40,10.3,26,0
44.2,20,12.0,64,0
27.3,82,22.4,35,0
25.9,85,9.9,12,1
20.1,70,15.8,71,1
33.8,24,24.4,39,0
35.1,78,16.5,67,1
24.3,48,11.6,61,0
43.2,66,15.9,78,1
19.5,18,22.2,26,0
18.4,79,28.7,63,1
40.9,49,7.0,84,0
18.5,81,25.6,47,1
18.8,49,27.0,96,1
39.1,47,4.9,31,0
35.1,84,28.5,80,1
22.6,21,17.4,29,0
19.2,51,20.6,58,0
35.5,48,22.3,75,0
24.3,30,15.6,54,0
42.6,18,23.1,59,0
39.3,43,30.0,29,0
32.9,61,23.0,57,0
39.2,18,25.9,90,0
22.9,20,17.7,30,0
44.5,57,8.8,67,0
33.8,53,19.0,87,0
39.1,80,19.4,1,1
23.9,67,6.9,56,1
20.1,64,14.9,5,0
39.1,71,19.6,70,1
27.3,54,7.5,100,1
33.8,62,15.4,33,0
20.9,84,0.2,57,1
26.8,37,2.9,64,0
23.5,20,10.4,61,0
38.7,66,24.2,93,1
39.7,23,16.5,35,0
28.4,78,1.9,13,1
42.3,72,22.9,98,0
18.8,66,12.3,16,0
42.4,50,12.7,4,0
43.4,58,27.2,94,0
43.4,84,22.1,43,0
27.1,85,11.5,50,1
42.3,69,25.2,3,0
42.9,27,3.3,86,0
25.5,86,12.9,45,1
31.0,88,28.7,38,0
36.6,27,16.3,44,0
34.1,67,15.4,88,1
31.0,68,28.3,68,0
35.0,80,4.3,28,1
21.0,62,17.8,1,0
23.3,92,15.3,35,1
37.1,46,4.6,62,0
21.5,39,21.0,96,1
42.9,84,22.3,91,1
20.8,32,10.3,49,0
40.7,72,28.2,64,0
19.9,49,20.1,56,0
30.6,30,11.5,14,0
34.6,40,15.7,76,1
21.8,74,15.3,50,1
20.5,88,2.0,21,1
24.2,50,23.2,91,0
19.0,31,13.0,91,1
36.0,43,10.0,71,1
38.2,74,8.5,81,1
28.1,54,1.8,98,1
39.4,85,8.7,0,0
34.5,61,18.9,78,1
31.6,64,27.8,85,1
29.7,55,6.8,66,0
29.0,81,2.3,43,1
23.7,90,24.8,86,1
40.0,40,22.3,25,0
23.5,37,28.9,84,0
40.7,81,2.9,81,1
26.4,86,17.1,7,1
18.6,52,4.2,59,0
27.6,89,3.3,16,0
26.5,100,15.2,32,1
37.2,35,16.9,55,0
39.8,16,23.7,40,0
36.2,80,13.4,4,0
33.5,63,4.7,36,0
44.9,62,4.6,8,0
35.9,31,26.1,45,0
22.1,52,6.6,53,0
40.6,34,21.7,4,0
29.3,59,7.8,53,1
43.1,68,23.5,6,0
29.9,21,13.2,8,0
33.3,62,29.1,46,0
39.0,60,7.0,64,1
43.7,31,29.5,99,0
33.0,41,13.8,13,0
35.5,24,25.3,88,0
27.5,97,12.1,13,1
37.4,75,25.3,69,0
31.5,77,24.1,64,1
27.7,90,23.7,67,1
42.4,32,7.1,26,0
32.0,22,15.1,59,0
33.5,76,2.4,51,1
38.6,16,28.6,2,0
42.4,23,23.7,96,0
19.2,98,9.9,55,1
27.2,90,1.2,7,1
42.3,15,26.7,53,0
43.0,53,12.7,26,0
20.2,33,23.7,58,0
25.9,42,14.1,64,0
30.0,98,12.7,30,1
37.5,50,14.2,11,0
28.6,17,22.4,52,0
45.0,31,12.1,75,0
42.2,64,4.0,12,0
25.8,28,7.5,65,0
29.8,18,4.4,75,1
28.6,31,29.8,14,0
32.9,40,3.6,50,0
32.7,39,10.9,8,0
38.0,79,5.6,54,1
31.4,51,13.4,66,0
42.3,53,9.9,79,0
34.4,78,16.0,92,1
23.8,30,23.6,19,0
38.6,85,15.6,82,1
34.7,73,9.6,11,0
41.8,75,1.5,40,0
39.8,18,23.9,42,0
31.1,60,5.8,37,0
42.9,68,29.6,79,0
39.9,19,23.9,20,0
26.1,93,28.5,35,0
18.3,75,25.9,60,1
30.4,87,12.6,96,1
38.0,63,27.5,0,0
40.5,55,22.5,38,0
31.4,51,4.2,47,0
30.6,73,6.2,50,1
41.6,40,13.5,32,0
25.4,75,21.7,15,1
42.8,63,27.2,40,0
25.8,96,26.9,53,1
22.4,20,1.8,12,0
44.8,80,11.2,39,0
21.6,77,27.3,65,1
27.6,79,29.9,90,1
30.7,70,19.9,4,0
23.5,78,8.1,73,1
40.5,86,24.3,54,1
42.4,63,18.3,33,0
19.9,57,21.6,73,1
34.2,46,3.4,2,0
36.0,77,18.3,3,1
19.0,56,23.5,42,0
25.4,16,12.3,7,0
43.2,68,19.0,20,0
44.4,64,2.3,84,1
19.1,91,3.0,13,1
35.0,46,13.2,71,0
30.5,48,0.2,78,0
32.2,75,17.3,46,1
20.0,30,10.9,37,0
43.5,23,12.6,27,0
36.6,90,15.9,66,1
24.3,74,29.0,5,0
30.3,28,25.5,70,0
29.2,32,23.1,87,1
37.7,77,27.8,75,1
32.8,38,19.0,87,0
19.4,71,10.2,44,1
40.4,67,24.8,12,0
26.5,85,7.6,95,1
40.6,19,22.0,79,0
43.2,36,0.7,37,0
22.8,68,19.5,62,1
34.6,79,7.2,99,1
34.0,54,21.4,92,0
22.9,79,21.0,89,1
34.1,40,21.7,65,0
22.8,54,22.7,83,0
40.5,86,1.6,9,0
20.9,35,5.1,55,0
35.3,82,2.6,100,1
30.5,89,28.7,82,1
27.3,82,5.9,29,1
32.3,31,6.7,41,0
22.0,56,4.2,6,0
19.8,26,16.2,13,0
42.8,46,27.5,61,0
32.2,86,19.7,9,1
21.8,26,4.1,80,0
38.2,68,10.5,16,0
19.6,19,13.3,81,1
27.0,21,21.8,90,0
18.9,88,2.4,77,1
37.5,29,9.6,3,0
39.7,95,3.7,88,1
40.6,56,0.7,89,0
20.9,35,21.8,43,0
40.7,29,29.3,64,0
39.0,57,1.8,66,0
28.7,20,5.9,7,0
31.1,86,0.2,78,1
20.6,92,28.6,63,1
34.2,19,8.3,14,0
21.3,63,21.1,64,0
39.3,55,22.6,8,0
33.3,86,6.8,37,1
37.5,58,27.9,8,0
30.6,44,28.8,95,0
26.1,75,18.4,79,1
27.6,44,20.5,93,0
30.9,16,24.2,97,0
41.0,76,16.5,45,1
23.2,97,11.3,34,1
44.6,95,20.1,67,1
31.7,24,3.0,47,0
30.2,25,14.1,2,0
40.8,61,14.2,55,0
44.6,74,2.1,90,1
20.8,19,8.6,99,1
24.7,75,6.2,90,1
24.3,64,15.9,64,1
26.7,74,16.1,1,0
43.1,98,25.6,49,0
42.8,69,18.1,7,0
26.6,48,21.4,41,0
19.6,71,8.9,67,1
25.0,54,7.1,75,1
25.6,92,5.0,51,1
29.2,42,17.9,44,0
33.8,81,3.2,29,1
41.8,44,5.7,89,1
35.4,25,9.6,43,0
33.5,94,4.8,59,1
44.8,73,2.7,47,0
34.7,97,12.3,50,1
19.6,41,3.1,31,0
31.3,71,2.0,69,0
35.8,74,20.0,67,1
40.9,36,17.1,30,0
33.5,72,28.6,18,0
33.0,21,24.5,6,0
35.3,68,28.3,81,1
18.7,49,12.2,49,0
18.1,15,12.5,72,1
43.3,38,24.4,94,0
37.8,79,15.6,96,1
30.3,73,19.1,33,0
29.9,16,7.9,14,0
18.7,49,24.7,52,0
31.4,32,5.7,63,0
35.1,44,1.0,1,0
42.3,39,22.8,14,0
22.3,30,25.4,67,0
25.6,17,7.8,47,0
19.2,41,2.5,99,1
44.2,52,21.3,62,0
41.1,63,10.7,27,0
20.7,18,0.3,32,0
31.9,80,4.5,68,1
40.3,25,4.3,18,0
42.6,33,12.1,22,0
31.1,69,20.6,73,1
37.2,78,9.4,59,1
37.7,79,13.0,76,1
21.8,17,24.2,55,0
30.6,69,10.3,100,1
30.1,97,21.2,33,1
36.8,99,6.3,80,1
20.9,16,26.3,81,1
20.1,78,15.4,10,1
26.9,73,2.1,79,1
34.0,40,20.8,52,0
37.4,76,29.5,46,0
44.4,25,15.8,65,0
39.7,63,29.3,53,0
35.6,72,2.3,45,0
36.6,72,10.3,33,0
23.3,29,24.1,61,0
22.3,68,8.0,7,1
43.8,49,27.9,34,0
23.6,22,5.5,66,0
27.0,55,17.8,10,0
31.8,72,3.2,40,0
28.2,46,9.4,74,1
40.8,79,2.1,54,1
23.5,22,0.3,93,0
32.9,65,9.9,37,0
30.0,28,3.7,50,0
33.8,82,18.3,82,1
21.6,88,27.6,52,1
43.7,43,9.3,68,0
30.8,63,1.3,28,0
18.6,94,16.0,54,1
25.0,40,2.4,15,0
38.4,28,16.3,17,0
27.1,38,26.0,14,0
28.9,48,12.3,55,0
41.2,61,16.3,4,0
23.0,89,2.5,7,1
40.3,49,17.5,57,0
29.5,61,12.5,9,0
40.2,35,9.0,70,0
29.7,53,2.2,45,0
40.4,100,4.1,86,1
43.9,23,20.9,79,0
24.7,63,15.8,30,1
41.5,21,5.1,64,0
33.6,70,14.6,22,0
38.9,78,24.3,10,1
20.1,61,0.8,82,1
23.1,67,15.6,75,1
40.1,51,18.1,63,0
23.6,75,14.4,37,1
23.1,52,10.0,14,0
42.5,61,8.1,97,1
32.6,75,4.7,58,1
19.1,23,27.6,22,0
20.5,78,3.3,11,1
44.5,90,29.2,36,0
26.4,97,28.4,24,1
28.2,37,8.2,5,0
26.4,89,20.4,47,1
43.4,49,29.7,60,0
22.5,19,13.2,11,0
33.0,83,1.3,71,1
25.3,46,18.6,76,1
35.2,65,20.8,40,0
21.4,94,17.0,68,1
33.6,85,14.4,43,1
33.5,61,15.1,38,0
33.8,97,22.7,39,1
23.0,68,24.8,87,1
19.8,82,15.7,29,1
28.8,20,21.1,54,0
38.3,92,6.4,33,1
24.4,24,0.9,88,1
24.6,15,27.9,56,0
19.9,62,1.1,16,0
28.6,66,7.4,5,0
25.6,51,18.4,41,0
18.5,29,14.3,21,0
19.7,16,2.2,46,0
18.7,90,20.0,41,1
32.8,51,2.8,60,0
18.6,61,7.2,66,1
34.1,32,19.9,30,0
22.5,30,27.3,30,0
36.1,25,19.7,62,0
42.1,20,1.7,63,0
24.0,33,11.6,68,1
24.8,36,28.8,84,1
28.4,95,25.5,40,1
30.8,32,17.8,35,0
25.7,76,5.2,17,1
42.4,51,28.0,19,0
41.3,97,7.3,39,0
22.3,63,1.3,87,1
22.9,34,19.8,42,0
20.7,98,26.7,45,1
23.8,49,20.1,9,0
23.9,94,24.4,64,1
37.7,80,22.5,91,1
37.2,33,8.7,84,0
25.6,36,18.0,28,0
39.9,78,11.1,17,1
36.8,44,4.5,97,0
24.0,77,23.0,79,1
19.0,18,24.6,77,0
34.5,67,13.3,68,1
40.4,50,28.2,43,0
38.8,91,9.4,34,0
21.8,91,27.1,59,1
31.2,69,16.9,20,0
23.5,47,16.0,25,0
36.2,62,29.7,57,0
35.1,43,14.8,43,0
24.3,91,5.9,9,1
41.4,64,9.9,14,0
41.2,68,7.6,48,0
28.2,60,25.2,4,0
30.9,76,2.8,79,1
20.3,84,6.7,29,1
24.3,65,5.0,80,1
39.5,58,0.5,26,0
38.6,54,3.4,99,0
37.1,46,21.9,10,0
42.2,71,5.8,84,1
18.6,99,19.1,16,1
18.9,73,6.9,69,1
41.0,95,12.9,5,1
32.6,95,29.4,71,1
29.2,44,0.0,61,0
34.9,67,24.2,69,0
29.0,44,27.7,95,1
31.8,72,9.4,54,1
43.6,88,5.1,72,1
33.5,25,2.6,2,0
34.7,82,9.2,83,1
32.2,39,9.6,72,0
22.0,71,11.1,16,1
37.4,92,8.7,64,1
23.2,99,3.8,89,1
40.8,16,25.4,41,0
23.4,45,18.0,50,0
19.9,27,19.8,48,0
26.3,29,29.4,43,0
44.9,64,8.8,89,1
43.0,57,18.2,18,0
34.8,62,27.8,76,1
33.2,70,17.5,6,0
18.4,51,13.7,25,0
22.3,20,22.3,67,0
38.9,83,9.2,84,1
42.6,25,6.0,34,0
30.4,30,26.4,2,0
23.7,81,15.9,84,1
24.0,35,18.7,1,0
41.6,49,4.8,18,0
37.9,30,12.9,97,0
18.6,94,27.2,18,1
34.8,41,21.4,21,0
21.4,96,2.8,12,1
38.4,15,27.4,6,0
31.2,80,9.1,61,1
25.6,96,4.6,4,1
29.8,73,25.0,51,1
36.1,45,3.1,4,0
34.3,54,10.0,9,0
37.6,95,8.4,17,0
28.4,45,4.9,10,0
42.0,76,23.3,22,1
36.3,16,14.5,48,0
23.3,31,29.3,58,0
19.1,99,8.2,39,1
31.9,25,14.9,99,0
38.2,42,29.8,1,0
28.8,70,21.4,60,1
24.0,18,27.8,25,0
22.4,99,9.5,47,1
25.1,45,12.1,76,1
30.0,19,3.1,27,0
34.6,84,3.1,18,1
26.7,71,16.7,16,0
44.7,41,28.0,29,0
32.3,32,6.4,18,0
24.1,52,27.3,16,0
29.3,24,0.5,33,0
25.4,33,5.8,0,0
28.3,64,23.5,96,1
30.2,16,21.8,51,0
35.1,34,10.7,15,0
25.0,53,5.2,3,0
26.4,93,16.1,65,1
41.9,87,0.8,90,1
29.8,67,7.8,55,1
18.3,34,24.8,50,0
30.8,86,10.4,80,1
20.8,69,19.9,91,1
21.1,50,14.7,87,1
42.9,85,9.8,88,1
30.3,69,9.1,54,1
22.3,70,11.0,86,1
44.2,38,16.5,20,0
40.7,73,20.9,52,0
44.3,50,29.8,69,0
27.0,52,24.1,59,0
24.6,52,24.3,85,1
44.9,20,1.4,24,0
35.9,80,7.4,20,1
20.1,77,3.9,33,1
41.7,20,28.5,53,0
24.1,55,4.8,83,1
35.2,58,24.3,60,0
28.2,78,13.6,70,1
42.0,21,4.4,95,0
23.2,49,5.7,6,0
30.5,17,21.7,81,0
21.5,26,25.2,24,0
24.6,84,9.3,72,1
27.1,58,0.3,54,0
31.1,86,3.7,49,0
19.9,83,11.0,35,1
19.5,64,13.5,93,1
25.3,70,4.2,78,1
36.0,68,9.7,51,0
20.3,66,9.6,32,1
40.7,76,1.1,21,1
19.7,53,3.6,18,0
33.0,71,28.3,96,1
31.3,22,23.0,0,0
32.3,49,27.4,7,0
35.2,41,24.2,80,0
28.8,100,6.2,83,1
23.0,56,24.9,82,0
44.2,98,6.4,5,1
22.2,41,14.8,52,0
21.5,19,18.9,4,0
24.7,45,27.0,53,0
19.2,26,13.0,77,1
29.9,17,13.5,77,1
25.3,64,19.3,2,0
27.1,90,22.8,94,1
33.8,50,17.2,24,0
25.2,92,2.0,83,1
20.3,94,1.3,71,1
34.5,86,26.4,53,1
22.7,56,10.1,42,0
42.0,28,18.6,33,0
44.9,20,15.6,78,0
29.7,18,7.0,29,0
18.4,97,2.6,96,1
41.7,25,27.3,72,0
21.3,40,7.5,25,0
26.7,37,16.0,34,0
23.1,64,7.7,34,0
39.2,27,12.2,74,0
29.2,27,23.7,20,0
31.6,85,3.4,78,1
27.8,74,9.0,96,1
35.0,90,7.6,12,1
35.7,93,29.3,3,0
18.4,84,29.3,12,0
27.3,22,11.8,19,0
32.3,36,28.5,33,0
33.8,71,2.0,60,0
44.8,77,10.5,50,1
18.9,17,23.3,84,0
22.9,29,20.4,95,1
34.8,68,9.1,82,1
18.2,54,20.7,52,0
20.2,58,12.0,18,0
29.8,32,10.0,74,1
19.7,62,2.0,17,0
37.6,18,5.3,13,0
22.8,34,24.4,84,0
31.5,64,17.6,66,1
41.9,41,12.7,67,0
34.4,84,0.7,35,0
37.8,44,27.2,87,0
44.0,20,22.4,83,0
43.2,72,28.6,17,0
20.5,28,8.0,13,0
20.9,38,18.3,44,0
31.6,79,8.7,74,1
43.8,96,19.0,21,1
35.0,41,2.7,28,0
33.8,69,0.8,65,0
37.4,35,18.7,16,0
43.9,99,7.1,43,0
21.6,93,6.5,8,1
43.2,43,2.4,46,0
31.0,89,20.7,80,1
25.0,94,22.0,87,1
38.7,99,15.3,84,1
20.1,37,0.5,84,0
26.5,44,17.5,39,0
38.5,36,27.1,35,0
40.7,24,27.9,76,0
23.6,73,20.9,65,0
23.5,15,13.1,73,1
25.1,82,13.5,35,1
29.9,15,26.3,74,0
19.4,27,16.0,62,0
41.8,68,19.1,76,1
32.7,33,22.5,18,0
19.5,29,11.3,65,0
20.4,68,16.2,4,0
24.5,36,27.5,13,0
30.5,61,18.8,82,1
30.3,34,2.2,71,0
44.7,70,12.6,44,0
19.5,57,12.8,47,0
25.5,17,1.5,19,0
36.4,78,2.5,8,0
21.6,73,13.3,29,1
41.1,57,7.8,26,0
36.9,95,19.6,12,0
32.6,90,15.5,35,1
35.6,29,15.2,73,0
33.3,45,1.5,3,0
36.3,50,18.2,20,0
25.2,85,18.7,51,1
20.8,67,23.3,14,0
28.0,19,22.4,11,0
40.9,35,1.8,60,0
30.0,70,12.0,45,1
42.1,92,10.1,42,1
22.5,20,5.7,8,0
24.2,68,24.4,9,0
28.4,78,29.3,84,1
43.3,98,19.5,83,1
22.0,77,5.1,75,1
28.8,39,10.3,88,1
21.3,30,20.9,9,0
18.8,91,29.1,13,1
34.9,90,15.8,93,1
32.1,70,2.8,87,1
20.6,39,26.5,66,0
30.3,25,1.7,75,0
22.5,47,21.5,86,1
24.2,75,18.2,77,1
24.1,99,9.1,31,1
37.6,65,16.4,14,0
29.3,37,24.8,92,0
18.2,71,7.0,25,0
39.1,59,14.4,96,0
32.0,57,1.9,68,0
43.4,73,14.9,69,0
23.8,69,15.8,52,1
25.8,53,11.9,99,1
44.0,72,10.5,28,0
19.7,20,28.0,52,0
43.8,92,21.1,39,0
30.8,71,28.0,34,0
34.1,23,5.3,47,0
21.5,27,20.4,44,0
39.1,78,17.0,35,1
24.8,23,20.0,92,1
32.9,67,24.6,53,0
41.3,51,27.8,21,0
39.7,61,7.7,99,1
41.5,39,25.2,92,0
25.4,32,5.6,66,0
42.4,24,4.1,95,0
25.6,93,13.2,95,1
44.5,28,1.4,85,0
33.4,29,9.3,16,0
19.5,87,9.1,15,1
40.3,48,18.7,12,0
22.7,80,6.1,37,1
28.0,27,3.4,75,1
41.9,72,0.9,22,0
34.8,24,22.6,73,0
24.0,53,21.6,82,1
38.7,74,12.4,77,1
25.4,64,13.2,26,0
36.8,74,4.4,98,1
40.8,37,2.2,74,0
31.1,18,21.4,7,0
38.0,98,7.6,50,1
22.8,78,28.5,38,1
35.9,64,5.7,46,0
41.0,73,5.8,11,0
41.5,61,8.6,78,1
26.5,63,14.1,40,0
39.4,52,9.4,28,0
23.5,83,3.3,95,1
43.2,24,6.1,64,0
23.9,45,29.3,92,0
34.8,19,21.3,55,0
41.1,52,11.6,85,0
44.3,19,14.1,36,0
43.1,20,22.7,13,0
30.9,94,18.1,13,1
43.1,17,16.2,32,0
20.2,35,14.7,89,1
20.0,35,14.8,89,1
30.6,41,29.1,54,0
41.0,45,5.6,38,0
39.6,65,25.2,99,1
40.7,39,11.6,82,1
44.5,97,25.3,94,1
39.8,73,16.9,10,0
39.3,42,0.8,29,0
28.5,91,21.1,58,1
33.6,90,28.7,55,1
29.8,23,11.4,51,0
31.2,49,1.9,69,0
29.0,61,17.4,5,0
30.0,35,29.7,14,0
30.2,100,21.8,17,0
39.9,30,23.2,56,0
43.9,92,25.3,96,1
30.4,28,23.9,60,0
40.5,87,18.6,70,1
21.9,77,15.6,94,1
40.3,79,25.3,1,0
26.1,59,27.7,83,0
21.5,67,3.2,94,1
31.8,75,26.3,60,1
20.9,49,18.6,64,0
31.1,61,15.8,77,1
38.5,78,16.6,12,0
36.6,91,15.2,27,1
36.5,24,17.7,92,1
23.8,79,12.6,34,1
21.2,23,2.4,93,0
37.1,65,2.0,0,0
37.8,32,15.8,19,0
31.2,63,19.7,44,0
34.4,86,21.1,62,1
37.3,95,14.0,20,1
38.4,54,29.9,20,0
35.8,72,13.3,3,0
25.1,32,24.6,43,0
31.1,93,20.2,30,0
19.0,73,2.2,94,1
21.8,77,12.0,33,1
32.3,54,15.7,3,0
26.5,47,29.7,15,0
20.1,17,12.0,50,0
37.6,93,21.1,63,0
34.6,57,3.5,93,0
41.5,15,18.0,6,0
35.7,81,0.4,70,1
19.6,69,18.8,75,1
36.5,41,19.2,27,0
29.6,44,14.2,2,0
44.9,95,8.8,19,0
37.4,16,29.2,61,0
25.4,64,28.3,23,0
41.2,63,27.0,66,0
43.7,57,17.9,33,0
32.2,21,23.9,27,0
30.7,23,1.3,42,0
26.3,17,12.4,39,0
28.1,64,14.9,40,0
25.7,17,19.0,63,0
40.6,55,22.7,83,0
28.0,17,13.6,62,0
25.0,88,11.3,31,1
22.9,53,16.6,15,0
28.6,36,25.4,91,0
41.2,40,12.0,37,0
20.1,24,21.4,54,0
19.4,37,21.3,19,0
36.4,57,27.3,54,0
41.7,94,4.7,48,0
26.2,50,27.0,93,0
42.0,84,29.7,8,0
32.1,20,16.1,90,1
27.7,98,27.8,48,0
26.1,93,4.6,14,0
40.9,43,24.5,48,0
30.5,61,14.4,11,0
42.5,80,14.2,62,1
36.3,49,9.2,60,0
32.5,87,8.9,8,1
42.2,21,7.6,69,0
31.7,67,4.2,93,1
38.5,44,9.5,89,0
35.1,27,8.5,59,0
33.8,25,17.9,93,0
43.1,23,4.5,100,0
33.7,57,6.9,42,0
35.0,51,3.6,54,0
28.9,37,28.7,5,0
33.2,56,11.8,100,0
40.8,93,0.1,19,0
32.8,53,2.1,9,0
35.2,18,2.7,4,0
39.1,26,25.8,42,0
41.6,47,21.6,59,0
36.1,26,19.4,8,0
26.4,60,4.1,66,1
30.7,52,21.9,64,0
18.6,94,0.8,87,1
43.1,56,4.7,3,0
37.0,28,29.1,94,0
43.9,52,22.0,49,0
44.8,40,14.6,98,1
20.9,31,5.0,9,0
25.1,83,12.2,29,1
29.4,19,5.3,40,0
25.2,84,10.3,72,1
43.0,72,9.9,23,0
27.4,77,1.1,7,1
29.1,82,21.0,36,1
41.7,33,18.7,4,0
20.4,26,12.8,91,1
44.1,37,18.4,31,0
37.5,96,13.0,24,1
20.5,28,0.3,98,0
23.5,48,18.8,73,1
21.4,34,29.9,79,1
43.1,80,23.4,4,0
36.7,78,14.0,87,1
30.1,26,10.9,100,1
28.4,39,17.3,36,0
29.2,67,25.4,90,1
19.7,51,25.0,58,0
39.5,94,24.9,84,1
33.6,30,18.1,70,0
33.8,91,18.6,7,1
28.2,42,24.6,49,0
38.6,32,21.8,43,0
19.5,27,10.9,31,0
31.7,19,7.2,0,0
25.5,76,27.7,53,1
38.1,85,19.6,57,1
29.5,52,2.7,65,0
44.6,94,19.8,8,0
30.7,34,26.9,78,0
31.4,37,8.5,67,0
27.5,58,25.3,57,0
43.3,48,6.1,36,0
20.5,24,19.9,6,0
35.6,58,24.5,80,0
27.0,83,6.8,28,1
39.5,90,29.3,31,1
31.2,77,11.2,54,1
28.9,86,28.7,26,1
34.8,38,15.2,92,0
28.1,89,19.6,29,1
44.5,25,29.1,46,0
27.6,49,23.7,83,1
27.6,21,12.9,37,0
37.1,18,10.4,7,0
33.4,62,3.0,65,0
28.4,86,5.3,18,1
29.0,46,27.5,31,0
19.7,96,4.4,87,1
25.5,24,2.7,60,0
27.9,39,12.9,62,0
21.0,76,23.8,20,0
20.8,31,3.1,88,1
42.9,35,24.6,95,0
41.9,68,0.2,75,1
19.1,39,26.0,79,1
27.8,44,2.8,30,0
40.9,83,12.9,69,1
43.3,69,5.8,76,1
20.7,43,0.3,60,0
28.2,72,9.1,31,0
43.6,77,1.1,50,1
44.9,32,11.0,26,0
38.9,23,13.0,25,0
22.2,94,30.0,38,1
21.6,39,16.2,10,0
26.9,50,1.7,17,0
37.3,28,10.3,55,0
22.9,61,11.1,17,0
31.5,94,5.5,80,1
30.7,50,2.3,13,0
36.2,64,4.9,85,1
31.7,39,29.5,81,0
41.9,56,5.8,14,0
38.6,30,27.2,55,0
39.8,49,20.9,88,0
37.9,86,17.5,28,1
32.6,72,1.3,60,0
20.1,62,20.8,68,0
35.5,74,28.9,36,0
39.5,22,1.8,32,0
35.3,100,4.9,20,0
26.1,38,6.6,56,0
26.0,54,23.4,81,1
41.6,43,15.1,26,0
31.0,98,8.4,79,1
26.7,39,4.5,40,0
37.7,75,19.4,99,1
22.3,67,22.8,8,0
25.8,47,7.2,44,0
25.7,51,21.8,51,0
28.5,56,10.3,64,0
42.1,59,16.2,43,0
33.9,96,15.9,97,1
23.9,49,14.2,87,1
25.4,93,17.3,100,1
27.0,92,22.8,13,0
38.3,23,6.7,6,0
40.1,33,22.1,10,0
20.8,69,3.0,97,1
42.1,68,4.2,11,0
30.3,27,19.2,18,0
35.9,81,19.1,31,0
44.6,33,13.1,18,0
31.5,15,29.8,56,0
39.6,93,16.4,84,1
32.5,24,27.0,45,0
32.1,19,8.2,31,0
41.7,22,16.3,48,0
29.1,81,28.6,9,1
40.9,94,7.4,48,0
21.9,45,23.1,78,0
28.4,69,17.2,34,1
36.4,70,27.8,89,1
42.4,33,0.5,38,0
33.1,61,1.5,27,0
27.9,91,2.6,23,1
34.7,22,26.1,61,0
29.2,31,10.9,26,0
19.1,93,19.5,53,1
30.2,32,10.2,4,0
18.3,32,23.2,1,0
25.7,75,11.0,66,1
22.3,33,14.4,86,1
31.8,90,18.5,8,1
31.9,57,15.2,64,0
23.5,21,29.9,29,0
28.7,76,29.7,51,1
30.3,16,20.3,61,0
40.1,71,17.0,51,1
40.2,86,24.9,25,0
30.0,30,21.3,73,1
33.6,66,22.2,4,0
23.0,58,14.5,18,0
23.3,93,8.2,78,1
43.3,84,6.6,6,1
22.1,33,18.7,86,1
28.7,54,2.2,68,0
39.5,71,28.0,37,0
33.4,87,8.3,64,1
24.1,80,22.7,0,1
33.7,82,27.6,67,1
33.8,39,5.0,56,0
28.5,52,21.7,97,0
30.8,60,28.5,45,0
40.0,44,18.0,8,0
22.9,59,9.6,41,0
42.3,39,1.5,73,0
42.9,75,26.1,6,0
30.7,81,14.2,25,1
21.6,29,25.1,43,0
38.9,95,12.1,5,0
37.1,94,3.8,44,0
37.8,69,14.0,34,0
43.9,64,0.7,64,0
32.3,45,7.2,17,0
36.5,29,28.0,56,0
18.2,20,20.6,37,0
44.4,23,16.0,65,0
18.3,100,11.7,79,1
36.6,24,25.4,29,0
33.8,50,4.9,52,0
44.9,16,13.4,50,0
37.6,41,16.2,48,0
28.5,24,1.8,95,1
32.8,27,5.2,58,0
24.9,30,14.1,41,0
43.8,93,16.6,16,0
42.1,23,12.3,18,0
18.9,94,3.0,82,1
32.1,61,12.5,16,0
24.4,41,16.0,86,1
21.0,78,5.4,6,1
24.3,32,27.6,87,0
35.3,22,22.2,74,0
21.2,93,29.5,11,1
19.4,53,9.8,18,0
18.9,16,5.9,78,1
35.3,61,27.3,82,0
41.0,40,17.4,16,0
29.2,15,28.2,26,0
31.4,44,18.8,8,0
29.1,48,4.4,77,0
39.0,66,3.0,80,1
35.4,77,18.3,68,1
40.8,36,5.7,100,0
36.5,18,24.8,6,0
37.3,91,5.5,96,1
28.9,25,29.6,37,0
41.2,27,10.5,6,0
39.8,51,1.7,58,0
19.9,77,16.4,12,1
40.3,80,17.7,31,0
23.9,62,7.7,84,1
38.5,41,20.1,10,0
36.4,81,3.3,49,0
39.6,50,28.6,60,0
27.8,70,10.2,2,1
29.5,23,20.7,15,0
23.9,55,1.7,17,0
25.7,25,27.2,48,0
21.2,48,26.3,5,0
43.9,56,10.1,64,0
18.2,88,7.6,8,1
39.2,47,10.8,48,0
44.7,54,24.4,42,0
39.1,15,18.7,27,0
36.0,92,24.3,30,0
34.9,36,22.6,31,0
44.3,71,25.2,76,1
33.3,62,6.1,38,0
27.6,23,14.9,15,0
39.9,55,15.0,11,0
21.3,62,27.7,44,0
25.1,88,18.6,0,1
30.8,41,0.4,13,0
20.5,86,15.7,3,1
38.8,23,3.1,23,0
35.8,64,3.7,75,1
18.1,30,1.5,100,0
37.6,64,14.1,53,1
30.7,80,0.8,36,1
39.1,28,13.1,29,0
44.4,53,16.3,46,0
29.9,88,0.9,43,1
26.1,77,2.5,56,1
26.6,67,8.8,73,1
24.8,34,4.5,33,0
33.9,44,3.2,68,0
20.7,83,17.9,53,1
33.8,40,21.1,82,1
22.3,40,7.5,6,0
22.0,35,0.6,36,0
21.6,17,3.3,44,0
19.9,41,16.2,6,0
35.8,93,29.3,30,0
36.7,38,8.5,61,0
27.2,35,10.2,74,1
44.7,92,21.0,51,1
41.8,44,18.4,24,0
38.4,87,13.4,22,1
20.8,84,23.2,65,1
35.4,83,7.5,58,1
39.4,52,6.9,73,0
42.6,85,10.6,57,1
25.5,94,29.1,96,1
41.7,70,21.2,43,0
40.0,75,1.8,42,0
42.9,100,4.0,84,1
31.3,94,28.8,92,1
28.1,73,26.3,20,0
41.9,21,21.6,88,0
29.2,85,24.3,92,1
19.4,88,13.0,28,1
42.7,46,25.3,22,0
20.8,75,14.7,57,1
22.4,88,8.1,83,1
37.7,23,11.1,80,0
44.1,28,4.5,63,0
39.7,39,26.9,51,0
19.4,67,19.4,98,1
31.4,48,28.7,35,0
43.1,87,17.4,97,1
30.7,61,0.4,8,0
21.9,90,4.7,45,0
29.7,59,20.2,46,0
36.7,71,28.4,56,0
42.0,80,3.7,20,0
19.0,60,12.6,41,0
27.3,46,1.5,85,0
18.6,50,6.0,76,1
32.3,35,26.6,57,0
30.8,61,18.2,27,0
27.5,98,24.4,36,1
23.3,53,7.5,16,0
36.6,84,17.7,12,1
19.7,65,6.0,67,1
36.6,30,16.4,66,0
39.9,84,6.3,87,1
38.8,39,8.3,42,0
36.8,24,4.0,71,0
19.5,42,22.7,33,0
41.5,85,26.3,59,0
24.8,93,22.1,11,1
23.4,29,16.4,59,0
21.5,39,9.8,72,1
19.4,68,28.9,24,0
26.2,18,20.3,95,1
38.5,100,7.3,70,1
32.7,46,29.0,26,0
36.3,77,6.1,84,1
26.8,82,1.8,70,1
34.5,89,28.0,77,1
33.3,79,2.0,66,1
18.3,93,10.0,44,1
29.1,50,12.1,17,0
30.5,21,1.1,30,0
25.9,19,8.3,67,0
19.6,32,15.9,80,1
44.2,100,16.2,78,1
34.3,94,8.7,80,1
30.0,42,5.9,84,1
31.2,92,17.2,30,1
18.5,47,23.4,100,0
21.1,16,6.0,58,0
41.2,49,17.8,75,0
37.9,91,17.0,2,1
30.3,72,6.5,2,0
19.4,37,14.6,8,0
43.7,36,24.6,23,0
27.9,81,8.5,72,1
24.7,31,4.0,14,0
40.3,79,15.2,78,1
42.6,23,16.6,55,0
41.8,16,18.5,39,0
36.7,89,9.7,63,1
38.7,26,27.7,71,0
38.0,99,19.1,44,0
37.6,87,29.0,84,1
34.9,59,6.0,39,0
27.8,52,14.9,36,0
22.9,96,24.8,27,0
36.6,23,23.1,60,0
33.7,44,8.1,51,0
19.9,43,17.7,3,0
44.0,36,11.6,38,0
40.8,43,18.4,16,0
37.6,90,17.0,56,1
40.7,98,21.4,23,0
20.7,38,26.2,57,0
31.0,35,21.9,52,0
42.3,82,28.5,14,0
21.0,86,1.9,96,1
40.5,58,15.8,100,1
31.7,18,23.3,19,0
35.4,56,0.4,40,0
43.4,83,6.3,39,0
19.9,29,28.0,25,0
39.0,58,14.2,50,0
26.4,48,8.9,7,0
30.4,87,14.6,70,1
24.0,58,5.1,62,0
20.3,16,20.4,39,0
27.5,20,12.2,97,1
18.3,98,28.4,0,0
29.4,66,23.7,83,1
23.1,21,9.1,2,0
25.8,33,26.6,59,0
25.1,81,28.1,37,1
44.5,21,29.8,25,0
31.0,52,10.1,71,1
24.4,21,25.4,67,0
42.2,85,20.4,56,1
21.9,87,6.8,49,1
26.0,99,11.3,28,1
18.5,90,3.5,17,0
33.2,70,19.6,66,0
35.0,78,3.4,89,1
42.0,69,4.1,66,0
22.6,89,17.3,78,1
24.8,42,5.2,32,0
18.4,48,4.2,64,0
18.2,72,10.6,12,0
30.9,50,13.5,44,0
24.0,24,29.9,80,1
21.3,73,5.7,54,1
37.6,100,29.7,94,1
33.1,29,5.3,2,0
33.3,82,19.5,15,1
30.4,22,20.1,56,0
27.1,94,10.0,36,1
33.1,86,15.0,1,1
39.7,35,2.0,73,0
18.7,26,16.7,2,0
35.6,86,4.0,98,1
18.5,51,12.6,7,0
31.5,85,9.1,17,1
20.7,65,6.9,37,0
44.5,77,12.6,64,1
35.0,31,24.7,64,0
27.3,51,14.2,26,0
39.3,92,18.0,41,1
27.6,45,23.7,67,0
27.8,70,27.3,88,1
19.9,88,24.4,60,1
40.6,47,7.5,73,1
33.4,15,5.6,96,0
43.3,30,23.2,30,0
42.1,16,19.7,19,0
40.0,32,15.8,68,0
37.6,22,20.3,86,0
18.8,96,10.6,7,1
40.9,29,0.9,67,0
20.9,18,24.3,49,0
42.6,78,14.2,82,1
27.1,32,7.3,50,0
35.9,76,14.1,51,1
21.9,71,16.4,91,1
22.3,36,15.4,85,1
40.0,49,21.1,28,0
34.3,71,29.0,37,0
37.9,85,27.3,97,1
32.5,92,26.5,74,1
32.1,88,26.4,13,1
26.1,57,21.1,91,1
38.8,96,6.0,1,0
24.8,29,27.5,22,0
23.9,64,23.2,71,1
25.7,25,2.1,77,0
31.3,98,1.5,70,1
24.3,24,20.1,89,1
35.7,89,0.6,31,0
37.2,72,2.3,67,0
34.1,33,17.7,28,0
34.2,24,1.2,10,0
27.4,60,8.1,47,1
38.3,51,15.5,2,0
42.2,25,20.9,63,0
31.1,49,14.5,76,0
39.5,75,18.4,31,0
32.2,40,7.0,61,0
28.7,40,0.7,42,0
28.8,21,21.1,59,0
28.4,67,24.6,77,1
21.3,83,21.5,64,1
22.7,98,3.0,66,1
21.8,43,18.0,49,0
33.7,83,14.8,23,0
24.9,52,17.6,75,1
39.6,33,11.6,98,1
38.9,67,6.6,39,0
26.1,41,0.2,14,0
40.9,54,10.1,67,0
28.5,23,17.9,81,1
31.2,36,16.5,63,0
35.3,70,12.1,68,0
39.3,39,9.3,89,0
40.5,17,13.9,58,0
18.6,60,9.7,4,0
29.5,75,4.0,25,0
25.1,67,20.4,19,0
22.1,72,11.8,62,1
29.6,65,22.7,44,0
20.2,41,9.0,98,1
36.7,74,28.1,56,0
38.2,44,11.9,89,1
28.4,46,13.4,54,0
22.9,15,25.2,45,0
31.3,67,14.5,92,1
44.2,47,1.7,79,0
42.7,18,11.9,82,1
22.5,25,22.5,77,0
20.3,99,11.2,43,1
34.6,33,13.7,71,0
35.0,66,4.3,87,1
18.3,49,13.0,60,0
23.9,40,16.7,74,1
39.3,21,4.5,59,0
28.4,99,28.6,86,1
23.4,28,7.9,11,0
26.6,19,5.8,77,1
32.1,55,2.4,9,0
18.4,23,2.2,74,0
28.4,77,6.9,53,1
26.6,45,13.6,98,1
43.7,74,12.5,14,0
27.2,51,17.5,85,1
38.7,79,26.2,1,0
32.0,24,24.8,45,0
20.5,48,0.6,61,0
37.5,76,15.7,89,1
34.6,64,22.8,48,0
27.5,46,15.5,58,0
23.5,20,24.2,80,0
29.8,18,29.6,11,0
30.7,73,5.7,47,0
24.4,67,7.9,34,0
20.4,76,23.7,47,1
40.0,87,16.1,1,0
30.4,32,1.7,77,0
26.9,61,2.2,0,0
32.3,60,10.2,95,1
31.5,22,0.3,60,0
36.5,73,1.3,12,0
39.3,81,0.6,71,1
18.9,50,3.0,15,0
23.3,68,2.2,11,0
32.3,21,3.1,24,0
38.3,96,4.1,100,1
44.3,17,1.4,93,0
29.0,19,15.3,52,0
39.2,99,24.0,10,0
43.9,32,26.1,39,0
39.9,48,7.9,36,0
34.8,61,14.9,21,0
22.5,23,23.1,25,0
26.7,68,21.1,44,0
32.3,44,5.7,48,0
36.9,29,18.2,10,0
42.4,86,12.1,12,1
35.6,37,13.9,48,0
38.7,97,11.0,65,1
37.5,87,11.5,88,1
37.0,74,20.6,93,1
27.8,83,15.6,4,1
26.7,91,19.8,52,1
27.4,30,28.1,27,0
35.0,82,14.3,48,1
45.0,81,0.7,6,0
43.0,98,2.8,36,0
35.9,63,27.7,15,0
22.2,21,11.0,30,0
33.6,56,19.1,98,1
32.1,83,6.7,17,1
41.1,72,7.3,85,1
22.9,65,29.1,2,0
37.2,73,1.1,18,0
44.9,94,2.4,85,1
37.7,93,5.0,51,1
20.5,83,21.3,7,1
39.5,70,21.1,100,1
35.5,93,7.1,23,0
21.7,39,12.9,88,1
28.8,58,20.6,92,0
20.2,87,29.7,61,1
21.2,26,23.1,2,0
41.5,36,5.3,50,0
43.8,77,8.9,86,1
20.6,91,25.5,70,1
21.5,72,7.3,35,0
34.4,57,16.2,31,0
25.8,89,5.6,100,1
28.4,69,4.2,19,0
37.6,69,29.3,48,0
34.0,72,8.3,84,1
29.4,41,15.1,80,1
20.3,33,15.8,3,0
23.0,43,19.3,7,0
38.9,67,0.6,99,1
19.9,23,13.7,31,0
28.5,35,7.0,27,0
32.8,85,17.7,43,1
25.6,98,27.0,56,1
40.1,58,4.7,98,0
36.4,86,17.2,19,1
18.6,63,13.7,9,0
21.8,43,13.5,90,1
33.6,45,3.1,39,0
26.4,44,18.1,89,1
26.9,44,6.6,42,0
24.1,39,20.8,85,1
27.7,93,0.4,22,1
19.9,54,19.6,68,0
24.0,64,9.0,76,1
24.7,21,22.9,49,0
43.1,88,17.8,83,1
25.7,86,22.1,48,1
39.6,64,10.4,8,0
21.0,78,25.2,60,1
44.9,77,5.4,38,0
44.5,84,16.4,91,1
31.4,76,23.2,43,1
23.4,68,11.7,76,1
37.1,71,6.2,93,1
35.5,31,3.1,2,0
34.6,41,3.3,77,0
21.6,40,21.6,73,1
38.1,46,29.1,38,0
36.4,18,9.9,51,0
18.6,73,6.7,45,0
28.7,55,28.8,45,0
34.8,84,27.9,47,0
35.6,19,24.0,50,0
18.2,17,26.8,80,1
43.4,17,24.8,42,0
18.1,17,2.9,72,1
27.2,20,18.7,71,1
22.6,49,26.2,18,0
20.7,73,10.5,16,0
27.8,46,27.7,93,1
40.6,25,11.1,63,0
24.3,78,7.8,32,1
44.8,34,19.5,69,0
20.6,89,21.2,78,1
38.4,69,29.7,11,0
32.4,69,20.4,47,0
23.7,29,23.6,3,0
23.0,86,19.8,65,1
42.3,100,16.0,73,1
33.1,93,9.1,88,1
21.4,43,20.8,45,0
32.0,32,26.3,64,0
36.3,82,4.8,27,0
26.4,99,26.2,4,0
27.4,20,0.3,16,0
38.4,81,18.7,37,0
36.1,88,20.9,5,0
30.9,37,26.6,30,0
28.2,99,0.0,74,1
41.8,79,22.5,83,1
38.4,24,11.5,31,0
35.6,30,13.8,67,0
35.9,83,21.5,86,1
20.3,97,5.5,54,1
34.5,75,8.1,17,1
41.7,44,27.6,67,0
26.2,54,12.0,11,0
33.3,55,9.1,93,1
42.9,73,24.5,87,0
29.9,16,8.8,32,0
36.9,98,19.0,46,0
28.4,30,7.7,9,0
42.2,84,26.4,27,0
42.7,44,4.5,87,0
21.0,63,24.1,5,0
40.3,28,27.4,50,0
18.3,22,27.7,16,0
19.7,63,15.4,45,0
29.4,52,29.9,7,0
40.7,51,1.0,6,0
32.9,51,28.7,44,0
37.5,32,15.1,21,0
39.1,32,18.7,20,0
34.8,24,3.3,54,0
39.8,51,24.3,76,0
22.4,49,15.7,31,0
26.5,91,9.6,38,1
27.9,28,22.6,28,0
42.7,60,17.4,98,1
24.0,61,23.6,23,0
32.8,26,15.1,14,0
34.0,64,22.4,98,1
29.7,93,20.0,17,1
35.0,38,9.3,58,0
32.0,75,4.1,60,1
29.9,95,2.2,11,1
38.1,68,5.6,63,1
29.4,34,3.1,87,1
40.0,70,4.4,36,0
25.4,49,14.0,23,0
21.6,60,9.7,62,1
34.2,89,16.0,63,1
19.8,94,8.6,75,1
36.2,43,11.9,26,0
33.3,70,29.9,8,0
43.4,78,3.4,87,1
33.5,73,14.9,9,0
25.0,95,8.2,79,1
44.9,93,11.8,33,0
41.7,73,13.6,39,0
42.8,51,3.1,18,0
24.8,18,9.8,31,0
21.7,91,6.6,22,1
44.8,66,17.6,62,0
36.8,22,9.8,58,0
21.2,70,8.4,86,1
21.5,70,2.8,51,1
20.1,47,17.2,28,0
37.1,50,10.4,20,0
30.1,90,23.9,66,1
27.6,48,25.7,6,0
37.1,68,27.8,96,1
32.3,45,24.1,0,0
21.8,87,12.5,16,1
40.0,67,19.4,29,0
41.1,21,23.1,57,0
22.0,84,26.1,56,1
43.0,35,22.4,71,0
22.8,67,7.3,2,1
29.0,84,13.7,22,1
43.8,53,1.4,63,0
32.6,82,21.7,9,0
41.3,34,27.9,35,0
22.4,81,2.7,59,1
23.9,73,22.7,37,0
36.3,83,18.1,82,1
23.1,84,20.4,60,1
25.3,74,10.5,100,1
25.4,63,9.8,7,0
32.7,88,19.1,27,0
29.5,53,13.2,47,0
42.2,48,16.5,71,0
27.1,49,1.1,82,1
34.9,42,5.4,81,0
27.3,84,15.3,73,1
21.9,82,2.0,61,1
40.6,19,16.5,18,0
21.2,49,1.7,25,0
33.4,76,13.7,81,1
34.6,46,6.3,56,0
24.3,80,16.5,36,1
25.4,19,20.2,52,0
35.1,82,2.8,64,0
38.3,28,26.0,93,0
34.5,78,23.3,50,1
30.2,100,15.6,31,1
27.6,63,7.4,66,1
42.4,36,5.4,1,0
43.2,95,17.4,60,1
30.3,45,1.0,39,0
33.6,79,9.4,7,1
40.4,19,19.1,27,0
32.6,21,21.6,33,0
39.2,64,20.0,18,0
20.4,59,24.4,48,0
21.5,47,21.9,11,0
35.3,83,29.9,81,1
36.3,39,3.1,75,0
37.7,96,19.6,32,1
43.9,97,12.5,93,1
36.3,30,15.9,89,1
19.5,37,0.2,83,0
20.5,95,23.4,21,0
36.0,97,16.4,72,1
19.9,54,27.7,19,0
43.7,85,21.6,38,0
26.8,91,14.2,28,1
38.8,81,1.6,40,0
21.9,39,15.6,13,0
36.8,85,9.2,46,1
23.2,47,25.0,36,0
37.9,43,13.0,51,0
29.4,27,22.6,33,0
18.2,91,15.6,99,1
36.5,27,13.5,60,0
35.1,87,13.1,19,1
23.0,51,22.4,52,0
20.9,53,8.2,9,0
23.1,72,8.9,3,0
28.6,100,18.9,90,1
30.0,98,7.6,0,1
20.7,81,21.6,91,1
30.5,100,26.2,54,1
33.8,61,5.7,73,1
18.6,26,4.4,6,0
44.8,100,14.2,45,0
41.7,59,11.4,23,0
38.6,30,16.0,24,0
44.7,81,15.8,9,1
40.7,95,25.2,58,0
19.6,51,21.5,40,0
32.1,63,1.8,51,0
41.6,18,21.8,40,0
30.4,88,13.6,99,1
22.3,24,13.7,1,0
29.1,71,24.8,64,0
31.8,40,0.3,80,0
28.8,100,29.7,55,1
43.8,49,3.8,54,0
43.0,70,2.5,75,0
44.3,55,10.2,76,0
27.8,35,14.0,70,1
40.4,29,19.7,64,0
36.2,53,25.7,48,0
39.8,45,15.3,20,0
40.0,77,1.7,76,1
29.0,86,12.8,86,1
20.4,67,26.4,35,0
32.0,48,27.6,6,0
41.9,88,17.4,19,1
35.8,43,12.9,25,0
22.0,18,26.9,84,0
34.4,91,24.2,0,0
23.7,53,14.6,95,1
43.3,70,14.7,31,0
37.6,69,11.6,44,0
34.8,62,6.3,49,0
44.8,46,26.2,92,0
31.0,94,28.7,10,0
24.3,84,7.1,56,1
40.1,58,26.7,1,0
43.0,39,6.4,48,0
42.4,52,12.9,62,0
27.5,25,28.7,69,0
31.9,38,26.3,6,0
22.3,36,8.9,64,0
19.7,63,1.2,24,0
25.2,62,13.5,50,1
39.0,46,17.1,38,0
32.5,88,28.9,63,1
44.7,50,21.3,20,0
29.9,90,9.1,57,1
23.0,36,13.9,6,0
44.0,34,7.6,48,0
27.6,55,14.5,78,1
28.3,46,14.2,88,1
34.2,55,3.5,59,0
44.8,73,27.3,53,0
19.4,29,14.0,26,0
28.7,42,9.8,36,0
32.9,28,12.8,35,0
24.5,84,7.8,43,1
22.4,96,24.3,59,1
25.5,96,26.0,44,1
39.4,95,16.6,80,1
33.7,32,19.8,11,0
42.0,81,4.4,78,1
23.4,76,18.3,23,1
36.3,91,11.4,52,1
18.2,68,0.8,10,0
27.3,82,28.0,51,1
20.6,59,29.3,3,0
26.7,62,16.6,69,1
36.2,21,12.5,83,0
27.6,76,14.4,23,1
20.8,70,0.5,68,0
37.8,42,16.2,3,0
44.4,92,18.1,29,1
32.3,46,12.7,89,0
18.4,94,21.8,63,1
30.2,23,17.3,49,0
36.1,99,22.8,14,0
26.9,68,16.3,3,0
40.3,38,3.1,25,0
30.7,100,1.0,78,1
26.9,72,26.3,62,0
42.3,16,1.6,93,0
43.3,99,10.9,83,1
38.2,72,28.3,74,0
42.5,22,19.6,23,0
34.4,48,4.3,16,0
27.3,48,26.4,25,0
23.3,92,5.1,99,1
22.7,25,27.7,86,0
23.4,15,4.2,65,0
42.7,46,20.8,27,0
35.0,45,4.1,62,0
37.8,16,26.7,83,0
43.6,48,8.9,83,0
18.3,96,21.6,13,0
40.6,71,27.3,92,1
18.4,86,14.6,48,1
32.2,58,6.2,25,0
35.2,39,21.9,44,0
31.8,43,13.7,99,0
36.3,79,22.8,87,1
23.4,66,26.0,26,0
23.7,56,0.7,2,0
19.6,46,28.7,47,0
42.3,29,11.9,93,1
33.0,51,29.4,45,0
34.9,45,12.4,21,0
42.0,45,0.4,34,0
21.4,70,23.5,0,0
29.9,45,5.6,16,0
42.0,92,3.9,57,0
35.2,74,0.8,23,0
26.2,16,0.5,91,1
26.9,23,0.1,23,0
24.4,95,25.5,33,0
33.5,88,12.4,53,1
41.1,86,17.0,45,1
28.3,60,18.2,86,1
35.8,71,1.9,4,0
22.3,90,4.4,71,1
26.1,36,3.2,69,0
37.9,42,3.8,98,0
41.7,44,23.0,7,0
19.4,36,18.6,48,0
23.1,31,17.9,87,1
33.7,79,14.7,23,0
22.6,72,10.7,6,0
40.6,37,9.8,50,0
23.7,80,29.6,0,1
37.1,43,24.5,100,0
25.2,82,14.4,38,1
31.3,46,0.2,29,0
34.6,31,28.3,52,0
18.4,90,29.6,62,1
38.6,96,5.6,17,1
35.7,92,13.2,49,1
44.3,48,16.5,11,0
43.6,27,8.2,1,0
44.2,61,23.3,78,1
19.7,54,7.4,38,0
20.7,90,15.8,60,1
26.3,93,11.0,90,1
37.5,74,3.1,75,1
42.0,38,16.1,36,0
39.4,95,16.0,99,1
27.9,43,15.1,23,0
39.0,34,2.1,97,0
19.3,51,19.2,51,0
43.2,61,21.3,47,0
33.3,66,7.9,61,0
23.1,32,27.9,66,0
18.4,93,11.0,5,1
39.1,85,16.4,35,0
39.3,100,25.6,79,1
18.2,23,12.4,69,0
42.4,85,2.1,43,1
28.5,64,25.8,18,0
36.5,70,23.1,54,0
27.8,30,10.9,62,0
21.5,44,10.1,44,0
44.3,31,13.8,88,1
26.0,91,20.5,59,1
42.0,89,18.0,35,1
20.7,43,9.5,51,0
29.3,79,8.6,37,1
37.8,15,12.7,89,1
26.3,92,22.2,87,1
28.4,34,19.1,58,1
19.5,72,22.7,13,0
29.6,52,15.3,97,1
39.0,33,28.4,86,0
28.7,94,24.2,65,1
19.7,84,16.1,12,1
32.2,84,19.1,39,1
36.5,57,7.9,89,0
22.9,37,28.9,76,1
44.8,22,12.7,79,0
24.7,86,5.4,93,1
30.8,35,22.3,79,0
40.2,24,16.8,55,0
32.0,33,6.4,84,1
29.0,56,12.9,58,0
37.1,89,8.7,71,1
24.1,86,14.2,82,1
27.4,90,21.7,14,0
38.8,94,27.2,88,1
25.6,81,26.9,67,1
18.5,70,6.0,61,1
32.5,73,7.9,56,0
37.1,71,21.6,21,0
38.2,29,7.0,8,0
43.8,93,6.7,39,0
31.0,65,4.0,89,1
40.3,83,4.6,91,1
31.0,95,29.8,41,1
29.0,50,2.7,31,0
25.6,91,27.6,13,0
24.5,24,8.6,87,1
25.3,25,24.3,66,0
27.3,47,28.7,43,0
24.8,54,6.5,18,0
19.6,82,27.8,48,1
42.3,90,3.8,4,0
19.9,39,7.5,99,1
27.7,53,22.6,79,0
37.4,84,5.6,74,1
22.1,46,10.6,17,0
19.6,16,13.4,82,1
20.0,91,25.0,50,1
21.9,65,29.9,13,0
41.9,97,1.4,99,1
26.4,38,6.8,8,0
43.7,73,17.6,91,1
38.6,25,28.8,13,0
19.6,61,4.9,40,0
28.6,94,0.7,20,1
41.0,76,5.1,4,1
36.1,51,27.2,20,0
38.9,97,27.0,34,0
44.8,59,5.1,11,0
40.0,94,24.9,15,0
44.6,68,21.6,44,0
44.2,26,11.0,30,0
33.0,66,8.2,85,1
35.2,58,19.4,36,0
28.1,64,0.2,95,1
43.1,35,15.5,29,0
44.8,95,19.8,62,1
34.3,86,18.9,8,1
45.0,75,28.9,97,1
40.0,40,27.5,52,0
27.5,51,5.7,15,0
24.6,30,2.8,18,0
38.1,70,21.6,36,0
26.4,82,23.7,26,1
38.1,87,25.2,35,0
30.8,26,0.5,5,0
24.1,75,17.6,14,1
19.9,80,10.0,0,1
34.6,66,13.2,99,1
24.9,15,17.9,97,1
37.0,55,14.4,54,0
20.3,16,11.5,94,1
28.6,20,10.3,19,0
29.2,59,29.7,35,0
40.1,79,25.8,43,0
30.0,48,8.9,9,0
44.6,82,27.9,16,0
32.6,38,21.6,99,0
27.3,65,6.8,26,0
32.5,22,29.7,49,0
31.4,94,18.0,72,1
25.6,41,16.0,11,0
18.3,42,3.2,40,0
35.1,60,0.8,100,1
21.4,15,20.1,65,0
31.7,29,25.9,55,0
19.6,45,29.8,28,0
21.9,28,1.7,23,0
19.2,28,3.5,77,1
34.2,29,20.6,71,0
41.8,88,29.1,65,1
25.5,94,5.8,66,1
23.9,64,27.5,32,0
34.3,95,29.9,81,1
18.4,69,1.1,29,0
37.6,33,20.5,26,0
35.0,36,5.5,47,0
30.4,56,20.4,17,0
36.7,57,18.4,96,1
26.6,98,1.9,69,1
40.6,71,4.5,52,0
28.8,71,14.9,62,1
32.8,79,14.1,24,0
31.8,47,24.5,64,0
34.3,31,0.0,5,0
37.0,42,3.9,42,0
31.7,84,29.9,45,0
26.4,90,22.8,31,1
30.6,96,0.5,95,1
33.3,78,27.5,1,0
23.9,24,24.4,38,0
19.5,41,26.3,69,0
20.4,41,2.1,0,0
38.3,83,6.3,85,1
26.2,84,9.6,71,1
39.2,57,9.9,8,0
42.7,23,29.9,56,0
26.1,72,11.7,12,1
38.1,40,5.6,45,0
36.3,80,29.1,89,1
34.1,100,22.6,82,1
22.0,67,22.8,75,1
38.4,69,1.6,97,1
26.9,89,0.6,94,1
19.9,45,27.6,40,0
33.5,25,21.2,65,0
24.4,38,8.4,39,0
31.4,54,24.8,39,0
22.9,90,10.6,9,1
43.4,86,12.1,74,1
21.8,43,26.2,92,1
31.5,28,29.2,55,0
32.5,85,23.8,17,0
36.5,20,21.1,28,0
34.1,24,6.1,93,1
27.5,74,0.7,97,1
25.8,25,23.8,65,0
22.0,41,23.9,2,0
41.8,93,9.7,66,1
27.8,56,27.0,26,0
40.9,92,14.6,21,1
44.6,15,16.3,45,0
21.7,99,11.8,97,1
39.4,90,18.4,34,0
40.7,55,6.5,73,0
43.6,55,12.2,15,0
44.4,16,14.1,31,0
37.0,94,16.7,100,1
34.2,41,14.2,49,0
42.3,21,2.9,83,0
30.7,76,29.3,59,1
37.4,26,3.7,38,0
32.7,83,17.4,2,1
22.1,27,16.3,36,0
19.4,17,1.8,21,0
39.7,81,13.7,19,1
41.4,40,29.3,27,0
22.8,18,28.7,57,0
43.1,59,9.0,100,0
35.3,40,20.6,32,0
39.7,27,12.5,87,0
32.7,61,19.9,90,1
43.2,94,26.8,29,0
31.5,94,16.1,45,1
42.9,24,0.6,90,0
40.0,51,12.0,33,0
42.1,87,24.3,85,1
22.7,36,26.2,2,0
43.2,23,10.6,87,0
41.2,25,18.0,10,0
31.0,80,21.4,72,1
18.6,53,14.0,89,1
18.3,66,5.5,41,0
20.1,72,24.4,42,0
20.1,51,24.1,82,1
19.0,91,27.9,25,1
39.2,43,12.3,2,0
35.3,77,0.5,92,1
18.5,70,1.5,45,0
34.7,56,3.8,26,0
40.9,86,7.4,9,0
22.3,56,17.8,20,0
42.7,25,15.5,76,1
30.1,16,3.3,19,0
36.5,49,10.3,50,0
43.4,25,6.5,1,0
25.1,84,20.1,77,1
32.1,43,3.7,91,0
39.6,32,29.2,80,0
35.2,45,16.9,77,0
41.1,27,20.5,48,0
25.5,90,8.4,69,1
29.1,22,17.3,40,0
37.9,78,18.4,64,1
40.1,22,13.5,45,0
40.7,91,5.7,81,1
39.3,17,4.5,53,0
23.0,33,0.4,27,0
25.6,35,16.7,26,0
33.5,80,9.5,57,1
41.4,43,4.3,48,0
44.4,41,16.5,14,0
32.2,37,0.2,40,0
36.1,62,23.8,40,0
24.5,87,22.7,75,1
28.6,37,18.3,23,0
25.9,93,14.9,62,1
30.8,42,8.7,48,0
20.0,60,9.9,62,1
22.1,29,12.0,13,0
41.8,77,10.7,72,1
21.1,87,21.9,32,1
25.1,88,1.5,41,1
37.4,78,15.8,18,1
22.0,22,19.7,64,0
28.5,69,12.1,84,1
41.4,71,26.2,1,0
25.3,85,18.2,1,1
29.2,85,1.2,4,1
21.1,62,13.0,59,1
41.2,55,5.6,52,0
27.9,35,18.8,93,1
26.1,60,27.1,3,0
29.7,56,9.2,67,0
33.6,55,23.8,79,0
34.8,89,14.0,46,0
41.3,32,9.6,91,1
18.6,52,4.4,14,0
18.0,39,29.7,99,1
38.1,67,0.4,13,0
26.7,45,5.3,16,0
20.9,51,4.0,4,0
38.3,77,17.6,91,1
26.9,80,8.8,1,1
19.9,80,9.1,55,1
34.4,46,21.5,14,0
25.3,21,19.6,27,0
44.5,46,17.1,48,0
42.5,60,20.9,18,0
36.4,40,2.7,46,0
31.2,67,20.5,30,0
40.9,60,16.0,51,0
43.6,27,21.2,9,0
19.5,19,29.3,85,0
32.1,89,22.8,35,0
28.7,51,0.2,45,0
38.4,60,11.2,42,0
34.8,43,29.9,20,0
34.4,89,2.2,70,1
22.4,95,0.2,8,1
45.0,74,14.1,3,0
33.5,82,5.6,62,1
35.5,29,13.7,43,0
31.4,57,28.6,71,0
40.1,70,3.7,10,0
31.2,51,29.8,33,0
20.9,63,10.8,36,0
43.6,76,26.8,42,0
32.3,52,28.2,9,0
21.9,83,23.7,14,1
44.0,27,28.8,78,0
27.5,49,20.0,40,0
43.1,56,5.0,33,0
39.7,28,20.9,38,0
43.1,25,5.9,5,0
29.6,62,4.3,39,0
44.2,48,10.7,32,0
25.6,42,2.0,22,0
19.5,82,24.4,54,1
20.7,90,7.7,23,1
33.7,66,23.1,24,0
18.9,98,28.8,4,1
27.4,23,6.5,87,1
41.3,25,20.4,23,0
22.2,70,3.0,70,1
39.0,59,20.9,11,0
38.3,75,20.8,23,0
24.4,86,9.9,27,1
43.5,42,5.1,61,0
31.3,40,8.7,3,0
29.9,30,21.9,68,0
25.2,83,11.1,29,1
21.9,71,28.7,34,0
40.8,28,16.8,24,0
30.9,85,26.2,40,0
34.0,70,8.7,65,0
35.7,64,16.5,15,0
22.1,23,14.6,85,1
36.5,66,25.0,19,0
36.9,51,4.8,78,0
40.4,21,6.7,15,0
21.3,32,15.4,13,0
43.5,77,1.0,2,0
37.2,78,16.3,84,1
24.2,53,15.3,47,0
21.2,74,21.8,16,0
31.5,45,17.0,61,0
35.0,68,20.4,15,0
21.5,55,15.4,8,0
40.4,72,14.4,74,1
35.7,78,13.0,95,1
19.8,66,11.5,6,0
25.2,58,26.2,87,1
32.6,51,23.6,39,0
36.0,51,10.2,34,0
38.2,80,12.1,45,0
31.6,86,29.7,95,1
26.5,37,12.5,22,0
42.1,68,28.4,56,0
43.6,58,11.1,40,0
20.5,74,24.9,27,0
20.4,34,11.4,68,0
32.9,81,11.1,50,1
26.1,82,20.3,53,1
31.3,77,1.9,36,0
35.6,63,15.1,95,1
23.0,45,9.1,38,0
23.6,93,5.5,66,1
30.8,17,10.0,44,0
39.5,65,5.5,22,0
32.4,66,3.5,23,0
19.8,47,0.3,70,0
44.1,79,14.0,19,1
21.1,95,23.5,59,1
39.6,23,23.0,48,0
30.7,73,18.9,30,0
44.4,18,12.6,14,0
36.2,43,13.0,78,0
43.2,93,20.8,60,1
44.5,84,0.3,91,1
24.2,60,4.8,40,0
35.0,62,17.9,30,0
23.8,100,19.7,39,1
19.7,51,17.5,9,0
38.2,93,15.7,15,1
26.8,70,3.1,77,1
38.3,21,23.8,39,0
35.4,29,25.6,0,0
23.0,32,9.6,71,1
28.6,81,28.4,74,1
23.4,58,14.3,57,0
32.8,61,5.8,34,0
34.6,49,0.7,94,0
38.0,74,29.2,60,0
43.3,34,15.3,79,0
31.4,73,22.4,9,0
18.0,18,28.4,87,0
39.4,47,1.6,63,0
32.6,75,7.1,14,1
44.4,82,10.1,95,1
22.0,61,4.8,14,0
25.9,36,19.5,88,1
21.0,81,1.5,21,1
34.3,47,18.9,83,1
21.6,25,19.5,14,0
33.6,54,23.6,31,0
24.7,28,22.5,95,1
44.1,100,16.1,18,1
44.4,90,27.2,12,0
30.6,63,18.6,6,0
43.3,40,14.0,87,0
34.2,45,11.4,77,1
32.1,67,22.0,8,0
35.3,42,12.2,55,0
33.3,88,1.7,39,0
22.9,90,1.2,74,1
28.7,30,5.6,40,0
39.2,50,0.3,63,0
39.9,79,29.2,31,0
29.8,57,27.1,53,0
18.4,77,17.4,90,1
19.6,75,23.7,55,1
27.5,63,8.1,96,1
36.7,55,23.8,73,0
24.7,83,26.7,48,1
26.6,67,16.4,0,0
22.8,16,20.0,56,0
25.4,61,6.0,90,1
42.3,62,20.6,78,1
33.3,32,20.6,80,0
25.1,42,7.0,84,1
42.1,34,16.4,30,0
40.2,45,19.1,60,0
24.5,58,5.6,78,1
31.8,76,10.7,76,1
28.3,92,3.1,79,1
28.3,92,6.9,16,1
28.6,26,11.3,27,0
31.6,82,3.1,15,0
22.1,34,10.1,22,0
31.0,81,3.5,44,0
22.8,70,19.0,81,1
41.1,92,15.4,80,1
18.2,57,10.5,22,0
38.9,15,18.3,77,0
34.5,95,25.9,6,0
37.0,85,17.2,33,1
38.7,42,10.2,0,0
20.6,77,13.6,26,1
21.6,73,10.5,14,0
26.1,70,10.2,57,1
29.3,86,3.4,31,1
19.6,35,7.8,12,0
24.0,35,16.8,40,0
36.6,95,27.4,97,1
23.6,23,4.3,81,1
31.2,16,21.0,79,0
18.2,53,7.3,70,1
41.4,23,3.5,47,0
30.6,43,12.6,6,0
36.8,44,7.9,47,0
42.0,19,1.4,59,0
24.3,62,6.2,57,1
21.1,36,6.8,15,0
31.1,68,29.6,76,1
29.2,85,2.0,59,1
26.3,26,8.6,16,0
37.3,43,10.3,19,0
26.5,21,4.2,85,1
44.8,53,26.5,100,0
26.3,65,28.5,67,1
44.2,31,28.6,10,0
27.5,24,6.9,6,0
37.0,89,13.6,76,1
41.4,84,29.5,2,0
31.3,96,26.4,12,0
31.8,68,29.9,60,0
35.5,43,18.5,27,0
34.1,88,9.0,95,1
33.8,57,24.3,23,0
21.5,41,26.8,20,0
19.7,84,28.9,12,0
40.4,48,28.0,67,0
20.4,83,25.4,75,1
24.6,42,15.7,25,0
33.5,42,23.8,88,0
38.1,92,5.9,95,1
19.2,50,3.0,50,0
39.8,86,27.5,89,1
41.6,46,19.5,100,0
29.1,20,22.2,3,0
44.6,74,22.6,84,1
21.5,29,15.8,71,1
29.8,19,8.3,64,0
20.2,53,19.4,18,0
34.4,88,24.3,21,0
28.1,47,28.0,8,0
26.5,17,2.1,53,0
37.8,100,2.4,2,0
34.5,78,22.3,42,0
32.2,26,2.2,29,0
24.0,58,6.7,23,0
24.0,27,7.8,29,0
21.6,81,19.4,99,1
23.6,93,25.5,31,1
42.1,76,24.8,21,0
22.5,49,25.1,13,0
38.6,44,17.2,53,0
42.1,36,13.3,56,0
18.1,75,21.0,86,1
41.7,44,11.9,67,0
18.3,36,19.9,45,0
18.2,49,27.1,95,1
43.8,63,20.1,58,0
27.9,23,14.8,61,0
42.7,55,22.7,20,0
21.0,31,6.1,49,0
37.9,70,8.8,13,0
33.8,15,0.9,94,0
34.7,42,27.8,23,0
43.6,45,1.4,21,0
43.9,79,6.7,39,0
28.4,53,11.1,54,0
18.6,98,1.3,54,1
26.4,21,28.0,36,0
25.3,65,28.9,38,0
29.0,62,2.0,59,0
31.1,88,4.6,29,0
18.3,32,15.8,25,0
33.6,99,3.8,68,1
39.8,57,9.8,5,0
26.4,97,24.4,79,1
21.8,84,0.6,91,1
44.1,50,8.0,6,0
19.7,57,13.0,73,1
30.8,21,6.7,92,1
40.4,92,11.3,38,0
44.3,34,25.1,14,0
33.7,81,18.2,21,1
29.7,77,17.5,58,1
24.3,52,15.0,40,0
29.7,39,25.6,60,0
21.5,100,6.0,10,1
21.4,66,1.0,88,1
34.0,85,2.1,58,1
32.3,18,1.1,95,0
26.3,73,10.8,22,0
44.6,77,7.1,86,1
36.8,49,15.3,4,0
22.0,15,24.2,28,0
41.1,81,14.8,82,1
29.9,81,23.2,49,0
30.9,45,23.9,84,0
28.1,22,17.9,13,0
37.4,61,13.6,20,0
43.4,38,7.3,17,0
41.9,26,13.6,45,0
21.9,94,28.8,90,1
32.1,41,5.0,78,1
40.3,25,4.1,19,0
26.4,39,19.6,82,1
37.4,25,21.1,34,0
28.9,76,4.3,65,1
30.9,17,4.0,91,0
35.9,90,24.8,71,1
31.0,71,2.4,50,0
24.3,97,17.7,92,1
34.8,30,7.3,56,0
21.0,42,24.8,62,0
18.3,39,29.3,55,0
25.8,76,23.9,30,1
20.3,82,3.3,97,1
41.4,72,19.6,86,1
44.3,62,27.1,18,0
31.8,48,27.7,77,0
21.7,88,9.1,46,1
30.8,46,15.3,11,0
35.7,18,16.5,38,0
35.0,43,26.6,24,0
44.4,43,11.1,42,0
34.3,61,5.9,57,0
18.3,56,24.5,2,0
35.2,52,25.5,0,0
22.7,33,25.4,72,1
39.8,94,24.5,59,0
30.0,26,1.3,90,0
43.3,25,21.1,80,0
24.0,35,6.3,85,1
24.7,54,6.7,88,1
37.5,48,9.6,55,0
28.8,32,11.7,90,1
41.8,37,2.4,50,0
44.1,36,7.5,74,0
42.8,36,28.6,29,0
35.2,33,8.4,68,0
23.9,69,21.7,89,1
34.1,90,11.4,6,1
33.7,89,26.0,0,0
43.7,60,18.9,94,1
19.9,22,28.1,67,0
29.1,62,6.0,43,1
37.1,83,10.9,84,1
38.9,97,28.2,80,1
19.7,93,5.1,29,1
28.0,49,4.5,35,0
34.3,16,21.1,40,0
37.3,83,28.8,6,0
25.1,82,27.6,15,1
26.5,99,13.7,75,1
23.7,38,8.0,90,1
35.6,49,18.2,21,0
42.8,70,6.0,67,1
35.6,88,12.3,1,0
23.0,68,11.3,92,1
23.2,21,1.0,39,0
28.9,36,22.2,79,0
26.3,86,5.3,69,1
42.2,39,4.6,46,0
40.2,63,11.9,93,1
19.8,97,16.1,56,1
34.4,38,3.4,55,0
36.6,86,11.8,2,0
44.7,90,12.1,9,1
27.6,21,3.5,23,0
40.4,52,29.4,1,0
26.4,27,26.6,53,0
36.0,93,14.6,25,1
30.9,94,6.5,48,1
18.6,74,24.6,34,0
19.2,84,28.4,54,1
37.5,78,22.3,53,1
27.8,90,20.6,31,0
37.0,24,23.9,16,0
34.3,30,9.7,84,1
24.8,40,3.7,60,0
35.4,97,10.4,5,1
32.8,35,27.2,8,0
41.3,62,27.3,28,0
41.3,50,0.3,99,0
40.7,52,19.0,83,1
26.0,40,15.9,33,0
29.0,46,25.4,18,0
35.5,32,15.3,35,0
43.3,18,4.2,14,0
23.7,34,14.4,2,0
33.8,38,23.9,72,0
44.6,67,24.0,64,0
28.5,42,27.2,65,0
39.3,23,4.2,74,0
29.5,45,25.6,66,0
26.7,46,24.0,1,0
30.2,89,0.9,84,1
43.3,40,25.1,2,0
30.8,28,16.4,68,0
42.0,45,25.8,58,0
24.5,59,17.9,88,1
35.2,87,29.4,40,1
42.4,46,29.9,24,0
35.4,95,22.2,25,0
41.6,65,17.3,67,0
41.3,46,6.5,66,0
18.5,56,27.1,63,0
35.9,37,14.2,69,0
40.3,65,11.3,96,1
32.9,97,29.0,61,1
36.6,63,15.5,21,0
38.2,79,10.7,40,0
22.0,21,22.2,13,0
37.3,68,1.7,28,0
18.3,98,27.8,41,1
26.3,67,21.3,13,0
25.4,26,25.1,22,0
36.9,83,12.5,39,1
18.6,54,3.7,81,1
33.0,34,24.0,98,0
19.7,19,2.5,1,0
36.1,88,0.7,4,0
37.6,36,20.1,13,0
26.2,55,15.1,92,1
35.5,82,3.3,81,1
36.9,57,10.7,74,1
39.1,66,5.7,90,1
27.6,68,11.2,70,1
25.8,68,16.7,88,1
43.2,47,10.7,63,0
22.0,62,1.3,87,1
28.4,17,29.9,54,0
26.1,89,13.1,58,1
29.7,30,17.5,6,0
33.6,74,12.1,56,1
27.2,61,19.9,56,1
41.1,44,3.1,87,0
23.1,64,29.4,56,0
20.5,36,24.3,25,0
22.8,92,24.6,97,1
28.7,88,19.5,68,1
35.2,40,26.5,94,0
36.5,74,10.2,98,1
44.6,73,19.0,61,0
44.1,42,2.3,99,0
32.0,63,4.3,2,0
20.0,41,25.6,73,0
30.9,74,29.2,70,1
26.1,96,1.6,74,1
42.5,46,18.5,35,0
20.8,42,26.4,38,0
36.7,97,24.5,41,0
28.1,66,13.7,19,0
28.7,49,13.8,0,0
28.0,17,6.7,40,0
21.3,67,0.0,46,0
38.1,50,25.5,65,0
36.0,31,7.0,93,0
33.0,45,10.8,51,0
27.7,47,4.5,52,0
23.7,94,25.6,83,1
19.7,55,8.5,10,0
36.6,47,26.4,12,0
32.2,77,8.5,35,1
33.3,65,3.6,43,0
35.7,70,0.4,71,0
24.9,41,10.9,68,0
41.3,28,0.1,53,0
18.9,72,18.8,3,0
42.4,48,22.8,46,0
18.5,98,24.3,58,1
23.1,26,10.8,61,0
38.4,34,22.2,18,0
21.3,40,28.7,77,0
24.5,82,1.6,96,1
41.4,84,29.4,90,1
38.8,73,29.2,13,0
37.6,17,0.7,20,0
35.1,71,8.0,87,1
28.4,81,17.1,84,1
21.5,18,11.5,37,0
32.4,79,3.9,85,1
40.7,86,4.3,24,0
27.4,55,4.5,2,0
23.1,83,8.6,67,1
24.3,37,28.6,13,0
30.6,29,11.7,8,0
27.2,53,12.3,19,0
34.1,99,26.4,38,0
32.8,19,13.3,96,0
23.6,40,25.2,85,1
19.8,70,7.4,37,0
28.8,83,8.3,88,1
39.1,56,26.6,98,0
29.0,15,12.8,72,1
37.1,51,23.4,49,0
23.7,17,27.4,23,0
37.1,76,11.8,15,1
40.3,40,4.2,53,0
37.5,25,14.4,86,0
27.7,30,8.8,70,1
26.9,30,16.3,74,1
33.4,16,18.3,1,0
19.5,63,7.4,74,1
18.4,28,18.1,3,0
37.4,87,28.5,71,1
24.7,15,25.9,76,0
29.4,15,13.6,60,0
42.4,74,5.3,76,1
19.3,48,9.4,86,1
32.7,95,15.1,21,0
22.6,47,27.2,85,1
25.7,41,18.4,97,1
25.8,34,9.7,62,0
44.8,80,6.6,39,1
21.5,50,9.6,65,0
43.1,40,7.2,11,0
37.4,19,2.1,75,0
32.8,64,26.7,81,1
38.9,32,11.9,22,0
27.3,27,1.9,36,0
29.1,51,14.7,41,0
21.7,72,16.7,19,0
27.6,41,28.9,68,0
37.3,47,8.8,39,0
34.2,53,15.4,25,0
28.6,51,14.7,55,0
35.4,22,3.2,60,0
20.3,84,22.1,76,1
27.9,20,11.9,3,0
21.9,62,12.1,38,0
26.1,19,14.1,14,0
41.1,25,21.3,2,0
26.3,57,22.3,10,0
29.9,79,7.0,33,1
35.0,89,17.2,100,1
34.5,22,21.6,69,0
29.9,84,26.0,85,1
43.6,56,18.3,80,1
20.3,93,5.2,75,1
21.2,74,13.0,75,1
39.5,44,29.1,30,0
31.3,82,12.9,52,1
29.4,25,21.6,15,0
35.6,21,2.0,52,0
27.1,45,9.8,4,0
18.4,98,15.0,99,1
19.8,27,20.9,32,0
36.5,70,13.6,29,0
43.9,74,0.6,64,0
28.7,39,14.5,38,0
39.3,63,4.5,84,1
19.2,72,7.8,55,1
20.5,85,25.1,94,1
43.4,84,22.2,95,1
33.4,16,2.2,64,0
33.3,22,13.2,75,1
21.5,76,9.8,13,1
20.1,52,25.7,3,0
25.7,83,24.4,40,1
28.9,40,27.2,14,0
38.7,30,14.0,49,0
42.9,38,13.2,11,0
44.9,24,10.3,4,0
31.9,99,11.0,77,1
18.1,90,26.4,38,1
21.3,22,7.3,39,0
27.2,88,5.7,81,1
26.4,31,4.3,55,0
44.3,79,2.9,46,0
39.0,87,22.7,25,0
40.5,71,20.0,66,1
34.2,46,24.8,56,0
21.9,84,1.8,30,1
42.3,100,16.4,33,1
20.0,96,25.4,23,1
31.3,42,2.0,87,0
38.1,36,9.8,68,0
39.6,50,20.0,11,0
44.3,27,20.8,93,0
32.5,36,17.6,33,0
26.4,74,1.3,84,1
42.9,51,27.4,26,0
20.5,56,17.7,45,0
39.9,52,5.8,89,0
25.9,42,22.2,23,0
19.6,74,15.4,83,1
21.0,18,9.9,3,0
33.8,99,17.9,34,0
38.1,25,12.2,59,0
24.6,42,12.1,31,0
20.7,20,13.9,65,0
19.7,42,8.7,27,0
29.5,90,8.6,44,1
42.1,15,26.7,38,0
20.6,50,11.0,52,0
39.4,86,22.9,15,0
31.1,27,21.6,11,0
39.9,16,0.2,24,0
19.0,68,24.0,12,0
41.7,90,28.4,21,0
39.7,44,22.9,49,0
32.7,29,11.0,75,1
30.0,51,27.8,25,0
32.3,79,9.5,57,1
37.1,97,19.0,39,1
28.1,35,5.9,100,1
39.1,41,20.8,40,0
41.7,28,5.3,21,0
18.2,21,23.6,96,0
37.0,49,18.4,35,0
35.0,60,20.6,19,0
20.3,36,25.9,96,1
20.1,20,16.5,0,0
32.6,58,27.8,49,0
39.6,91,23.6,28,0
28.7,27,21.3,7,0
32.8,27,9.0,44,0
42.0,85,11.8,51,1
34.0,26,14.5,39,0
31.3,17,27.8,32,0
36.0,57,5.2,37,0
43.2,48,19.8,82,1
33.6,66,26.7,72,1
28.2,21,13.5,72,1
20.2,68,9.8,71,1
18.7,24,10.4,79,1
19.4,68,7.3,43,0
21.0,70,13.3,80,1
24.0,50,9.1,49,0
39.0,59,19.3,65,0
33.0,95,24.8,31,0
35.3,41,29.4,40,0
43.9,98,29.4,11,0
21.4,74,7.8,65,1
37.2,64,4.3,95,1
32.3,37,27.4,3,0
29.5,67,0.2,88,1
33.2,39,4.4,82,0
33.6,49,12.0,50,0
44.2,82,4.4,52,1
19.2,82,13.3,50,1
39.8,94,13.2,91,1
39.4,26,6.6,72,0
18.6,97,1.2,63,1
18.9,83,17.7,29,1
27.0,17,1.3,85,0
19.7,17,16.0,58,0
42.4,86,4.8,67,1
41.4,38,0.6,81,0
27.6,21,13.6,37,0
44.3,21,5.4,96,0
42.1,75,24.9,11,0
40.4,99,18.9,75,1
36.5,71,4.5,56,0
22.6,79,11.1,99,1
38.4,90,26.3,34,0
43.1,15,15.7,21,0
32.1,26,29.1,67,0
29.9,67,23.5,0,0
27.1,70,15.3,98,1
42.5,70,14.1,66,0
40.1,54,3.1,93,0
30.4,66,15.2,5,0
22.5,83,14.7,87,1
22.4,87,15.7,56,1
36.7,30,27.0,45,0
43.1,95,10.9,8,1
29.8,66,17.1,59,1
39.8,87,4.1,62,1
39.4,59,10.0,43,0
25.1,61,18.2,64,1
19.8,40,29.7,76,1
44.1,44,4.7,69,0
41.6,45,3.2,82,0
45.0,46,1.4,85,0
37.5,63,23.0,47,0
32.7,44,20.1,71,0
29.5,28,18.1,63,0
22.7,25,15.4,84,1
34.8,57,20.0,48,0
20.7,72,19.7,93,1
26.1,20,18.4,89,1
32.0,28,28.7,31,0
44.9,87,6.9,60,1
36.0,89,10.9,5,0
26.0,23,16.2,45,0
19.5,69,1.1,1,0
43.5,98,21.3,66,1
24.4,63,7.0,35,1
28.8,56,21.6,40,0
31.8,75,18.1,24,1
40.2,95,7.7,50,1
43.0,46,16.3,33,0
23.4,75,0.5,66,1
18.8,99,5.7,6,1
25.6,29,15.2,49,0
19.5,20,23.3,67,0
43.1,25,14.2,56,0
25.4,97,12.0,2,1
41.7,53,27.0,0,0
18.9,22,16.0,1,0
19.7,98,4.6,0,1
23.0,30,3.6,77,0
39.4,83,16.7,0,1
19.1,21,23.9,20,0
22.0,67,22.1,52,0
37.0,59,12.0,43,0
35.1,48,23.2,90,0
34.0,52,24.1,82,0
40.9,33,3.8,21,0
43.9,94,19.3,41,0
18.7,67,27.0,87,1
27.3,42,4.6,53,0
42.9,80,23.4,25,0
19.1,58,13.6,61,0
26.4,96,12.7,54,1
21.2,56,21.8,65,0
36.3,81,24.6,80,1
31.0,25,12.8,96,1
33.5,43,12.6,93,0
31.3,56,11.3,21,0
28.8,23,26.4,33,0
43.4,57,19.8,11,0
26.0,73,0.4,36,0
41.2,77,29.4,82,1
30.4,89,28.4,13,1
22.6,95,12.6,9,1
21.2,81,15.5,78,1
26.9,19,2.7,3,0
29.5,99,18.3,95,1
40.2,53,28.4,44,0
26.8,32,26.2,30,0
18.4,53,4.7,90,1
27.7,89,17.6,41,1
35.8,50,0.1,1,0
33.7,86,18.2,83,1
21.8,29,19.3,39,0
38.9,97,20.7,54,1
44.7,79,7.1,89,1
45.0,32,19.7,43,0
45.0,79,6.9,71,1
33.9,46,9.1,75,0
44.7,37,24.0,28,0
32.7,68,8.6,28,0
26.0,90,18.6,62,1
30.1,55,8.7,24,0
32.8,36,4.7,82,0
18.8,30,13.4,99,1
44.4,87,9.6,62,1
42.3,82,4.3,63,1
22.0,35,13.2,74,1
43.1,63,15.7,5,0
33.5,23,1.4,45,0
36.7,28,9.2,74,0
33.7,94,6.6,80,1
28.2,42,8.0,64,0
22.6,64,23.6,83,1
22.1,57,22.5,64,0
42.1,90,16.3,13,1
25.0,62,14.6,67,1
24.0,83,26.5,69,1
18.8,21,20.8,38,0
20.6,57,5.3,59,0
44.2,71,22.4,2,0
19.0,40,0.0,6,0
27.2,32,25.7,60,0
44.2,74,19.1,67,0
24.0,50,18.7,70,1
41.7,79,29.7,30,0
42.7,19,21.5,5,0
34.4,53,21.6,89,0
35.4,84,5.5,64,1
26.0,66,18.9,59,1
40.7,75,0.9,71,1
21.2,80,16.7,99,1
21.1,31,20.6,31,0
18.1,92,11.4,68,1
38.3,49,23.4,69,0
33.8,93,7.3,57,1
23.3,32,3.9,52,0
25.5,85,0.9,20,1
25.7,57,25.1,86,1
28.4,42,25.7,99,0
31.6,77,22.3,33,0
42.1,52,4.1,6,0
18.5,51,1.7,74,0
27.5,86,18.9,90,1
27.4,40,25.7,57,0
28.1,92,5.4,83,1
42.6,87,5.2,89,1
22.4,23,14.2,10,0
40.9,26,15.7,69,0
21.7,37,28.0,64,0
18.9,33,2.0,27,0
38.3,26,6.5,74,1
39.2,41,4.6,27,0
36.4,71,24.9,35,0
25.8,27,27.9,20,0
30.6,98,20.6,0,0
39.9,68,12.9,57,0
25.8,98,20.1,97,1
42.7,19,14.8,13,0
43.3,62,20.2,78,0
37.4,46,2.6,70,0
33.8,55,3.5,65,0
37.8,15,10.4,16,0
44.9,27,19.6,48,0
27.5,72,8.1,65,1
42.1,50,11.9,90,1
26.2,56,10.3,46,0
26.5,23,17.1,29,0
21.5,50,15.0,81,1
36.0,83,10.9,96,1
20.1,54,23.8,33,0
36.7,62,25.8,1,0
29.4,62,6.5,21,0
26.1,34,29.5,97,1
33.2,98,6.8,19,1
18.1,87,14.4,94,1
38.9,18,24.4,58,0
29.5,96,16.6,85,1
43.1,59,4.9,12,0
32.9,73,11.8,11,0
19.4,91,13.4,55,1
44.8,35,24.7,54,0
41.5,97,26.3,83,1
24.6,99,16.7,70,1
40.3,60,24.6,59,0
42.2,99,13.3,10,0
32.1,86,16.1,81,1
33.0,60,10.3,85,1
20.7,100,26.3,31,1
28.9,71,7.1,64,1
43.4,48,16.3,0,0
20.5,77,23.1,16,1
36.8,70,0.4,10,0
20.4,70,27.7,53,0
43.4,30,29.2,8,0
37.8,80,8.0,47,1
30.3,92,19.4,24,1
36.5,43,25.0,66,0
41.8,47,0.6,36,0
29.0,89,29.4,35,1
25.1,26,24.8,78,0
18.7,53,9.6,73,1
35.7,28,13.7,25,0
25.4,27,27.9,8,0
31.6,71,26.3,0,0
23.2,96,0.1,52,1
44.7,43,10.2,44,0
34.7,30,26.4,61,0
22.2,29,12.9,36,0
42.1,25,24.2,22,0
33.2,40,28.8,46,0
30.3,75,4.2,95,1
31.6,91,22.7,24,1
22.2,88,10.4,54,1
28.6,83,18.0,71,1
41.0,100,9.5,13,0
32.9,30,22.6,5,0
31.4,45,11.9,35,0
27.5,75,11.9,94,1
39.1,61,29.3,63,0
23.1,78,24.5,39,1
42.4,54,14.2,71,0
21.2,37,12.9,84,1
31.2,83,11.5,91,1
23.8,80,27.3,24,1
31.1,85,22.7,57,1
21.0,66,27.0,41,0
35.3,51,9.0,45,0
41.1,43,5.4,25,0
22.0,96,15.3,82,1
44.6,47,24.7,62,0
21.5,57,15.2,13,0
39.2,63,9.6,42,0
22.1,76,28.3,58,1
18.6,29,13.1,75,1
34.4,49,5.0,15,0
41.6,17,8.7,75,0
18.3,17,11.8,1,0
37.1,66,29.4,34,0
31.7,31,16.8,27,0
43.0,18,20.2,23,0
23.9,81,9.7,71,1
40.7,55,14.8,18,0
36.3,35,2.0,21,0
31.2,24,24.0,57,0
24.3,30,28.6,42,0
39.4,44,18.3,68,0
35.7,20,6.6,14,0
41.6,45,18.4,52,0
22.5,89,15.5,24,1
29.1,24,17.6,56,0
30.9,41,0.3,88,0
18.8,62,11.4,32,0
26.7,91,12.1,74,1
40.8,81,4.5,69,1
26.6,97,16.1,26,1
44.9,27,29.9,83,0
36.1,17,22.4,16,0
26.8,77,7.2,81,1
43.4,15,16.0,26,0
42.8,63,21.1,18,0
30.7,51,14.2,11,0
41.2,90,15.2,16,0
41.5,81,24.9,52,0
19.7,46,12.9,22,0
32.8,62,14.4,82,1
20.8,84,22.5,77,1
30.8,87,12.5,20,1
29.7,45,25.6,1,0
36.1,67,27.0,53,0
32.2,41,4.2,86,0
37.4,41,16.9,93,1
38.5,70,11.5,73,1
33.6,41,13.7,36,0
40.6,84,23.8,92,1
43.0,24,19.7,44,0
31.1,58,1.4,68,0
21.5,16,25.3,35,0
35.8,43,0.7,75,0
25.1,18,25.5,35,0
44.4,37,8.3,70,0
35.3,42,10.6,59,0
18.8,23,24.2,75,0
21.0,76,6.7,35,1
30.6,37,1.5,73,0
32.5,16,18.4,84,0
27.7,24,13.9,36,0
43.9,90,15.1,16,0
18.5,67,16.1,53,1
24.6,50,7.2,68,0
25.2,62,4.9,45,0
32.1,38,29.5,7,0
44.7,88,19.0,8,1
37.3,66,11.1,13,0
19.9,48,14.8,96,1
24.6,51,6.3,87,1
28.6,68,8.5,79,1
35.7,99,8.7,55,1
39.6,15,6.5,45,0
25.2,79,23.3,6,0
26.7,32,13.4,51,0
19.0,65,1.0,4,0
40.3,61,26.3,64,0
29.0,100,23.5,25,1
35.3,44,26.6,16,0
33.9,30,18.2,92,1
27.1,77,27.0,30,1
44.2,42,26.1,76,0
38.9,23,5.2,52,0
44.8,70,3.5,28,0
37.3,100,21.9,82,1
28.7,93,15.1,60,1
37.6,97,2.4,59,0
29.1,64,19.6,72,1
25.2,26,1.6,43,0
31.2,36,7.9,57,0
21.6,96,19.5,96,1
42.3,37,19.0,15,0
43.1,23,5.8,43,0
39.9,86,29.2,56,0
25.1,43,12.4,68,0
42.0,63,2.5,59,0
42.2,91,28.3,64,1
34.9,76,20.7,1,0
41.4,62,3.2,67,0
43.1,86,3.3,50,0
22.5,56,27.4,30,0
25.9,29,28.8,21,0
18.9,43,16.9,9,0
18.7,88,27.9,19,1
41.6,93,28.0,58,0
38.0,91,21.9,62,1
43.1,46,7.2,72,0
42.7,43,19.9,6,0
22.1,41,5.1,88,1
22.4,33,8.0,5,0
40.7,31,8.1,61,0
38.0,66,1.3,51,0
39.6,90,20.5,64,1
24.8,70,18.3,81,1
34.0,37,13.9,74,1
33.7,49,26.9,5,0
23.0,96,27.4,99,1
37.5,94,4.0,70,1
40.1,94,14.7,94,1
23.8,82,5.7,62,1
26.5,71,8.0,9,0
28.4,49,22.6,4,0
27.3,52,5.9,82,1
29.1,57,28.7,29,0
21.9,48,15.6,97,1
42.0,37,29.1,77,0
28.5,55,29.1,99,0
27.1,45,7.9,71,1
25.4,42,25.2,17,0
29.8,24,12.5,47,0
24.0,99,23.0,86,1
19.8,100,13.8,87,1
44.3,96,7.9,38,1
21.9,16,7.6,99,1
25.6,98,29.8,45,1
29.2,77,6.1,82,1
34.5,16,19.3,98,1
37.6,46,3.6,88,0
38.8,64,6.9,84,1
27.1,20,0.7,21,0
18.2,35,26.3,55,0
33.1,86,23.9,74,1
20.8,76,22.1,0,1
31.2,35,14.5,81,0
38.8,44,15.6,23,0
19.5,100,1.1,75,1
40.7,29,1.8,6,0
33.3,37,24.6,21,0
38.9,15,5.9,69,0
31.0,28,10.0,37,0
30.6,89,25.3,54,1
25.7,22,24.0,50,0
37.9,32,17.8,86,0
27.9,43,15.3,6,0
30.9,89,2.7,84,1
22.3,37,27.6,95,0
27.7,99,6.0,17,1
24.1,23,20.9,67,0
26.9,47,23.7,51,0
22.9,34,29.9,50,0
19.6,77,5.4,32,1
25.2,38,26.9,78,0
18.4,52,6.7,12,0
44.0,70,19.2,77,1
37.6,70,13.8,5,0
37.4,16,4.8,13,0
23.8,59,0.9,90,0
28.0,37,6.1,99,1
31.5,24,10.7,70,0
38.3,47,28.6,87,0
35.3,29,10.9,84,0
29.9,45,17.0,73,1
26.8,74,17.4,83,1
33.6,28,21.5,84,0
40.3,34,16.6,61,0
32.9,97,25.1,66,1
29.4,86,5.6,14,1
41.1,33,7.8,81,0
35.9,88,2.5,85,1
23.4,88,9.6,29,1
34.0,54,8.0,94,0
27.0,55,8.0,80,1
24.4,32,2.6,23,0
18.6,65,23.3,95,1
29.6,68,2.8,5,0
43.1,53,8.9,60,0
44.1,96,14.6,63,1
31.7,89,29.1,72,1
36.5,35,15.6,63,0
23.9,40,24.8,79,1
43.3,92,27.0,66,1
40.1,34,9.6,71,1
19.6,88,19.7,88,1
27.6,60,30.0,41,0
18.8,46,21.1,100,1
24.0,57,24.1,8,0
20.0,60,25.4,8,0
37.5,57,19.9,43,0
30.2,45,23.1,8,0
40.3,95,12.3,10,1
43.4,46,3.1,46,0
22.9,98,11.0,23,1
42.8,99,12.7,50,1
40.1,87,20.6,93,1
44.2,28,3.6,0,0
21.1,17,14.5,85,1
42.5,60,9.1,69,0
21.2,57,1.2,67,0
26.8,26,1.5,81,1
42.8,39,0.4,87,0
27.4,76,2.8,40,1
32.5,22,7.4,59,0
23.6,29,2.7,97,1
26.3,32,27.3,88,1
20.1,22,5.9,49,0
42.8,16,13.0,19,0
37.0,75,18.6,71,1
38.6,89,8.2,85,1
29.6,22,11.8,81,1
43.7,98,29.7,75,1
39.9,57,5.3,34,0
30.8,55,20.0,77,0
20.7,96,3.1,25,1
36.4,65,7.7,99,1
38.6,63,4.9,1,0
40.7,15,0.9,86,0
39.0,36,26.0,5,0
38.4,40,9.4,79,0
31.8,80,20.6,70,1
19.8,52,17.8,25,0
29.1,67,16.3,33,0
19.8,34,3.4,76,0
31.0,21,11.5,18,0
21.0,84,29.2,39,0
42.4,67,22.0,25,0
18.4,42,19.9,2,0
34.8,29,10.0,17,0
34.4,34,15.2,99,1
36.9,28,3.3,14,0
27.1,78,26.2,10,1
36.5,50,26.8,89,0
28.7,33,9.6,62,0
44.6,37,20.9,76,0
30.2,36,7.5,23,0
41.7,91,29.8,41,0
41.9,15,18.6,35,0
42.3,80,19.2,69,1
33.5,50,16.5,27,0
28.6,67,11.2,50,1
23.4,18,21.7,77,0
24.7,76,9.6,42,1
39.7,72,11.5,10,0
25.2,86,3.9,24,1
40.8,49,7.1,2,0
30.8,54,5.2,17,0
27.4,39,18.1,45,0
39.5,52,17.1,14,0
44.9,97,21.9,10,0
32.3,33,9.6,52,0
20.4,91,11.8,22,1
38.7,96,12.1,68,1
21.8,26,25.2,59,0
21.9,65,29.8,76,1
27.6,60,18.0,65,1
35.8,41,3.2,27,0
26.4,91,8.0,7,1
25.6,91,28.2,64,1
36.6,21,18.2,60,0
28.9,24,29.8,59,0
31.5,94,25.1,0,0
35.3,33,12.2,79,1
27.5,92,1.5,53,1
34.4,53,9.1,3,0
22.7,17,24.6,4,0
37.9,77,26.7,13,0
33.1,60,21.6,27,0
31.7,98,28.0,71,1
20.0,70,24.0,39,0
26.0,48,21.5,98,0
21.2,37,10.1,94,1
22.9,27,16.8,75,1
18.8,55,13.7,50,0
22.8,87,12.8,45,1
36.9,53,22.8,81,0
31.0,34,3.5,54,0
43.2,90,20.9,46,0
19.5,43,1.4,34,0
38.8,26,19.3,78,0
26.1,22,11.8,82,1
27.7,21,14.4,0,0
34.9,51,1.9,31,0
33.4,77,6.5,14,0
39.0,15,27.1,74,0
35.9,26,15.6,88,1
40.7,100,17.5,87,1
33.5,47,20.7,79,0
41.4,63,28.8,91,1
24.2,23,20.3,73,0
19.1,30,15.0,0,0
24.3,35,23.0,66,0
44.1,95,10.7,34,1
42.6,93,14.7,26,0
42.3,82,11.8,57,1
30.3,77,9.4,46,0
31.1,61,28.0,50,0
35.8,85,0.8,99,1
31.4,88,1.6,91,1
20.3,95,5.7,88,1
27.8,71,20.2,58,0
33.6,26,7.5,23,0
21.2,77,1.7,41,1
40.8,64,11.3,49,0
44.3,48,28.5,60,0
40.2,100,17.0,65,1
21.7,91,8.0,11,1
36.0,62,28.6,75,1
37.9,50,18.9,80,0
27.4,52,9.9,3,0
21.6,28,8.6,92,1
40.1,68,22.4,44,0
33.1,90,26.4,98,1
24.9,40,11.9,93,1
19.2,89,16.2,11,1
31.7,86,19.2,27,1
28.3,30,0.5,28,0
27.1,93,8.0,16,1
21.2,57,11.1,41,0
20.8,82,22.8,52,1
23.8,18,16.1,98,1
30.5,65,0.5,61,0
20.4,50,3.9,6,0
25.0,57,11.8,87,1
40.8,98,24.7,60,0
31.1,91,17.1,81,1
25.9,93,8.3,80,1
39.5,30,21.4,79,0
33.6,37,11.6,23,0
24.2,97,11.4,32,1
31.7,68,11.0,93,1
18.8,36,26.0,22,0
27.2,77,0.7,38,1
42.1,39,10.4,47,0
25.3,75,11.7,61,1
42.0,81,14.7,60,1
34.4,68,21.8,98,1
21.3,91,10.7,5,1
40.9,54,11.3,31,0
31.3,74,7.7,44,0
38.4,69,26.2,80,1
26.2,53,28.0,15,0
19.0,37,16.6,22,0
19.8,40,24.9,33,0
38.7,71,7.8,7,0
27.1,92,13.7,7,1
28.4,32,5.1,10,0
21.7,68,18.9,2,0
28.0,19,19.6,73,1
30.4,80,7.1,26,1
32.2,82,0.3,72,1
43.1,40,15.9,64,0
31.7,93,19.1,79,1
36.5,71,4.5,43,0
33.1,83,3.2,12,0
29.7,92,5.1,63,1
44.3,18,0.7,26,0
39.1,72,25.0,34,0
19.8,52,10.6,99,1
19.7,41,15.9,64,0
22.8,93,29.3,56,1
19.1,74,9.6,88,1
32.7,24,3.5,96,0
18.4,86,2.7,55,1
37.6,84,17.1,83,1
44.5,30,4.7,14,0
44.0,27,8.0,70,0
44.3,28,23.5,11,0
40.0,51,0.9,87,0
23.3,58,18.4,54,0
19.5,73,1.2,40,0
18.5,69,26.3,93,1
30.1,25,16.6,74,1
29.1,40,1.8,56,0
29.4,66,1.6,86,1
37.8,33,26.7,61,0
28.0,75,18.0,96,1
28.8,68,16.5,50,1
37.1,92,4.3,98,1
26.3,72,18.5,47,1
32.5,42,1.3,28,0
19.4,42,13.3,50,0
18.9,81,26.0,41,0
23.6,50,20.4,99,0
18.2,68,15.5,79,1
23.2,24,28.2,31,0
30.1,34,7.5,10,0
43.1,30,21.4,79,0
43.0,88,13.9,84,1
24.7,28,5.0,63,0
18.6,84,2.3,25,1
31.5,25,0.6,43,0
21.6,74,23.0,42,0
29.8,73,28.9,22,0
20.3,92,9.5,91,1
39.0,64,3.4,20,0
23.1,59,16.8,69,0
25.8,53,15.8,19,0
32.2,15,25.7,65,0
30.1,36,19.9,27,0
22.6,88,2.5,91,1
39.1,58,24.0,18,0
32.4,99,21.8,43,0
39.1,37,10.1,50,0
43.5,95,1.5,68,0
28.6,41,10.5,61,0
39.5,79,24.6,76,1
22.0,59,9.2,30,0
43.1,37,29.8,22,0
20.6,71,2.5,36,0
21.0,66,18.6,82,1
43.0,22,23.5,66,0
20.0,24,24.1,54,0
41.6,95,1.6,95,1
22.6,28,22.7,45,0
44.5,54,23.6,62,0
24.4,73,24.4,65,0
31.7,44,22.9,52,0
42.9,16,21.1,21,0
44.4,87,3.2,47,0
37.1,86,23.4,27,0
36.8,38,24.2,13,0
39.3,55,22.5,2,0
34.3,31,25.9,7,0
28.9,15,10.3,68,0
33.3,66,3.6,3,0
40.4,77,22.3,52,0
37.0,51,17.2,34,0
26.0,59,1.9,29,0
43.2,27,24.9,39,0
30.3,55,24.3,89,0
22.5,55,11.1,65,0
30.6,89,24.2,46,0
27.5,61,29.6,35,0
20.7,81,14.6,11,1
26.2,93,16.9,22,1
43.2,39,8.7,51,0
34.1,35,11.0,37,0
24.0,50,23.8,91,1
34.0,73,5.6,26,0
32.0,62,24.4,42,0
19.3,46,20.5,3,0
37.6,74,28.2,76,1
36.5,83,26.3,69,1
28.2,88,15.2,65,1
34.8,49,1.2,16,0
33.4,54,29.9,28,0
21.1,34,24.8,91,0
20.9,99,5.9,94,1
39.5,46,4.2,30,0
34.1,85,12.3,38,1
29.0,68,15.9,61,1
44.1,50,22.1,15,0
36.5,88,29.9,11,0
22.5,25,18.0,32,0
36.9,99,27.1,4,0
29.3,22,8.0,30,0
39.3,53,21.0,32,0
37.6,99,24.3,96,1
25.0,32,19.5,91,1
18.4,71,0.4,78,1
19.2,61,6.3,4,0
22.6,95,2.7,43,0
35.1,86,13.8,4,0
18.5,54,8.3,54,0
38.5,66,6.9,73,1
33.6,33,15.5,4,0
43.7,47,22.1,78,0
33.4,97,27.5,43,1
31.3,97,6.6,64,1
27.0,49,3.3,31,0
31.8,35,27.2,56,0
19.0,15,12.4,86,1
40.7,35,3.1,24,0
35.7,16,28.6,3,0
44.0,76,21.4,36,0
43.0,95,28.2,15,0
34.6,83,21.3,7,0
36.3,44,28.0,30,0
24.3,60,23.3,85,1
20.8,42,21.1,88,0
40.7,26,13.8,78,1
37.0,51,17.7,59,0
32.6,41,7.6,7,0
41.2,18,13.1,49,0
20.7,84,22.9,42,1
29.2,24,1.7,63,0
30.7,65,26.1,48,0
44.5,38,9.7,67,0
21.3,31,14.2,13,0
31.0,35,11.9,83,1
37.3,97,14.8,97,1
19.6,59,22.1,64,0
25.8,67,24.4,88,1
39.7,44,2.2,64,0
28.0,99,9.5,58,1
37.0,84,13.2,84,1
26.7,53,27.7,15,0
29.4,63,17.9,11,0
42.6,41,8.7,81,0
21.9,53,4.2,77,1
29.1,89,23.6,72,1
29.1,69,18.5,73,1
19.4,74,16.7,64,1
28.8,16,7.8,97,1
31.4,97,12.7,85,1
25.8,87,28.9,61,1
23.7,45,9.1,0,0
19.9,27,2.2,45,0
38.3,76,1.6,68,1
18.3,99,14.2,39,1
42.8,79,5.4,32,1
28.2,94,8.7,29,1
18.7,40,29.4,19,0
23.3,96,7.5,44,1
19.4,62,13.5,29,0
38.6,48,28.9,32,0
22.3,74,16.6,16,0
34.1,98,21.4,40,1
40.4,76,7.0,47,0
26.7,51,29.4,48,0
36.2,70,1.9,90,1
29.1,77,2.7,34,1
25.8,66,19.3,71,1
25.1,56,8.9,58,0
20.9,57,25.1,76,1
40.6,18,9.4,65,0
22.0,97,17.5,81,1
28.9,70,28.7,29,0
19.9,92,15.6,19,1
38.2,93,10.1,22,1
33.0,46,26.6,94,0
22.9,57,18.7,89,1
40.3,44,26.8,40,0
20.0,24,20.9,49,0
20.5,98,2.8,65,1
43.2,36,4.9,19,0
38.8,63,22.9,65,0
24.2,50,21.6,78,1
28.4,21,9.9,4,0
32.8,33,26.6,18,0
40.1,74,20.4,9,0
39.7,79,11.2,45,1
28.8,51,26.3,78,0
40.5,74,26.5,67,0
39.6,91,18.3,81,1
32.4,78,26.7,53,1
43.0,47,10.7,66,0
44.6,95,12.8,66,1
19.4,25,29.4,52,0
19.8,38,0.3,53,0
27.7,65,18.1,30,0
26.4,72,5.5,87,1
34.0,60,11.5,34,0
39.9,36,3.9,77,0
26.6,56,24.5,13,0
24.6,27,19.2,73,1
22.8,74,27.4,51,0
42.2,56,26.9,13,0
24.4,20,28.2,33,0
24.0,84,0.8,41,1
20.4,19,5.1,78,1
26.0,62,8.8,61,1
34.1,74,3.3,28,0
33.2,23,19.3,64,0
44.4,89,20.8,60,0
31.7,75,24.7,18,0
21.0,91,4.6,21,1
20.3,84,21.1,68,1
39.9,44,6.3,54,0
27.3,99,18.6,57,1
19.9,60,10.3,90,1
18.1,34,27.3,56,0
29.7,99,14.7,85,1
18.9,37,16.0,70,1
39.0,58,20.7,57,0
35.6,49,16.4,91,1
32.9,43,21.1,14,0
33.2,88,13.0,31,1
26.2,62,4.1,41,0
28.7,47,0.6,49,0
35.1,65,9.2,26,0
41.7,16,1.5,70,0
27.1,16,24.1,8,0
31.5,37,15.0,41,0
38.7,70,21.1,85,1
22.6,92,16.1,22,1
26.9,59,7.3,50,0
41.3,26,3.9,40,0
25.2,48,4.6,7,0
25.2,82,8.2,35,1
37.2,35,29.4,5,0
41.1,38,9.2,93,1
35.2,89,14.0,57,1
38.7,46,27.1,78,0
40.3,26,3.2,65,0
31.8,97,22.9,20,1
24.0,84,1.1,35,1
32.3,58,23.0,82,0
40.5,92,1.4,17,0
35.8,57,26.3,15,0
41.8,69,19.2,58,0
38.0,71,11.3,6,0
44.8,71,14.0,93,1
41.6,77,21.8,80,1
44.0,92,29.3,30,0
25.9,18,11.0,60,0
27.4,32,20.8,12,0
21.7,16,21.6,47,0
40.3,99,29.3,27,0
37.2,36,9.9,8,0
38.8,96,4.4,83,1
35.7,62,19.5,18,0
41.9,47,13.1,87,0
44.0,53,5.7,96,0
44.8,85,5.8,21,0
43.1,16,5.6,63,0
23.0,18,9.0,70,1
18.3,18,0.4,45,0
26.1,50,11.8,23,0
31.5,92,25.3,64,1
31.3,76,5.3,98,1
23.3,74,13.4,87,1
25.2,83,23.8,33,1
24.5,77,29.8,18,1
32.9,34,10.1,47,0
34.3,86,8.6,20,1
27.4,64,10.9,76,1
31.3,95,22.4,97,1
24.8,28,29.0,3,0
31.7,71,2.8,54,0
23.9,92,19.4,50,1
23.8,28,15.1,85,1
38.1,50,25.1,49,0
33.7,66,26.5,49,0
28.9,68,0.3,85,1
31.3,97,4.2,93,1
20.1,45,21.9,74,1
21.0,33,13.8,28,0
37.1,57,24.7,76,0
44.7,53,2.2,71,0
36.6,36,13.1,86,0
33.7,55,6.7,5,0
30.7,59,8.2,37,0
26.9,74,9.2,76,1
27.2,16,5.2,20,0
26.9,84,22.2,84,1
34.1,63,15.4,9,0
37.0,60,0.2,89,1
34.4,54,17.9,67,0
29.4,87,3.5,47,1
25.5,18,1.8,93,1
36.1,69,28.1,73,0
32.2,16,25.9,19,0
40.1,80,4.3,32,0
18.4,92,23.3,30,1
21.5,78,8.1,77,1
44.4,52,13.7,21,0
31.6,23,11.1,9,0
29.0,96,8.9,78,1
38.0,32,17.8,40,0
18.9,41,1.0,51,0
25.8,68,25.7,95,1
28.0,91,19.2,94,1
36.7,38,29.2,64,0
28.5,81,27.2,65,1
30.4,18,11.1,84,1
30.7,91,22.9,73,1
27.7,40,22.1,20,0
36.2,25,16.0,98,1
43.5,100,3.2,32,0
27.3,79,29.7,32,1
37.6,37,17.4,10,0
33.8,39,10.8,6,0
32.7,40,1.5,49,0
21.7,15,27.1,32,0
28.8,33,22.5,35,0
37.1,26,14.5,29,0
25.6,64,4.6,57,0
24.7,67,16.8,92,1
32.6,19,13.3,8,0
43.5,53,4.2,22,0
26.8,55,22.4,35,0
44.7,18,11.1,92,0
43.9,99,29.8,16,0
31.8,97,1.0,0,0
35.5,21,7.7,18,0
31.8,79,27.3,88,1
25.9,98,11.8,17,1
22.4,20,18.7,87,1
21.4,93,16.3,41,1
22.4,25,14.7,66,0
31.2,31,21.5,15,0
28.1,31,23.0,74,1
42.0,15,7.5,23,0
21.0,42,23.4,14,0
19.3,100,28.5,74,1
22.0,48,1.2,1,0
27.8,29,23.1,93,1
31.8,93,6.4,95,1
31.3,51,16.9,56,0
35.9,73,18.6,49,0
35.1,25,12.2,99,0
29.1,100,7.7,48,1
36.1,42,5.5,55,0
36.0,25,15.4,17,0
44.1,79,24.6,99,1
28.3,34,8.8,66,1
26.2,55,2.6,55,0
43.3,69,6.7,56,0
26.0,80,22.8,42,1
26.1,59,29.6,100,0
29.2,83,5.9,25,1
41.7,37,3.4,91,0
30.6,98,7.1,66,1
41.4,35,13.5,41,0
26.1,16,5.1,37,0
42.5,37,7.5,19,0
43.9,57,15.9,80,0
18.8,75,18.3,1,1
25.0,34,11.5,86,1
20.6,46,11.4,59,0
44.9,54,18.8,66,0
21.6,83,9.8,18,1
44.7,80,0.2,89,1
43.1,18,3.3,94,0
38.0,92,11.9,43,1
38.8,66,9.7,20,0
38.0,75,27.7,92,1
40.6,16,5.0,14,0
26.6,87,28.9,27,1
18.6,46,1.6,39,0
28.2,100,24.2,21,0
26.1,38,24.1,80,1
19.5,74,15.4,24,0
18.0,17,13.9,85,1
27.5,16,3.9,5,0
32.8,58,17.5,7,0
29.6,15,25.9,34,0
31.7,33,24.9,11,0
28.1,39,23.5,99,0
44.5,26,20.5,15,0
40.6,76,4.3,34,0
44.9,92,5.8,10,1
27.3,23,5.7,25,0
21.1,90,27.5,82,1
39.6,95,10.8,38,1
36.4,73,16.5,69,1
27.2,58,14.8,30,0
21.3,70,5.5,28,0
42.3,49,0.9,22,0
30.2,88,6.5,6,1
27.9,74,29.0,35,0
36.2,93,28.2,71,1
18.6,99,21.2,60,1
41.9,18,25.7,33,0
26.6,43,28.3,60,0
18.6,31,14.8,62,0
20.7,95,25.6,98,1
36.0,86,19.7,62,1
32.6,73,15.3,19,0
27.2,21,25.8,26,0
38.1,41,11.2,36,0
44.6,44,13.0,20,0
24.1,63,14.7,70,1
44.0,42,17.7,25,0
22.0,58,10.1,44,0
22.2,90,26.0,29,0
27.1,99,20.6,4,1
36.8,84,21.9,42,0
35.7,87,14.5,16,0
31.7,27,1.5,71,0
21.0,79,13.3,66,1
33.1,21,1.2,6,0
32.2,95,18.4,12,1
21.5,19,6.9,2,0
28.7,39,6.8,35,0
43.8,24,29.7,51,0
40.2,72,4.0,92,1
19.6,75,18.1,88,1
40.6,69,18.2,77,1
35.2,29,1.4,27,0
33.6,45,13.3,93,1
38.2,79,27.7,7,0
25.2,66,0.1,63,1
42.1,92,27.4,75,1
23.8,94,20.8,84,1
19.6,77,26.1,85,1
39.3,88,22.6,62,1
41.1,57,9.7,5,0
26.0,50,6.6,12,0
42.3,95,26.3,62,0
39.3,28,4.1,9,0
30.8,46,28.4,25,0
38.5,52,20.5,21,0
29.5,100,6.3,98,1
27.4,83,7.9,12,1
35.2,37,11.5,39,0
26.2,25,8.1,66,0
41.1,66,3.4,78,1
40.4,56,19.6,68,0
24.9,71,29.4,79,1
43.3,45,19.5,10,0
21.2,37,28.6,77,0
26.0,63,3.9,65,0
19.8,56,25.0,2,0
21.2,83,17.0,16,1
21.9,30,26.8,14,0
25.5,74,29.3,26,0
20.5,55,23.4,7,0
27.6,19,25.3,35,0
40.2,17,4.4,56,0
30.2,94,19.7,73,1
36.1,31,8.2,35,0
25.6,33,21.6,28,0
24.8,18,1.2,42,0
20.2,80,24.1,37,0
39.2,91,14.0,88,1
30.8,52,4.2,31,0
37.2,30,6.1,45,0
40.3,25,26.4,80,0
25.4,54,0.4,42,0
20.7,100,23.2,95,1
30.6,34,18.4,51,0
36.2,68,17.7,35,0
40.4,26,13.8,39,0
24.8,72,18.8,64,1
19.5,99,17.6,42,1
44.4,78,10.2,2,0
39.2,64,8.3,86,1
41.8,100,25.6,10,0
23.7,22,5.8,53,0
36.3,77,29.2,35,0
20.8,67,13.8,28,0
39.4,33,3.6,69,0
30.4,59,16.9,53,0
24.0,52,19.9,40,0
35.4,76,23.9,37,0
44.3,69,19.6,32,0
42.0,58,22.1,2,0
43.0,57,14.0,88,0
25.5,28,11.2,78,1
21.2,48,22.7,71,0
24.2,32,21.0,21,0
34.8,82,15.1,16,0
24.7,56,25.5,35,0
22.0,43,27.0,19,0
29.3,83,14.8,74,1
23.9,56,17.0,71,1
33.9,64,1.6,73,1
41.5,91,8.4,45,1
28.1,79,28.9,31,1
25.0,34,22.1,5,0
34.1,16,18.6,46,0
29.9,90,0.7,13,1
20.0,51,24.5,74,0
33.3,55,1.6,31,0
21.4,45,12.9,1,0
40.0,86,4.9,55,1
30.0,17,11.5,91,1
33.4,47,12.4,17,0
26.9,76,26.4,36,1
34.5,63,21.5,41,0
29.4,42,17.9,65,0
33.8,91,6.5,94,1
43.0,15,8.4,52,0
19.6,61,20.4,17,0
37.8,32,24.3,62,0
23.3,17,9.9,0,0
25.2,18,28.6,72,0
34.7,25,21.8,57,0
28.8,87,6.9,37,1
34.4,98,0.7,20,0
40.9,48,22.0,75,0
26.5,83,3.1,62,1
32.1,44,18.0,74,1
18.1,52,18.4,66,0
26.6,45,5.5,60,0
23.8,23,23.9,74,0
22.0,79,24.2,82,1
27.2,32,9.5,54,0
40.0,59,27.9,23,0
25.2,71,27.8,86,1
42.9,90,14.8,43,0
27.1,31,3.0,58,0
38.6,92,25.0,15,0
32.2,92,26.0,42,1
33.0,36,25.6,48,0
42.8,54,20.8,37,0
44.5,93,28.5,5,0
36.8,74,11.0,99,1
44.3,97,8.1,77,1
25.4,95,10.1,15,1
37.2,29,26.8,10,0
32.9,83,27.8,82,1
28.1,17,10.5,79,1
30.1,40,14.8,75,0
41.5,63,12.8,75,1
38.7,93,15.3,83,1
23.4,75,21.5,24,1
25.2,43,21.2,99,0
38.3,95,9.9,35,1
44.6,20,14.9,12,0
33.3,78,12.6,39,0
19.5,34,16.0,62,0
37.7,68,23.8,58,0
38.5,89,27.7,66,1
19.2,49,26.9,60,0
33.1,58,10.9,87,1
20.8,84,18.9,21,1
19.3,81,4.5,85,1
37.8,31,13.3,97,0
41.8,19,11.3,63,0
32.4,72,1.0,37,0
20.2,67,19.9,61,1
43.7,34,14.4,46,0
32.4,90,7.7,24,0
38.0,60,1.4,4,0
39.4,49,20.1,49,0
34.1,15,24.4,62,0
25.5,59,7.9,87,1
22.7,42,25.8,1,0
44.8,90,7.5,99,1
30.0,89,20.3,74,1
22.3,28,25.9,16,0
37.0,61,17.2,50,0
38.1,72,18.8,65,1
27.7,49,16.3,91,1
33.1,32,13.0,77,1
39.8,90,7.5,89,1
28.0,54,14.5,38,0
23.5,19,22.8,38,0
32.5,51,25.0,75,0
23.2,79,17.1,37,1
35.3,70,25.9,53,0
31.3,19,10.0,87,1
20.6,89,17.1,15,1
38.3,20,13.1,46,0
36.7,75,3.7,2,0
18.8,34,19.8,65,0
32.3,35,14.8,17,0
26.4,18,25.2,72,1
23.2,62,27.1,9,0
20.2,30,26.0,70,1
21.4,24,28.0,15,0
21.9,63,21.7,26,0
42.0,97,23.2,69,0
18.6,28,18.0,77,1
43.0,81,19.2,60,1
34.8,18,6.5,32,0
30.0,62,13.8,57,1
28.6,49,3.4,36,0
43.6,38,11.6,44,0
39.8,37,22.3,79,0
45.0,51,21.1,50,0
38.8,86,1.7,67,1
22.0,42,16.9,69,0
23.2,75,25.7,13,0
31.8,95,27.6,8,1
44.2,58,26.7,89,0
26.5,45,1.0,79,1
30.9,17,7.8,90,1
39.3,83,2.9,19,0
38.7,24,3.8,97,0
37.9,32,9.9,53,0
33.0,45,5.3,32,0
36.8,61,29.6,80,1
41.0,95,16.8,97,1
41.9,25,9.3,71,1
44.9,15,8.3,10,0
27.8,68,21.2,74,1
26.5,93,4.1,10,1
20.7,28,20.4,36,0
24.8,81,28.6,71,1
30.2,83,26.1,76,1
19.3,21,23.8,63,0
18.6,86,28.1,79,1
43.1,37,5.4,18,0
35.2,15,4.1,44,0
23.3,82,9.1,15,1
37.2,28,17.0,16,0
26.9,26,13.2,76,1
31.9,20,12.0,13,0
44.8,78,6.8,3,0
28.7,76,27.1,14,1
33.6,81,13.6,26,1
44.8,82,21.6,99,1
28.1,96,21.6,52,1
43.9,70,20.3,15,0
21.2,41,20.2,91,1
43.4,94,18.1,26,0
22.8,44,17.6,95,1
39.0,83,1.1,100,1
19.3,18,27.5,54,0
21.1,63,19.8,26,0
32.4,56,12.9,67,0
39.4,19,17.4,77,1
31.3,41,7.9,86,0
34.7,50,10.8,46,0
23.7,67,19.0,25,0
27.7,34,20.5,95,1
30.0,31,25.7,26,0
18.7,27,28.5,39,0
35.9,83,15.5,43,1
42.2,26,28.7,97,0
18.2,91,11.6,84,1
34.9,39,6.1,63,0
22.6,65,22.0,76,1
31.6,59,1.6,37,0
24.3,33,26.9,88,1
21.8,53,27.1,47,0
42.8,32,21.5,58,0
34.8,85,11.2,74,1
34.3,76,4.6,13,0
32.5,68,13.1,11,0
22.6,85,9.7,47,1
43.2,87,11.0,41,0
34.1,50,10.4,35,0
22.5,82,22.2,21,0
25.9,30,2.3,91,0
19.6,62,10.4,91,1
37.9,50,5.5,95,0
39.3,28,7.4,39,0
29.2,36,15.2,93,1
34.3,42,11.3,14,0
27.4,56,21.5,45,0
44.2,43,10.5,48,0
34.8,39,17.3,79,1
39.8,48,1.9,96,0
35.7,100,10.2,0,1
30.1,91,8.0,12,1
18.1,39,3.9,65,0
28.3,39,14.5,22,0
29.1,87,21.6,60,1
33.2,34,29.7,90,0
29.3,74,3.3,60,0
32.9,42,6.2,77,1
20.6,18,23.5,20,0
44.3,24,20.0,11,0
41.6,42,4.4,74,0
20.5,77,27.7,24,1
24.6,63,24.8,61,0
22.3,84,22.2,6,0
22.8,94,3.3,19,1
40.3,24,12.1,36,0
44.4,73,18.6,52,1
32.5,47,16.4,30,0
23.3,25,13.4,80,1
40.6,53,20.5,60,0
21.0,33,24.3,99,0
20.6,53,13.9,39,0
44.2,81,0.7,48,0
44.8,75,9.1,31,1
24.4,65,23.5,79,1
31.2,80,24.2,36,0
34.6,82,10.6,37,1
22.2,61,7.4,93,1
26.5,62,9.4,0,0
44.7,37,5.7,66,0
37.9,55,3.2,97,0
21.3,44,21.1,3,0
32.6,43,3.1,80,0
34.0,82,10.3,30,1
40.0,39,26.8,78,0
31.5,20,25.8,59,0
27.6,55,4.7,46,0
37.8,38,3.4,62,0
18.4,75,27.8,64,1
23.2,37,18.4,10,0
40.8,29,23.3,88,0
44.0,73,18.2,91,1
19.7,97,28.8,17,1
24.3,61,18.1,66,1
27.6,94,16.5,68,1
43.0,37,20.2,70,0
32.2,38,8.0,40,0
42.5,16,27.4,80,0
29.6,45,24.8,61,0
23.6,91,22.3,69,1
30.3,95,25.3,9,0
41.5,37,21.6,44,0
31.3,97,17.6,66,1
32.1,85,4.4,33,0
40.7,49,25.8,2,0
20.5,97,1.2,95,1
27.4,43,6.7,12,0
38.0,95,23.2,44,1
31.4,63,19.3,36,0
23.5,37,4.4,73,0
23.1,100,27.7,39,1
42.1,34,16.5,31,0
38.9,20,9.3,97,1
32.6,68,16.9,34,0
29.0,40,26.3,17,0
42.4,42,13.0,97,0
37.9,92,5.2,71,1
22.9,90,13.0,66,1
27.9,63,18.0,12,0
34.2,25,13.6,40,0
36.1,26,7.3,4,0
20.9,23,2.1,29,0
19.0,20,27.8,42,0
35.0,91,22.2,13,0
39.7,43,9.0,81,0
24.8,99,8.1,43,1
21.3,61,25.9,49,0
23.3,17,13.2,65,0
27.1,55,20.3,15,0
20.0,26,23.4,77,0
35.5,88,0.1,95,1
19.9,76,4.1,39,0
34.6,78,10.6,19,1
33.0,73,5.9,70,1
30.0,59,9.1,68,0
29.2,74,10.7,60,1
36.0,85,22.8,25,0
20.0,82,22.3,57,1
23.5,71,4.5,40,0
36.5,40,13.5,6,0
25.8,23,24.1,99,1
27.6,93,1.9,8,1
43.6,84,22.9,18,0
24.3,58,1.6,14,0
22.4,77,4.0,78,1
32.1,91,25.7,16,0
36.8,71,4.1,32,0
31.8,40,29.7,32,0
34.8,22,27.2,15,0
44.5,45,0.9,99,0
23.8,16,28.0,60,0
24.1,33,8.5,69,1
44.8,49,26.5,35,0
42.6,27,5.9,57,0
35.1,83,13.4,45,1
24.9,82,0.4,45,1
38.0,57,23.0,73,0
40.9,54,18.5,6,0
37.0,81,21.1,25,0
40.6,32,26.7,44,0
42.5,36,15.5,23,0
24.6,21,2.5,53,0
44.6,63,5.2,81,1
27.5,64,1.6,65,0
30.4,71,3.8,11,0
24.0,85,29.1,62,1
40.7,54,1.6,21,0
25.1,94,5.9,87,1
40.5,44,15.4,20,0
43.8,62,26.5,28,0
35.6,25,10.4,92,0
35.3,45,13.7,5,0
33.0,83,10.2,56,1
35.7,68,0.1,26,0
23.1,63,25.8,3,0
23.2,88,16.9,75,1
18.7,64,13.1,1,0
24.0,27,26.4,98,1
19.2,82,3.0,41,1
26.9,28,13.0,22,0
43.6,67,10.7,20,0
39.4,88,15.8,53,1
37.8,75,2.5,29,0
20.3,28,4.8,12,0
38.5,66,26.8,48,0
26.8,42,29.8,93,0
40.8,99,15.6,66,1
31.9,82,24.0,48,1
40.7,74,2.2,3,0
41.2,89,7.3,25,1
38.2,35,0.3,57,0
28.7,38,10.9,61,0
20.3,92,11.1,19,1
26.7,99,20.9,51,1
19.9,84,19.6,100,1
34.8,17,27.1,30,0
29.7,56,28.5,5,0
32.6,76,6.9,62,1
34.1,72,23.4,81,1
38.8,41,2.1,44,0
41.5,39,12.2,60,0
35.3,58,15.4,66,0
32.6,75,21.0,83,1
27.9,52,26.3,29,0
32.5,74,20.9,19,0
24.8,28,22.8,18,0
23.8,88,18.4,100,1
20.2,68,21.9,64,1
23.0,29,2.9,30,0
27.8,69,8.5,69,1
38.2,19,11.3,77,0
35.8,40,16.9,19,0
38.8,80,5.2,87,1
35.5,51,17.4,2,0
20.0,18,26.9,28,0
42.3,27,5.4,72,0
42.2,95,27.9,51,1
23.4,36,17.2,29,0
39.4,58,17.6,80,0
39.5,54,1.4,25,0
39.6,35,23.3,29,0
32.2,92,26.0,98,1
29.1,83,7.8,5,1
38.3,26,9.8,26,0
23.9,30,24.5,0,0
34.4,54,24.8,17,0
36.9,23,5.7,98,0
35.7,41,23.9,39,0
22.6,88,17.3,89,1
32.9,35,24.7,28,0
28.0,64,10.2,90,1
25.7,85,8.8,89,1
39.4,61,10.8,75,1
37.3,42,27.1,51,0
25.6,46,3.7,43,0
26.3,53,14.1,61,0
29.3,96,7.4,60,1
23.3,89,18.5,48,1
25.5,45,5.2,82,1
21.2,26,4.6,100,1
37.4,49,22.9,60,0
29.4,59,0.8,71,0
23.4,74,28.1,32,0
35.5,72,9.2,5,0
40.5,71,16.5,61,0
34.4,27,28.0,87,0
35.7,51,4.4,83,0
24.8,43,29.8,40,0
36.1,75,14.7,39,0
27.9,20,21.0,11,0
27.2,79,16.4,71,1
20.1,88,11.8,61,1
36.0,73,10.2,27,0
28.3,99,28.1,59,1
31.0,70,22.3,72,1
34.1,62,10.5,43,0
19.6,34,16.5,19,0
22.0,73,10.0,52,1
39.6,86,20.3,1,0
33.0,94,9.2,12,1
39.9,55,8.2,9,0
39.8,77,23.0,40,0
27.9,42,29.6,85,1
22.1,59,13.2,75,1
35.2,54,11.5,17,0
27.6,66,13.2,27,0
31.7,56,8.3,37,0
37.8,53,29.0,74,0
30.9,76,17.4,88,1
31.6,75,22.3,91,1
32.6,41,15.4,85,0
40.7,27,12.9,62,0
38.1,71,21.1,50,0
42.1,90,9.1,3,1
38.4,42,10.1,87,0
39.7,82,12.6,91,1
39.2,74,24.2,71,1
19.4,41,21.3,55,0
28.3,28,13.7,22,0
35.0,18,5.0,88,0
34.7,92,1.4,6,0
43.7,50,9.5,9,0
21.7,53,25.4,39,0
44.6,18,18.5,29,0
21.5,31,9.1,20,0
22.1,53,6.7,45,0
42.1,68,28.3,84,0
26.6,83,1.9,18,1
43.1,18,12.0,72,1
22.7,79,8.6,25,1
42.4,58,10.2,32,0
21.9,15,28.3,85,1
21.1,72,24.2,76,1
37.0,29,24.7,11,0
18.1,20,25.2,35,0
34.2,53,17.4,82,0
27.6,62,15.6,66,1
31.7,62,15.2,89,1
42.0,22,22.6,84,0
23.0,74,4.9,96,1
42.5,97,2.2,13,0
31.9,58,1.1,51,0
42.2,39,26.1,29,0
32.5,26,9.9,17,0
30.6,95,3.9,50,1
30.8,29,19.3,5,0
23.2,39,25.4,90,1
33.1,85,23.5,57,1
37.8,22,16.4,100,1
30.4,78,19.1,39,1
22.2,21,10.3,17,0
20.4,78,13.9,82,1
32.6,44,24.8,18,0
30.3,65,17.7,81,1
24.8,39,3.7,21,0
35.1,93,19.7,69,1
39.9,100,0.2,32,0
28.8,82,17.9,41,1
18.5,29,3.2,47,0
26.8,47,3.8,9,0
41.6,47,5.3,98,0
34.6,70,7.3,39,0
36.4,25,22.7,86,0
40.6,55,20.6,66,0
18.7,83,23.5,53,1
45.0,25,5.0,4,0
31.0,89,28.4,49,1
21.8,100,29.1,34,1
24.4,57,2.6,6,0
37.1,97,18.8,5,0
41.2,56,2.5,87,0
30.2,19,0.0,60,0
29.1,61,4.0,66,0
26.1,39,27.0,10,0
42.0,62,0.5,51,0
26.5,42,9.0,76,1
29.0,34,28.3,1,0
24.1,58,18.0,71,1
42.6,48,12.6,36,0
41.8,16,21.1,94,0
42.5,32,27.9,19,0
42.9,53,15.4,37,0
39.4,39,4.3,52,0
43.4,94,15.2,21,1
34.1,57,19.3,10,0
43.7,50,21.2,4,0
32.1,49,22.6,6,0
38.5,15,11.7,76,0
30.6,27,17.2,9,0
18.9,99,29.5,8,0
41.0,33,24.9,23,0
37.9,62,22.2,35,0
41.6,89,19.7,83,1
33.7,98,24.4,86,1
18.3,93,14.4,98,1
43.8,93,4.2,12,0
41.0,57,12.4,84,0
20.7,100,19.1,74,1
36.7,36,10.9,32,0
36.1,71,16.0,26,0
34.8,90,24.0,37,0
30.3,100,11.2,16,0
41.2,17,16.5,52,0
39.2,56,0.2,72,0
30.9,28,18.5,27,0
27.9,84,9.1,10,1
23.8,50,7.8,40,0
40.8,64,24.0,88,0
37.5,54,24.6,25,0
43.0,18,3.7,23,0
35.5,82,5.4,0,1
43.2,77,12.8,21,0
18.3,66,7.1,88,1
38.8,85,29.4,58,1
43.0,62,10.2,73,1
20.5,22,24.6,17,0
45.0,69,18.0,55,1
42.2,83,5.8,29,1
30.4,31,25.3,0,0
23.2,52,1.0,6,0
40.9,20,9.3,51,0
19.1,46,25.8,71,0
28.1,63,0.8,18,0
20.5,38,7.6,24,0
43.5,54,25.3,44,0
31.7,87,13.0,64,1
31.0,43,28.7,32,0
19.2,32,25.7,36,0
22.9,57,18.7,74,1
33.8,87,12.8,100,1
21.5,22,10.1,84,1
18.8,76,4.2,16,1
28.5,81,7.1,43,1
23.1,42,17.8,76,1
40.1,81,29.6,53,0
42.6,98,20.5,61,1
39.1,18,4.1,63,0
44.2,85,23.0,74,1
32.6,38,7.3,13,0
20.1,89,27.2,72,1
36.8,27,4.1,7,0
35.0,59,25.8,25,0
20.8,53,17.5,89,1
40.4,84,9.3,55,1
20.8,92,8.5,13,1
43.2,44,19.8,78,0
20.5,68,3.5,62,0
25.2,15,9.5,73,1
30.3,33,19.1,8,0
24.1,40,11.3,36,0
25.8,55,12.9,38,0
37.9,64,14.8,82,1
27.2,90,11.2,61,1
36.9,41,6.3,8,0
18.3,64,5.0,6,1
31.0,92,10.2,4,0
38.6,32,14.3,46,0
44.2,36,12.1,46,0
19.5,57,14.9,3,0
37.6,46,12.3,21,0
34.2,84,18.8,94,1
36.9,57,13.9,47,0
29.5,67,20.7,77,1
40.4,90,16.5,43,0
25.1,25,29.8,13,0
20.1,38,14.8,14,0
39.5,77,3.2,69,1
28.5,16,12.6,6,0
36.2,70,19.3,24,0
22.9,31,25.9,71,1
30.4,47,12.5,48,0
24.4,28,22.3,10,0
37.6,39,8.5,54,0
20.1,32,11.8,26,0
38.5,19,17.4,55,0
27.4,81,19.4,19,1
24.2,15,0.2,34,0
24.0,82,2.4,53,1
27.7,89,19.5,54,1
42.1,85,20.6,81,1
25.2,87,1.3,70,1
34.1,31,1.9,3,0
38.1,16,16.6,22,0
23.9,69,24.5,25,0
44.8,58,12.4,81,0
28.9,64,10.6,32,0
18.9,56,16.6,19,0
30.1,55,0.2,82,0
25.8,56,23.9,48,0
18.9,68,23.2,85,1
40.8,94,26.6,64,1
42.0,53,18.5,85,0
28.9,60,15.7,38,1
19.7,50,8.7,48,0
40.8,63,0.5,23,0
40.8,43,19.3,35,0
33.3,80,28.5,43,0
23.8,81,6.2,79,1
25.0,89,22.2,7,0
34.2,23,28.0,93,0
22.2,25,29.0,38,0
36.7,35,6.3,0,0
25.4,79,13.9,90,1
23.1,99,25.7,0,0
19.5,100,28.7,83,1
33.4,21,4.4,82,0
42.5,39,20.9,47,0
30.4,35,16.2,7,0
42.1,67,13.3,53,0
34.3,46,4.0,13,0
26.4,90,18.4,65,1
24.9,78,19.5,3,1
36.9,93,13.9,20,0
41.5,79,27.7,87,1
32.0,87,26.8,6,0
29.7,60,9.6,33,1
33.2,61,29.3,4,0
25.7,85,25.6,88,1
23.6,47,25.2,6,0
19.4,62,6.3,44,1
29.8,40,15.0,77,1
29.2,77,11.6,91,1
38.8,84,8.1,14,0
21.4,44,19.5,53,0
42.6,85,25.6,77,1
37.4,80,14.9,40,1
32.4,77,6.0,47,1
41.0,52,12.3,30,0
22.7,100,11.1,29,1
30.7,69,4.7,6,0
42.1,58,4.6,28,0
37.3,98,11.4,45,0
32.3,80,1.4,6,0
42.1,66,17.5,49,0
41.2,95,15.0,15,1
29.1,95,6.0,2,1
38.2,61,17.2,43,0
42.9,73,14.0,49,0
40.8,21,23.2,96,0
22.6,41,23.1,12,0
30.6,68,22.6,9,0
44.2,55,16.8,60,0
33.6,62,27.4,31,0
43.7,21,5.4,88,0
21.3,93,27.9,7,1
25.7,69,18.7,56,1
38.0,51,7.7,58,0
25.7,91,4.9,100,1
41.5,19,6.4,71,0
31.0,45,11.3,96,0
20.9,27,20.7,92,1
37.3,74,2.5,3,0
28.7,88,22.8,35,1
34.2,85,21.3,7,0
33.0,90,4.2,59,1
20.8,75,15.7,45,1
30.7,80,13.0,73,1
35.2,18,19.0,39,0
20.6,90,25.5,56,1
36.2,28,27.6,94,0
37.9,73,2.8,9,0
31.0,19,3.1,86,0
20.6,71,6.0,44,0
41.3,78,15.4,47,0
21.9,23,0.1,84,0
36.1,83,6.1,97,1
36.3,72,29.0,59,0
35.6,92,22.0,13,0
44.9,64,14.3,56,1
18.6,70,16.5,59,1
21.4,88,17.2,57,1
38.3,46,5.9,49,0
20.0,74,15.3,12,1
30.9,22,25.7,82,0
19.6,77,16.0,33,1
43.2,84,18.5,37,1
25.3,24,13.7,73,1
32.2,66,15.5,68,1
44.0,67,22.6,71,1
25.3,91,16.4,11,1
29.1,59,23.0,8,0
20.3,77,19.0,60,1
20.1,31,23.9,68,0
27.7,15,8.4,24,0
35.3,32,17.8,13,0
36.8,64,6.4,89,1
27.2,35,24.0,43,0
33.2,24,5.8,0,0
43.5,91,15.5,10,1
34.8,27,23.5,89,0
34.4,80,13.4,33,1
38.0,52,7.0,6,0
29.1,52,2.0,62,0
21.4,90,15.7,78,1
43.7,92,18.8,75,1
34.5,82,16.0,65,1
34.4,37,23.6,25,0
21.4,96,28.9,27,1
38.0,58,3.8,93,0
39.5,68,7.3,59,0
18.4,96,20.6,65,1
42.9,71,5.7,43,0
43.6,39,19.1,85,0
32.4,33,8.7,9,0
28.1,44,10.5,26,0
44.3,73,13.5,16,0
31.9,28,11.3,25,0
26.5,97,23.5,65,1
31.9,87,17.0,90,1
25.8,42,10.9,15,0
23.1,48,12.2,76,1
42.9,87,14.7,65,1
30.0,21,26.9,16,0
44.3,30,27.7,11,0
44.0,80,7.3,27,0
20.3,35,17.7,57,0
30.6,47,25.0,43,0
31.1,96,28.9,85,1
29.1,63,20.6,83,1
22.1,37,6.1,55,0
23.9,80,16.3,31,1
24.0,69,12.6,13,0
35.1,77,16.0,70,1
24.8,43,6.0,24,0
38.0,48,25.0,45,0
36.9,84,4.5,31,1
34.1,48,16.5,85,1
20.7,65,2.8,72,1
42.4,27,0.8,94,0
37.7,70,15.2,81,1
34.7,54,19.5,44,0
19.6,49,14.1,13,0
41.0,59,11.3,18,0
22.0,80,21.4,64,1
27.9,80,3.9,8,0
35.7,22,4.3,27,0
21.1,17,23.6,32,0
41.1,21,17.9,59,0
20.3,40,3.2,100,0
36.1,57,29.9,53,0
18.1,64,7.2,100,1
31.6,45,12.5,43,0
42.4,62,18.8,85,1
42.1,15,2.4,91,0
22.5,80,24.9,27,1
37.8,82,21.3,59,1
37.5,58,20.8,63,0
44.8,70,8.0,32,0
21.7,66,8.4,0,0
33.1,25,0.5,84,0
33.8,21,5.6,86,0
18.8,87,12.5,31,1
28.6,15,29.5,0,0
20.6,91,23.5,25,1
37.8,35,3.1,90,0
21.6,59,10.8,95,1
42.8,31,23.4,64,0
39.2,57,29.2,70,0
24.7,81,15.9,69,1
26.6,98,29.6,71,1
30.9,64,21.3,93,1
22.3,44,25.0,45,0
32.0,81,20.3,50,1
19.5,15,0.6,85,1
43.2,40,10.8,18,0
41.4,27,19.3,7,0
29.3,35,20.9,94,0
38.0,55,14.5,92,0
33.7,68,9.6,72,1
34.2,21,12.1,89,1
43.2,27,10.5,57,0
20.5,34,20.9,35,0
37.7,33,28.0,98,0
35.3,74,29.8,53,0
21.6,91,21.4,40,1
42.4,67,14.8,74,1
39.9,32,24.8,58,0
38.8,34,5.0,93,0
36.5,59,16.4,99,0
40.9,66,2.9,16,0
37.9,76,0.0,85,1
39.0,43,19.4,50,0
22.0,25,3.5,17,0
40.7,91,4.6,11,0
36.6,81,1.4,21,0
31.8,58,22.4,59,0
30.3,49,3.7,16,0
18.4,46,16.0,23,0
43.7,80,7.0,44,0
20.2,84,19.7,21,1
38.1,35,7.7,89,0
22.5,62,16.9,22,0
25.8,68,24.1,90,1
22.6,24,2.2,97,0
31.0,23,26.2,9,0
41.5,99,27.1,72,1
24.0,96,29.7,91,1
35.6,100,3.2,88,1
19.1,95,13.0,30,1
42.2,62,10.4,59,0
22.6,98,26.1,5,0
29.8,54,28.0,28,0
22.1,28,22.6,3,0
28.9,36,22.2,57,0
33.9,81,18.7,65,1
43.0,81,20.9,38,0
25.3,31,11.7,31,0
27.1,67,15.2,28,0
32.2,44,6.6,61,0
31.4,44,13.0,37,0
35.3,45,6.3,89,0
28.7,26,14.2,92,1
40.3,58,14.3,79,0
33.0,98,16.4,48,1
31.7,63,11.3,6,0
40.9,98,28.4,93,1
41.9,18,14.5,49,0
23.7,65,21.8,28,0
32.4,49,2.3,5,0
44.9,88,28.1,68,0
43.3,50,18.2,47,0
36.0,21,6.5,54,0
42.0,85,0.7,43,0
28.0,85,2.6,75,1
42.1,39,4.5,78,0
21.2,50,19.8,58,0
30.3,22,19.6,26,0
27.8,66,26.3,13,0
42.8,47,5.5,33,0
35.5,66,3.8,97,1
38.2,26,12.8,91,1
31.5,88,13.9,67,1
34.8,85,6.9,49,0
39.3,79,6.1,96,1
31.9,23,25.2,69,0
26.1,62,1.0,54,0
41.0,71,17.4,54,0
24.8,50,0.7,90,0
37.8,82,16.8,39,1
36.0,31,19.6,21,0
41.9,83,24.0,98,1
34.9,89,29.0,10,0
43.4,37,20.4,91,0
40.0,40,21.8,96,0
32.6,22,22.4,65,0
39.3,59,25.6,20,0
31.4,74,14.2,45,0
35.9,21,27.5,26,0
20.5,83,2.3,86,1
44.7,63,4.3,88,1
29.5,55,21.2,0,0
41.5,40,8.0,76,1
31.0,71,7.5,41,0
19.5,95,20.2,72,1
24.8,61,10.5,42,0
21.7,37,24.9,58,0
20.6,16,3.1,66,0
28.4,39,21.5,92,1
20.0,24,14.9,18,0
44.4,37,15.0,17,0
40.7,32,17.2,45,0
36.4,70,17.3,60,0
29.6,48,4.3,39,0
23.7,94,7.7,94,1
27.8,78,4.8,6,1
34.6,23,20.5,82,0
42.5,51,8.3,49,0
43.0,61,2.8,95,1
30.8,46,8.5,86,0
44.9,33,6.1,78,0
27.0,58,16.6,55,0
40.2,40,14.5,52,0
39.3,82,14.2,82,1
35.3,55,27.4,35,0
31.0,46,22.4,72,1
21.2,83,1.9,64,1
41.7,47,17.7,86,1
33.9,50,14.7,80,1
34.9,76,6.8,59,1
25.1,84,12.2,40,1
22.0,29,25.1,52,0
44.7,44,6.7,46,0
39.7,39,12.2,10,0
23.5,65,28.7,95,1
28.0,75,25.7,65,1
41.6,34,8.7,78,0
34.3,49,18.8,14,0
41.2,89,9.7,36,1
18.6,47,18.9,77,1
37.2,26,17.6,23,0
36.7,93,25.0,91,1
32.9,88,24.7,64,1
41.7,73,7.5,36,0
25.2,93,19.3,50,1
23.8,88,3.8,12,0
21.8,88,11.7,66,1
23.1,18,1.8,1,0
34.2,74,3.3,17,0
44.0,94,28.8,74,1
25.1,77,10.3,62,1
18.8,49,12.1,9,0
43.2,31,7.6,13,0
20.2,66,14.8,78,1
38.5,69,21.4,43,0
28.7,70,2.4,39,0
38.6,29,29.5,58,0
28.3,88,11.4,26,1
20.2,18,18.3,98,1
37.0,84,5.9,80,1
41.1,39,17.0,19,0
23.9,67,14.4,12,0
19.2,49,23.1,0,0
30.3,50,4.1,33,0
32.2,71,23.8,30,0
18.1,16,27.7,15,0
29.3,55,23.2,86,1
21.1,22,28.9,13,0
23.5,59,7.8,55,0
37.1,50,14.0,14,0
30.8,98,18.1,84,1
40.0,60,18.2,41,0
19.4,36,9.9,32,0
37.2,73,25.4,21,0
36.3,92,5.5,84,1
21.9,29,9.2,48,0
22.3,94,19.9,72,1
23.1,50,5.2,1,0
42.1,97,24.1,91,1
25.8,69,28.4,56,1
33.5,37,12.5,40,0
33.9,80,18.9,99,1
35.3,80,16.0,97,1
42.4,86,16.3,83,1
32.8,81,16.7,50,1
30.3,34,26.6,14,0
43.4,56,24.3,85,0
37.0,54,12.7,44,0
19.5,16,10.9,61,0
20.1,41,7.1,75,1
35.3,84,4.9,67,0
20.0,64,5.2,90,1
32.4,27,2.8,64,0
37.2,39,21.6,84,0
27.1,41,25.9,49,0
38.8,63,12.1,43,0
27.2,78,10.2,70,1
37.1,31,6.0,98,1
40.5,54,18.5,1,0
28.9,67,7.3,96,1
21.5,84,3.3,55,1
38.5,31,28.3,26,0
37.2,89,18.8,33,1
44.2,61,24.2,88,1
27.5,34,3.9,80,1
32.9,100,11.6,59,1
35.6,35,4.2,46,0
27.3,87,27.0,100,1
30.7,59,26.5,15,0
18.2,90,19.9,86,1
43.8,34,29.7,72,0
39.4,36,17.0,11,0
19.7,38,20.0,55,0
18.8,30,8.7,50,0
43.8,56,9.9,2,0
35.6,69,27.9,54,0
40.8,55,8.5,61,0
21.1,99,24.9,3,1
30.7,29,3.6,29,0
41.3,98,29.8,21,0
26.6,69,27.6,21,0
26.8,86,6.4,94,1
38.5,63,15.8,36,0
39.6,65,9.8,19,0
38.8,40,6.0,0,0
31.2,41,29.2,13,0
40.4,20,5.2,4,0
21.0,76,25.0,60,1
44.7,94,2.7,12,0
24.8,64,1.3,18,0
21.8,29,20.2,78,0
30.0,65,10.6,58,1
39.3,61,5.2,31,0
38.2,37,14.7,63,0
23.6,95,1.2,22,1
23.1,15,16.5,69,0
38.4,26,2.4,3,0
38.0,63,19.4,16,0
29.7,93,8.3,22,1
44.1,33,13.4,66,0
31.8,43,5.6,22,0
26.2,59,29.8,13,0
41.8,69,16.6,100,1
27.5,57,12.3,83,1
33.7,32,27.9,9,0
25.0,54,25.6,14,0
19.7,98,10.6,38,1
41.1,63,2.0,75,0
31.2,84,5.7,40,0
24.4,87,17.9,25,1
35.5,77,21.6,52,1
34.2,27,30.0,73,0
42.0,38,28.2,1,0
32.1,42,22.9,62,0
39.4,82,10.9,6,0
32.1,95,13.8,81,1
22.0,40,19.7,52,0
23.5,15,25.1,14,0
37.5,37,0.7,71,0
34.7,32,10.9,29,0
35.2,36,3.6,42,0
30.4,44,6.3,65,0
29.3,57,3.8,52,0
18.5,62,28.6,37,0
26.5,61,12.0,7,0
38.4,76,2.4,31,0
37.6,57,14.4,93,0
18.2,47,17.3,20,0
20.2,20,19.8,100,1
31.0,22,15.9,73,1
19.0,23,19.9,66,0
27.8,73,6.0,46,0
40.8,53,29.3,66,0
19.5,18,29.7,85,0
26.8,45,18.4,4,0
41.7,42,5.6,14,0
37.2,91,24.0,25,0
18.8,52,0.0,91,0
43.9,59,21.3,10,0
42.4,90,28.2,72,1
43.7,55,3.9,30,0
26.9,45,15.1,52,0
20.8,100,1.0,22,1
21.4,71,20.0,25,0
39.7,56,24.7,85,0
27.6,74,26.0,91,1
35.2,66,28.9,20,0
39.8,17,6.7,88,0
43.8,72,14.3,91,1
31.5,99,22.2,28,0
21.4,65,11.0,10,0
26.0,80,14.5,37,1
44.6,74,15.5,19,0
26.5,74,18.1,100,1
24.1,37,1.0,61,0
36.2,29,2.2,32,0
24.7,86,2.1,29,1
30.2,63,1.8,83,1
37.5,66,23.8,100,0
30.2,93,0.1,31,0
40.7,46,19.0,54,0
29.8,89,12.8,15,1
32.9,19,0.5,58,0
27.0,83,21.4,31,0
22.1,26,18.6,39,0
22.2,33,7.3,51,0
24.7,43,10.5,88,1
19.6,85,2.1,9,0
22.3,30,18.9,44,0
44.9,56,26.7,71,0
22.5,16,25.3,36,0
34.9,71,24.3,77,1
40.6,96,9.8,31,1
36.8,65,10.1,45,0
42.2,36,23.3,67,0
32.8,55,26.7,43,0
40.2,81,13.0,38,1
31.1,80,6.7,75,1
45.0,19,11.8,3,0
37.0,21,29.2,74,0
26.4,56,5.3,89,1
29.2,92,22.2,69,1
18.3,48,26.0,19,0
25.2,50,2.4,67,0
21.4,49,6.5,41,0
39.4,80,3.3,99,1
32.7,44,18.0,50,0
23.3,85,11.0,21,1
34.7,45,8.4,28,0
21.5,72,13.3,2,0
24.3,62,10.9,91,1
19.8,90,25.9,69,1
28.4,95,9.2,91,1
32.8,92,14.1,20,1
22.8,97,23.0,53,1
21.6,78,15.0,35,1
34.4,26,16.5,38,0
43.5,61,6.8,98,1
22.6,34,1.2,7,0
22.4,91,18.0,52,1
35.4,92,10.3,68,1
31.5,19,14.5,84,1
19.9,82,2.8,67,1
32.7,36,4.4,58,0
36.9,61,11.9,42,0
33.9,68,9.9,39,0
25.1,67,13.9,7,1
40.4,77,6.9,77,1
35.1,27,20.1,97,0
39.7,26,3.1,14,0
39.3,26,7.0,86,1
35.3,20,10.9,18,0
29.2,58,14.9,84,1
24.7,49,0.9,90,1
33.2,37,26.8,57,0
22.8,73,8.5,38,1
21.5,98,22.2,17,1
29.7,48,7.4,8,0
30.8,36,16.8,98,1
26.8,89,28.4,89,1
40.3,98,28.2,65,1
18.2,47,15.9,76,1
34.4,82,16.9,70,1
22.1,63,3.2,100,1
42.5,76,22.2,9,0
32.3,72,21.1,44,0
43.7,30,2.6,37,0
28.7,90,13.3,33,1
40.6,94,13.4,78,1
29.0,29,14.5,10,0
22.8,71,12.9,82,1
42.4,16,17.7,6,0
38.6,95,23.3,62,1
37.7,52,10.8,24,0
33.9,40,7.7,26,0
26.5,76,8.7,62,1
28.2,53,4.4,77,1
28.8,65,24.1,44,0
29.9,78,5.9,65,1
26.3,35,2.1,20,0
33.9,19,29.2,80,0
28.7,51,24.4,39,0
28.3,26,18.5,41,0
32.1,80,22.6,37,0
29.6,58,16.6,71,1
35.6,81,21.9,87,1
27.0,32,24.3,32,0
23.0,49,13.2,5,0
19.8,76,24.6,57,1
21.5,40,16.4,100,1
36.3,89,14.9,57,1
20.7,17,17.9,23,0
41.0,16,16.8,50,0
27.8,35,26.0,46,0
30.7,51,18.6,34,0
27.9,88,23.7,21,1
23.2,53,12.5,42,0
37.6,99,3.0,75,1
21.7,67,3.2,62,1
26.5,53,5.5,45,0
38.7,33,26.3,31,0
32.4,85,29.6,54,1
39.8,40,5.8,15,0
40.0,92,28.2,73,1
37.1,22,23.0,80,0
30.9,82,23.9,76,1
40.7,50,0.2,31,0
20.6,18,18.7,39,0
35.2,47,29.8,88,0
43.5,39,1.6,25,0
29.8,69,9.7,47,0
21.8,30,3.9,67,0
19.6,64,12.2,31,1
18.9,88,27.5,57,1
42.1,37,9.2,24,0
44.1,30,27.4,0,0
41.0,40,1.9,22,0
32.9,45,27.5,95,0
39.3,34,20.2,7,0
43.5,41,22.2,80,0
40.3,70,28.9,8,0
31.2,94,25.1,29,1
42.5,66,13.8,66,1
30.2,67,9.1,26,0
20.4,36,9.4,62,0
28.3,85,0.7,58,1
24.1,75,11.9,23,1
21.3,95,2.2,68,1
37.7,33,9.4,63,0
39.2,39,13.2,91,1
24.4,15,28.7,23,0
29.7,34,25.0,85,1
39.1,73,15.9,32,0
34.1,77,11.3,10,1
33.3,46,16.5,39,0
32.8,75,15.6,82,1
36.4,76,21.2,99,1
31.7,34,17.0,48,0
44.8,77,25.7,84,1
35.4,32,8.2,12,0
42.2,67,17.0,2,0
27.9,99,11.4,68,1
29.7,53,28.4,10,0
25.2,90,1.7,75,1
21.1,43,0.7,23,0
31.1,80,27.0,25,0
35.4,69,24.7,83,1
37.0,26,9.2,97,1
34.9,22,28.8,97,0
21.6,67,23.0,10,0
38.2,30,8.4,63,0
41.0,59,5.4,65,0
41.5,83,12.8,23,0
42.5,24,29.0,7,0
43.9,21,13.3,42,0
37.7,16,8.0,72,1
41.7,49,1.9,99,0
25.2,86,26.0,56,1
30.2,62,22.2,30,0
29.4,80,23.1,49,1
30.5,22,3.3,66,0
36.7,84,3.0,34,0
42.1,32,4.1,11,0
38.6,73,20.2,13,0
27.7,67,23.6,44,0
23.4,65,24.5,57,0
34.7,56,27.1,32,0
38.1,60,28.7,66,0
41.8,48,4.7,85,0
41.4,30,26.4,71,0
35.6,24,12.9,85,0
45.0,20,0.5,71,0
32.7,60,12.9,80,1
36.7,43,11.1,56,0
21.1,59,12.5,7,0
32.5,42,9.3,20,0
27.7,39,29.8,50,0
44.4,82,3.7,56,1
21.3,44,1.5,99,0
37.7,21,29.2,65,0
32.9,69,18.1,16,0
32.0,73,23.8,85,1
38.6,42,16.8,95,1
36.7,47,18.8,96,0
39.3,53,29.3,19,0
18.2,58,1.1,99,0
33.5,27,7.5,68,0
38.2,84,28.6,82,1
20.1,75,28.7,59,1
40.9,50,28.9,80,0
42.3,47,5.5,16,0
43.8,55,7.6,68,0
21.1,21,3.2,16,0
38.3,29,23.8,85,0
25.3,20,13.5,8,0
43.4,69,20.2,50,0
22.6,77,9.4,24,1
31.9,56,10.9,30,0
35.9,94,26.8,69,1
35.1,89,17.5,31,0
42.2,81,25.2,54,1
22.6,73,19.9,33,1
22.2,34,8.4,11,0
44.3,41,27.5,95,0
36.8,69,25.6,59,0
23.9,32,25.7,96,0
21.8,77,6.8,42,1
37.9,22,13.2,88,1
19.6,52,14.5,47,0
30.9,95,23.5,89,1
41.6,76,1.1,99,1
25.1,48,22.7,40,0
42.5,98,8.2,70,1
39.1,41,24.0,84,0
38.6,87,6.7,68,1
44.2,100,20.8,41,0
23.1,72,1.7,54,1
39.4,40,29.7,62,0
41.8,65,17.2,66,0
33.5,31,23.4,48,0
37.2,83,5.1,99,1
35.5,19,0.6,34,0
19.7,98,13.3,0,1
19.4,87,4.3,21,1
19.3,99,23.9,55,1
37.3,17,23.4,51,0
19.2,63,7.9,20,0
32.2,69,12.2,66,0
18.1,40,3.1,98,1
27.9,73,15.1,59,1
28.5,71,19.9,69,1
44.4,41,20.2,81,0
21.9,77,15.3,42,1
33.6,48,15.8,78,1
23.9,85,15.2,88,1
41.6,30,26.2,14,0
33.9,56,8.2,36,0
26.8,99,20.2,51,1
26.8,61,21.3,7,0
41.3,24,29.6,63,0
28.8,77,14.3,86,1
38.4,83,29.1,58,1
29.7,61,3.2,9,0
36.2,60,29.5,45,0
43.4,93,29.9,41,0
26.7,22,1.6,72,1
23.2,82,1.2,96,1
33.5,96,12.1,25,0
42.9,64,23.9,44,0
24.1,72,6.5,40,0
20.5,41,15.6,1,0
20.6,91,10.1,97,1
23.4,30,18.1,38,0
41.5,86,18.5,30,0
32.4,34,5.2,37,0
20.3,98,29.9,89,1
26.6,58,26.6,20,0
41.5,51,16.7,74,0
34.7,71,21.8,11,0
44.2,67,19.0,77,1
21.4,43,15.7,69,0
39.7,23,19.0,82,0
44.2,84,7.0,39,1
31.5,56,4.4,62,0
21.9,16,8.4,36,0
32.1,37,14.9,48,0
34.5,30,12.7,39,0
24.3,96,14.2,3,1
19.4,90,1.0,22,1
34.2,25,25.8,28,0
19.3,27,0.4,35,0
28.5,42,3.4,59,0
31.4,17,1.5,78,0
29.0,63,2.2,78,1
26.5,60,6.4,4,1
34.8,74,7.5,31,0
39.7,88,8.7,98,1
40.1,40,21.8,16,0
34.4,39,28.3,9,0
43.2,49,6.7,37,0
21.2,97,3.9,28,1
35.4,97,12.5,29,1
34.9,68,29.7,34,0
44.2,64,24.6,55,0
42.1,95,21.3,87,1
27.0,31,21.1,85,0
30.3,73,7.9,67,0
31.1,65,12.4,98,1
43.0,87,22.6,40,0
27.6,95,17.2,81,1
26.6,51,17.3,94,1
30.2,70,8.9,38,0
24.5,76,7.2,32,1
42.1,84,24.2,53,0
18.2,22,19.7,40,0
24.8,83,25.0,60,1
38.6,91,28.8,70,1
35.6,42,2.7,78,0
22.2,80,10.4,6,1
40.2,15,15.6,6,0
25.9,17,28.0,16,0
42.3,95,5.9,66,1
31.1,67,1.1,11,0
40.1,81,0.2,31,0
23.8,93,23.3,68,1
36.4,25,19.6,65,0
43.0,68,14.1,0,0
26.1,49,19.0,26,0
31.3,38,28.4,59,0
19.3,38,16.4,20,0
37.9,87,16.0,74,1
42.4,83,30.0,95,1
38.7,88,10.0,61,1
26.4,64,18.7,3,0
42.0,58,24.6,4,0
32.5,42,14.6,39,0
43.6,80,12.9,7,1
41.6,53,4.2,9,0
31.8,98,15.6,6,1
27.5,77,14.1,69,1
24.1,88,29.7,47,1
38.6,17,29.5,96,0
41.8,27,16.0,37,0
37.8,82,26.8,27,0
44.2,36,12.7,45,0
41.8,76,17.2,4,1
44.5,72,6.7,95,1
38.2,77,28.9,14,0
32.4,85,3.2,5,0
29.8,49,3.0,1,0
20.6,89,18.2,49,1
20.1,41,17.2,25,0
42.3,66,10.8,33,0
35.0,42,4.4,35,0
35.2,34,15.7,99,0
44.3,69,8.8,26,0
32.7,61,4.9,38,0
37.6,92,22.8,81,1
20.9,74,6.1,57,1
32.5,38,27.3,47,0
24.3,32,6.1,100,1
43.7,59,3.7,12,0
25.3,96,15.9,56,1
35.7,77,1.3,56,1
39.0,64,14.6,33,0
40.8,16,20.3,13,0
23.8,63,20.3,31,0
44.7,18,16.1,30,0
35.3,24,3.3,42,0
32.0,38,23.1,37,0
41.5,68,19.4,81,1
26.0,67,6.5,42,0
31.1,82,8.1,11,1
27.4,73,8.6,30,0
27.3,73,15.9,82,1
31.5,76,23.1,49,0
26.2,49,15.0,72,1
30.1,40,2.5,96,0
33.5,59,29.1,47,0
19.7,98,21.4,41,1
30.6,21,25.1,34,0
41.6,42,2.3,27,0
29.1,34,25.3,10,0
35.8,82,27.5,21,0
35.1,44,1.1,85,0
19.2,71,10.0,92,1
39.1,96,13.2,87,1
25.1,30,14.9,41,0
20.6,97,19.8,87,1
36.6,57,18.0,97,1
41.0,24,25.8,47,0
42.4,24,17.9,56,0
40.0,66,8.0,57,1
26.8,85,17.2,93,1
43.2,93,13.9,48,0
41.3,17,15.4,89,1
42.1,85,28.7,45,0
41.8,36,1.3,92,0
44.4,86,20.5,29,0
36.9,98,22.6,42,0
42.4,16,8.4,56,0
31.8,75,6.8,66,1
38.1,95,11.6,48,0
24.1,96,5.4,11,1
20.4,51,20.1,10,0
25.4,100,20.3,13,1
35.2,70,7.8,16,0
44.5,49,3.5,75,0
18.5,29,20.4,51,0
32.9,75,6.1,76,1
35.2,63,9.4,57,1
23.6,86,19.3,99,1
27.8,73,24.5,87,1
18.3,50,22.8,42,0
20.4,73,6.7,81,1
43.6,96,27.5,8,0
39.7,83,19.3,22,1
36.2,15,11.7,68,0
37.2,25,18.4,2,0
41.7,79,5.1,54,1
40.0,55,22.7,29,0
39.1,57,15.1,70,1
43.0,16,27.0,17,0
19.8,96,28.2,32,1
40.9,54,3.1,54,0
35.8,63,18.6,84,1
27.1,54,15.2,96,1
30.9,26,6.5,75,0
36.6,60,7.8,97,1
21.9,80,17.5,33,1
38.0,76,12.0,19,1
29.5,24,27.0,97,1
21.2,45,18.4,5,0
23.2,81,17.7,8,1
29.6,34,21.2,92,0
37.3,50,2.2,48,0
28.9,75,5.9,65,1
32.9,16,9.8,8,0
43.8,36,3.7,87,0
29.3,69,18.0,18,0
24.0,86,6.6,97,1
19.8,54,25.6,93,1
44.5,78,28.4,93,1
40.0,88,25.9,70,1
18.5,15,20.0,64,0
37.2,41,15.4,35,0
28.1,62,20.7,48,0
40.1,85,26.9,26,0
22.5,23,5.1,72,1
25.4,36,17.5,3,0
22.1,42,12.6,39,0
24.0,81,20.1,44,0
42.4,79,17.8,98,1
30.1,81,23.5,28,0
19.7,51,25.6,52,0
27.5,51,25.8,83,0
31.9,82,5.3,21,1
29.2,19,16.4,50,0
36.7,60,4.8,62,0
40.2,71,12.4,36,0
44.1,36,24.3,96,0
41.7,58,12.3,48,0
33.2,49,26.4,78,0
32.7,62,24.0,6,0
24.9,75,18.7,19,1
21.6,72,15.8,78,1
29.0,96,11.3,71,1
33.4,86,18.4,84,1
39.5,87,26.9,18,0
19.8,79,13.5,13,1
35.1,99,16.3,14,1
28.7,56,15.3,48,0
18.5,36,27.5,29,0
30.8,28,27.7,35,0
37.5,99,7.0,31,0
36.2,71,13.0,49,0
20.6,81,6.9,60,1
25.4,30,23.2,58,0
37.6,83,14.4,8,0
27.9,67,26.0,46,0
42.7,51,11.8,72,0
40.4,75,28.5,47,0
42.7,63,20.9,55,0
24.9,23,9.8,45,0
18.4,91,18.6,79,1
40.5,73,24.8,71,1
27.4,24,13.9,85,1
42.9,85,21.1,96,1
36.7,47,21.2,100,0
34.0,66,23.4,86,1
33.2,48,21.3,28,0
35.6,26,29.1,84,0
25.0,26,10.2,83,1
29.1,27,22.6,62,0
33.4,39,28.4,10,0
29.0,50,6.0,84,1
42.2,38,29.1,81,0
43.1,63,7.9,24,0
44.1,44,4.4,88,0
29.9,96,11.2,8,1
37.4,33,2.9,32,0
25.7,81,1.9,67,1
37.8,60,10.5,5,0
28.6,19,13.5,55,0
39.3,32,28.0,57,0
18.3,21,2.8,69,0
41.2,50,13.9,98,0
30.2,86,11.9,8,1
41.3,98,0.7,13,1
29.0,65,1.1,0,0
37.4,31,26.9,54,0
36.1,69,1.5,32,0
18.1,92,20.0,75,1
27.4,72,26.4,7,0
21.2,86,11.2,48,1
31.5,68,5.3,39,0
44.6,72,15.4,11,0
32.3,52,1.9,2,0
36.8,38,28.5,96,0
21.8,61,13.4,84,1
34.1,71,16.5,21,0
33.4,48,9.0,67,0
35.1,47,15.9,27,0
18.3,73,29.4,59,1
37.1,58,13.6,93,0
41.1,48,12.1,36,0
19.7,37,0.3,70,1
23.0,80,1.5,16,1
33.0,57,2.6,53,0
32.4,65,13.7,83,1
38.0,71,18.6,48,0
39.0,50,2.1,0,0
19.9,79,7.0,33,1
43.2,36,1.9,62,0
24.3,23,28.5,65,0
36.7,17,28.5,68,0
41.3,58,27.1,63,0
34.8,88,21.1,40,0
34.5,65,29.7,19,0
26.0,57,8.7,7,0
25.4,93,14.7,59,1
32.6,75,29.4,73,1
23.7,43,28.0,67,0
33.1,89,9.8,1,0
18.3,61,20.9,72,1
34.1,41,20.3,34,0
33.8,88,6.3,5,1
33.1,88,17.8,54,1
34.0,55,5.0,48,0
22.6,48,28.4,57,0
40.9,24,29.9,58,0
33.9,44,14.9,5,0
40.9,76,4.2,50,0
38.1,74,15.1,21,0
43.4,24,24.1,34,0
33.1,72,26.2,88,1
26.4,64,18.0,30,0
26.9,75,5.5,6,1
42.2,93,24.9,79,1
27.5,34,23.4,16,0
19.1,89,22.3,4,1
33.2,15,4.7,82,0
42.7,33,7.5,39,0
40.1,71,28.0,85,0
22.0,53,17.4,61,0
32.6,95,23.9,22,0
31.8,67,9.5,46,0
43.5,32,15.6,30,0
26.1,52,7.3,38,0
25.4,48,22.6,20,0
19.1,93,8.6,5,1
42.5,46,23.5,31,0
35.6,83,11.2,31,1
32.5,38,25.0,54,0
22.6,98,16.9,100,1
32.4,100,5.7,99,1
35.4,57,26.1,11,0
34.3,73,20.9,96,1
27.0,65,14.8,3,0
38.8,51,8.4,9,0
42.4,51,5.8,97,0
26.6,49,15.8,0,0
42.1,36,28.6,13,0
39.6,81,25.4,71,1
26.0,59,24.6,6,0
28.8,32,16.7,50,0
44.8,75,7.5,42,0
33.3,63,13.8,46,0
25.7,35,20.7,30,0
22.6,77,22.5,81,1
36.5,83,2.7,20,0
40.9,100,10.5,17,1
31.7,43,17.7,39,0
27.3,64,5.5,29,0
25.9,25,20.2,23,0
24.7,55,25.6,14,0
28.8,40,13.3,85,1
31.4,37,25.5,83,0
19.2,27,10.0,99,1
21.5,83,18.3,29,1
25.2,71,9.9,34,0
30.6,15,3.8,62,0
39.0,17,11.4,16,0
34.2,33,4.9,43,0
27.8,94,10.1,82,1
22.0,42,1.6,45,0
44.4,28,20.9,20,0
28.9,70,6.3,12,0
33.7,89,27.1,51,1
39.6,36,7.7,46,0
39.3,83,20.6,9,0
42.0,30,3.2,17,0
20.1,72,24.7,34,0
29.6,49,3.5,9,0
30.2,32,6.2,32,0
29.4,17,7.0,0,0
18.8,45,25.5,63,0
32.1,76,2.7,7,0
29.2,41,24.2,28,0
30.1,34,3.2,73,0
24.0,33,22.4,86,1
39.1,29,14.4,10,0
26.4,19,11.4,91,1
21.1,83,26.2,79,1
19.8,44,5.5,89,1
18.8,75,20.4,99,1
41.6,80,5.9,97,1
42.2,18,13.1,10,0
31.8,79,17.9,14,1
38.4,53,1.1,73,0
24.5,67,10.0,92,1
32.6,79,24.7,79,1
23.6,29,16.5,1,0
19.7,98,3.4,49,1
29.7,97,1.7,71,1
28.9,33,7.6,43,0
23.3,26,20.5,78,0
25.2,87,29.2,46,1
26.5,61,2.8,31,0
44.4,93,14.5,20,1
26.8,47,24.1,67,0
25.6,15,27.6,18,0
38.7,51,10.5,75,1
42.0,34,14.6,98,0
36.0,69,5.1,13,0
39.5,75,16.0,45,1
38.5,68,0.2,64,0
32.9,93,3.5,49,0
41.4,16,4.6,49,0
18.9,80,3.8,65,1
44.7,62,19.6,68,1
19.0,49,25.2,42,0
40.2,89,12.8,11,1
44.3,77,19.2,80,1
42.6,91,28.8,65,1
22.8,59,3.4,55,0
39.3,62,15.2,7,0
41.5,17,10.0,45,0
20.6,99,13.7,82,1
22.2,62,3.4,61,1
23.9,20,27.1,14,0
32.6,80,8.1,7,0
32.2,27,22.4,32,0
37.6,28,29.0,5,0
30.6,100,23.8,21,1
23.3,65,28.0,40,0
26.1,19,21.5,2,0
23.5,46,25.6,26,0
28.3,86,24.6,1,1
22.8,71,28.0,98,1
32.5,62,12.1,87,1
28.9,62,8.9,67,1
38.2,22,3.9,84,0
23.9,63,22.6,43,0
19.1,16,19.3,32,0
35.9,26,12.2,45,0
36.1,54,1.9,53,0
44.3,98,27.2,10,0
43.1,99,5.9,95,1
23.4,87,13.9,95,1
19.3,99,21.3,64,1
31.8,45,18.7,63,0
36.7,53,24.6,44,0
21.3,90,10.3,74,1
24.4,68,25.8,46,0
34.5,62,18.0,39,0
43.3,54,9.7,13,0
31.3,65,10.9,47,0
27.4,51,27.3,37,0
33.8,16,4.6,91,0
24.6,86,4.6,22,1
29.4,40,15.0,30,0
31.9,38,16.6,59,0
26.7,98,18.0,15,1
29.9,71,25.1,59,1
26.2,81,14.7,43,1
28.4,37,25.4,71,1
30.8,49,5.8,12,0
29.2,72,16.1,51,1
19.5,39,21.6,2,0
25.7,39,27.3,73,1
33.8,87,26.2,94,1
34.7,74,10.4,38,0
37.7,27,11.0,72,1
34.8,98,15.0,60,1
25.2,31,26.8,8,0
34.3,42,23.0,48,0
31.6,43,1.4,85,0
44.7,67,22.3,52,0
20.3,64,15.3,10,0
27.3,77,20.2,30,0
43.9,87,23.2,100,1
22.6,30,15.1,11,0
19.0,83,14.0,46,1
27.3,81,29.5,57,1
43.8,42,15.6,68,0
38.5,74,21.3,97,1
30.2,59,25.5,27,0
43.2,80,16.8,5,1
27.1,39,4.9,42,0
27.4,76,19.9,97,1
41.1,84,14.6,50,1
30.0,20,9.2,22,0
22.3,50,23.5,84,1
34.5,36,21.5,91,0
38.9,31,28.5,34,0
21.9,48,29.3,14,0
31.0,83,14.5,41,1
43.1,34,27.1,67,0
33.1,70,14.8,87,1
24.9,88,2.3,55,1
28.7,16,2.7,83,1
33.5,86,9.8,0,0
35.2,83,29.8,34,0
27.7,38,12.7,2,0
40.8,77,18.4,66,1
21.7,93,3.0,60,1
33.6,33,27.6,36,0
22.1,21,18.2,43,0
38.5,28,26.9,56,0
29.0,68,9.3,88,1
19.4,31,0.9,21,0
27.2,83,25.6,47,1
42.2,34,21.4,20,0
26.6,93,14.6,18,1
27.1,82,10.6,6,1
26.2,65,16.5,37,1
32.7,58,0.7,37,0
36.8,64,20.8,22,0
30.3,64,13.6,77,1
31.2,76,9.9,100,1
18.9,18,11.5,81,1
31.4,97,18.3,35,1
24.9,26,19.9,82,1
38.9,19,6.6,25,0
37.6,80,14.6,31,1
20.1,57,16.6,32,0
41.3,20,3.4,8,0
25.6,85,14.3,36,1
44.9,78,8.2,74,1
40.3,56,4.4,90,0
25.8,90,15.7,34,1
21.1,54,27.8,71,1
18.3,54,8.1,64,0
21.0,37,27.3,54,0
30.1,95,15.1,22,1
38.4,35,22.7,3,0
34.5,93,26.4,38,0
25.3,23,9.2,23,0
41.9,87,17.6,80,1
20.3,39,29.0,0,0
25.3,18,12.2,66,0
29.2,98,17.7,91,1
44.3,71,9.6,43,0
31.8,58,24.0,48,0
24.8,39,23.2,34,0
25.1,66,26.0,2,0
44.8,38,10.7,97,1
41.8,75,25.1,68,1
44.3,78,2.1,9,0
29.3,82,25.0,47,1
30.2,90,26.1,71,1
35.0,25,5.6,80,1
19.4,95,7.3,45,1
40.9,15,13.4,13,0
43.8,56,22.0,18,0
28.5,72,20.1,71,1
24.3,40,28.4,9,0
38.1,34,22.3,91,0
27.5,47,21.7,48,0
30.0,49,11.6,95,1
21.9,71,3.1,8,0
36.9,21,3.2,93,0
28.7,46,13.4,28,0
41.2,83,11.0,31,1
42.1,38,7.2,44,0
39.7,98,7.9,78,1
19.1,63,13.9,41,0
21.2,45,5.9,98,1
26.2,70,11.1,72,1
38.4,43,4.7,53,0
35.1,56,13.1,66,0
42.8,49,19.5,27,0
39.1,50,22.3,43,0
20.7,28,24.9,28,0
44.0,43,28.7,90,0
28.3,24,5.8,88,1
41.4,95,16.3,35,1
31.3,74,19.8,40,0
43.7,95,17.8,44,1
34.8,92,0.2,7,0
21.1,83,3.1,42,0
27.8,84,10.1,71,1
24.2,20,16.0,12,0
29.8,23,20.5,64,0
44.6,78,17.6,70,1
33.1,78,8.9,52,1
25.4,95,19.1,30,1
22.5,85,7.2,4,1
23.7,19,12.6,29,0
28.1,95,3.1,6,0
22.2,72,23.4,85,1
36.9,26,14.2,85,0
36.8,71,28.1,7,0
36.8,99,2.4,85,1
38.9,36,10.6,40,0
22.1,41,21.6,69,0
44.2,79,7.5,79,1
23.8,51,13.0,22,0
41.5,33,7.6,4,0
40.2,50,24.3,46,0
20.7,48,29.2,30,0
23.4,43,26.6,27,0
30.8,20,13.4,20,0
18.5,91,20.4,44,1
18.5,32,25.6,39,0
26.4,86,19.0,63,1
43.6,28,0.5,18,0
27.2,78,16.7,68,1
42.9,76,20.3,69,0
44.9,30,13.0,79,0
21.4,54,23.9,69,0
38.1,87,13.1,48,1
23.2,65,27.1,60,1
23.8,72,4.9,69,1
21.5,60,25.2,81,1
20.9,86,26.0,86,1
20.9,40,2.2,28,0
33.1,22,13.5,20,0
25.6,66,29.7,17,0
44.7,36,4.1,34,0
28.1,98,24.6,79,1
41.6,40,22.7,85,0
36.8,63,12.3,13,0
31.0,87,11.8,25,0
22.9,51,29.7,40,0
33.1,49,17.7,58,0
25.0,99,24.5,39,1
20.9,66,14.9,95,1
33.5,51,22.9,46,0
29.5,98,29.4,31,0
34.0,79,15.1,96,1
32.9,56,9.6,85,1
38.1,22,24.5,27,0
35.6,35,12.8,98,0
36.3,21,16.0,89,1
27.2,55,2.7,96,1
27.9,32,29.6,87,0
33.2,63,29.5,94,1
34.8,68,1.4,17,0
30.1,68,17.7,58,1
37.8,24,17.9,49,0
37.7,43,3.7,70,0
22.2,77,27.9,75,1
42.0,69,1.2,85,0
36.7,20,11.9,43,0
26.5,32,24.2,23,0
35.5,29,25.6,95,0
38.8,59,6.4,19,0
23.5,64,7.4,41,0
34.2,61,19.3,48,0
27.3,65,11.1,66,1
33.8,21,3.3,82,0
30.9,75,16.0,16,0
43.3,76,12.6,30,1
34.0,19,11.9,45,0
25.1,61,0.6,83,1
22.7,72,19.7,21,0
32.7,84,14.3,31,0
35.6,37,29.4,65,0
27.5,34,19.6,74,1
18.6,65,14.1,8,1
43.8,97,16.9,85,1
19.1,19,8.4,69,0
33.3,75,26.5,94,1
18.6,65,21.7,86,1
32.7,88,14.8,6,1
20.6,55,14.2,16,0
33.6,41,4.4,45,0
29.4,96,16.1,72,1
38.3,42,1.5,61,0
37.9,94,25.0,57,0
44.6,41,8.5,41,0
31.0,83,9.2,83,1
34.0,96,1.7,85,1
30.9,90,17.7,56,1
30.1,87,4.7,7,1
28.1,39,22.1,48,0
39.4,59,1.7,29,0
40.7,84,8.7,55,1
35.1,71,24.2,11,0
22.1,22,5.5,35,0
44.4,88,25.4,11,0
36.6,38,1.3,91,0
22.0,60,14.4,21,0
29.0,37,9.4,37,0
24.0,55,26.6,22,0
33.4,19,26.2,14,0
31.2,64,16.1,46,0
41.1,59,24.9,94,0
27.6,94,19.5,17,1
38.0,70,13.0,6,0
20.9,66,7.1,34,0
30.5,17,20.1,39,0
31.8,90,4.7,1,0
39.9,66,6.1,68,0
21.5,26,27.2,15,0
40.9,91,21.2,21,0
30.4,19,10.5,62,0
42.4,33,29.9,60,0
23.2,42,24.0,42,0
27.9,39,25.2,75,0
28.5,30,29.6,93,1
40.4,83,20.6,33,0
23.0,90,11.7,74,1
24.2,79,18.4,63,1
43.8,90,25.5,61,0
30.8,38,23.4,58,0
18.3,77,7.2,83,1
32.4,25,21.4,77,0
36.3,22,13.4,29,0
32.2,59,27.4,71,0
34.8,29,18.9,41,0
28.7,66,19.3,18,0
32.0,73,28.1,28,0
34.5,100,23.4,71,1
29.5,23,1.4,20,0
28.7,98,26.0,67,1
34.8,71,20.7,95,1
34.4,71,23.2,36,0
32.0,88,16.0,50,1
23.3,31,29.5,59,0
44.0,17,26.0,47,0
42.1,84,19.0,96,1
43.0,50,0.1,50,0
32.9,94,9.8,36,1
42.0,76,17.0,16,1
37.6,76,0.2,21,0
32.1,82,28.3,18,0
20.7,84,9.5,68,1
23.9,41,18.1,88,1
40.8,62,13.1,69,0
40.5,59,24.8,76,0
35.8,31,9.6,50,0
19.6,82,0.2,4,0
24.4,85,29.4,3,1
25.4,29,5.2,83,1
18.2,94,2.7,28,0
21.7,20,13.4,80,1
34.0,93,20.6,38,1
37.7,72,7.6,99,1
44.5,66,30.0,79,1
25.7,78,11.6,69,1
24.0,26,15.3,29,0
27.1,61,9.4,38,1
18.3,19,19.0,64,0
27.9,15,13.3,21,0
42.9,94,17.8,62,1
18.2,25,14.7,54,0
20.2,57,28.7,65,0
24.3,50,9.6,5,0
38.0,28,11.1,26,0
22.6,56,5.9,23,0
18.9,95,20.2,23,1
42.5,54,18.2,30,0
20.1,91,1.6,0,0
43.5,31,15.4,96,0
39.0,78,4.2,28,0
44.7,48,11.8,63,0
35.0,95,23.3,83,1
22.4,65,16.5,96,1
43.4,20,16.0,20,0
40.4,80,2.6,40,0
22.1,84,5.4,10,1
29.2,80,16.4,89,1
33.6,24,17.9,83,0
31.1,15,19.5,14,0
34.3,88,21.7,57,1
39.0,53,22.5,28,0
36.0,48,29.4,80,0
42.7,33,2.6,59,0
33.0,87,3.5,46,0
18.3,67,19.2,39,1
43.1,100,18.8,2,0
25.6,68,9.1,97,1
32.1,58,17.4,47,0
37.0,36,28.1,86,0
23.0,51,29.2,88,0
39.2,87,0.3,19,1
27.4,52,7.0,81,1
33.4,39,21.6,61,0
19.0,78,4.0,35,1
21.0,50,22.8,28,0
22.9,74,15.6,90,1
26.7,94,6.6,41,1
29.8,99,17.6,62,1
32.3,55,4.5,44,0
43.9,49,23.5,19,0
33.3,79,14.1,33,0
38.5,20,22.6,50,0
29.5,70,18.4,14,0
25.9,100,4.1,30,1
18.3,97,8.7,43,1
19.8,20,22.8,99,0
44.7,77,28.3,60,1
40.6,25,19.5,30,0
40.4,97,20.5,57,1
28.3,65,18.4,74,1
20.3,93,27.0,30,1
24.3,35,11.2,56,0
29.7,19,26.3,7,0
35.0,41,23.4,92,0
36.2,65,22.5,70,1
30.0,21,26.7,31,0
24.2,69,9.2,43,1
28.8,88,2.3,63,1
26.7,16,6.5,7,0
39.4,52,26.3,53,0
21.0,94,18.4,65,1
22.5,52,1.9,11,0
20.1,46,28.4,61,0
18.3,42,24.5,9,0
28.0,27,23.6,49,0
20.3,54,22.1,54,0
44.2,29,0.3,91,0
25.1,33,12.1,26,0
25.7,48,6.6,68,0
35.1,47,21.5,23,0
43.1,28,29.1,47,0
32.8,27,1.3,22,0
18.8,76,9.4,92,1
18.7,65,12.3,47,0
37.9,42,3.7,12,0
35.3,15,18.7,30,0
30.9,22,23.1,80,0
34.4,48,5.2,20,0
27.7,37,1.1,100,0
24.3,16,19.1,49,0
24.3,55,0.9,34,0
32.6,75,14.7,39,1
30.5,40,22.0,36,0
36.1,33,21.7,61,0
36.1,94,18.0,66,1
42.7,58,21.7,11,0
34.2,72,13.3,31,0
40.5,66,0.4,21,0
34.1,73,14.7,36,0
30.1,51,7.9,15,0
23.7,63,27.4,4,0
39.1,20,23.5,65,0
33.5,15,19.1,71,1
20.4,52,23.4,54,0
30.4,65,16.3,94,1
26.0,63,2.6,77,1
38.1,45,8.6,93,0
37.2,63,26.2,47,0
36.8,97,6.2,98,1
43.0,93,6.0,99,1
31.9,94,10.9,24,1
34.7,75,6.8,96,1
38.4,77,15.9,85,1
44.6,17,28.0,74,0
42.6,37,6.1,33,0
44.4,28,3.0,84,0
42.5,45,29.9,1,0
41.8,49,19.0,0,0
41.9,26,25.3,94,0
43.9,55,17.6,100,0
42.8,72,25.8,99,1
29.1,30,6.3,24,0
24.5,24,17.5,100,1
42.8,42,6.4,42,0
31.2,61,14.3,64,1
38.3,78,21.6,49,0
22.5,68,10.8,98,1
36.7,35,9.3,13,0
19.6,88,12.3,4,1
40.4,25,15.4,8,0
24.5,67,26.1,4,0
28.4,69,2.6,21,0
20.2,72,8.2,14,1
35.4,89,7.4,57,1
24.0,22,3.2,93,0
29.0,15,6.9,95,1
27.0,75,6.7,5,1
21.1,50,9.8,45,0
33.6,23,6.7,100,0
22.4,32,12.6,42,0
34.3,84,0.8,61,1
40.5,21,24.4,88,0
29.3,52,18.0,93,1
25.6,71,24.2,98,1
25.4,30,7.7,26,0
20.0,16,1.4,91,1
37.2,30,9.5,22,0
26.3,65,9.9,64,1
37.5,64,18.6,80,1
25.1,44,0.9,57,0
34.6,27,2.3,92,0
27.0,70,3.2,66,1
19.7,17,11.2,4,0
31.7,54,10.5,92,1
29.5,83,4.0,43,1
19.8,36,2.2,87,1
18.9,76,14.3,9,1
40.7,51,6.1,77,0
34.6,62,24.9,56,0
41.3,48,13.3,44,0
27.2,78,11.3,33,1
35.6,42,2.5,64,0
31.0,31,6.0,22,0
44.7,97,16.9,93,1
35.1,75,19.9,5,1
35.0,75,21.2,9,0
27.8,98,25.6,20,0
33.0,70,3.3,66,0
26.3,17,20.4,6,0
32.8,99,28.5,87,1
37.5,40,12.3,61,0
27.1,34,17.4,19,0
37.7,52,3.8,28,0
29.6,48,21.1,19,0
32.0,69,20.3,3,0
27.4,80,22.4,57,1
23.9,27,13.1,10,0
25.8,16,22.8,54,0
23.3,16,16.2,60,0
21.0,71,21.4,89,1
25.5,86,14.3,91,1
39.3,95,4.8,8,0
35.7,89,6.3,78,1
35.7,80,17.3,28,1
28.0,44,2.8,30,0
32.0,68,5.3,64,1
18.5,83,9.8,98,1
42.0,49,24.2,71,0
35.6,28,1.4,51,0
22.0,22,0.0,39,0
20.8,90,19.6,80,1
23.9,91,11.6,95,1
31.2,39,3.4,47,0
36.8,65,2.2,33,0
19.2,31,3.4,98,0
22.2,88,17.8,66,1
33.3,98,8.8,16,0
42.7,29,19.7,41,0
22.1,30,5.5,83,1
20.4,61,19.0,23,0
30.9,63,10.7,86,1
39.9,38,28.5,46,0
38.4,49,4.9,34,0
27.6,56,14.2,22,0
40.2,37,17.8,69,0
29.4,28,15.6,58,0
22.5,86,20.2,100,1
32.0,71,1.2,54,0
25.3,84,10.7,19,1
40.2,43,2.4,57,0
19.4,44,21.7,66,0
26.1,99,29.1,11,0
32.1,36,26.5,52,0
40.5,92,2.4,36,0
39.1,68,26.8,79,1
21.7,19,25.5,42,0
35.8,89,13.5,43,1
33.9,40,16.6,14,0
36.7,36,3.4,77,0
27.3,95,3.6,47,1
42.6,39,16.7,65,0
38.6,88,19.7,44,0
32.1,74,29.7,49,0
33.4,36,14.8,55,0
43.5,30,27.5,25,0
37.4,64,22.8,15,0
38.0,95,20.8,95,1
27.9,15,26.7,90,1
42.8,22,27.2,71,0
44.6,81,19.2,5,0
18.3,70,14.1,90,1
25.4,95,20.0,84,1
18.9,69,1.3,21,0
43.2,100,27.5,67,1
23.6,83,24.6,95,1
26.8,86,18.8,81,1
19.5,95,7.1,1,1
36.2,49,12.6,3,0
22.1,18,25.6,26,0
30.8,16,21.1,5,0
31.5,58,19.3,95,1
23.0,96,9.3,66,1
32.2,75,28.1,99,1
38.5,45,15.0,42,0
29.3,81,18.3,62,1
37.3,99,23.0,43,0
43.2,71,7.5,95,1
20.2,25,19.2,71,1
41.6,94,26.1,74,1
40.8,69,23.0,80,1
24.7,81,14.9,13,1
28.7,21,30.0,40,0
18.5,94,22.7,46,1
31.9,51,1.2,82,0
26.3,94,17.3,8,1
27.8,47,0.1,57,0
25.9,93,10.8,24,1
25.4,93,29.7,16,1
42.5,43,21.6,40,0
37.9,26,5.7,47,0
42.7,99,12.4,84,1
18.2,86,17.9,25,1
35.7,72,10.5,79,1
35.0,65,28.1,7,0
36.4,69,23.1,25,0
29.4,39,15.5,40,0
22.0,84,13.2,24,1
22.4,27,16.5,65,0
30.1,47,10.0,67,0
42.4,90,3.6,53,1
20.8,45,19.5,89,1
25.9,38,24.2,74,1
19.9,40,2.9,0,0
29.9,76,3.2,95,1
22.2,20,22.9,82,0
25.7,37,10.9,78,1
20.2,44,24.9,29,0
43.4,37,16.5,71,0
41.0,86,18.4,78,1
38.3,35,16.3,32,0
40.2,74,15.4,17,0
41.1,96,18.2,9,0
22.6,48,23.5,75,0
19.6,21,20.4,22,0
41.1,90,20.7,53,1
23.7,48,10.1,95,1
22.9,29,0.6,47,0
36.8,91,26.0,9,0
32.4,30,1.3,29,0
38.2,60,4.5,57,0
23.5,47,21.9,68,0
25.4,22,21.2,26,0
37.0,78,26.9,45,0
42.3,19,10.0,80,1
27.8,95,9.5,48,1
25.2,33,12.0,50,0
18.7,36,22.7,26,0
39.9,46,26.3,13,0
20.7,70,4.6,71,1
26.0,83,6.6,62,1
23.9,23,29.9,70,0
32.2,21,29.0,51,0
24.3,96,6.9,18,1
40.8,25,17.8,31,0
18.2,20,13.4,1,0
40.9,72,6.2,77,1
37.3,19,0.7,69,0
38.0,75,7.9,9,0
30.6,74,4.7,30,0
44.8,84,24.3,76,1
28.9,70,4.7,65,0
33.9,91,13.8,66,1
27.3,96,23.1,24,1
35.1,75,13.0,43,0
24.6,17,5.0,10,0
23.8,59,20.2,19,0
19.7,82,2.3,74,1
38.5,48,23.6,52,0
39.5,53,19.0,67,0
21.6,60,4.0,35,0
19.6,20,11.5,28,0
27.4,33,16.9,49,0
42.7,16,5.9,20,0
37.5,100,25.3,47,0
25.9,94,21.4,73,1
40.1,24,20.9,40,0
21.1,17,15.7,65,0
43.4,27,28.4,52,0
25.2,16,26.4,51,0
24.8,82,7.2,81,1
25.4,93,20.5,27,1
29.3,42,29.7,60,0
35.5,26,17.0,27,0
21.0,97,2.1,12,0
40.0,52,20.2,76,0
33.5,15,20.0,52,0
34.3,85,28.6,64,1
25.0,92,1.8,79,1
21.2,54,23.0,6,0
23.0,27,24.5,53,0
23.9,99,1.8,55,1
24.7,27,6.9,26,0
38.8,39,12.1,63,0
32.7,48,19.2,74,1
43.1,40,11.1,62,0
35.6,82,10.2,15,0
25.2,23,14.9,93,1
34.7,28,24.0,87,0
25.9,86,25.7,81,1
40.7,74,19.2,36,0
36.9,53,21.9,6,0
38.7,50,27.0,75,0
23.4,77,1.5,81,1
30.6,36,29.5,17,0
41.4,45,2.0,59,0
39.0,26,10.6,36,0
27.4,97,3.2,28,1
25.0,91,7.2,2,1
44.2,64,24.0,87,1
38.2,32,17.0,80,0
29.9,35,9.3,30,0
35.7,19,2.4,78,0
30.1,27,28.7,100,0
38.1,93,25.4,63,1
41.8,33,15.2,2,0
28.7,87,1.0,52,1
40.5,70,8.5,7,0
25.4,93,28.2,97,1
29.6,98,18.7,58,1
40.1,27,26.5,40,0
28.4,67,14.6,84,1
18.5,26,5.2,86,1
18.6,33,9.0,8,0
40.0,19,0.5,64,0
37.7,61,20.9,27,0
26.4,66,10.2,78,1
30.1,37,16.9,82,1
23.0,44,11.5,72,1
29.5,94,17.2,61,1
25.5,100,25.9,100,1
31.8,62,13.5,73,1
27.1,81,16.3,98,1
22.3,21,26.7,99,0
41.3,95,21.7,59,1
19.1,87,28.1,21,1
41.8,61,10.3,58,1
30.7,33,28.1,65,0
31.6,34,10.2,74,0
39.8,76,9.1,69,1
24.6,79,8.3,4,1
26.5,77,5.4,47,1
23.8,45,20.0,27,0
39.8,46,20.9,50,0
30.8,40,19.3,59,0
27.2,21,11.7,31,0
32.3,64,27.7,34,0
19.2,38,28.5,67,0
18.0,40,5.7,29,0
25.6,52,14.8,38,0
44.8,29,4.6,52,0
22.4,94,5.9,78,1
24.2,100,9.8,40,1
42.6,52,11.1,69,0
27.5,97,13.6,34,1
24.0,72,5.5,33,0
33.4,50,29.1,26,0
24.1,96,11.1,73,1
28.5,83,14.2,59,1
44.7,93,10.5,3,0
36.3,81,29.9,34,0
23.3,65,10.6,66,1
37.6,93,21.4,21,0
34.3,70,13.6,82,1
43.5,69,5.1,86,1
43.7,58,13.4,68,0
23.7,73,9.9,45,0
32.8,21,15.3,54,0
19.0,100,14.0,53,1
36.8,33,15.1,87,0
28.7,25,9.8,50,0
26.1,88,3.6,2,1
20.2,69,11.0,82,1
32.6,95,27.4,56,1
32.1,96,4.1,49,0
27.6,100,23.9,98,1
34.1,99,21.4,77,1
23.7,28,25.2,78,1
34.8,46,3.6,100,0
22.8,16,19.8,43,0
29.5,67,19.0,18,0
43.1,44,2.0,35,0
27.2,73,8.8,79,1
40.4,81,2.0,37,0
26.2,65,27.9,34,0
37.0,30,8.8,25,0
29.7,45,7.6,8,0
29.6,60,26.2,73,1
38.3,28,4.5,64,0
36.2,92,8.3,78,1
18.2,55,6.4,7,0
18.8,54,12.4,36,0
18.4,50,3.2,38,0
30.3,62,24.4,28,0
26.9,23,10.7,58,0
38.9,17,12.5,59,0
18.7,84,5.7,23,1
29.7,98,10.7,94,1
31.1,34,22.2,22,0
38.3,61,10.1,18,0
26.5,36,27.5,29,0
25.0,85,17.4,56,1
27.1,61,17.1,64,1
44.2,39,16.6,91,0
43.6,82,16.4,59,1
28.4,90,21.2,78,1
42.4,55,23.2,90,0
34.3,31,1.5,19,0
43.6,39,10.3,97,1
30.2,100,14.4,42,1
44.2,75,6.5,12,1
35.0,84,21.8,15,0
20.7,50,23.9,78,1
43.9,56,2.4,93,0
18.2,65,21.3,15,0
43.4,33,0.8,99,0
26.9,79,6.6,50,1
29.1,70,14.2,67,1
26.4,68,7.8,15,0
27.9,82,18.9,75,1
41.7,99,14.5,0,0
35.4,91,16.8,19,0
34.2,92,1.8,36,0
18.8,63,5.4,68,1
25.3,88,23.0,75,1
20.9,59,17.6,43,0
35.2,73,14.5,31,0
19.4,25,18.4,7,0
18.5,43,26.9,66,0
22.6,54,25.9,65,0
23.3,26,11.0,20,0
23.7,68,14.4,39,0
35.3,29,7.6,65,0
38.1,16,23.6,8,0
44.9,47,10.0,50,0
25.6,85,11.4,55,1
42.9,79,8.2,28,1
31.8,94,23.2,93,1
36.7,98,21.4,32,0
33.3,84,2.0,92,1
36.8,55,25.1,14,0
23.8,96,15.3,80,1
30.3,90,13.9,49,0
18.7,68,21.7,83,1
32.2,52,17.2,4,0
23.6,63,5.9,22,0
43.7,28,23.4,97,0
29.8,91,15.9,85,1
41.3,100,3.6,30,0
18.5,85,16.7,85,1
32.1,47,4.6,5,0
41.4,79,5.2,24,0
27.9,34,2.6,16,0
31.9,74,1.5,41,0
39.3,38,20.2,33,0
37.5,34,1.7,74,0
21.3,81,3.5,47,1
32.5,98,11.0,1,0
42.4,94,29.6,43,0
43.4,79,11.2,40,0
38.8,88,7.3,32,0
18.6,43,13.4,19,0
32.3,80,3.8,45,0
25.2,55,19.2,35,0
24.8,20,12.9,83,1
40.7,65,15.4,20,0
25.9,77,0.7,52,1
29.8,32,22.8,54,0
20.9,83,22.8,30,1
41.0,29,8.7,79,0
41.6,78,0.4,80,1
21.9,85,20.8,37,1
25.9,27,2.2,50,0
33.3,67,7.5,75,1
35.6,89,20.2,60,0
34.2,53,17.3,41,0
28.1,21,1.7,2,0
36.0,79,0.7,31,0
19.2,26,9.9,27,0
32.3,32,17.5,87,1
19.8,54,16.8,63,0
24.1,90,0.8,0,1
18.7,29,13.5,16,0
18.7,80,1.1,86,1
24.0,46,25.3,61,0
18.4,29,2.6,72,0
41.0,80,16.6,59,1
40.5,41,24.3,44,0
42.7,78,2.1,37,0
39.6,58,28.0,52,0
22.9,15,12.4,6,0
32.6,18,6.0,63,0
23.6,61,25.2,48,0
22.1,55,29.4,49,0
38.3,93,10.7,28,1
23.5,78,17.8,94,1
27.0,51,1.1,41,0
33.7,73,11.6,0,0
33.1,62,11.0,18,0
38.6,80,0.6,16,0
39.8,23,8.7,18,0
40.3,86,0.2,85,1
42.2,87,10.8,14,0
18.1,61,17.5,62,1
36.9,76,16.1,9,1
43.2,61,11.7,100,1
31.9,42,5.2,13,0
22.5,89,4.1,45,1
41.2,38,22.8,32,0
25.0,39,15.3,56,0
40.3,48,5.4,37,0
27.0,20,29.3,86,1
34.3,74,20.1,52,0
26.3,27,10.4,6,0
34.7,57,27.9,66,0
23.3,70,29.0,49,0
27.4,37,23.8,71,1
37.4,69,18.1,37,0
42.4,36,19.5,32,0
33.0,88,29.6,30,0
31.1,51,11.5,13,0
32.3,55,26.1,90,0
42.0,15,28.9,95,0
34.3,93,23.4,3,0
18.7,100,14.3,3,1
27.8,35,10.4,3,0
31.4,61,19.0,14,0
33.3,48,24.9,8,0
29.4,69,8.4,59,1
24.3,65,1.1,59,1
38.8,17,13.0,78,0
21.6,32,4.6,23,0
41.3,83,15.8,16,1
24.2,86,8.3,48,1
33.2,72,17.3,83,1
31.0,47,0.9,71,0
31.1,81,28.2,29,0
36.7,23,28.8,0,0
26.8,25,7.9,94,1
35.5,47,21.9,77,0
23.1,66,3.5,83,1
30.4,48,13.4,59,0
19.9,96,6.4,91,1
20.8,20,4.4,59,0
33.3,46,10.0,44,0
30.8,34,23.3,64,0
32.8,76,1.9,83,1
26.5,22,5.5,34,0
23.2,90,3.5,4,1
36.1,58,10.2,77,1
33.8,38,28.0,67,0
30.2,74,25.8,23,0
43.3,59,11.3,44,0
37.8,30,17.0,63,0
26.9,50,2.8,0,0
31.1,80,10.6,96,1
38.6,50,11.4,41,0
19.4,29,17.5,9,0
21.0,66,15.1,71,1
22.9,79,3.5,42,1
27.5,36,10.8,34,0
24.6,52,4.0,85,0
18.6,78,2.7,97,1
41.2,87,27.8,65,0
24.9,89,9.1,58,1
27.9,53,7.0,30,0
28.2,69,12.1,35,0
39.0,34,22.6,29,0
37.4,88,4.0,68,1
38.7,19,25.8,47,0
22.9,83,1.8,71,1
25.1,85,29.0,3,1
24.2,83,18.6,2,1
32.2,69,12.7,14,0
32.4,64,8.3,66,1
39.1,99,13.0,40,1
38.8,61,4.8,31,0
27.8,27,26.2,15,0
22.2,35,20.0,0,0
43.8,88,4.1,81,1
38.3,71,7.1,84,1
34.1,38,11.1,87,0
20.0,92,5.2,60,1
43.0,69,26.9,60,0
37.5,16,6.7,1,0
39.3,78,3.5,67,0
44.1,82,4.4,40,0
35.7,73,26.6,63,0
23.9,34,15.8,57,0
24.8,43,2.5,95,1
21.8,66,13.0,87,1
37.8,58,22.1,81,0
36.2,38,26.1,61,0
31.5,44,0.8,44,0
27.6,57,14.9,87,1
23.2,51,18.2,17,0
37.3,65,24.6,96,1
20.1,70,19.6,1,0
42.9,36,2.9,21,0
36.6,46,21.7,42,0
32.6,29,27.5,13,0
32.7,86,12.3,36,0
34.7,49,20.0,29,0
20.1,48,14.0,74,1
44.4,56,7.6,39,0
18.1,78,22.3,66,1
37.7,77,20.0,94,1
35.7,82,29.9,73,1
39.8,86,13.4,7,1
33.9,41,11.0,89,0
30.2,69,26.9,77,1
20.3,96,14.1,62,1
43.8,45,19.8,85,1
37.4,69,12.9,37,0
29.5,38,1.1,14,0
41.1,30,9.9,59,0
20.8,39,0.9,77,1
21.1,17,26.7,3,0
36.4,46,10.0,97,1
40.3,41,29.3,90,0
19.1,100,22.9,2,1
20.9,86,4.1,83,1
32.7,46,4.4,71,1
35.1,16,0.3,40,0
28.4,36,8.2,98,1
19.9,72,4.8,30,0
28.8,33,8.7,84,1
35.4,37,13.1,51,0
24.4,65,23.0,5,0
23.3,89,8.4,40,1
44.3,52,18.4,2,0
26.7,52,21.6,8,0
22.3,72,2.7,30,0
43.8,74,17.9,29,0
36.8,58,19.6,46,0
39.6,85,18.8,92,1
36.8,28,23.4,39,0
39.9,45,11.4,46,0
20.4,45,5.9,48,0
21.9,15,7.2,34,0
20.4,80,0.3,80,1
40.6,88,21.2,26,0
22.2,95,10.0,97,1
44.9,28,1.8,37,0
26.3,86,28.6,54,1
41.3,74,7.8,97,1
36.2,32,6.5,72,1
29.1,27,16.7,64,0
43.6,79,25.1,50,1
27.5,91,23.4,9,0
39.8,71,0.2,93,1
20.6,33,7.7,4,0
35.2,51,1.7,74,0
37.4,90,21.2,19,0
25.1,71,3.1,90,1
34.3,55,8.5,21,0
38.9,84,21.9,53,1
22.7,54,25.6,71,1
37.5,39,6.3,21,0
36.3,38,13.0,27,0
30.5,22,0.9,24,0
33.3,39,16.1,14,0
21.2,46,26.7,54,0
43.6,25,24.8,97,0
42.1,66,9.3,45,0
38.0,65,2.8,78,1
19.9,21,14.4,50,1
38.9,48,13.6,37,0
35.0,69,3.0,86,1
25.0,66,2.8,93,1
35.4,55,28.6,34,0
38.8,19,24.7,65,0
44.2,23,15.1,51,0
18.2,31,28.5,3,0
31.2,37,12.2,94,0
26.9,84,8.0,29,1
21.0,51,27.4,51,0
37.4,66,6.8,100,1
32.7,52,16.4,53,0
44.6,41,20.5,9,0
42.9,52,9.3,88,0
36.7,61,23.7,71,1
24.0,34,23.3,72,1
25.4,30,6.8,93,1
43.4,62,5.4,75,1
30.2,96,24.9,73,1
18.3,63,29.8,23,0
44.4,35,29.6,21,0
39.1,47,5.5,26,0
36.0,26,19.5,26,0
30.2,76,6.3,17,0
43.7,70,21.7,74,1
41.4,76,1.5,97,1
34.7,86,19.3,46,1
40.4,32,0.9,73,0
38.7,82,28.8,68,1
36.1,61,9.4,20,0
37.5,15,10.4,14,0
42.1,95,24.9,1,0
43.7,96,15.6,29,0
42.2,30,10.7,41,0
22.8,72,24.0,85,1
31.0,87,16.5,59,1
43.8,58,18.1,91,0
35.4,87,24.3,17,0
32.8,47,23.9,54,0
27.4,100,10.4,99,1
23.9,24,1.8,71,1
43.8,64,9.7,61,0
32.7,29,14.9,17,0
35.3,36,12.7,69,0
32.1,25,10.6,80,0
33.9,57,24.2,84,0
20.1,97,18.3,98,1
42.2,39,3.5,89,0
25.1,57,7.4,38,0
20.7,75,1.3,54,1
44.3,89,22.2,22,0
43.9,17,29.4,43,0
22.5,93,7.3,44,1
25.9,51,27.0,67,0
25.7,67,26.3,84,1
36.4,20,26.7,94,0
37.2,24,23.6,96,0
19.5,47,12.5,58,0
20.1,85,13.4,18,1
37.1,83,7.8,42,1
30.6,100,26.0,24,0
28.3,29,2.1,76,1
31.5,15,14.8,63,0
32.1,53,22.5,3,0
21.0,18,11.2,77,1
42.2,46,5.4,46,0
31.7,61,15.7,33,0
28.2,72,4.2,75,1
28.5,32,22.1,96,1
40.0,73,8.1,79,1
26.8,71,12.5,16,0
29.1,56,15.9,35,0
23.7,57,4.3,17,0
42.2,22,8.7,60,0
26.3,45,14.1,6,0
40.8,26,23.6,40,0
34.5,34,1.7,33,0
37.8,20,12.1,100,0
28.6,24,10.1,53,0
42.2,54,26.4,10,0
22.3,42,3.6,11,0
40.1,28,16.7,31,0
32.9,45,1.1,48,0
30.9,28,4.6,55,0
37.6,77,0.6,77,1
19.7,31,26.8,22,0
32.4,45,2.6,35,0
32.4,22,8.0,2,0
41.7,84,0.4,62,1
25.6,91,15.3,86,1
35.2,59,18.6,28,0
38.7,87,25.4,88,1
28.4,56,2.1,27,0
29.8,27,6.5,28,0
20.4,77,18.9,94,1
44.1,51,13.8,58,0
39.4,96,3.8,38,0
39.3,44,24.7,75,0
32.2,25,16.8,72,1
29.8,94,25.6,40,0
21.9,61,0.1,33,0
32.2,73,13.1,27,0
23.5,68,26.1,96,1
29.5,63,12.9,92,1
29.2,71,18.8,23,1
44.4,74,23.1,44,0
20.1,26,0.6,88,0
39.0,47,23.7,27,0
20.9,68,14.3,0,0
18.7,78,14.1,53,1
32.3,70,20.0,91,1
33.9,50,12.0,89,0
43.0,97,21.6,43,0
38.1,28,17.4,54,0
39.9,61,24.6,6,0
20.3,22,12.2,42,0
37.3,20,27.5,35,0
22.1,89,11.0,91,1
28.2,18,10.8,8,0
33.6,73,4.5,84,1
38.0,80,13.3,61,1
21.2,36,13.0,65,0
24.1,51,20.7,90,0
41.9,15,1.0,29,0
40.3,69,14.3,55,0
28.0,71,2.0,49,0
25.5,92,29.3,95,1
24.6,47,24.3,77,1
37.6,84,10.8,16,0
28.9,36,22.4,43,0
34.3,68,29.5,23,0
19.8,44,25.0,91,0
39.8,62,11.5,24,0
20.6,86,6.5,100,1
24.6,28,15.1,32,0
41.7,82,12.4,55,1
36.3,97,0.5,67,1
26.3,76,9.4,26,1
19.1,18,22.1,20,0
31.6,92,3.2,7,1
29.3,66,11.3,23,0
33.2,24,16.3,60,0
38.9,42,27.7,59,0
26.1,25,13.4,63,1
20.9,61,13.8,75,1
39.0,66,22.2,58,0
42.5,70,27.7,10,0
30.4,24,8.1,1,0
40.8,93,20.4,33,1
44.7,22,7.6,67,0
19.9,28,13.4,34,0
36.4,85,28.4,78,1
24.9,68,10.5,94,1
42.8,25,25.3,82,0
24.8,19,28.6,11,0
19.3,89,15.1,81,1
27.7,54,24.3,15,0
22.7,76,29.7,88,1
19.9,33,26.3,26,0
19.2,73,5.0,9,1
24.8,96,29.5,54,1
21.9,68,23.9,8,0
18.9,34,0.7,79,1
35.0,23,28.1,86,0
28.3,85,18.0,57,1
41.8,47,7.5,55,0
38.8,95,19.2,4,0
43.8,80,11.7,68,1
36.2,18,29.4,100,0
23.4,39,8.7,78,1
22.8,76,10.1,11,1
37.2,97,21.6,74,1
23.7,92,29.6,6,0
36.1,54,23.0,40,0
22.6,87,19.9,75,1
20.7,77,9.8,77,1
43.8,59,29.2,57,0
34.2,16,17.3,11,0
32.0,43,3.1,47,0
19.3,58,14.9,88,1
19.6,38,19.9,34,0
38.5,45,25.6,87,0
33.8,100,7.8,23,1
31.0,77,12.5,8,0
38.0,19,4.8,5,0
37.8,98,22.7,24,0
35.0,63,20.1,21,0
31.0,66,13.8,30,0
42.4,29,13.9,9,0
25.8,46,7.6,8,0
37.1,31,15.2,89,0
31.5,92,5.4,10,1
44.8,64,2.4,86,0
25.2,96,15.6,16,1
41.6,84,3.0,41,0
25.5,66,8.9,25,1
36.1,93,8.1,45,1
20.9,29,20.1,48,0
24.6,52,21.6,98,1
29.9,24,27.6,73,1
27.0,29,7.9,23,0
43.2,29,23.2,80,0
31.3,29,25.1,76,0
22.0,74,11.9,47,0
37.4,79,10.8,1,1
44.8,52,21.8,39,0
20.6,50,21.3,51,0
36.0,47,21.9,54,0
18.3,50,18.9,51,0
43.4,50,18.8,5,0
33.5,73,2.3,64,0
24.1,30,18.0,56,1
38.8,45,24.5,21,0
32.2,20,14.3,12,0
36.3,66,6.8,38,0
33.3,82,10.0,49,1
28.4,29,27.5,19,0
24.2,21,19.0,14,0
34.4,74,19.4,19,0
42.9,100,20.8,82,1
36.5,93,2.5,75,1
43.1,88,27.3,69,1
25.7,78,28.2,75,1
31.8,71,5.1,98,1
18.4,28,15.5,95,1
39.8,71,25.7,17,0
43.1,23,20.8,25,0
44.5,93,0.5,91,1
21.1,71,22.5,27,0
32.7,92,28.6,66,1
36.4,47,7.2,71,0
34.4,99,21.0,93,1
30.6,26,6.4,45,0
33.6,86,7.4,49,0
28.7,63,8.0,52,1
41.3,94,25.8,50,1
28.1,64,13.9,89,1
37.4,46,8.0,45,0
21.9,93,27.6,78,1
39.6,74,1.5,38,0
29.4,81,6.3,19,1
23.7,61,17.5,36,1
20.3,99,10.7,43,1
35.2,54,19.9,14,0
33.5,86,20.6,91,1
35.6,48,13.3,77,0
44.1,73,21.3,60,0
36.7,71,22.5,34,0
25.4,71,10.4,5,0
38.2,87,27.0,6,0
29.1,58,17.1,36,0
37.5,64,24.8,65,0
20.2,70,5.9,62,1
22.2,81,17.4,79,1
35.5,79,16.2,52,1
29.7,62,20.1,76,1
42.0,84,23.9,16,0
28.7,30,27.6,76,1
27.2,81,22.8,20,1
21.6,100,13.2,100,1
38.0,19,16.1,7,0
38.3,76,25.0,30,0
41.3,51,5.0,60,0
34.0,20,21.9,55,0
28.6,50,8.2,29,0
44.7,73,16.3,66,0
27.6,47,20.3,75,0
40.3,33,14.6,58,0
23.6,32,6.1,54,0
24.5,69,10.8,65,1
41.6,59,29.3,63,0
40.2,92,21.3,82,1
38.4,55,25.2,9,0
43.7,74,2.6,70,1
42.6,73,7.5,32,0
42.0,37,6.5,66,0
19.8,22,19.5,87,1
44.3,27,24.5,12,0
37.7,71,10.5,53,1
23.9,66,24.6,61,0
25.2,59,22.3,55,0
42.6,72,26.2,27,0
32.0,65,10.0,59,0
21.6,21,5.8,96,1
26.9,93,6.7,70,1
19.0,69,14.6,65,1
22.2,17,6.1,56,0
39.7,46,7.3,17,0
29.8,85,1.7,10,0
33.1,79,29.6,59,1
23.4,50,9.3,80,1
42.1,74,27.1,24,0
43.5,43,24.9,44,0
28.6,43,9.5,51,0
37.7,65,20.0,86,1
32.7,88,0.4,5,0
22.2,66,22.7,52,1
39.4,63,11.0,34,0
28.8,16,29.0,72,0
18.8,74,9.3,98,1
37.9,18,18.9,96,0
35.3,43,18.4,34,0
25.4,85,21.0,7,1
43.8,44,19.3,66,0
30.8,74,8.1,70,1
22.6,82,24.7,11,1
34.9,61,12.9,50,1
32.5,47,12.3,88,0
32.7,64,9.9,33,0
24.4,80,21.8,45,1
24.9,72,22.9,43,0
29.8,63,19.3,73,1
22.1,98,14.9,10,1
27.4,46,4.2,23,0
35.8,70,7.6,54,0
19.9,89,20.4,59,1
21.7,31,28.2,53,0
43.1,15,9.6,61,0
26.9,28,22.5,99,1
31.6,77,12.3,80,1
26.1,85,24.2,25,0
23.6,99,15.3,45,1
22.4,42,14.1,11,0
20.2,80,20.4,0,1
18.1,60,9.0,3,1
29.7,95,25.3,22,1
35.6,22,2.0,10,0
25.7,36,12.6,93,1
20.3,83,27.9,82,1
32.9,39,26.1,65,0
35.3,58,14.3,39,0
24.3,75,0.8,1,1
26.9,59,24.0,21,0
33.4,21,17.9,42,0
20.3,75,4.5,30,1
32.2,41,5.1,90,1
35.5,94,22.8,14,0
20.5,83,7.4,48,1
37.2,92,27.5,98,1
41.2,80,28.5,71,1
29.4,53,10.7,60,0
29.7,47,3.3,91,0
20.4,45,14.7,23,0
43.3,78,2.4,52,1
20.6,31,5.1,57,0
26.1,21,17.6,78,1
26.5,79,10.0,91,1
21.9,67,11.3,13,0
25.2,49,8.0,38,0
39.5,48,4.4,91,0
32.8,99,12.8,2,1
31.2,47,21.0,65,0
32.2,40,17.2,88,0
22.2,98,23.6,8,0
21.7,39,18.8,20,0
42.2,42,16.4,19,0
32.3,72,14.6,93,1
23.5,43,9.5,1,0
27.4,76,7.7,31,1
36.9,18,29.7,83,0
41.6,71,15.9,65,0
24.1,48,26.3,59,0
20.8,79,15.0,67,1
28.9,27,25.7,67,0
28.6,52,12.3,25,0
36.1,21,7.4,75,0
28.5,20,29.6,84,1
28.2,16,19.2,60,0
25.1,21,5.9,26,0
40.3,39,23.1,1,0
34.7,18,23.5,40,0
28.2,24,11.6,23,0
34.8,70,16.9,18,0
43.4,86,18.4,2,0
35.9,70,6.5,1,0
40.9,46,29.6,65,0
19.3,67,4.8,82,1
35.2,36,18.2,24,0
33.4,96,4.9,51,1
29.9,62,10.3,69,1
30.8,41,22.3,41,0
34.1,94,15.2,86,1
26.1,65,16.0,79,1
34.6,85,23.3,43,0
21.1,47,26.2,72,1
34.4,40,16.4,75,0
33.0,19,23.1,71,0
38.0,48,13.6,19,0
33.5,62,18.4,32,0
21.2,49,22.1,96,1
27.3,30,16.9,65,0
40.1,52,26.4,71,0
39.2,90,19.2,97,1
22.2,20,2.9,96,0
32.4,47,1.1,82,0
33.3,85,27.7,26,0
32.2,15,1.1,62,0
41.7,61,20.5,62,0
31.4,46,24.7,73,1
42.6,72,3.0,5,0
35.4,24,17.7,36,0
38.6,38,5.3,3,0
22.3,61,28.1,36,0
32.6,30,7.5,21,0
37.1,70,22.2,12,0
36.5,23,25.1,31,0
39.8,61,3.1,88,1
18.6,75,18.0,10,1
24.1,47,28.5,90,0
37.6,43,19.9,66,0
30.0,29,27.7,39,0
28.5,33,18.0,26,0
31.7,90,9.9,37,0
40.7,77,19.7,62,1
33.8,36,26.5,97,0
31.6,31,16.3,38,0
32.0,86,27.9,35,0
33.6,85,26.7,34,1
21.3,66,19.6,53,1
40.0,39,12.4,14,0
31.9,25,14.5,85,0
42.1,55,4.9,95,0
26.9,38,14.9,71,1
19.9,31,6.8,35,0
34.6,96,18.3,49,1
41.5,64,19.5,53,0
40.1,46,0.4,67,0
18.5,96,14.6,3,1
28.1,100,18.3,63,1
34.9,48,6.4,82,1
33.2,27,27.7,8,0
34.4,25,23.9,7,0
43.8,54,8.8,51,0
30.7,23,6.4,86,1
31.1,53,12.5,51,0
33.3,44,9.1,55,0
34.1,60,20.6,40,0
18.1,37,22.8,71,1
44.3,40,3.2,8,0
25.4,43,25.2,71,0
23.1,16,19.5,55,0
30.9,33,11.5,3,0
26.4,18,6.4,52,0
26.0,66,23.9,57,0
22.3,74,5.6,82,1
21.4,19,13.5,96,1
38.8,54,4.5,62,0
26.7,66,1.1,87,1
40.0,48,13.8,10,0
43.1,41,10.5,30,0
29.8,92,20.2,91,1
18.4,77,1.9,65,1
43.1,78,15.7,10,1
30.4,19,18.1,50,0
23.0,34,6.3,24,0
39.6,41,10.5,36,0
37.9,56,23.7,38,0
36.7,38,8.6,66,0
24.6,81,6.0,55,1
38.3,63,16.5,94,1
30.8,15,29.5,65,0
42.6,98,11.0,5,0
19.8,43,12.7,64,0
43.5,20,16.8,28,0
20.1,75,8.1,86,1
39.7,48,8.5,75,1
32.9,30,11.4,90,1
36.7,45,19.6,64,0
22.6,68,5.5,47,0
25.9,30,16.8,41,0
28.8,76,12.8,2,1
42.1,81,24.5,30,0
29.6,21,18.1,48,0
27.3,47,10.7,84,1
38.2,40,24.5,40,0
26.8,38,12.6,40,0
32.8,38,11.4,12,0
43.2,97,26.4,54,0
27.2,69,11.3,5,0
35.0,21,5.0,40,0
41.7,63,6.9,82,1
30.9,99,27.3,26,0
22.9,92,1.7,2,0
44.1,47,14.8,96,0
44.0,98,7.6,40,1
39.4,70,15.1,69,0
40.7,44,1.2,92,0
19.3,95,9.8,27,1
28.3,29,7.6,34,0
29.1,25,10.9,23,0
28.1,56,3.1,74,1
28.6,55,14.7,54,0
29.8,79,1.8,35,1
38.7,96,25.2,99,1
18.5,16,27.2,16,0
36.8,85,5.2,99,1
32.2,41,11.9,93,1
30.0,88,6.1,82,1
37.0,91,1.8,35,0
38.8,38,12.3,49,0
27.9,22,19.8,19,0
42.0,99,25.5,15,0
42.2,80,20.4,32,0
28.0,28,4.6,28,0
25.7,61,1.4,98,1
42.4,39,10.8,99,1
32.3,76,26.3,53,1
23.8,33,4.6,65,0
42.5,94,11.3,7,1
21.3,55,24.8,76,1
29.0,93,8.9,41,1
34.3,60,26.8,88,1
39.5,89,8.9,41,1
26.2,49,18.3,57,0
39.2,75,19.3,58,1
36.0,38,29.9,63,0
24.0,22,19.6,6,0
21.7,76,28.3,18,1
30.4,23,18.9,41,0
28.8,50,24.9,62,0
22.6,77,6.7,42,1
30.7,41,26.4,15,0
41.8,75,7.7,98,1
18.2,79,7.5,20,1
21.9,37,19.9,92,1
24.0,89,0.4,67,1
21.0,17,15.1,43,0
23.7,64,22.7,42,0
36.1,45,6.9,46,0
42.5,82,26.0,89,1
19.1,32,19.9,9,0
29.7,55,14.8,28,0
25.9,15,5.9,92,1
31.3,22,18.6,76,0
44.7,87,21.0,42,0
26.6,54,20.8,96,1
40.1,16,8.8,49,0
29.7,90,1.3,45,1
27.4,89,10.0,22,1
23.3,91,1.5,25,1
21.6,18,13.9,56,0
41.7,64,2.2,0,0
18.5,67,19.5,13,1
26.6,71,14.8,11,1
32.9,33,23.4,34,0
32.5,40,1.9,72,0
43.9,93,0.7,43,0
25.9,40,15.5,20,0
37.7,84,5.6,34,0
41.2,19,26.7,23,0
20.6,36,12.1,95,1
23.6,54,5.4,81,1
42.5,86,10.8,87,1
26.5,19,24.8,9,0
21.4,49,9.0,27,0
43.6,47,14.4,79,1
35.7,82,22.8,52,1
37.0,42,26.7,12,0
36.8,85,19.4,47,0
30.1,92,22.9,48,0
22.9,53,15.1,85,1
18.1,95,20.7,29,0
44.9,47,28.9,64,0
18.8,26,23.6,86,1
42.7,71,16.4,48,0
39.3,73,15.0,67,0
28.3,90,13.7,27,1
32.3,26,9.0,30,0
42.4,99,30.0,76,1
23.4,41,10.4,93,1
20.2,61,24.0,32,0
27.4,76,13.4,21,1
26.9,95,21.2,27,0
42.6,33,4.9,48,0
43.7,81,3.9,80,1
24.4,99,27.3,64,1
41.9,49,8.6,98,1
23.1,85,18.1,44,1
30.2,29,15.5,7,0
23.1,41,14.2,97,1
38.5,97,3.4,21,0
22.6,88,11.0,79,1
39.3,98,12.9,52,1
18.4,61,13.0,14,0
20.4,20,24.2,71,1
28.3,89,12.0,56,1
36.5,68,26.9,35,0
22.9,90,11.9,0,1
21.4,25,17.7,57,1
43.5,95,18.2,15,0
39.8,95,11.4,61,1
23.0,40,0.3,82,0
25.9,81,10.9,82,1
19.1,58,23.8,58,0
43.7,58,21.0,84,0
20.1,31,14.5,56,0
42.2,80,23.9,30,0
34.9,70,2.7,25,0
20.3,20,14.4,93,1
39.0,46,12.4,77,0
36.9,29,25.8,93,0
39.6,100,14.7,46,1
31.3,94,26.6,20,0
25.3,85,23.5,86,1
26.0,92,14.1,79,1
20.5,51,24.5,2,0
34.8,71,28.3,94,1
24.7,37,19.9,11,0
26.1,84,1.0,58,1
39.4,100,24.4,72,1
23.7,59,20.9,56,0
32.2,28,8.5,71,1
29.7,47,18.0,23,0
29.5,22,7.5,13,0
22.1,50,22.1,4,0
24.9,86,24.9,55,1
43.8,71,2.8,30,0
18.7,39,12.4,55,0
29.8,78,23.5,86,1
43.4,41,29.0,83,0
34.4,87,11.7,80,1
27.5,52,19.3,50,0
28.5,87,4.7,38,0
26.7,99,26.7,94,1
24.5,69,27.5,45,0
20.2,80,19.3,57,1
19.4,76,20.7,78,1
36.4,30,25.5,45,0
34.8,30,10.6,79,1
23.2,52,26.9,41,0
35.4,20,22.1,80,0
22.3,89,11.2,81,1
41.0,81,12.6,49,0
18.2,92,3.2,88,1
27.8,51,18.9,79,1
33.5,82,1.5,44,0
26.2,54,5.0,67,0
44.4,31,1.6,82,0
40.4,69,29.6,96,1
23.6,57,12.7,31,0
33.3,97,5.4,57,1
43.9,33,25.5,44,0
24.6,87,25.8,90,1
39.0,50,2.5,86,0
31.6,20,22.7,84,0
21.9,57,13.0,3,0
23.9,83,18.5,41,1
35.5,30,26.6,0,0
20.1,16,22.8,47,0
36.8,25,17.1,26,0
38.3,51,9.5,39,0
20.5,61,15.1,16,0
32.2,55,15.1,59,0
40.8,36,16.9,81,0
44.3,29,18.3,81,0
29.4,59,27.9,16,0
40.7,97,21.2,87,1
22.0,56,19.3,9,0
38.2,63,12.3,10,0
43.3,19,1.5,83,0
22.2,62,25.7,77,1
42.2,33,2.8,17,0
20.8,57,11.1,87,1
20.9,50,19.8,85,1
25.2,70,15.1,33,1
41.8,73,9.8,55,0
28.3,29,8.6,92,1
35.4,89,4.4,13,0
28.4,90,28.8,51,1
26.5,58,18.8,31,0
20.2,83,25.0,21,1
25.2,83,18.1,23,1
28.5,96,10.0,86,1
32.7,70,9.8,66,1
20.3,70,27.7,70,1
30.8,51,25.1,51,0
44.7,29,6.8,25,0
37.7,59,11.5,80,0
20.3,58,0.4,51,0
30.7,32,20.2,84,1
43.4,62,16.0,51,0
36.3,96,27.4,95,1
24.4,43,1.5,43,0
35.9,61,3.2,46,0
24.0,76,26.9,47,0
23.6,43,16.0,96,1
33.5,72,10.4,55,1
22.1,39,15.2,60,0
21.3,62,13.4,28,0
19.0,55,5.8,72,1
42.7,16,23.2,21,0
27.2,34,13.0,51,0
18.6,87,28.3,61,1
43.7,20,1.7,52,0
32.9,24,14.2,16,0
18.4,26,0.3,92,0
41.4,37,15.5,28,0
20.2,15,26.2,78,1
25.9,34,28.9,91,1
42.5,70,21.0,36,0
35.7,96,8.9,89,1
24.7,20,24.2,100,0
42.8,68,3.2,23,0
39.5,50,17.2,81,0
39.4,95,26.4,13,0
38.2,85,6.4,23,0
18.8,80,2.2,40,1
42.1,82,25.5,82,1
42.2,22,23.9,43,0
31.2,69,24.8,81,1
21.8,64,25.0,86,1
36.7,51,22.0,32,0
32.9,49,2.5,43,0
22.9,23,6.0,89,1
39.1,36,16.8,59,0
24.2,17,13.2,26,0
41.0,42,9.3,34,0
25.5,63,8.9,19,0
43.5,60,24.8,45,0
26.3,25,3.8,20,0
44.7,81,27.0,42,1
34.1,47,11.8,8,0
35.8,16,27.0,80,0
42.1,21,7.3,49,0
29.5,29,4.1,44,0
33.5,18,0.3,24,0
20.6,72,21.3,47,0
18.2,37,1.0,1,0
43.7,82,11.7,87,1
27.0,52,6.0,8,0
44.9,62,20.9,46,0
37.9,78,24.7,56,1
26.2,50,28.2,15,0
38.0,20,20.1,11,0
22.5,25,10.6,52,0
33.9,69,5.4,76,1
25.3,94,29.8,7,1
19.5,69,22.2,36,0
44.9,72,2.3,18,0
38.0,49,18.4,85,1
28.3,49,3.1,60,0
35.6,52,18.4,4,0
40.0,63,2.6,5,0
26.6,94,3.5,3,0
37.3,17,2.0,18,0
23.8,71,1.2,44,0
43.7,19,4.3,89,0
40.0,61,12.1,81,1
26.1,79,17.5,44,1
19.5,50,2.1,8,0
26.6,74,23.5,19,0
27.6,29,3.9,84,0
41.7,76,2.4,29,0
18.6,22,22.9,39,0
28.4,30,4.2,51,0
20.0,24,27.9,50,0
43.1,27,29.4,60,0
44.1,31,12.5,71,0
42.5,25,8.1,83,0
30.6,51,21.5,41,0
22.6,66,3.7,84,1
32.1,28,16.6,48,0
37.9,45,9.2,57,0
31.4,95,2.8,24,0
42.4,85,24.8,99,1
41.5,74,25.0,32,0
38.9,91,14.4,56,1
29.5,36,12.2,88,1
21.3,30,14.4,79,1
23.3,25,2.1,76,0
35.3,42,21.2,64,0
24.3,17,20.1,84,1
28.0,64,4.9,27,0
18.8,63,18.3,58,1
42.2,29,0.4,96,0
30.3,75,13.5,38,1
44.7,52,9.3,31,0
41.7,69,29.7,65,0
31.0,88,7.6,50,1
29.8,43,1.3,43,0
34.1,64,9.3,70,1
30.1,39,6.2,90,1
22.3,51,21.3,35,0
21.4,73,23.1,21,0
40.4,27,27.7,80,0
42.2,50,27.3,0,0
35.2,23,4.9,78,0
43.9,68,28.9,24,0
39.4,53,18.2,25,0
35.5,21,7.0,45,0
29.9,42,20.2,21,0
23.4,95,29.9,94,1
24.1,32,12.0,73,1
24.3,79,8.2,88,1
26.0,25,4.5,0,0
34.3,49,28.3,28,0
41.6,67,3.8,20,0
33.6,80,2.8,70,1
19.1,19,1.0,76,0
37.7,77,11.7,59,1
26.0,21,23.6,4,0
20.7,78,22.3,98,1
21.1,73,19.7,68,1
43.2,33,4.6,29,0
27.0,52,25.1,63,0
35.7,48,13.9,48,0
26.5,19,20.7,49,0
25.6,74,0.2,34,0
26.1,78,7.9,61,1
29.4,53,8.6,6,0
21.3,36,1.4,65,0
44.9,23,21.1,18,0
19.0,45,22.0,63,0
30.2,83,21.9,17,1
37.7,80,9.2,48,0
21.8,46,17.4,64,0
26.1,61,20.1,12,0
37.9,67,28.3,98,1
24.3,20,5.0,23,0
42.0,78,25.5,27,0
29.4,83,24.6,44,0
26.3,78,26.3,97,1
25.7,23,22.4,57,0
25.0,43,17.4,19,0
18.2,28,21.5,96,1
31.3,58,22.1,65,0
27.6,99,2.8,45,1
30.3,73,18.0,84,1
32.9,28,20.8,100,0
44.8,92,15.5,20,1
31.9,24,18.9,93,1
28.7,53,8.1,12,0
43.0,90,6.7,67,1
19.4,90,16.1,66,1
25.6,63,20.9,53,0
35.4,42,7.2,58,0
37.7,90,14.1,33,0
24.2,53,6.2,34,0
21.4,95,15.2,81,1
40.4,28,28.0,100,0
43.2,66,22.2,32,0
39.4,36,29.7,33,0
31.5,22,20.8,19,0
21.8,53,15.6,21,0
30.1,100,6.7,78,1
23.1,59,16.7,49,0
21.2,95,3.6,68,1
25.3,86,25.7,92,1
21.2,71,29.6,6,0
33.0,65,25.0,73,1
27.5,53,2.1,63,0
22.8,39,8.8,20,0
21.4,40,15.1,55,0
29.9,97,9.5,41,1
30.4,97,28.0,79,1
43.1,66,4.5,4,0
35.0,69,27.7,13,0
42.1,52,24.3,28,0
32.0,62,4.9,98,1
32.1,48,13.7,88,1
40.5,84,10.3,95,1
36.5,31,8.6,34,0
32.1,51,6.3,2,0
36.8,74,19.2,24,0
23.2,39,5.4,39,0
34.5,89,20.4,43,1
42.7,91,13.8,49,1
44.6,29,4.0,97,0
18.2,42,7.6,95,1
41.2,36,11.1,16,0
43.1,66,21.4,63,0
26.7,65,11.8,52,1
18.0,24,14.9,19,0
40.1,69,4.9,38,0
22.6,68,22.1,73,1
19.8,71,13.0,0,0
35.0,22,21.0,92,0
38.8,87,5.7,86,1
36.3,64,11.9,17,0
42.1,79,27.7,43,0
32.8,79,25.4,25,1
44.5,30,26.2,26,0
35.0,86,8.2,26,1
31.4,87,14.4,30,1
21.2,54,0.3,63,0
43.1,91,4.1,14,0
36.8,46,24.9,89,0
39.7,79,16.0,63,1
39.5,41,4.2,4,0
18.5,48,29.2,53,0
41.2,87,18.5,6,1
41.4,79,26.4,80,1
26.8,76,22.9,25,1
38.1,98,27.2,75,1
36.4,20,22.4,61,0
38.9,74,9.8,21,0
30.1,69,17.9,70,1
26.9,34,0.2,41,0
33.9,65,24.0,35,0
28.6,35,8.9,86,1
32.7,29,5.6,58,0
20.0,55,8.8,0,0
44.8,79,23.4,0,0
25.8,53,3.6,86,0
25.6,39,25.8,66,0
28.9,76,25.9,20,1
23.4,88,0.4,72,1
37.8,54,19.0,21,0
20.5,26,5.2,95,1
19.7,85,6.6,60,1
37.0,93,24.2,4,0
19.6,37,8.3,21,0
33.3,42,2.9,50,0
37.6,33,26.5,10,0
18.5,80,2.7,98,1
43.3,86,25.4,92,1
42.4,23,29.3,17,0
27.7,85,4.6,64,1
37.3,40,2.2,94,0
41.5,41,15.9,100,0
20.2,65,18.2,14,0
18.8,74,16.1,77,1
34.4,90,5.7,61,1
38.9,89,13.4,45,1
24.2,59,0.5,83,1
22.0,90,8.9,94,1
25.2,77,12.4,29,1
39.9,26,23.6,21,0
26.6,50,7.9,90,1
36.9,81,8.4,59,1
32.8,62,13.3,3,0
21.4,42,17.1,68,0
25.1,30,12.0,70,1
27.9,17,11.1,86,1
32.1,93,26.3,6,0
23.9,25,11.1,3,0
42.2,19,29.9,20,0
22.6,88,14.2,9,1
31.0,82,4.6,23,0
23.2,38,29.1,21,0
36.7,19,17.6,81,0
42.7,22,21.0,90,0
28.4,32,22.9,30,0
25.2,39,13.6,90,1
39.0,68,21.6,18,0
23.3,90,15.8,23,1
19.5,64,12.8,78,1
23.1,88,14.5,21,1
21.7,71,17.1,37,0
22.2,94,1.2,43,0
22.5,76,10.3,67,1
41.1,72,3.6,29,0
27.1,89,6.0,59,1
30.7,40,3.8,69,0
37.8,49,22.9,55,0
29.7,87,21.0,69,1
24.5,64,22.3,61,1
21.5,22,16.3,92,1
44.6,66,3.2,19,0
42.5,75,29.6,61,1
19.7,86,16.2,54,1
36.4,75,1.9,81,1
39.1,45,24.3,28,0
18.0,48,19.3,55,0
36.5,35,29.9,77,0
32.0,86,0.7,40,0
27.6,100,18.0,65,1
44.6,24,22.8,82,0
33.0,31,1.9,29,0
27.6,63,13.0,100,1
31.9,88,16.6,36,0
23.2,62,24.6,61,0
33.2,28,26.0,60,0
36.4,42,8.7,28,0
25.7,75,27.2,79,1
37.6,50,22.5,40,0
38.9,18,17.5,18,0
30.8,28,20.5,70,0
40.2,62,12.3,33,0
25.4,45,16.1,19,0
37.6,32,10.0,77,1
32.6,53,10.6,44,0
18.5,54,28.5,13,0
32.8,77,19.4,3,1
31.6,21,27.0,5,0
30.6,99,28.5,93,1
41.9,48,18.1,88,0
43.4,31,5.8,71,0
18.2,91,1.6,50,1
41.7,52,24.7,100,0
44.1,88,8.8,0,1
25.0,40,29.9,33,0
39.9,77,18.7,94,1
33.3,81,4.5,65,1
22.2,56,27.6,66,0
19.9,52,1.1,14,0
29.9,49,14.5,56,0
44.6,94,5.9,46,0
43.6,90,21.9,83,1
26.7,44,12.3,19,0
29.6,74,9.7,55,1
37.8,76,19.7,78,1
38.3,37,21.3,82,0
27.9,88,28.5,32,0
37.3,84,9.2,64,1
22.3,87,2.3,79,1
31.3,54,7.3,86,1
20.8,98,8.0,56,1
31.4,16,2.1,55,0
26.7,76,6.3,18,1
42.6,92,24.8,8,0
23.6,44,21.7,75,0
42.0,51,10.3,36,0
27.8,15,9.0,13,0
30.2,68,26.2,47,0
41.8,15,7.0,73,1
37.8,23,23.3,40,0
34.4,35,12.1,39,0
33.0,47,2.9,92,0
28.1,75,4.6,3,1
18.5,99,19.5,54,1
41.8,99,14.9,67,1
39.1,97,24.5,56,1
31.5,25,16.9,92,0
34.0,70,5.7,58,0
44.7,29,18.8,77,1
22.3,88,22.7,66,1
31.7,50,3.3,77,0
23.5,67,22.5,56,0
31.6,44,4.9,45,0
38.0,57,16.7,74,0
21.3,89,14.8,36,1
28.4,78,23.9,12,1
42.7,30,18.9,80,1
22.7,34,29.7,30,0
26.1,68,25.8,98,1
21.9,82,15.1,26,1
34.9,46,15.9,96,0
38.9,53,17.5,88,0
22.7,95,8.9,81,1
35.7,35,2.3,32,0
39.2,97,13.5,78,1
25.5,99,27.2,19,1
43.5,68,3.8,68,0
34.8,38,5.5,32,0
21.6,74,22.9,9,0
42.3,41,26.8,44,0
32.0,51,28.6,70,0
40.9,22,5.4,4,0
36.8,51,23.0,42,0
21.5,93,18.5,35,1
25.0,29,22.0,87,1
36.7,22,10.4,30,0
18.4,18,0.5,46,0
22.9,62,27.6,52,1
25.5,22,12.1,77,1
29.0,85,15.2,29,1
26.0,62,15.8,1,1
29.7,93,12.3,0,1
26.5,66,25.3,46,0
19.4,40,13.3,51,0
37.9,77,15.4,14,0
44.9,93,0.4,61,1
29.8,81,12.1,13,1
19.5,57,25.9,53,0
37.8,42,28.1,64,0
31.4,65,5.8,13,0
20.0,92,16.6,55,1
35.5,62,25.6,31,0
29.4,19,20.8,10,0
21.1,66,2.7,22,0
36.5,33,29.9,51,0
26.4,91,18.0,34,1
43.9,37,1.9,37,0
42.6,84,9.6,34,1
40.2,87,26.4,51,0
27.3,19,14.4,59,0
44.2,25,22.9,64,0
42.4,97,7.6,20,0
40.9,30,5.4,90,0
22.4,16,12.0,14,0
24.8,28,13.4,29,0
38.3,28,27.2,36,0
24.9,38,26.3,36,0
22.2,91,5.1,89,1
37.7,97,29.6,64,1
37.3,80,12.6,87,1
26.6,71,24.8,99,1
31.3,55,7.8,80,1
41.4,37,27.8,90,0
42.5,23,21.5,21,0
37.4,27,22.4,94,0
39.6,65,17.5,56,0
41.2,65,12.0,34,0
38.1,97,26.7,4,0
44.4,50,5.9,50,0
23.0,81,8.6,70,1
44.1,18,9.5,78,0
43.6,20,18.7,46,0
38.4,82,23.0,31,0
36.4,97,17.8,44,1
38.7,67,10.3,52,0
28.7,40,1.4,70,0
22.4,57,7.7,59,0
20.8,65,13.5,78,1
30.5,30,22.2,91,0
37.6,48,28.9,2,0
23.0,55,21.4,9,0
25.3,37,22.8,6,0
36.1,51,10.4,55,0
28.8,37,12.7,68,0
35.2,76,6.0,82,1
20.8,41,22.8,90,1
36.3,87,10.9,50,1
22.4,88,14.3,43,1
23.6,64,23.0,52,0
33.5,97,4.1,15,1
31.0,59,21.8,64,0
28.8,18,21.2,14,0
27.5,30,19.2,10,0
24.2,81,17.6,60,1
38.3,21,29.7,33,0
28.3,85,9.2,50,1
41.1,76,20.5,54,1
27.7,25,24.4,77,0
29.6,97,16.2,99,1
18.4,65,24.3,14,0
29.6,16,29.1,28,0
25.0,26,29.4,30,0
41.5,62,22.6,75,0
29.6,97,22.0,54,1
44.9,48,1.2,74,0
22.5,18,19.0,24,0
20.6,99,1.8,81,1
34.5,68,8.2,21,0
36.4,25,5.2,12,0
44.1,95,25.6,59,0
38.9,72,0.8,29,0
30.4,29,21.6,42,0
38.6,53,15.1,57,0
43.4,54,28.1,80,0
36.6,39,17.0,45,0
30.3,25,6.3,36,0
38.4,59,4.2,96,0
39.6,70,28.0,93,1
18.1,20,25.7,59,0
25.5,27,8.6,23,0
34.9,74,28.2,74,1
27.2,47,3.6,57,0
40.2,99,5.3,10,1
27.3,53,1.3,71,1
25.0,29,15.4,52,0
34.4,80,17.9,43,0
44.0,88,25.2,71,1
25.7,81,13.8,1,1
33.9,64,5.6,99,1
26.0,59,22.9,74,0
36.4,94,23.8,30,0
29.8,74,20.9,66,0
24.3,63,3.7,11,0
29.1,45,26.4,20,0
36.8,29,26.7,97,0
29.5,20,1.4,85,1
31.1,100,9.0,94,1
35.0,97,9.2,45,1
20.7,18,28.7,74,0
23.6,65,15.1,35,0
39.7,76,9.3,79,1
24.5,71,26.1,99,1
21.3,82,14.5,69,1
32.5,23,2.3,27,0
40.2,85,25.2,84,1
35.0,38,2.2,54,0
29.0,31,11.5,36,0
31.5,94,25.1,87,1
44.8,18,4.4,100,0
36.1,35,8.8,78,1
32.7,78,24.6,17,0
33.9,79,1.7,77,1
23.7,33,1.4,27,0
19.8,58,9.1,29,0
39.8,80,10.6,27,1
33.3,16,5.7,38,0
42.8,61,26.4,63,0
21.0,48,21.4,1,0
24.9,57,19.1,62,0
19.6,99,28.5,7,1
30.8,45,6.4,49,0
27.9,59,12.6,23,0
21.8,27,5.6,10,0
26.2,46,4.7,100,0
33.2,95,22.2,25,0
30.5,20,24.2,4,0
19.9,70,22.1,10,0
42.2,50,3.0,56,0
29.4,26,28.6,90,0
32.9,41,2.8,84,0
39.9,30,1.5,56,0
31.2,61,5.8,39,0
24.4,16,19.8,10,0
38.5,28,1.2,42,0
23.1,59,26.4,57,0
36.0,84,5.5,65,1
31.2,58,15.0,47,0
20.6,32,21.8,20,0
25.6,50,28.1,88,1
31.2,90,6.4,51,1
26.0,49,25.4,36,0
34.1,91,6.0,99,1
35.9,64,27.7,22,0
27.8,17,24.5,21,0
32.7,71,22.8,92,1
23.1,74,26.6,8,0
21.2,28,11.6,68,1
33.1,42,17.9,72,0
39.6,71,15.3,41,0
28.4,73,4.7,2,0
37.1,95,24.8,100,1
38.4,79,28.1,29,0
36.5,51,3.4,19,0
25.7,69,0.1,12,0
24.5,54,16.1,46,0
28.5,27,17.0,7,0
32.5,73,24.7,60,0
33.3,72,2.5,72,1
38.5,78,25.0,18,0
41.0,20,20.8,31,0
19.6,19,18.1,10,0
29.0,55,5.9,60,0
42.3,51,12.6,22,0
26.1,20,11.9,49,0
37.7,79,26.5,26,0
41.3,77,13.3,47,1
23.0,92,16.2,45,1
18.4,99,3.3,73,1
37.8,86,18.2,12,1
22.3,61,26.9,76,1
32.2,34,6.8,85,0
26.4,23,21.9,0,0
35.4,84,13.4,44,1
20.4,38,0.2,54,0
37.4,72,2.2,41,0
36.4,65,10.2,33,0
29.9,61,24.6,4,0
40.8,21,10.3,59,0
23.9,96,8.5,61,1
33.0,15,18.4,72,0
31.0,69,14.4,89,1
36.8,70,4.7,41,0
21.1,80,4.7,89,1
22.6,84,16.5,43,1
21.2,55,20.2,23,0
30.4,24,25.9,9,0
21.3,72,13.0,64,1
22.0,60,10.8,28,0
23.4,73,10.6,17,0
27.5,100,18.5,36,1
24.0,22,18.3,91,1
39.7,74,15.3,8,0
35.9,46,20.1,71,0
22.8,42,15.9,48,0
35.4,17,19.1,65,0
24.5,74,17.3,27,0
33.2,98,17.0,93,1
25.4,33,6.8,38,0
33.7,20,16.0,8,0
22.8,61,15.5,24,1
37.3,31,14.4,14,0
29.0,38,6.4,52,0
33.4,64,18.0,92,1
30.6,76,25.3,33,0
20.2,64,28.4,17,0
19.5,69,24.5,92,1
23.4,18,12.1,51,0
22.9,75,10.2,35,1
25.2,33,10.5,93,1
35.3,78,17.4,71,1
38.4,46,1.1,80,0
35.8,26,13.1,40,0
42.7,95,16.4,19,0
18.6,51,9.3,84,1
31.6,21,20.6,44,0
41.6,32,5.4,51,0
42.8,71,1.8,84,1
20.4,91,5.6,67,1
28.2,75,24.0,42,0
41.6,98,29.4,47,1
30.0,65,25.8,33,0
42.8,74,7.6,69,0
31.5,64,5.8,55,0
32.3,95,22.6,85,1
34.5,44,10.2,52,0
44.6,22,7.4,56,0
32.9,27,11.7,38,0
44.1,93,0.9,18,0
19.1,57,6.2,14,0
25.6,21,24.7,59,0
42.1,64,11.1,72,1
25.9,72,28.8,46,0
33.2,27,14.3,73,1
35.2,43,25.8,24,0
33.7,79,10.3,87,1
44.2,79,7.8,7,1
33.3,72,21.5,7,0
26.0,33,24.2,85,0
30.5,63,18.5,74,1
24.3,52,19.6,15,0
30.6,51,9.2,6,0
40.0,37,30.0,70,0
37.6,18,26.2,10,0
25.6,86,12.1,38,1
21.9,62,17.6,54,1
27.3,41,20.8,85,1
29.3,35,9.0,65,0
31.3,56,8.6,65,0
44.2,93,8.7,56,1
22.1,45,29.8,36,0
38.7,73,4.4,27,0
20.5,52,0.9,23,0
37.1,66,7.3,11,0
40.9,35,17.5,13,0
39.0,52,24.7,3,0
37.9,16,3.1,17,0
44.2,22,6.4,86,0
37.6,95,29.7,49,0
36.8,78,25.5,12,0
27.3,19,17.9,36,0
38.8,64,14.2,20,0
32.3,23,20.7,3,0
19.9,58,21.0,57,0
33.8,67,7.9,84,1
23.4,25,2.5,92,0
20.6,21,15.6,38,0
42.6,42,18.6,31,0
23.9,86,17.4,47,1
20.2,74,19.6,89,1
24.4,58,9.8,17,0
22.0,44,5.8,76,1
32.3,38,10.3,5,0
41.3,100,28.8,54,1
27.8,84,19.5,99,1
39.7,51,25.9,13,0
35.8,34,25.0,32,0
18.4,95,7.9,89,1
28.3,55,13.0,86,1
35.0,100,21.3,90,1
21.5,37,21.8,7,0
19.9,84,23.0,18,1
28.3,86,17.5,19,1
25.6,79,25.8,90,1
40.8,60,18.2,55,0
33.6,89,21.7,96,1
20.0,48,4.9,39,0
25.5,74,20.6,53,0
19.8,45,2.4,34,0
40.4,79,18.8,82,1
32.6,54,12.1,12,0
31.7,59,5.5,31,0
36.4,55,23.8,38,0
44.7,66,15.3,10,0
42.4,22,16.6,69,0
41.9,89,14.1,1,0
39.5,16,16.3,42,0
22.9,75,10.7,45,1
25.7,66,18.5,35,0
18.4,66,19.6,68,1
23.3,96,26.6,99,1
30.0,30,28.5,6,0
44.4,38,10.6,37,0
28.9,84,8.9,11,1
40.8,36,12.8,57,0
19.7,99,20.0,30,1
42.8,62,15.4,34,0
31.2,23,19.5,57,0
21.0,98,7.2,37,1
40.2,66,27.2,13,0
42.7,100,3.8,39,0
23.6,92,15.8,36,1
28.8,28,10.5,87,1
43.9,46,22.5,69,0
32.6,61,10.1,72,1
38.5,62,13.5,12,0
27.7,66,2.8,34,0
44.1,20,13.2,64,0
41.7,77,24.7,4,0
41.4,33,21.5,58,0
27.6,47,23.8,0,0
44.2,44,8.5,78,0
40.1,77,0.7,87,1
39.5,57,3.0,38,0
20.2,26,22.9,99,0
21.3,56,6.3,24,0
28.2,60,7.2,72,1
32.0,21,27.5,20,0
29.9,76,18.1,39,1
39.3,40,18.7,80,0
22.7,90,21.6,16,1
36.2,29,14.6,6,0
27.8,80,0.2,9,1
34.9,45,3.7,50,0
19.6,64,0.9,40,0
18.6,54,22.7,83,0
32.1,38,15.6,74,0
25.2,41,27.1,88,1
18.7,46,22.8,76,0
29.8,85,26.7,4,1
21.5,28,3.7,79,0
31.8,75,16.0,11,1
37.0,61,11.7,40,0
23.5,89,14.6,74,1
36.5,38,27.5,24,0
41.9,90,25.7,79,1
35.5,57,29.5,74,0
32.7,51,14.6,9,0
25.6,91,7.6,56,1
38.4,87,22.3,31,0
38.9,65,28.4,3,0
31.4,54,7.3,28,0
31.3,16,8.0,74,0
30.1,33,17.9,92,0
20.9,33,27.5,64,0
33.1,55,2.7,18,0
35.4,35,11.1,31,0
26.2,23,5.5,90,1
42.7,89,0.8,7,0
33.8,89,20.0,49,1
44.2,97,0.9,50,1
32.7,34,16.5,2,0
41.5,76,11.8,42,1
34.5,67,5.4,13,0
34.2,64,27.7,88,1
22.4,23,18.1,83,1
29.1,78,10.1,48,1
23.8,41,25.8,25,0
44.7,91,21.0,31,0
24.5,84,5.2,85,1
28.3,18,26.6,92,0
31.1,46,23.4,17,0
44.0,22,19.8,14,0
44.4,21,13.1,45,0
44.2,17,25.3,91,0
29.3,45,19.7,14,0
26.3,66,9.6,36,1
34.2,82,21.3,50,1
18.9,65,10.2,21,1
22.4,53,7.4,67,0
43.9,26,4.5,35,0
27.0,68,8.7,92,1
30.8,73,4.5,0,0
44.8,62,0.5,85,1
19.2,60,16.1,45,0
22.1,57,5.5,11,0
32.5,92,15.6,86,1
21.9,35,16.5,75,1
23.7,64,12.6,8,0
38.7,24,25.7,59,0
26.4,59,28.7,78,1
32.7,60,7.8,79,1
20.4,75,18.5,45,1
39.5,23,29.7,41,0
23.0,76,25.4,97,1
25.2,15,23.2,90,1
36.7,99,23.3,62,1
26.4,43,15.7,41,0
41.1,19,9.7,25,0
23.8,63,10.1,64,1
23.0,67,15.2,15,0
18.3,95,16.0,45,1
41.1,36,24.3,79,0
19.4,77,13.4,45,1
21.8,83,1.6,58,1
31.5,62,16.3,56,0
21.8,19,21.6,43,0
32.2,87,3.2,4,0
18.1,26,18.8,60,0
37.8,36,16.0,63,0
19.0,17,4.5,24,0
40.4,73,19.1,28,0
36.6,89,8.6,32,0
25.0,74,4.6,76,1
24.8,50,23.3,13,0
21.8,80,17.0,98,1
36.0,57,22.1,4,0
43.7,50,22.0,76,0
19.4,19,11.8,99,1
24.4,20,6.8,25,0
28.4,86,14.8,53,1
44.2,37,4.4,58,0
33.5,35,1.1,81,0
30.6,62,0.7,82,1
39.6,75,1.7,54,1
19.1,87,1.1,22,1
32.1,73,16.6,10,0
43.9,100,2.4,3,0
39.4,89,1.2,71,1
38.6,35,28.5,53,0
19.4,44,29.0,72,0
27.8,84,26.5,39,1
25.5,72,3.0,84,1
23.6,98,3.3,75,1
41.4,92,4.4,63,1
28.3,27,12.7,0,0
29.7,79,26.4,90,1
30.0,26,10.5,100,1
40.0,49,0.6,77,0
44.9,53,25.1,15,0
21.9,58,2.9,29,0
33.5,77,24.0,39,0
38.4,39,30.0,58,0
35.4,39,27.9,92,0
20.1,84,11.1,44,1
19.3,89,17.5,63,1
27.4,99,19.4,38,1
30.1,71,11.1,17,0
20.7,57,28.4,53,0
30.4,20,24.5,54,0
20.3,70,16.4,32,1
39.6,40,12.3,82,0
40.9,63,28.2,7,0
25.8,97,20.2,29,1
37.0,50,23.5,41,0
19.2,39,19.7,55,0
43.8,74,5.0,27,0
35.4,35,21.5,72,0
36.1,70,25.5,54,0
27.4,33,25.3,99,1
24.1,17,21.9,80,1
33.9,98,27.1,32,0
35.6,39,14.6,5,0
27.8,56,5.2,97,1
40.9,19,19.9,7,0
44.5,61,6.5,18,0
41.3,55,13.2,64,0
43.0,46,6.3,11,0
28.7,78,14.4,66,1
28.6,73,5.7,59,1
32.4,67,21.5,69,0
30.2,92,27.4,91,1
43.7,39,5.6,77,1
21.9,38,28.4,91,1
31.2,75,27.5,22,0
31.0,66,26.0,18,0
22.3,36,25.4,81,0
30.4,70,15.9,71,1
38.6,87,10.6,60,1
25.6,48,13.3,89,1
29.2,94,1.1,53,1
22.7,24,0.7,82,1
24.5,22,17.9,18,0
41.2,60,1.4,0,0
34.8,83,14.6,82,1
32.1,44,13.0,12,0
39.7,31,4.9,57,0
19.4,37,12.1,55,0
33.4,42,22.9,28,0
34.8,22,21.5,84,0
28.6,18,24.4,47,0
21.2,70,0.2,22,0
42.7,99,16.1,82,1
26.8,44,1.4,75,1
41.9,70,12.6,38,0
40.8,62,0.5,60,0
27.9,76,26.2,68,1
30.4,23,27.5,11,0
27.7,36,9.3,34,0
21.1,22,27.3,100,0
35.0,42,17.2,2,0
19.1,49,21.9,33,0
41.5,29,23.5,59,0
43.6,44,10.3,70,0
37.0,96,0.9,100,1
26.5,69,20.7,87,1
40.4,38,6.3,93,0
44.5,77,18.1,2,1
23.4,18,14.3,50,0
29.0,78,4.7,4,0
28.1,45,20.2,99,1
40.2,54,4.7,19,0
34.0,69,7.0,15,0
41.4,45,26.7,69,0
41.0,79,19.2,56,1
26.6,76,11.9,25,1
44.3,46,26.6,33,0
44.2,97,24.2,51,1
20.6,32,9.4,42,0
21.8,98,23.6,44,1
33.8,81,28.4,43,0
23.4,86,26.8,51,1
35.1,76,11.2,18,0
18.8,44,7.9,45,0
36.7,86,6.3,24,1
28.8,57,28.5,84,1
23.2,80,4.8,73,1
42.4,87,10.7,59,1
29.5,73,15.1,47,0
31.1,33,17.1,47,0
44.9,82,17.4,83,1
42.7,48,4.6,97,0
40.9,37,8.5,52,0
22.4,89,11.5,76,1
20.7,37,5.8,98,1
18.4,20,15.5,86,1
24.0,17,9.4,44,0
38.6,60,20.9,26,0
43.9,85,21.9,64,1
44.5,30,2.0,7,0
40.8,60,24.2,72,1
30.0,61,12.0,65,1
27.4,64,16.2,44,0
36.3,92,20.7,30,0
42.9,98,12.8,38,0
34.7,75,29.1,84,1
32.4,40,28.9,51,0
19.9,45,24.1,34,0
26.4,15,7.5,39,0
38.4,43,29.7,77,0
41.2,70,15.8,85,1
24.8,18,1.3,1,0
36.2,20,19.0,24,0
37.8,93,28.3,48,0
33.1,41,23.2,14,0
26.7,69,4.7,23,0
22.7,60,3.1,48,0
38.2,57,6.7,0,0
34.6,39,16.2,38,0
18.7,54,13.4,92,1
37.2,60,2.7,21,0
44.7,64,5.4,66,0
41.5,60,29.8,98,0
22.8,26,12.2,24,0
41.4,53,26.6,52,0
40.7,75,23.9,83,1
34.4,25,15.1,89,1
25.6,50,1.7,88,1
19.5,21,6.0,37,0
19.4,37,23.7,42,0
34.2,66,2.0,67,0
37.0,75,25.7,16,0
35.3,60,19.6,94,1
24.0,67,14.4,70,1
22.6,87,28.2,49,1
38.4,31,11.5,82,1
39.9,29,18.8,68,0
35.6,88,20.9,24,0
32.8,42,4.8,41,0
35.6,52,8.8,42,0
29.3,45,11.1,28,0
24.8,22,21.3,21,0
30.5,85,25.2,76,1
41.0,68,3.5,30,0
20.7,47,8.5,37,0
41.6,54,28.0,95,0
32.3,17,12.8,58,0
28.7,48,7.6,89,1
34.0,64,9.5,29,0
42.7,43,25.1,8,0
41.9,27,1.8,91,0
20.9,87,21.8,38,1
33.2,26,21.3,100,0
41.9,64,16.8,96,1
26.1,84,19.6,57,1
32.0,33,25.0,11,0
31.3,51,20.6,2,0
29.6,55,14.6,90,1
40.9,52,10.1,44,0
30.3,30,24.4,1,0
27.5,93,22.5,54,1
40.7,98,22.4,14,0
35.9,30,27.2,24,0
42.4,27,5.1,92,0
27.7,41,7.4,82,1
31.1,47,26.7,60,0
43.8,70,14.2,30,0
34.4,17,0.2,24,0
18.8,65,26.8,9,0
40.7,75,24.1,59,0
36.6,34,29.0,100,0
19.3,51,3.8,15,0
29.4,20,22.5,62,0
34.1,94,25.0,100,1
27.5,39,22.9,42,0
27.4,82,24.8,28,1
40.3,38,19.4,57,0
41.5,91,6.0,67,1
35.2,40,26.5,24,0
21.9,49,28.2,65,0
44.5,15,0.6,12,0
18.8,41,16.7,83,1
36.2,98,2.5,84,1
30.5,41,5.5,89,0
19.7,66,22.3,25,0
24.1,88,18.3,84,1
25.6,15,7.1,99,1
37.4,60,29.9,88,1
19.5,48,27.9,26,0
36.3,77,19.9,83,1
23.9,21,0.9,17,0
18.1,100,13.2,31,1
35.8,70,9.8,47,0
38.5,54,21.9,50,0
22.7,16,22.8,24,0
34.3,90,10.0,91,1
24.6,81,1.3,82,1
34.4,90,3.1,100,1
35.1,31,15.7,6,0
19.9,37,20.5,35,0
20.2,28,11.8,53,0
31.9,34,13.3,82,0
37.2,84,2.8,86,1
43.4,60,0.9,71,1
20.6,46,20.4,67,0
31.9,61,0.6,6,0
36.5,72,12.8,92,1
22.6,19,20.8,74,1
39.9,20,13.9,96,0
42.6,84,27.7,79,1
40.1,80,24.2,18,0
41.5,87,8.7,25,0
37.7,88,29.8,39,0
33.5,38,25.6,24,0
21.0,48,18.6,72,1
38.2,57,10.7,75,0
44.7,62,26.0,71,1
39.5,26,12.9,62,0
21.5,46,9.1,22,0
30.4,99,29.5,58,1
29.5,45,23.9,58,0
34.3,56,6.6,34,0
28.4,90,23.9,63,1
36.8,24,26.1,52,0
30.3,67,23.0,72,1
27.1,22,18.9,25,0
29.6,80,13.8,38,1
34.6,24,4.2,91,0
18.5,40,2.6,86,0
18.9,26,29.7,98,0
39.4,60,10.9,5,0
21.1,95,23.4,20,0
26.8,69,12.4,34,0
32.2,48,4.6,35,0
39.3,85,25.2,48,0
35.2,20,11.8,97,0
32.8,99,18.9,49,1
41.5,49,7.1,38,0
33.9,61,18.1,61,1
27.6,36,20.2,30,0
40.3,75,29.7,11,0
29.8,95,24.7,57,1
21.9,15,16.4,6,0
35.5,53,16.4,25,0
44.4,39,29.6,10,0
28.7,65,2.6,70,1
41.3,50,3.7,23,0
33.3,65,6.1,81,1
32.7,73,28.9,73,1
40.5,33,18.5,78,0
43.7,16,25.1,72,0
43.4,91,20.0,76,1
27.8,36,3.0,17,0
37.5,75,26.3,37,0
34.5,34,26.6,98,0
20.2,40,23.8,80,1
20.3,26,17.8,68,0
32.2,57,16.8,57,0
27.0,67,5.4,22,0
21.0,16,5.5,4,0
21.3,54,22.6,95,0
27.3,29,1.7,14,0
19.2,91,22.7,98,1
41.6,41,18.8,56,0
39.7,99,22.4,65,1
36.2,99,3.6,61,0
37.4,37,27.2,99,0
31.9,32,3.9,74,0
24.7,77,8.9,9,1
22.6,74,1.6,26,0
43.0,77,1.9,41,0
28.7,80,6.5,77,1
31.4,63,12.0,89,1
28.7,72,6.0,24,0
44.0,74,4.2,94,1
18.8,82,18.0,46,1
37.2,27,0.3,71,0
29.2,96,16.0,66,1
42.8,57,25.1,47,0
39.5,55,28.0,95,0
26.7,88,4.9,7,1
28.7,77,17.8,88,1
34.9,90,26.4,65,1
21.6,78,9.9,71,1
36.2,64,23.3,81,0
23.3,49,18.0,23,0
30.4,75,11.6,10,1
36.9,15,10.5,3,0
42.1,22,17.4,26,0
39.3,53,4.3,53,0
26.4,27,4.6,64,0
32.7,29,15.8,11,0
25.1,33,1.5,1,0
34.3,15,29.1,68,0
36.1,83,11.4,76,1
22.3,15,18.3,76,1
30.2,82,20.5,99,1
20.7,15,7.1,47,0
42.1,48,15.8,61,0
34.0,39,18.0,15,0
25.9,94,23.8,78,1
34.8,51,4.3,90,0
24.6,61,1.1,72,1
23.2,94,6.7,87,1
23.0,42,17.4,90,1
19.9,87,12.9,30,1
43.8,20,12.1,1,0
39.4,65,4.7,46,0
44.8,96,8.1,69,1
26.7,70,23.8,91,1
20.9,93,9.7,30,1
38.6,40,24.4,64,0
29.1,28,11.7,32,0
35.0,88,22.6,20,1
19.4,57,29.9,89,1
22.8,38,3.4,28,0
43.9,30,18.9,13,0
28.9,59,14.7,41,0
42.3,52,20.9,21,0
22.5,81,7.7,70,1
27.2,28,12.2,75,1
34.3,45,6.1,82,1
20.7,87,1.4,58,1
29.8,69,26.9,82,1
19.9,32,20.1,40,0
22.1,70,22.4,61,1
41.4,64,11.1,100,1
39.5,62,24.0,65,0
21.9,97,3.9,35,0
37.7,96,4.1,93,1
18.9,90,23.1,22,1
37.6,21,4.5,53,0
33.5,28,26.0,14,0
31.1,64,10.2,84,1
37.4,27,20.7,55,0
36.4,35,22.1,26,0
44.7,53,6.1,100,0
29.5,97,16.3,32,1
44.5,66,22.9,98,1
37.1,63,2.3,64,0
38.7,58,16.8,83,0
26.3,94,25.4,87,1
39.5,96,4.3,26,0
39.5,77,10.7,86,1
18.9,64,12.4,21,1
31.4,34,3.2,21,0
35.5,53,7.3,16,0
19.5,70,18.4,4,0
39.0,28,12.0,34,0
25.3,30,2.8,22,0
19.9,42,23.5,96,1
35.4,25,19.4,47,0
35.8,33,14.5,69,0
36.0,30,11.7,43,0
24.7,61,22.0,77,1
33.2,98,5.1,74,1
44.7,35,25.4,7,0
30.2,100,3.2,13,1
42.7,85,29.7,91,1
25.9,37,14.4,22,0
33.9,53,9.7,58,0
36.8,40,26.3,72,0
38.6,52,22.9,92,0
21.1,69,16.7,3,0
29.9,62,4.9,57,1
24.7,19,11.7,12,0
26.1,30,27.3,77,0
37.0,28,5.7,72,0
35.9,58,1.0,15,0
27.7,28,2.7,72,1
26.0,75,16.7,55,1
29.2,51,6.0,13,0
23.0,66,2.1,46,0
19.5,36,9.4,0,0
43.2,53,26.9,9,0
33.2,98,18.7,41,1
35.3,20,18.2,22,0
23.6,97,5.5,34,1
21.7,86,9.5,73,1
24.5,58,0.8,74,1
32.3,42,20.4,85,0
26.9,15,18.9,85,1
42.6,48,13.6,41,0
32.2,86,6.3,69,1
23.5,50,14.4,82,1
20.5,23,9.3,33,0
31.8,45,11.2,52,0
33.3,98,8.4,86,1
29.4,86,20.1,58,1
30.1,92,0.2,85,1
41.1,35,18.4,98,1
18.2,26,14.6,79,1
37.0,41,5.4,56,0
18.1,29,3.2,100,1
35.5,84,12.2,85,1
34.3,65,9.3,48,0
32.1,80,18.4,92,1
34.3,24,20.2,63,0
32.5,71,1.8,93,1
18.8,91,20.0,93,1
28.7,96,6.3,50,1
35.6,31,21.5,66,0
39.0,38,10.5,52,0
21.9,89,25.1,41,1
18.8,72,18.2,47,0
42.8,81,24.8,94,1
33.2,47,29.9,61,0
22.6,23,1.3,21,0
42.5,61,18.4,92,1
23.5,21,27.4,29,0
43.6,30,15.0,61,0
24.8,76,13.8,3,1
28.6,38,20.9,98,0
20.0,86,3.3,23,1
31.9,75,1.6,57,1
37.0,39,3.8,88,0
41.0,50,4.7,81,0
42.9,46,27.2,50,0
42.7,81,8.4,55,1
28.3,99,7.2,13,1
20.8,43,25.4,100,0
32.6,29,5.2,28,0
18.7,39,16.8,12,0
21.4,15,21.3,35,0
44.6,70,6.5,61,0
36.0,78,29.2,3,1
22.7,15,0.8,96,1
32.8,89,18.2,67,1
45.0,35,12.8,96,0
29.2,86,1.1,36,0
32.7,16,6.0,69,0
41.3,43,13.0,9,0
28.5,41,24.8,60,0
32.0,61,5.3,13,0
35.2,82,19.2,83,1
36.7,74,3.2,69,0
18.7,44,21.3,13,0
20.9,36,13.9,63,0
35.8,52,1.7,77,0
26.8,65,13.7,48,0
20.3,47,7.5,93,1
41.2,76,18.2,59,1
20.9,55,14.4,37,0
31.6,70,12.3,16,0
19.3,79,8.4,41,1
32.7,25,15.1,30,0
19.8,37,8.0,71,1
20.4,28,8.1,0,0
34.2,59,14.0,20,0
41.0,26,20.8,97,0
34.3,66,9.5,30,0
35.7,48,15.7,20,0
36.7,26,10.1,5,0
33.9,70,21.0,91,1
21.3,67,16.7,9,1
42.6,73,7.6,49,0
33.4,36,1.2,31,0
35.8,62,11.8,16,0
21.5,98,29.1,74,1
33.6,62,29.0,24,0
19.9,91,28.1,74,1
35.9,99,15.8,39,1
41.8,100,1.3,60,0
37.1,45,24.0,85,0
20.3,66,21.6,13,0
38.1,90,7.7,95,1
28.9,93,15.3,44,1
28.8,23,21.1,5,0
26.5,18,13.0,15,0
43.1,68,17.7,53,0
23.3,71,23.1,86,1
25.7,56,23.5,9,0
39.4,17,21.5,95,0
26.4,73,20.6,35,0
37.5,100,17.2,20,0
39.2,84,24.9,12,1
23.8,42,13.4,72,1
32.7,86,14.7,31,1
41.4,98,3.0,6,0
43.1,26,25.7,93,0
43.4,20,24.9,27,0
29.1,87,28.5,34,1
22.7,76,22.8,85,1
24.9,79,8.6,30,1
28.7,72,23.5,11,0
38.9,35,10.5,98,0
36.4,46,6.9,63,0
30.7,42,27.3,17,0
29.7,64,11.6,91,1
43.7,92,26.8,50,0
25.0,36,29.4,50,0
35.4,96,19.3,40,0
23.1,87,5.1,1,1
24.0,15,0.5,68,0
39.2,83,18.5,75,1
39.5,57,14.6,37,0
38.0,31,16.6,12,0
40.4,30,15.3,51,0
33.8,98,5.2,14,0
41.6,31,5.4,68,0
21.1,25,29.6,36,0
31.9,77,16.5,77,1
40.6,43,19.4,29,0
18.8,38,10.7,42,0
34.6,68,9.5,85,1
18.2,74,26.8,52,1
36.4,68,1.2,35,0
29.3,81,2.5,9,1
39.8,67,16.9,35,0
34.8,85,24.3,43,0
42.6,82,17.2,12,1
31.2,96,1.7,1,1
27.0,95,2.3,33,1
39.8,17,29.3,9,0
23.7,50,6.1,76,1
32.3,76,27.6,29,0
26.1,87,3.5,84,1
23.7,67,15.0,29,0
34.7,70,9.2,61,1
22.9,69,21.7,99,1
41.3,96,19.0,27,1
36.1,76,22.5,51,0
21.9,54,3.5,43,0
32.2,21,3.4,76,0
36.8,67,8.9,96,1
24.1,38,1.9,19,0
24.7,43,26.8,10,0
37.1,21,19.4,75,0
33.8,29,4.2,81,0
36.4,93,0.4,22,1
44.1,23,15.7,77,0
19.7,18,17.5,31,0
28.1,39,2.2,13,0
41.1,21,20.8,59,0
41.9,74,21.8,1,0
36.7,28,23.6,64,0
20.0,36,10.9,3,0
24.5,18,6.6,51,0
31.8,61,10.9,3,0
40.3,44,22.0,4,0
20.8,19,7.4,85,1
19.1,69,23.4,6,0
26.0,56,3.7,49,0
25.2,76,29.7,90,1
26.2,43,14.5,49,0
19.0,34,10.9,72,1
25.7,35,16.0,56,0
36.2,28,8.1,66,0
35.9,41,8.9,12,0
31.1,90,3.0,17,1
20.2,69,16.7,62,1
28.5,77,3.1,4,0
30.2,86,10.7,73,1
38.7,97,3.1,7,0
41.0,89,23.7,55,1
22.2,77,24.3,57,1
33.6,47,6.5,61,0
21.8,19,6.0,47,0
44.9,16,5.6,100,0
31.6,92,11.4,30,1
42.4,40,22.7,99,0
21.9,38,23.4,86,0
28.7,36,8.6,98,1
33.8,57,7.5,17,0
39.1,50,1.0,28,0
37.6,33,23.6,46,0
23.7,39,12.7,52,0
20.4,30,11.5,19,0
18.1,91,5.0,5,1
31.8,96,24.9,83,1
32.3,25,1.3,87,0
33.1,74,4.8,97,1
24.9,32,17.4,74,1
41.8,63,6.0,73,1
31.2,43,17.9,22,0
24.0,38,19.2,15,0
22.5,79,20.3,30,0
41.6,51,6.9,11,0
20.0,87,17.9,92,1
40.6,67,9.7,94,1
37.7,53,10.2,70,0
34.6,92,14.1,10,1
25.7,93,5.3,29,1
27.2,59,17.5,14,0
25.7,31,27.2,52,0
35.1,28,16.6,92,0
33.9,61,19.6,65,1
32.9,15,1.1,9,0
30.2,17,28.7,56,0
34.4,66,19.0,18,0
38.4,84,2.9,21,0
38.4,78,16.3,6,0
44.0,86,28.5,89,1
40.9,33,20.6,57,0
32.5,63,2.4,49,0
22.3,37,16.9,24,0
42.5,84,14.0,100,1
20.4,81,4.0,9,0
36.3,34,3.0,64,0
33.9,16,20.0,12,0
40.8,99,0.3,40,0
22.3,49,29.4,37,0
27.5,90,25.8,32,1
42.0,90,28.3,19,0
43.1,22,11.3,98,1
40.1,34,28.0,86,0
34.3,27,28.8,88,0
28.1,81,5.4,94,1
36.7,86,5.8,73,1
20.2,26,21.4,94,1
32.3,64,28.1,78,1
37.6,18,17.0,76,0
39.4,24,13.0,93,0
40.0,53,0.7,5,0
22.5,35,29.6,57,0
32.4,70,7.5,99,1
27.5,96,6.9,4,1
40.2,78,1.4,15,0
25.6,28,11.4,92,1
25.0,39,6.8,41,0
40.2,53,5.6,55,0
38.0,85,27.1,90,1
18.3,45,14.6,25,0
19.9,31,9.8,73,1
20.3,16,21.2,60,0
25.8,83,24.5,30,0
31.8,31,9.0,53,0
19.6,73,15.1,12,0
42.5,60,18.8,27,0
20.1,24,24.7,53,0
21.0,20,26.8,78,1
29.0,61,19.0,59,1
33.4,23,25.0,22,0
20.8,57,15.3,37,0
21.9,88,15.2,48,1
29.0,90,19.6,80,1
27.0,62,28.1,56,0
31.7,39,12.9,18,0
43.6,74,17.3,57,1
19.2,100,10.1,32,1
42.5,39,3.5,75,0
38.2,34,7.3,67,0
36.5,95,6.1,73,1
27.3,77,6.6,39,1
38.0,33,0.7,56,0
28.9,91,9.9,32,1
39.7,98,11.6,92,1
20.3,64,0.6,64,0
32.0,15,13.4,50,0
35.9,56,3.0,26,0
22.3,49,7.9,60,1
28.0,30,27.2,67,0
44.2,26,22.4,68,0
36.8,87,13.2,4,1
19.8,46,26.0,63,0
44.1,61,13.6,1,0
42.6,27,27.6,19,0
24.1,44,23.8,6,0
38.4,92,23.2,92,1
33.9,86,26.7,67,1
34.8,33,16.5,88,0
19.0,60,9.9,69,1
44.1,93,2.7,56,1
38.5,96,25.3,48,0
29.2,42,5.0,13,0
39.4,38,15.9,86,1
20.2,37,2.9,30,0
18.1,73,2.1,30,0
44.0,70,3.8,42,0
32.5,51,6.6,55,0
41.0,22,7.6,0,0
28.8,81,0.5,31,0
35.1,73,22.7,92,1
27.6,17,26.4,59,0
37.3,41,27.4,88,0
42.3,28,14.3,90,1
33.1,23,7.8,26,0
44.8,34,4.1,68,0
21.0,85,3.9,50,1
37.1,59,15.7,54,0
25.6,99,23.4,50,1
34.2,80,21.3,56,1
37.2,55,11.3,15,0
38.6,20,26.4,15,0
18.1,44,9.4,60,0
20.3,38,8.4,73,1
37.1,45,25.4,17,0
41.1,66,29.9,57,0
35.8,88,25.0,87,1
36.7,77,3.9,59,1
18.4,49,2.4,23,0
44.2,34,23.0,65,0
39.2,24,27.2,77,0
27.6,75,26.5,45,1
35.8,77,24.2,5,0
22.1,30,27.5,24,0
39.5,90,11.7,23,1
37.6,98,6.8,44,0
36.3,50,14.5,57,0
24.5,64,4.9,26,0
22.8,59,26.3,98,0
32.5,69,12.7,0,0
25.0,58,27.8,19,0
36.4,73,6.1,16,0
18.5,72,17.7,89,1
39.5,57,5.6,64,0
42.1,79,27.3,89,1
44.3,96,9.8,46,1
22.4,20,11.9,26,0
31.2,64,19.4,58,1
40.2,18,8.3,71,0
43.2,77,18.5,71,1
23.4,34,23.7,91,1
22.0,86,5.3,3,1
32.4,19,27.0,29,0
27.9,85,16.7,11,1
39.0,36,3.7,21,0
37.8,69,7.8,50,0
19.6,62,16.6,32,0
24.7,34,16.4,92,1
27.9,80,24.2,100,1
25.1,29,11.2,97,1
21.0,92,14.9,83,1
41.3,47,23.3,28,0
27.5,19,8.9,45,0
24.1,55,29.6,55,0
37.1,73,23.2,18,0
39.4,38,25.7,45,0
22.6,60,16.1,73,1
39.8,99,24.4,50,0
31.7,15,16.9,56,0
40.0,21,0.3,45,0
31.6,80,17.5,35,0
34.1,65,25.3,57,0
25.8,49,7.1,77,1
30.7,56,16.8,32,0
37.9,90,27.0,62,1
39.3,49,17.0,71,0
24.9,83,10.6,51,1
36.1,23,7.7,55,0
40.6,89,28.0,37,1
27.5,90,17.8,33,1
35.5,91,22.5,91,1
42.2,70,2.5,44,0
39.8,43,7.0,51,0
30.8,28,20.1,70,0
39.7,25,29.1,6,0
41.2,24,0.6,66,0
40.2,80,26.3,38,0
31.4,51,11.3,96,1
23.0,38,10.5,50,0
34.5,37,28.5,26,0
36.7,43,27.1,44,0
43.9,44,5.3,1,0
31.2,38,9.7,87,0
43.3,65,4.7,29,0
32.6,64,23.5,42,0
43.7,87,4.8,6,0
20.5,39,6.0,96,1
34.2,74,9.5,27,0
38.5,89,11.5,74,1
20.2,92,2.6,58,1
30.5,60,19.4,93,1
19.0,43,11.6,90,1
22.9,33,1.0,11,0
29.8,19,4.0,96,1
21.8,63,9.2,52,1
31.9,41,12.7,47,0
26.1,20,23.0,56,0
44.1,21,7.4,5,0
37.0,30,3.4,85,0
31.2,73,13.1,13,0
31.8,73,4.3,28,0
33.1,40,20.4,85,0
32.9,70,10.3,68,0
39.3,31,26.8,34,0
42.8,56,21.5,4,0
29.7,62,25.7,90,1
40.0,67,13.3,56,0
33.1,24,2.3,81,0
23.4,54,4.4,35,0
38.7,24,22.2,62,0
40.9,87,5.7,50,1
41.9,79,28.5,46,0
21.7,59,17.3,79,1
21.8,81,3.5,18,1
19.7,29,20.3,21,0
23.5,36,17.0,84,1
33.5,50,29.3,0,0
40.8,85,19.6,13,1
38.4,28,9.8,58,0
27.8,49,2.6,79,0
26.8,78,15.6,14,1
28.7,36,4.1,25,0
42.6,67,16.4,61,0
33.7,67,7.4,15,0
31.8,84,1.7,84,1
44.4,81,29.5,16,1
23.7,93,25.5,92,1
42.8,33,4.7,65,0
22.3,52,2.2,94,0
35.2,68,5.8,32,0
43.2,33,13.0,8,0
26.1,20,22.4,63,0
39.9,83,21.9,85,1
30.4,27,11.5,62,0
21.2,61,20.8,19,0
18.1,17,29.3,96,1
31.7,42,5.5,0,0
31.1,28,12.6,67,0
25.4,78,10.1,68,1
18.1,33,18.3,34,0
42.0,36,12.2,1,0
33.0,22,2.3,49,0
30.9,32,5.4,65,0
30.1,84,28.2,79,1
21.9,20,18.8,86,1
43.9,80,24.4,95,1
42.3,54,18.6,6,0
19.2,26,21.7,70,1
38.9,22,24.1,14,0
35.1,98,13.2,9,1
21.1,36,15.7,88,1
35.9,16,20.8,12,0
23.6,86,18.8,9,1
41.2,45,9.6,61,0
21.1,42,1.9,84,1
30.1,77,6.8,0,0
41.8,96,18.6,70,1
35.0,32,18.4,31,0
37.7,43,26.4,49,0
42.2,95,18.0,36,0
31.5,41,1.2,89,0
34.9,66,23.1,85,1
33.2,85,10.2,75,1
25.4,19,13.2,68,0
32.5,100,3.2,90,1
34.2,30,28.5,19,0
23.4,89,25.7,65,1
29.5,41,1.2,43,0
43.8,48,20.5,87,0
22.2,70,2.9,54,1
19.0,43,7.5,72,1
36.2,16,23.1,40,0
31.5,26,24.4,43,0
37.0,57,6.0,12,0
23.5,24,9.9,61,0
40.9,15,24.6,32,0
36.9,30,25.2,72,0
24.0,72,22.9,89,1
22.4,37,3.5,56,0
35.0,19,25.9,97,0
42.0,49,25.3,64,0
35.3,100,6.1,61,1
44.1,73,14.2,5,0
20.5,56,10.9,4,0
36.4,40,22.8,54,0
20.7,19,22.0,71,0
41.1,71,14.7,16,0
37.1,15,18.6,34,0
22.4,76,27.0,48,1
22.2,92,12.6,15,1
38.5,21,16.9,80,0
34.5,49,18.1,27,0
44.2,75,18.0,53,1
23.8,23,11.7,9,0
33.6,83,22.8,69,1
28.6,68,3.4,29,0
37.9,32,23.5,19,0
34.1,81,5.9,61,1
37.6,58,5.6,35,0
21.6,97,21.4,93,1
36.0,62,22.2,89,1
21.6,24,11.5,49,0
38.5,79,14.6,100,1
33.4,25,14.5,34,0
34.9,83,8.0,9,1
22.0,70,13.9,25,0
24.8,30,12.6,26,0
33.1,96,17.7,18,1
27.8,92,10.9,20,1
39.5,77,3.4,81,1
22.7,40,29.6,28,0
21.0,46,6.3,31,0
38.8,26,17.6,27,0
36.4,30,12.9,76,0
37.4,42,5.7,68,0
24.4,59,9.6,12,0
32.9,100,25.0,19,1
30.2,77,29.0,86,1
31.5,57,6.0,99,0
30.7,74,20.5,94,1
18.0,44,5.0,53,0
25.4,28,2.4,80,0
34.1,16,24.1,100,0
25.3,74,24.0,79,1
22.7,39,12.3,2,0
43.5,68,21.4,13,0
27.1,97,25.8,47,0
37.6,40,7.8,7,0
37.4,82,27.3,45,0
36.3,54,11.6,72,0
37.7,67,2.8,42,0
44.1,94,24.0,50,0
23.2,27,13.7,23,0
23.4,93,14.9,14,1
42.9,22,4.5,89,0
39.5,42,6.0,35,0
25.1,70,0.6,54,0
41.0,15,23.6,1,0
28.5,43,15.4,33,0
35.1,93,17.3,21,1
34.6,48,4.0,67,0
36.9,85,3.1,47,0
40.3,92,28.3,13,0
41.7,49,7.8,3,0
33.4,96,21.9,49,0
21.5,28,17.4,0,0
36.8,76,20.5,13,0
37.4,73,5.3,54,1
32.8,87,1.7,32,0
22.1,16,18.6,98,1
33.2,47,15.4,12,0
36.9,17,5.8,8,0
36.8,81,29.5,5,0
41.5,61,22.4,13,0
25.1,61,7.7,41,0
24.1,97,19.7,9,1
18.7,74,19.4,26,0
18.4,62,19.7,10,0
39.0,55,5.9,63,0
39.6,25,5.5,96,1
39.7,19,21.3,65,0
26.6,58,9.2,78,1
18.3,25,16.8,5,0
40.1,50,23.7,68,0
30.6,16,17.4,64,0
44.0,85,6.5,11,1
43.3,17,0.6,28,0
24.1,100,29.3,80,1
24.4,86,19.8,60,1
41.6,38,14.7,5,0
36.8,44,5.0,21,0
36.4,42,18.9,5,0
34.4,23,1.0,68,0
40.2,51,19.9,98,0
31.8,35,28.4,3,0
28.4,17,11.6,95,1
30.0,33,11.2,35,0
22.9,52,27.5,23,0
18.6,36,24.3,80,0
33.3,59,19.9,59,0
40.5,84,11.3,42,1
18.7,72,21.2,50,1
40.8,29,26.7,94,0
39.1,79,9.8,7,1
25.8,81,18.3,60,1
41.8,65,30.0,47,0
20.2,81,28.1,36,1
36.7,40,7.2,98,1
22.2,26,20.9,80,0
34.9,24,1.8,24,0
38.4,58,19.8,38,0
43.7,46,17.5,10,0
20.7,69,8.1,11,0
34.4,53,4.2,32,0
31.7,83,20.4,18,0
41.0,22,22.1,63,0
25.0,43,5.3,86,1
21.5,19,24.5,78,0
35.9,74,11.4,57,0
44.9,51,29.3,95,0
33.8,71,24.7,21,0
32.4,42,11.2,13,0
27.6,85,11.9,36,1
40.9,73,7.8,78,1
39.3,68,15.0,23,0
35.4,62,18.8,36,0
25.5,86,3.8,56,1
27.7,16,8.0,32,0
29.6,48,10.7,97,1
28.7,99,20.0,97,1
21.6,48,18.6,71,1
20.4,96,6.7,59,1
31.9,18,7.8,80,0
25.4,61,27.6,51,1
24.2,67,5.9,92,1
37.2,38,0.4,55,0
30.1,48,15.6,4,0
38.0,69,19.4,42,0
29.4,79,21.0,62,1
30.0,40,16.6,90,1
35.8,51,3.6,36,0
31.3,67,23.0,82,1
40.4,93,5.8,20,1
36.0,47,8.8,69,0
30.2,61,20.1,78,1
31.9,24,27.4,35,0
22.3,63,20.7,70,1
41.6,22,2.1,79,0
39.2,31,26.8,0,0
22.9,95,0.1,67,1
26.9,60,3.1,68,1
20.1,63,24.6,25,0
35.9,61,9.8,24,0
36.3,51,2.2,96,0
41.8,58,5.4,67,0
23.6,17,2.4,34,0
32.9,23,4.3,81,1
40.2,99,22.3,2,0
43.4,23,21.1,84,0
23.8,85,0.7,84,1
44.4,78,15.3,72,1
22.0,35,6.8,4,0
24.7,27,18.3,1,0
29.5,98,26.8,36,0
19.8,63,14.9,98,1
20.8,98,7.7,18,1
27.2,46,18.7,71,1
40.0,47,5.2,36,0
19.0,81,23.3,87,1
20.2,53,5.6,0,0
27.9,56,11.3,97,1
42.5,40,21.2,85,0
44.3,39,28.3,2,0
23.1,26,6.6,88,1
19.5,87,18.2,81,1
28.6,36,27.4,0,0
24.3,53,22.9,89,0
21.2,45,12.0,99,1
22.2,100,26.2,60,1
25.5,70,8.2,76,1
33.4,97,13.2,28,0
34.3,76,10.1,91,1
43.3,44,10.2,26,0
40.5,21,11.2,0,0
39.8,48,1.4,66,0
26.2,59,2.6,71,1
36.6,46,20.0,44,0
39.3,27,4.7,77,0
18.6,60,1.4,11,0
40.3,92,10.0,77,1
35.0,82,13.0,88,1
34.1,63,5.2,72,1
23.8,51,22.2,98,1
36.3,66,12.5,52,0
31.0,51,6.9,69,0
37.5,99,28.8,64,0
35.4,39,13.4,55,0
35.2,18,25.2,65,0
36.3,46,7.6,25,0
38.2,50,22.4,91,0
23.8,43,13.3,21,0
39.3,86,22.7,36,0
40.7,52,21.8,9,0
31.2,50,29.7,7,0
36.0,97,23.3,16,0
20.2,95,27.2,4,1
36.5,96,22.6,39,0
41.3,83,7.3,91,1
20.5,39,4.2,31,0
20.5,23,24.9,81,1
27.8,76,16.8,96,1
44.5,82,16.2,61,1
36.4,58,27.8,75,0
33.0,92,7.5,11,1
36.9,95,4.8,90,1
19.0,35,3.0,80,1
34.4,36,26.1,72,0
36.6,44,3.6,1,0
41.1,51,12.2,89,1
35.1,63,21.2,56,0
32.5,35,6.5,21,0
23.6,86,27.8,83,1
44.6,87,14.1,94,1
20.3,87,19.6,56,1
40.3,95,25.2,63,1
18.2,71,9.8,13,0
33.5,19,8.5,65,0
32.7,61,19.9,14,0
22.3,54,8.3,44,0
18.7,70,4.8,11,0
44.7,78,8.4,68,1
43.9,91,0.6,78,1
18.7,65,23.2,7,0
40.3,60,12.5,7,0
28.4,85,27.2,85,1
37.9,46,2.1,80,0
38.6,83,22.9,58,0
32.9,49,20.5,45,0
31.7,32,29.7,27,0
37.3,45,15.1,98,0
39.1,63,24.1,88,1
36.9,35,10.3,43,0
39.0,87,17.3,100,1
29.9,41,27.9,4,0
18.1,94,29.4,9,1
40.4,70,16.3,1,0
36.4,67,18.7,11,0
27.2,33,23.4,7,0
29.8,65,18.8,8,0
20.3,99,1.9,31,1
20.4,21,8.2,32,0
25.4,56,18.6,27,0
29.3,39,15.2,11,0
41.0,99,27.8,52,0
39.0,90,16.1,74,1
26.2,91,15.5,33,1
31.3,54,23.1,75,0
34.9,73,28.7,30,0
39.4,22,19.9,23,0
26.2,49,0.6,53,0
34.1,92,14.5,56,1
27.9,100,27.1,48,1
38.5,92,7.6,3,0
33.4,18,17.5,79,1
33.5,97,8.7,39,0
27.7,62,10.9,44,0
34.6,29,24.9,12,0
42.2,32,6.9,94,0
23.2,17,1.2,68,0
37.9,61,21.0,62,0
35.8,77,23.4,21,0
28.2,82,19.5,35,1
42.2,77,14.1,16,0
41.5,80,20.9,92,1
37.0,63,19.9,13,0
20.0,91,23.3,75,1
43.7,53,28.0,83,0
31.3,69,29.0,86,1
33.0,64,19.3,53,0
26.5,100,24.3,40,1
42.4,69,14.2,51,0
32.3,17,12.2,35,0
40.0,34,25.4,84,0
21.4,25,22.7,97,0
42.5,55,10.0,88,1
19.3,39,22.7,0,0
43.4,60,29.7,0,0
36.6,29,24.8,70,0
22.0,21,7.6,68,0
37.8,95,25.6,45,0
24.4,67,10.4,71,1
37.6,53,20.8,20,0
38.9,53,23.8,6,0
42.3,89,6.3,28,1
38.7,53,13.9,37,0
32.1,67,7.1,17,0
22.5,83,5.6,51,1
38.8,50,12.1,10,0
34.7,89,18.9,39,1
43.5,21,14.3,71,0
35.9,91,24.0,0,0
37.9,94,12.2,77,1
31.0,68,2.4,16,0
26.1,22,0.2,20,0
37.9,42,22.0,49,0
28.4,81,12.4,21,1
31.7,28,4.0,59,0
32.5,42,0.8,80,0
32.1,49,3.4,100,0
24.2,92,17.2,57,1
18.8,47,10.9,39,0
25.9,39,14.8,31,0
36.9,26,12.1,36,0
34.9,54,4.9,48,0
28.0,57,29.3,38,0
37.2,34,20.0,37,0
39.8,60,15.1,64,0
32.8,29,11.7,91,0
23.1,57,28.0,20,0
40.4,34,26.7,78,0
27.0,99,27.2,25,1
33.7,48,25.6,94,0
32.5,78,13.2,0,0
28.9,24,20.1,34,0
26.0,58,24.2,11,0
33.5,37,17.1,68,0
30.0,32,17.0,70,1
43.8,48,5.8,56,0
28.2,34,13.8,18,0
28.5,17,19.0,74,1
40.3,35,7.1,79,0
41.7,79,29.6,100,1
21.9,47,23.9,13,0
36.4,80,20.5,28,0
25.9,33,19.1,43,0
39.8,82,9.2,67,1
30.3,100,8.5,38,1
26.0,58,17.9,100,1
33.4,41,1.8,55,0
32.1,58,16.8,71,1
39.9,42,15.7,13,0
32.3,50,27.4,88,1
22.6,44,12.9,40,0
31.8,62,7.5,15,0
18.8,28,11.8,21,0
19.2,74,29.2,28,0
33.4,24,21.3,24,0
26.7,27,22.4,44,0
21.9,82,15.0,88,1
36.0,15,6.4,55,0
22.2,35,20.3,34,0
38.1,72,20.7,69,0
27.9,15,3.4,66,0
27.2,62,7.4,34,0
44.1,61,10.9,51,0
42.6,36,16.8,75,0
30.3,25,7.8,1,0
37.6,96,19.1,62,1
27.9,37,17.5,98,1
43.1,45,6.7,93,1
37.7,91,3.8,50,1
35.5,37,28.9,15,0
23.4,93,4.6,0,0
26.9,21,19.1,33,0
21.7,26,10.2,52,0
25.7,88,16.8,20,1
39.4,27,9.3,95,0
21.2,38,17.8,33,0
22.8,34,12.2,99,1
36.5,29,17.4,64,0
22.5,67,7.7,42,1
36.2,32,15.4,52,0
26.5,20,29.6,84,1
24.4,50,15.5,67,0
30.9,29,15.2,51,0
31.4,78,25.9,18,0
22.1,92,23.4,62,1
35.6,22,25.5,22,0
29.7,16,25.8,2,0
27.2,83,17.7,67,1
37.7,50,27.7,95,0
33.5,98,23.8,19,0
20.0,25,6.7,8,0
26.7,91,14.7,67,1
20.1,42,19.1,99,1
23.0,100,8.8,16,1
40.9,70,2.0,50,0
26.9,18,25.5,66,0
21.6,22,26.4,0,0
32.2,41,17.7,94,1
23.2,52,21.2,84,0
36.6,38,18.0,88,1
34.7,40,6.0,99,1
23.4,48,7.1,52,0
40.1,45,4.9,23,0
29.1,52,15.5,90,1
28.8,50,6.5,9,0
25.8,65,19.7,16,1
24.8,59,3.4,45,0
43.8,74,21.9,82,1
31.3,33,24.3,45,0
26.9,62,18.9,8,1
22.1,36,29.7,69,0
18.2,43,5.7,63,0
37.5,39,18.0,17,0
38.2,37,9.1,97,0
30.8,84,3.5,13,0
19.5,96,26.3,12,1
33.9,73,0.7,61,0
28.0,96,22.2,29,1
33.1,17,4.0,67,0
33.8,74,14.5,61,1
28.9,61,23.2,91,1
29.5,78,9.7,29,1
34.4,31,14.7,43,0
23.2,42,21.3,25,0
26.0,86,7.8,58,1
20.6,64,25.6,60,1
43.1,97,25.1,31,0
44.1,47,27.0,64,0
44.1,96,9.3,19,0
39.9,72,17.2,1,0
22.3,24,5.4,19,0
23.5,47,3.6,38,0
38.5,72,12.2,21,0
42.1,53,5.9,95,0
44.2,66,29.0,30,0
42.2,78,13.7,8,1
42.3,41,20.4,11,0
44.2,24,15.1,74,0
29.5,68,14.4,87,1
28.3,26,29.4,29,0
41.6,60,27.1,51,0
39.5,33,20.8,75,0
24.5,77,1.9,5,1
18.0,92,19.3,88,1
34.1,55,16.6,73,0
32.1,77,7.0,17,0
43.3,92,16.9,3,1
35.7,25,29.8,67,0
44.0,99,9.2,87,1
29.4,69,2.6,20,0
37.1,58,12.2,59,0
18.7,47,14.1,20,0
36.0,63,27.2,32,0
23.9,87,11.3,87,1
42.4,88,10.3,99,1
27.8,60,5.5,39,0
38.1,73,15.2,46,0
43.3,55,18.3,5,0
43.1,20,17.9,63,0
31.8,47,2.4,29,0
22.0,79,25.4,43,1
36.4,33,9.1,65,0
19.4,66,18.8,61,1
35.0,27,17.8,90,1
29.3,72,28.6,53,1
19.0,44,18.3,12,0
42.5,52,23.7,91,0
31.4,66,24.9,64,0
39.4,74,17.4,36,0
33.6,55,7.8,80,0
42.3,73,21.1,98,0
37.5,43,25.6,11,0
20.0,23,29.1,35,0
33.2,72,24.2,73,1
32.2,71,4.1,26,0
32.3,27,8.6,87,0
20.5,30,15.4,35,0
28.2,41,9.8,89,1
35.1,75,16.7,93,1
37.8,71,15.6,55,1
41.1,59,6.7,44,0
27.1,77,0.6,83,1
43.3,44,5.9,25,0
33.9,68,13.7,3,0
32.6,45,13.0,70,0
34.6,54,0.8,24,0
36.5,85,19.6,85,1
23.9,66,20.0,79,1
29.0,72,6.8,4,1
23.5,26,27.5,82,0
39.0,94,12.2,62,1
42.9,60,3.9,29,0
36.0,28,18.4,35,0
20.1,33,7.4,25,0
31.9,41,29.5,41,0
31.1,68,4.7,33,0
36.5,46,12.0,44,0
43.2,46,18.0,86,0
34.1,66,27.2,86,1
26.2,38,29.4,28,0
24.2,35,3.3,53,0
27.4,62,9.6,50,1
33.4,16,24.4,94,0
35.2,51,15.4,52,0
27.0,37,8.2,1,0
27.2,76,25.3,89,1
31.2,99,14.4,41,0
30.5,74,18.7,8,0
22.5,74,1.4,73,1
22.6,45,29.2,1,0
43.1,39,11.0,34,0
35.1,76,24.8,100,1
30.7,19,24.2,14,0
33.2,67,20.1,63,0
22.8,96,25.1,42,0
28.1,98,10.7,65,1
38.6,59,1.8,100,0
42.7,93,14.0,96,1
20.9,50,13.4,59,0
35.3,81,24.9,43,0
39.9,96,5.3,59,1
37.1,25,7.7,39,0
32.6,54,14.7,85,1
20.4,64,25.4,22,0
26.2,96,3.1,18,1
38.5,41,3.9,79,0
34.0,97,3.0,75,1
36.6,92,4.2,61,0
34.0,15,21.7,15,0
29.4,52,3.2,8,0
19.1,18,0.6,78,1
36.8,69,15.4,44,0
31.8,54,9.2,1,0
42.5,70,14.8,20,0
20.5,69,13.0,37,1
30.6,66,20.4,80,1
27.2,84,2.5,98,1
34.6,64,11.9,71,1
34.6,73,0.6,93,1
28.4,35,9.6,38,0
19.0,61,16.9,96,1
24.3,31,25.1,59,0
33.9,66,12.6,21,0
40.1,98,9.9,18,1
20.3,47,6.2,64,0
28.4,43,9.1,62,0
39.8,33,13.9,62,0
36.6,60,26.2,78,1
42.7,67,21.2,59,0
29.3,37,17.6,42,0
44.4,23,8.7,38,0
40.0,46,14.5,36,0
40.8,60,2.1,13,0
20.6,16,25.5,14,0
18.4,29,12.5,10,0
20.0,40,10.4,97,1
30.4,75,1.9,91,1
24.1,99,4.0,7,1
22.1,71,0.3,73,1
41.9,63,29.1,29,0
28.8,33,0.5,18,0
28.3,31,28.4,73,1
27.0,58,27.0,83,1
31.1,80,1.8,83,1
27.5,28,11.5,54,0
21.1,31,16.0,85,1
39.2,22,4.8,37,0
29.2,95,15.1,87,1
21.8,48,27.3,4,0
22.1,28,9.2,62,0
29.0,49,17.2,40,0
26.9,73,8.5,42,0
28.1,98,28.1,55,1
31.8,52,14.7,84,0
31.1,26,3.3,50,0
39.4,70,27.5,48,0
32.9,98,1.9,8,0
33.9,52,14.4,70,0
42.0,38,17.1,40,0
27.8,41,0.6,9,0
32.9,66,5.7,56,1
40.0,19,10.1,76,0
27.9,59,22.9,52,0
33.5,25,13.9,90,1
38.6,93,22.3,67,1
23.2,85,13.6,12,1
34.4,59,10.6,61,0
31.1,83,9.1,56,1
20.0,77,15.8,70,1
20.5,89,0.8,76,1
38.6,54,6.0,63,0
42.4,24,24.8,57,0
30.0,86,20.7,82,1
30.3,77,14.4,30,1
28.6,70,2.6,86,1
33.8,68,3.5,90,1
29.6,75,20.7,45,1
20.9,81,13.8,71,1
19.2,71,16.0,65,1
31.1,85,14.7,38,1
34.0,63,2.6,86,1
19.3,36,14.8,76,1
26.1,69,14.2,38,1
36.7,56,3.4,65,0
20.4,64,6.6,20,0
23.8,94,11.8,78,1
42.0,27,14.7,100,0
40.0,58,10.4,53,0
28.3,41,29.9,61,0
36.2,49,7.5,89,0
23.5,68,26.5,5,0
28.4,40,28.2,63,0
19.8,43,9.6,24,0
42.3,25,18.0,63,0
41.1,74,0.0,4,0
38.7,45,28.6,65,0
26.2,17,7.1,25,0
19.8,25,16.4,14,0
36.8,33,4.7,1,0
20.3,89,10.2,90,1
43.5,85,11.0,66,1
39.3,64,12.1,62,0
33.4,57,3.3,34,0
33.1,94,16.0,17,1
39.6,96,6.6,26,1
30.0,85,24.5,21,1
32.5,66,5.2,91,1
37.7,50,11.5,95,0
18.6,58,0.3,90,1
41.9,59,21.3,21,0
34.5,74,26.9,60,0
26.9,56,20.2,100,1
33.2,15,7.5,94,1
23.5,70,6.0,96,1
32.9,71,22.9,79,1
22.5,39,12.7,90,1
30.2,26,13.4,36,0
18.1,44,29.6,43,0
36.7,78,28.6,18,0
42.4,93,2.9,36,0
22.9,22,10.2,53,0
27.6,90,15.1,96,1
35.3,43,14.8,99,0
43.0,22,21.4,80,0
23.6,24,2.8,18,0
39.8,47,6.0,13,0
34.3,62,29.0,68,0
37.4,59,26.9,18,0
22.3,92,17.0,94,1
44.1,100,23.3,87,1
39.4,15,24.2,46,0
18.8,49,24.7,95,0
29.7,83,19.5,64,1
37.7,47,3.8,45,0
43.7,71,21.2,75,1
38.3,45,16.2,2,0
22.5,58,26.2,78,1
27.4,84,11.4,14,1
34.8,31,23.3,88,0
29.9,36,29.8,21,0
32.0,72,29.9,54,0
44.9,90,26.3,66,0
28.6,32,2.0,18,0
43.4,24,26.0,58,0
33.4,30,10.9,85,0
19.8,64,26.7,77,1
23.2,74,16.2,67,1
18.7,91,28.1,83,1
32.3,89,21.2,95,1
26.8,38,27.8,12,0
29.4,93,5.8,71,1
36.1,36,3.6,20,0
20.4,55,15.5,100,1
30.9,27,16.6,46,0
25.1,70,13.8,34,0
38.8,76,28.1,10,1
30.1,92,29.4,19,0
41.0,74,9.9,28,0
18.3,83,2.4,77,1
35.1,41,8.0,15,0
37.5,60,13.9,82,1
26.9,68,27.1,47,0
37.1,58,26.7,31,0
19.0,20,8.0,42,0
18.3,73,0.9,20,0
32.6,89,6.3,40,1
44.4,71,10.8,75,1
38.6,23,3.9,99,0
41.9,66,24.7,74,1
40.3,20,24.7,46,0
22.4,17,6.7,43,0
31.4,19,2.6,43,0
20.3,47,19.7,15,0
20.1,84,8.2,85,1
23.4,79,4.4,94,1
44.4,31,14.6,69,0
18.9,51,27.4,69,0
35.9,57,3.2,49,0
23.8,27,0.6,70,0
43.7,59,11.5,33,0
37.2,39,5.3,93,0
42.4,56,25.6,11,0
20.2,58,23.5,47,0
23.0,71,4.2,14,0
41.1,33,15.8,92,1
33.3,40,27.5,45,0
33.8,79,11.2,7,0
30.3,23,3.7,55,0
21.8,65,28.4,93,1
34.3,78,5.3,91,1
33.0,76,25.5,62,1
24.7,93,10.8,1,1
25.5,91,6.7,48,1
29.7,93,12.2,14,1
26.3,15,17.0,48,0
23.0,46,8.1,53,0
33.5,72,17.9,42,0
37.2,48,5.8,77,0
44.6,78,22.5,57,1
32.8,85,27.1,91,1
42.1,15,0.2,26,0
20.2,69,3.7,69,1
20.8,68,21.5,75,1
26.2,25,12.8,23,0
35.8,23,26.0,17,0
45.0,21,7.9,93,0
25.6,22,28.1,2,0
30.4,80,24.7,67,1
29.5,34,20.8,15,0
21.8,97,8.6,86,1
44.7,78,6.5,87,1
25.7,68,21.3,61,0
30.4,39,7.9,25,0
31.5,67,0.2,33,0
39.1,26,11.2,26,0
24.7,91,7.5,88,1
38.9,81,23.1,85,1
21.2,89,9.0,41,1
23.8,77,27.8,7,1
25.6,61,2.0,80,1
33.2,100,9.9,84,1
24.2,25,13.9,75,1
32.6,61,22.8,37,0
29.4,27,5.1,71,1
28.9,58,28.8,55,0
29.1,22,2.6,81,1
36.8,22,20.9,30,0
18.4,21,8.3,16,0
39.3,32,6.6,67,0
43.8,91,28.1,68,1
22.5,75,24.6,62,1
40.3,90,0.4,48,0
39.1,33,0.5,77,0
44.9,35,2.4,73,0
28.2,63,28.5,87,1
40.3,33,7.1,40,0
41.8,38,16.2,20,0
31.6,47,7.9,84,0
25.1,27,16.6,72,1
43.8,70,17.2,87,1
31.7,28,16.2,82,0
41.0,20,11.4,38,0
32.8,91,5.8,16,1
44.1,41,10.8,69,0
25.9,16,26.2,29,0
32.7,16,28.6,98,0
37.8,92,16.2,76,1
40.1,32,10.0,67,0
41.8,48,23.0,89,0
40.3,56,6.1,79,0
28.0,93,20.5,79,1
20.2,79,10.7,91,1
24.9,52,16.9,47,0
18.7,18,13.9,60,1
25.4,88,10.5,72,1
29.1,70,0.3,64,0
20.7,28,22.6,38,0
35.7,21,20.6,39,0
27.0,34,10.7,16,0
33.9,45,23.5,97,0
18.4,41,19.7,59,0
22.8,88,18.1,98,1
27.0,33,13.5,29,0
38.8,35,6.7,81,0
37.4,23,5.5,92,0
21.2,92,22.1,79,1
29.6,60,15.2,36,0
29.4,41,9.5,52,0
40.4,62,24.6,51,0
27.4,20,18.3,8,0
22.0,86,7.7,71,1
39.5,93,7.2,61,1
40.2,42,14.3,99,0
44.3,85,24.1,4,0
23.1,50,14.3,11,0
23.9,55,12.0,68,0
40.5,19,29.3,92,0
22.9,42,10.1,14,0
31.3,21,17.7,20,0
35.4,71,13.3,29,0
31.5,82,18.0,100,1
28.7,92,14.8,25,1
31.5,25,15.3,26,0
23.0,17,17.1,60,0
33.9,30,13.2,76,1
44.2,16,11.6,22,0
34.2,70,3.1,32,0
38.3,36,4.4,1,0
37.2,32,27.7,7,0
36.1,26,9.3,96,0
45.0,30,14.2,72,0
43.4,100,5.0,51,1
18.4,68,11.1,4,0
38.8,28,2.6,37,0
32.2,27,24.0,80,0
30.2,81,26.5,16,1
25.4,30,8.3,54,0
39.1,41,18.9,34,0
25.0,26,25.6,30,0
43.3,81,17.4,56,1
39.1,35,11.6,3,0
30.2,57,8.8,53,0
20.9,34,9.8,80,1
43.8,27,3.7,73,0
22.6,42,3.0,85,0
36.8,32,0.4,46,0
42.2,30,27.4,79,0
33.7,78,6.3,52,1
29.5,21,4.8,12,0
40.1,66,14.3,83,1
43.1,56,5.4,69,0
21.0,85,13.3,97,1
41.0,51,11.1,90,0
39.3,78,21.1,100,1
38.9,21,6.8,32,0
28.2,39,22.4,58,0
37.0,91,19.8,90,1
23.6,43,2.0,55,0
29.1,18,23.4,71,0
35.8,55,4.6,7,0
42.6,20,16.3,59,0
36.8,45,26.8,79,0
37.7,100,22.4,97,1
23.0,87,27.0,44,0
41.4,28,20.6,1,0
32.5,98,17.1,15,0
19.1,57,29.0,31,0
40.3,75,15.3,29,0
20.9,37,17.8,66,0
38.1,76,8.3,68,1
18.5,74,10.6,45,1
39.2,54,19.8,99,0
33.2,38,21.9,15,0
32.9,17,7.8,81,0
28.1,30,22.5,41,0
31.2,91,26.2,66,1
21.5,34,29.5,41,0
33.3,52,20.5,79,0
37.6,67,25.6,44,0
20.0,93,4.1,3,1
27.7,26,10.3,59,1
39.7,18,5.7,98,0
41.7,89,20.8,6,0
28.9,47,10.1,99,1
32.9,94,23.1,45,0
28.7,16,6.5,84,1
41.1,74,28.9,90,1
29.8,63,6.5,57,1
44.5,89,16.1,31,0
36.5,22,12.5,70,1
25.8,91,1.2,87,1
41.0,55,16.1,61,0
23.6,54,20.0,42,0
21.1,19,19.8,18,0
18.1,30,8.3,9,0
37.3,84,23.1,41,1
38.2,48,22.0,74,0
22.0,20,0.2,82,1
25.1,27,11.5,88,1
25.3,74,26.5,83,1
41.9,75,4.8,72,1
38.3,61,8.4,61,0
37.5,92,27.2,37,0
31.0,72,10.6,97,1
30.3,86,8.2,63,1
18.6,81,4.0,34,1
43.2,29,13.0,80,1
18.9,95,16.1,12,1
32.8,44,5.5,21,0
24.5,23,21.3,42,0
38.5,29,6.8,70,0
31.4,71,19.8,55,1
35.2,53,27.3,98,0
44.7,76,25.2,76,1
43.4,90,25.0,53,1
18.2,79,4.0,72,1
40.8,65,26.8,59,0
24.4,54,1.2,47,0
42.1,33,12.5,87,0
42.1,84,13.3,23,0
32.4,91,11.4,73,1
44.5,82,12.3,44,1
41.2,18,12.4,92,0
22.6,35,23.8,71,0
32.9,97,21.8,51,1
39.6,18,18.4,82,0
40.3,81,12.1,95,1
38.3,42,4.5,24,0
33.4,72,21.1,57,0
18.3,46,7.6,100,1
19.1,82,0.3,36,1
34.5,63,28.0,23,0
40.6,48,22.7,31,0
22.9,42,1.3,95,1
31.5,33,3.7,91,0
19.6,38,6.2,4,0
36.4,84,27.0,64,1
43.2,92,2.0,25,0
25.7,30,6.8,96,1
38.2,53,1.4,88,0
22.4,79,4.7,62,1
20.4,21,19.3,53,0
37.6,26,29.2,50,0
39.3,56,19.2,30,0
21.7,82,20.5,64,1
31.7,65,3.7,20,0
30.0,52,17.5,11,0
41.3,20,13.1,24,0
39.1,48,5.2,98,0
21.1,100,6.1,76,1
21.4,50,12.4,15,0
33.7,88,23.7,25,1
21.1,42,28.4,21,0
21.2,42,1.1,12,0
32.3,95,22.4,99,1
24.6,99,3.3,85,1
19.4,53,27.1,59,0
27.5,51,24.8,18,0
44.4,93,13.5,85,1
41.7,30,20.8,13,0
35.1,52,20.9,45,0
22.0,35,10.4,8,0
40.2,17,16.8,43,0
23.8,30,8.5,81,1
20.8,48,29.3,68,0
29.2,49,12.9,35,0
42.4,91,18.5,51,1
28.1,24,8.7,76,1
38.0,18,18.7,65,0
43.3,83,15.5,32,0
19.8,17,14.8,4,0
32.6,81,7.1,15,1
26.6,40,6.8,48,0
26.8,95,7.9,100,1
42.3,87,4.0,26,0
26.3,83,2.4,55,1
27.0,97,20.4,84,1
23.0,23,0.9,8,0
22.0,75,9.3,38,1
18.0,36,4.9,13,0
41.8,28,3.6,74,0
36.6,61,4.5,0,0
33.9,29,22.1,55,0
38.5,80,9.6,48,1
23.4,50,25.9,65,0
43.5,30,5.4,61,0
35.3,74,5.4,8,0
34.9,72,15.5,64,1
23.4,67,16.4,96,1
38.9,64,15.8,39,0
41.0,38,1.3,82,0
33.9,75,13.9,40,1
38.2,18,17.8,84,1
22.8,100,12.5,40,1
43.8,84,8.3,59,1
28.9,90,3.1,33,0
32.6,35,4.4,12,0
33.5,17,4.1,9,0
42.4,19,1.7,90,0
31.7,81,7.0,86,1
40.6,19,4.6,38,0
33.4,53,0.4,62,0
19.6,77,22.5,49,1
27.7,88,0.5,71,1
22.8,22,13.0,5,0
29.6,66,25.4,69,0
28.8,22,6.1,63,0
25.5,27,24.4,56,0
40.2,61,6.4,26,0
27.9,88,29.1,36,1
23.9,74,8.3,47,1
30.0,82,3.2,18,1
25.1,81,13.3,67,1
28.2,33,26.5,95,1
25.0,33,25.3,35,0
43.3,93,7.2,68,1
22.2,88,12.9,8,1
21.0,43,8.6,97,1
43.7,38,7.7,79,0
27.3,34,12.1,82,1
41.3,68,17.8,53,1
24.7,89,15.0,14,1
42.6,23,12.5,12,0
27.2,85,2.6,55,1
27.4,84,2.7,37,1
42.5,77,28.3,9,0
38.9,62,9.5,33,0
41.9,100,25.4,59,1
23.1,52,16.1,58,0
19.9,40,18.5,50,0
38.8,47,25.2,51,0
40.8,63,5.5,49,0
40.8,89,18.4,13,1
41.7,68,2.6,64,0
43.1,45,28.9,11,0
29.9,50,3.2,84,1
26.3,40,5.9,73,1
29.0,79,12.2,19,1
35.7,84,15.8,61,1
33.3,30,21.4,4,0
20.2,64,23.2,31,0
18.9,17,11.0,97,1
35.0,88,26.3,71,1
27.7,21,18.6,26,0
22.6,61,25.7,94,1
22.6,57,3.1,15,0
22.5,60,9.7,80,1
21.5,75,18.0,5,1
30.7,72,2.9,42,0
42.9,82,23.1,22,0
23.8,20,6.2,75,1
34.2,22,21.2,69,0
42.2,77,24.5,13,0
21.2,60,18.2,41,1
20.7,85,23.0,41,1
30.8,42,14.0,15,0
35.4,49,0.2,17,0
27.7,91,28.1,53,1
28.5,51,27.6,74,0
41.8,72,22.4,42,0
19.7,62,1.7,83,1
29.9,72,3.4,49,0
35.3,76,2.0,64,1
34.4,24,6.3,34,0
24.0,70,6.5,51,1
31.6,40,29.4,79,0
44.9,63,20.0,98,1
38.7,47,8.0,48,0
28.0,95,11.3,63,1
22.5,78,1.2,41,1
31.5,27,25.9,20,0
39.1,73,12.8,66,0
30.9,52,11.3,93,0
29.8,15,10.1,100,1
23.4,68,28.3,77,1
28.5,29,5.1,5,0
41.7,77,12.7,4,0
41.8,37,15.9,6,0
30.4,73,4.8,19,0
21.9,31,14.1,35,0
27.3,37,9.3,54,0
37.4,87,0.6,32,0
23.8,97,3.5,17,1
28.7,75,8.6,51,1
41.7,69,14.3,53,0
23.5,57,12.8,53,0
20.3,58,8.7,16,0
31.9,58,20.7,15,0
42.2,27,28.6,21,0
38.0,74,24.2,46,0
28.0,27,24.6,79,1
39.2,83,26.6,85,1
19.3,41,5.9,44,0
19.5,75,15.1,50,1
36.5,38,5.8,44,0
19.9,61,12.2,70,1
42.4,77,2.1,38,0
30.6,77,6.6,61,1
26.6,49,3.8,76,1
34.3,48,9.0,84,0
28.5,25,29.5,3,0
20.2,84,2.5,13,1
37.4,29,11.5,30,0
20.0,57,10.3,15,0
23.4,51,5.0,23,0
39.4,68,8.2,69,1
22.5,68,10.0,54,1
41.1,15,13.5,33,0
37.4,15,13.8,22,0
32.1,98,17.7,37,1
32.7,56,22.5,17,0
37.9,46,22.1,87,0
43.9,34,23.0,4,0
44.9,25,0.4,15,0
22.1,19,11.5,28,0
18.9,91,2.3,76,1
34.7,21,19.2,97,1
25.6,59,14.7,4,0
26.4,99,18.5,80,1
38.2,24,13.0,43,0
19.3,60,27.3,10,0
43.3,63,8.3,58,0
36.4,42,4.1,37,0
22.9,46,28.7,66,0
22.5,60,0.4,2,0
41.4,53,12.3,52,0
20.1,49,10.1,83,1
31.7,89,11.9,20,0
29.5,76,2.9,2,1
39.0,68,21.4,50,0
21.4,36,4.8,40,0
23.1,93,15.4,8,1
18.2,20,14.1,80,1
37.0,64,6.4,20,0
24.9,63,5.0,67,1
44.5,73,7.1,40,0
31.8,49,12.3,51,0
27.7,38,1.9,82,0
21.9,15,9.4,87,1
29.4,35,20.4,30,0
30.5,27,17.8,77,0
21.4,30,17.2,98,1
28.6,21,26.9,19,0
37.2,75,17.4,2,0
24.2,48,17.2,47,0
37.0,75,10.7,88,1
42.8,75,21.5,3,0
24.4,65,4.7,28,0
34.8,99,6.8,89,1
40.9,58,23.2,87,0
21.7,21,25.9,84,0
19.9,74,18.4,43,0
31.2,55,16.5,2,0
27.9,91,14.5,30,1
40.3,86,15.6,85,1
37.0,96,8.8,13,1
30.9,31,17.7,64,0
24.1,94,8.1,42,1
27.5,74,5.4,41,0
39.6,33,6.0,56,0
39.7,79,26.2,2,0
26.6,36,1.1,87,0
37.9,27,24.4,100,0
44.4,78,9.5,59,1
44.8,16,29.0,9,0
18.2,79,11.0,69,1
33.4,51,11.5,40,0
26.3,33,22.0,100,1
40.7,50,18.8,91,1
39.7,88,29.8,23,0
28.4,98,11.0,40,1
29.5,25,14.8,14,0
31.3,26,22.5,66,0
20.7,73,25.2,10,0
37.8,32,12.5,50,0
24.8,19,1.4,70,1
21.0,72,18.7,36,0
28.2,93,26.7,46,1
29.8,25,9.1,62,1
30.6,26,19.8,55,0
35.6,34,7.5,1,0
22.5,76,16.9,46,1
32.7,34,4.2,59,0
41.4,72,22.0,97,1
35.8,24,20.4,47,0
38.0,35,11.6,45,0
18.6,28,13.6,84,1
29.1,81,27.1,67,1
41.6,91,29.6,80,1
28.7,88,4.0,32,1
21.1,68,12.3,39,0
34.1,33,7.2,98,0
40.1,36,5.6,42,0
23.8,22,18.6,45,0
34.1,77,17.8,50,1
31.7,20,21.9,95,0
30.0,41,25.5,73,0
21.2,88,15.5,94,1
24.1,37,9.1,82,1
37.3,98,4.4,55,1
32.1,41,2.1,65,0
22.8,89,24.5,67,1
36.5,16,8.1,4,0
40.1,41,25.6,39,0
25.8,83,13.1,78,1
29.4,43,28.9,77,0
33.5,33,11.7,62,0
37.1,48,26.1,70,0
39.3,54,23.4,66,0
25.4,42,7.9,21,0
43.0,42,16.0,25,0
41.6,22,24.2,24,0
33.4,47,28.5,21,0
19.5,19,11.0,21,0
20.3,67,15.0,33,0
35.8,24,29.8,32,0
41.4,86,26.4,98,1
31.5,21,12.9,53,0
22.7,18,6.5,37,0
21.9,22,20.6,81,0
38.7,77,17.7,6,1
20.2,80,22.8,77,1
39.6,32,20.4,76,0
44.7,73,2.4,21,0
24.9,32,7.1,84,1
28.0,95,18.7,57,1
19.8,64,1.1,44,0
23.1,17,10.9,84,1
24.3,22,5.4,67,0
35.8,90,17.5,73,1
19.9,57,17.5,55,0
32.5,21,13.0,40,0
33.4,79,13.3,56,1
25.1,33,24.1,27,0
31.3,19,7.5,73,1
20.4,16,21.4,85,1
29.9,73,10.5,47,1
30.5,54,15.8,30,0
20.6,95,12.7,17,1
44.6,46,20.1,8,0
37.6,66,26.8,19,0
35.1,91,1.2,21,0
39.0,29,29.1,81,0
31.5,99,9.7,95,1
40.4,100,8.6,99,1
37.9,49,19.9,84,0
42.6,95,23.3,83,1
29.9,95,12.9,39,1
33.0,28,16.8,63,0
21.8,28,11.8,47,0
27.4,53,24.2,32,0
41.2,89,4.6,26,0
41.7,44,26.6,90,0
43.5,79,21.9,92,1
23.8,20,13.4,36,0
26.0,99,13.7,50,1
30.4,74,0.7,32,0
32.4,68,11.1,81,1
24.9,47,25.7,6,0
28.9,90,25.5,26,0
25.3,36,2.6,24,0
24.8,15,16.3,61,0
43.2,46,29.7,72,0
43.3,86,14.2,92,1
25.4,74,8.0,73,1
29.8,72,3.3,31,0
34.9,82,17.3,92,1
37.6,30,25.2,46,0
20.0,80,24.0,39,1
26.2,23,1.4,99,1
32.8,84,30.0,22,1
40.7,75,4.2,71,1
40.3,100,26.8,50,1
31.2,67,16.5,37,0
33.4,84,0.4,86,1
29.7,16,22.5,93,1
23.7,53,1.8,25,0
44.0,23,8.5,83,0
21.6,91,0.9,46,1
22.9,45,3.4,58,0
43.8,48,21.8,16,0
30.1,18,22.4,73,0
22.4,27,1.0,6,0
43.0,15,7.4,20,0
23.7,70,7.2,99,1
24.6,34,17.0,5,0
38.0,52,16.2,12,0
22.3,88,14.4,54,1
18.2,74,3.9,5,0
27.1,57,16.0,29,0
40.9,55,8.6,11,0
24.8,51,12.2,70,1
39.5,40,26.0,13,0
19.2,82,6.7,67,1
32.6,100,16.9,30,1
23.5,73,0.8,27,0
39.1,26,12.9,18,0
45.0,88,7.4,50,1
33.5,88,27.5,85,1
32.8,49,26.3,81,0
18.5,20,15.3,42,0
22.7,52,9.5,54,0
25.9,91,29.6,12,1
22.4,81,21.2,22,1
39.7,47,2.3,74,0
41.1,73,11.0,18,0
42.4,58,13.1,31,0
21.7,49,4.7,49,0
31.4,82,19.8,13,0
35.9,55,14.4,30,0
37.6,79,19.2,46,1
22.4,43,1.4,46,0
43.7,25,15.5,24,0
21.5,51,6.0,45,0
31.0,29,0.2,47,0
21.6,93,5.1,49,1
40.6,34,0.8,18,0
39.7,97,2.7,54,0
27.1,100,18.4,78,1
30.9,31,7.0,80,0
34.9,40,7.9,27,0
21.9,18,7.8,52,0
34.5,50,11.2,19,0
22.3,29,29.1,52,0
33.8,78,18.7,62,1
27.3,87,25.6,36,1
32.9,15,2.4,60,0
35.7,61,13.0,20,0
36.9,24,8.9,63,0
35.6,30,16.2,2,0
18.8,82,6.0,69,1
45.0,50,12.1,12,0
31.8,94,8.6,12,1
33.3,78,11.1,11,1
20.8,65,6.7,77,1
30.4,67,19.3,78,1
36.0,29,23.2,93,0
22.0,96,14.1,38,1
32.6,42,17.1,10,0
43.0,74,7.0,41,0
25.3,51,12.5,2,0
36.0,74,23.4,33,0
34.5,43,21.1,60,0
40.1,81,18.2,38,1
34.6,19,13.8,39,0
42.7,50,16.8,100,0
21.3,56,27.8,36,0
44.6,75,23.4,45,0
37.1,39,11.2,64,0
33.2,68,22.7,22,0
40.6,58,9.8,84,1
41.0,38,2.2,38,0
23.4,31,24.4,68,0
40.0,30,27.8,54,0
26.7,92,26.0,82,1
35.6,88,3.1,44,0
31.6,46,4.7,82,0
39.1,44,20.2,75,0
37.7,96,11.6,13,0
30.6,51,11.5,96,0
23.7,94,23.3,1,1
21.3,23,29.6,34,0
28.9,78,16.1,79,1
30.3,77,14.4,41,0
30.3,80,2.3,1,0
28.1,97,21.5,69,1
38.5,44,4.9,37,0
44.5,74,23.5,62,0
35.4,62,9.8,57,0
31.1,22,17.6,91,1
29.2,76,1.2,100,1
39.9,50,28.8,55,0
34.4,59,11.9,46,0
18.5,97,17.5,39,1
23.9,17,27.3,25,0
34.1,58,26.6,5,0
36.3,52,29.6,89,0
20.0,86,23.2,19,1
21.1,31,22.8,54,0
18.3,43,8.8,78,1
40.1,96,19.1,6,1
24.8,23,18.2,92,1
27.8,27,17.0,18,0
43.1,25,5.7,50,0
29.4,32,26.0,67,0
42.7,75,25.6,23,0
38.3,78,27.1,94,1
39.4,95,3.8,69,1
27.6,29,3.0,49,0
21.3,43,7.0,65,0
43.4,26,16.9,66,0
31.7,74,16.5,24,0
29.8,75,21.6,52,1
30.2,45,1.7,4,0
28.7,30,14.5,72,1
32.0,16,25.6,87,0
30.0,45,27.3,62,0
22.9,95,21.9,19,0
34.0,21,18.6,59,0
40.6,93,20.9,0,0
31.7,87,16.7,60,1
35.2,91,27.6,76,1
38.6,60,22.5,70,1
40.6,47,10.7,33,0
25.5,74,20.7,43,0
20.5,82,5.4,13,1
20.8,51,6.4,86,1
35.3,37,0.8,68,0
38.8,76,23.8,79,1
38.8,90,22.9,52,0
42.3,29,23.6,49,0
33.5,58,7.2,93,1
23.9,36,28.7,3,0
29.7,59,15.2,59,0
37.5,45,30.0,52,0
29.6,89,10.9,15,1
26.1,30,29.2,72,1
29.3,52,19.1,15,0
21.2,55,18.1,63,0
44.3,25,28.1,32,0
28.1,86,18.5,97,1
30.3,20,13.7,0,0
37.0,37,15.6,75,1
27.0,89,3.9,24,0
24.8,58,26.8,68,0
29.6,88,7.4,23,1
32.6,99,24.0,91,1
44.2,38,28.2,98,0
40.5,83,22.4,8,0
30.5,79,8.7,24,0
35.7,65,28.5,61,0
33.0,70,28.7,66,0
18.2,28,3.8,95,0
32.0,100,0.1,72,1
41.2,71,13.3,38,0
27.4,98,0.9,57,1
20.9,70,25.7,49,0
24.7,31,25.8,48,0
37.5,15,7.3,73,0
20.0,26,28.4,11,0
22.6,43,15.3,19,0
43.3,67,9.9,15,0
42.2,24,6.4,33,0
42.2,51,15.4,81,0
43.2,65,17.9,12,0
35.5,90,18.6,22,0
42.2,67,14.1,17,0
37.4,56,13.6,66,0
27.3,34,0.1,34,0
23.9,54,12.0,77,1
29.5,53,14.9,52,0
19.6,93,0.0,81,1
25.1,85,24.3,24,1
33.8,33,2.2,86,0
29.0,98,12.0,38,1
36.1,69,4.2,1,0
25.1,83,19.2,29,1
42.9,100,25.5,43,0
31.4,24,19.3,49,0
25.1,18,11.0,30,0
32.7,48,7.9,33,0
21.3,54,12.2,85,1
30.4,89,16.0,60,1
33.3,82,17.0,75,1
23.7,85,16.1,24,1
27.8,84,19.6,12,1
36.5,43,23.0,7,0
32.5,15,21.5,21,0
27.7,52,28.7,64,0
38.6,53,19.2,33,0
41.2,93,24.1,37,0
39.0,99,27.0,82,1
35.7,52,5.5,67,0
31.1,45,9.1,6,0
30.0,26,29.7,32,0
35.4,71,23.8,77,1
22.8,51,10.0,75,1
19.3,22,28.5,79,1
22.6,32,16.2,43,0
37.7,33,23.5,58,0
27.8,78,27.7,48,1
37.1,63,28.2,67,0
18.7,85,17.5,36,1
19.1,40,24.3,79,0
40.3,38,24.6,59,0
33.5,40,24.2,51,0
39.3,34,5.6,67,0
36.6,74,15.7,100,1
40.7,89,14.4,28,1
30.6,97,15.0,8,1
43.7,37,24.5,86,0
34.7,76,12.5,76,1
26.6,87,1.7,75,1
23.8,80,8.8,77,1
18.2,75,27.5,91,1
37.4,15,10.0,87,1
39.3,23,17.4,36,0
43.3,94,5.2,57,1
35.4,36,19.3,90,0
41.6,86,1.0,51,1
28.5,69,4.7,82,1
24.2,28,6.9,58,0
38.2,91,10.7,9,1
28.7,18,26.8,44,0
33.6,75,6.9,85,1
29.1,22,17.0,5,0
26.2,94,29.8,62,1
26.0,50,2.5,75,1
25.7,77,10.0,55,1
37.2,45,15.5,56,0
24.1,42,5.5,44,0
34.6,27,22.0,6,0
20.8,78,4.5,52,1
28.1,38,17.9,96,1
45.0,32,2.5,50,0
26.0,74,18.4,98,1
21.8,21,7.5,34,0
31.2,32,13.8,65,0
24.2,84,20.4,45,1
43.1,38,6.3,48,0
40.1,19,27.7,53,0
30.2,73,25.7,65,0
22.9,40,16.9,12,0
34.0,55,11.6,30,0
37.8,63,11.2,55,1
27.9,31,3.9,52,0
33.2,95,19.6,72,1
30.1,24,23.4,93,0
44.7,66,18.0,68,1
41.1,26,5.3,51,0
24.4,84,11.3,58,1
26.0,59,25.3,55,0
34.6,87,26.6,81,1
22.1,80,6.8,77,1
38.0,89,2.3,87,1
28.4,38,24.6,50,0
32.1,81,3.9,78,1
42.5,60,13.9,38,0
22.5,98,18.9,23,1
22.7,64,13.3,96,1
41.3,62,14.9,46,0
35.6,53,1.0,28,0
40.9,99,27.2,54,1
27.7,30,26.0,50,0
20.0,45,16.9,36,0
33.6,54,3.5,83,0
41.1,51,25.5,26,0
36.7,69,2.9,82,1
37.4,82,4.2,61,1
23.7,100,25.6,90,1
28.6,23,27.0,23,0
39.3,70,17.4,93,1
28.7,74,11.7,84,1
21.6,95,27.9,39,1
26.1,54,11.9,24,0
32.6,79,6.7,86,1
23.3,25,8.1,85,1
24.4,58,20.1,31,0
39.4,61,0.4,91,0
40.9,15,7.0,33,0
20.6,45,6.9,80,1
25.1,56,14.1,71,1
23.7,77,17.8,61,1
32.4,40,15.4,18,0
40.5,84,28.9,17,0
35.5,65,25.0,93,1
20.4,27,6.1,22,0
32.9,56,7.6,51,0
38.4,17,0.5,9,0
36.6,80,9.1,54,1
43.7,44,13.3,42,0
40.3,68,29.6,71,0
26.3,39,21.5,59,0
27.4,74,8.2,15,0
19.3,97,20.4,43,1
24.0,65,7.0,6,1
22.7,41,12.1,7,0
43.3,85,25.7,58,1
40.7,64,7.1,97,1
22.8,30,15.7,32,0
32.7,46,4.5,58,0
36.7,71,19.5,70,1
18.4,51,29.1,79,1
28.9,42,7.6,12,0
31.5,46,16.3,26,0
42.5,98,12.6,25,0
43.9,55,25.6,78,0
18.7,24,23.4,49,0
39.0,76,27.4,82,1
30.5,80,1.8,82,1
19.3,50,24.0,71,0
30.2,23,20.4,75,0
37.1,63,7.1,34,0
30.4,87,2.0,29,1
25.1,57,22.1,61,0
35.7,26,6.5,81,0
40.4,51,8.6,20,0
44.9,47,24.1,41,0
39.5,35,30.0,53,0
44.0,75,9.5,1,0
30.5,36,1.3,39,0
18.1,21,4.5,2,0
44.7,60,18.1,17,0
26.4,16,12.4,87,1
25.0,43,5.7,7,0
21.3,16,23.4,93,1
35.4,34,24.8,19,0
20.6,35,7.4,1,0
38.0,36,9.2,92,0
25.5,28,13.6,63,0
23.0,40,7.2,76,1
34.6,31,21.6,47,0
28.0,85,3.2,12,1
38.7,17,23.8,53,0
33.1,50,3.4,7,0
27.6,81,18.7,93,1
35.3,33,12.1,14,0
20.3,43,4.2,21,0
23.4,25,12.8,69,0
27.9,30,12.0,18,0
20.7,53,20.2,17,0
29.0,55,3.4,99,0
23.7,18,1.7,96,1
33.6,54,8.9,17,0
29.7,39,4.0,4,0
31.9,42,20.0,43,0
18.5,71,8.2,30,0
26.2,73,29.1,69,1
38.2,98,0.4,62,0
41.7,92,27.0,23,0
18.6,72,3.1,79,1
38.6,84,4.5,26,0
29.2,20,28.6,33,0
36.4,23,27.5,73,0
42.5,68,29.0,98,1
26.7,53,14.8,30,0
26.3,22,11.4,55,0
32.1,29,25.3,65,0
31.5,73,8.2,13,0
30.7,99,19.2,25,1
27.7,32,22.6,25,0
34.2,19,25.7,51,0
34.0,75,10.0,31,1
30.7,75,10.4,24,0
27.8,64,23.1,9,0
41.7,76,27.9,13,0
44.4,77,26.8,52,1
24.5,32,23.2,38,0
22.4,31,3.6,42,0
44.5,84,5.8,64,1
28.7,19,3.0,44,0
27.7,19,2.7,89,1
43.2,42,15.3,40,0
21.0,95,18.5,38,1
28.2,54,27.9,62,0
37.6,66,20.5,35,0
30.0,28,18.1,42,0
29.9,92,5.4,0,1
43.1,70,15.0,20,0
24.8,91,22.5,15,1
30.4,54,6.5,84,0
43.3,25,22.5,9,0
43.1,28,9.0,76,0
40.8,40,4.3,58,0
31.6,89,8.5,51,1
41.0,98,28.9,21,0
37.1,100,12.3,75,1
19.2,86,10.0,87,1
34.7,71,29.4,54,1
29.1,50,28.2,51,0
21.2,25,17.2,9,0
19.0,21,9.1,48,0
39.4,58,13.3,38,0
35.4,73,29.2,84,0
27.0,81,22.1,82,1
29.5,35,13.0,78,1
22.9,68,8.9,4,1
19.9,28,14.4,22,0
29.7,39,4.7,11,0
18.5,89,1.4,83,1
26.9,91,11.4,49,1
33.7,93,23.8,51,1
20.9,91,22.1,24,1
29.9,80,29.0,42,1
25.7,87,7.8,15,1
36.9,29,20.0,28,0
41.7,100,2.4,71,1
24.1,96,11.7,26,1
34.3,97,1.2,23,0
38.2,61,26.8,11,0
19.0,96,17.0,41,1
33.1,91,23.4,41,1
36.3,43,24.2,45,0
39.6,82,13.6,23,0
25.7,72,27.0,2,0
42.2,79,4.0,92,1
43.6,89,0.4,0,0
29.1,100,23.8,32,1
25.3,80,5.1,17,1
31.2,98,17.7,59,1
40.8,41,1.2,62,0
19.1,91,22.9,29,1
27.7,75,8.2,55,1
22.5,46,23.4,20,0
32.6,19,5.3,44,0
21.2,43,5.9,95,1
28.0,76,13.1,5,1
41.3,99,22.5,69,1
20.8,58,19.7,96,1
33.4,32,5.9,9,0
29.5,70,22.3,57,0
40.9,38,7.7,74,0
26.5,95,8.8,55,1
19.5,71,2.0,38,0
41.1,48,15.5,24,0
22.2,57,8.2,43,0
31.8,15,0.2,79,0
29.1,66,14.6,1,0
18.3,58,23.8,58,0
38.4,82,12.7,66,1
43.0,34,18.9,44,0
34.3,58,2.7,94,0
39.4,56,4.0,4,0
23.2,69,3.1,12,0
21.9,79,24.4,55,1
34.1,82,16.1,54,1
23.2,21,19.2,26,0
43.1,26,14.1,85,0
22.7,45,6.0,33,0
40.9,34,7.0,25,0
38.2,92,4.8,86,1
39.8,31,15.7,68,0
25.8,56,21.2,69,0
28.9,22,24.8,17,0
33.7,47,15.2,6,0
38.8,50,26.8,94,0
44.2,94,25.3,23,0
33.8,64,17.2,78,1
37.8,82,28.4,13,0
22.0,44,6.8,88,1
41.1,78,2.2,89,1
23.7,96,7.1,62,1
24.6,74,28.2,90,1
38.0,25,22.6,95,0
39.2,65,0.6,83,1
27.3,87,21.1,87,1
20.6,20,6.4,69,0
34.2,57,10.4,75,1
29.1,71,27.9,76,1
19.1,37,24.1,31,0
25.7,19,1.1,99,1
37.4,74,14.3,30,0
29.0,49,28.4,71,0
35.4,72,20.7,69,0
33.7,62,15.1,66,1
19.5,88,21.1,80,1
44.4,20,13.1,98,0
44.3,62,19.6,33,0
28.7,16,23.9,55,0
43.2,47,24.6,35,0
44.4,62,12.3,93,1
37.3,22,17.7,89,1
26.5,39,13.8,31,0
33.8,60,20.5,7,0
39.2,85,11.3,33,1
21.3,76,6.2,63,1
29.0,44,21.8,48,0
19.9,19,10.3,58,0
29.8,52,16.4,33,0
19.9,50,26.5,29,0
30.8,68,12.7,72,1
20.3,72,4.0,17,0
23.2,76,12.3,87,1
34.2,86,7.4,10,1
20.0,29,9.7,2,0
24.5,25,15.4,37,0
30.2,61,7.2,32,0
26.0,22,23.5,15,0
36.2,56,1.4,97,0
43.2,66,17.7,34,0
29.2,97,8.6,84,1
22.9,84,20.5,48,0
31.1,86,23.1,39,0
44.4,41,14.2,91,1
19.4,48,5.7,46,0
27.0,90,19.9,34,1
27.1,87,17.6,18,1
44.6,89,16.0,37,1
36.9,31,8.3,76,1
23.4,92,3.9,16,1
23.9,75,7.9,51,1
25.0,71,9.5,88,1
23.3,38,11.0,39,0
40.2,20,24.1,60,0
34.6,89,10.5,40,1
28.5,59,3.2,15,0
40.1,19,27.4,91,0
37.6,27,9.5,67,0
38.7,65,1.2,69,0
29.2,75,11.0,57,1
40.7,30,17.4,22,0
28.3,60,18.4,8,0
20.1,79,2.3,18,0
37.0,36,4.2,73,0
34.3,78,11.1,21,1
44.0,24,18.1,62,0
39.1,97,25.0,79,1
23.3,72,7.4,22,1
29.1,71,15.7,48,0
38.8,97,13.3,9,0
31.6,17,9.8,47,0
25.1,34,7.1,93,1
22.2,92,14.1,23,1
32.4,66,8.1,14,0
35.8,44,27.8,99,0
39.5,24,22.5,36,0
43.4,83,27.2,56,1
31.1,29,9.6,64,0
42.0,38,25.2,45,0
41.8,38,13.0,94,0
30.4,26,25.0,54,0
42.0,51,27.0,46,0
38.4,39,6.8,67,0
19.3,19,20.7,32,0
38.0,31,10.5,30,0
44.1,74,20.9,48,0
32.7,80,14.0,79,1
20.8,48,3.3,12,0
44.0,26,22.6,40,0
29.7,66,24.3,91,1
20.0,20,14.9,90,1
20.8,92,12.6,82,1
42.9,49,28.0,77,0
36.9,32,4.4,19,0
30.4,47,8.0,13,0
33.6,45,27.0,43,0
27.8,31,13.5,15,0
24.8,76,2.1,72,1
22.8,32,21.4,8,0
36.2,57,15.0,11,0
42.9,24,1.3,2,0
19.1,42,5.8,72,1
38.8,77,0.0,42,0
44.5,62,11.0,78,1
24.3,66,7.9,19,0
37.7,77,18.5,14,1
28.5,89,18.1,57,1
44.5,19,26.2,99,0
18.9,67,12.6,79,1
34.4,28,27.7,61,0
24.1,54,11.9,39,0
31.6,100,24.2,0,0
43.3,95,13.9,18,0
19.7,74,18.4,43,0
28.2,99,24.1,52,1
18.2,58,8.6,86,1
39.2,72,28.3,20,0
18.3,70,20.6,59,1
38.9,79,8.5,72,1
40.3,91,1.6,7,0
41.5,66,26.1,54,0
27.6,85,1.2,40,1
22.9,18,29.0,13,0
22.7,89,23.1,72,1
32.3,58,13.9,75,0
32.6,43,8.1,29,0
21.2,43,29.3,14,0
18.7,50,10.6,69,0
22.3,56,18.6,33,0
21.3,84,18.2,86,1
18.6,62,6.3,86,1
21.9,90,14.5,26,1
20.2,85,29.8,58,1
39.3,90,26.8,12,0
44.9,52,28.7,61,0
36.3,85,23.5,27,0
35.8,90,16.8,12,1
38.8,53,21.2,14,0
22.5,36,8.4,46,0
37.2,65,7.6,23,0
39.4,54,3.7,70,0
43.9,36,15.1,9,0
40.0,57,28.9,86,0
41.3,33,0.5,76,0
22.8,65,1.6,53,0
41.0,41,24.5,57,0
33.3,32,22.1,48,0
22.5,56,7.1,31,0
21.2,46,5.2,5,0
21.5,62,16.4,3,0
28.1,44,16.3,87,1
28.3,97,3.8,13,1
29.4,69,3.0,41,0
28.4,53,14.9,19,0
36.7,100,29.0,88,1
41.9,92,23.5,66,0
26.9,52,15.5,100,1
35.4,18,29.3,9,0
33.0,71,22.3,31,0
28.4,17,17.5,63,0
27.9,63,6.4,2,0
44.5,17,6.0,2,0
25.2,79,9.0,93,1
34.0,48,19.1,28,0
33.3,81,15.3,58,1
40.1,41,6.0,44,0
39.6,38,6.9,9,0
36.0,76,11.2,88,1
28.6,97,17.7,26,1
37.8,28,9.4,81,0
23.8,33,25.2,38,0
41.8,53,18.1,70,1
26.8,55,12.6,65,0
28.1,48,7.0,19,0
37.8,68,25.0,78,0
36.9,29,0.3,22,0
37.7,55,14.8,18,0
23.2,57,6.1,25,0
36.2,98,19.7,28,1
34.9,92,27.4,65,1
43.5,20,29.4,36,0
18.1,32,26.9,96,0
39.1,60,27.9,40,0
26.2,23,16.5,100,1
25.8,87,4.0,16,0
29.4,15,27.9,99,0
33.3,21,1.7,94,0
30.6,46,21.2,70,0
19.8,49,28.0,23,0
35.6,83,6.3,86,1
25.6,88,11.0,55,1
24.6,56,29.5,67,0
22.4,50,5.7,30,0
25.1,43,0.5,19,0
24.5,20,17.3,27,0
28.0,97,27.7,89,1
42.5,48,13.4,12,0
33.5,37,3.9,93,0
25.9,44,14.6,3,0
39.9,78,8.3,17,0
32.7,49,8.7,4,0
44.4,25,1.7,89,0
38.8,87,27.4,43,1
42.5,25,19.8,21,0
22.1,75,25.9,97,1
23.1,48,25.9,46,0
40.9,23,24.5,53,0
39.9,73,18.6,22,0
19.3,30,0.9,38,0
33.3,93,25.8,13,0
37.3,67,13.0,88,1
24.2,49,1.7,4,0
33.4,54,9.7,43,0
30.3,60,19.4,83,1
43.8,74,0.5,97,1
36.5,63,29.6,26,0
20.7,47,22.1,22,0
44.2,46,2.0,80,0
40.0,45,20.3,72,0
21.3,36,21.4,88,0
38.9,41,2.5,40,0
31.5,61,2.2,94,1
25.9,41,15.1,83,1
25.0,86,8.1,45,1
36.0,78,4.3,29,0
35.6,59,0.3,5,0
41.6,97,4.3,6,0
26.1,89,27.8,28,1
24.9,33,23.3,44,0
35.5,72,15.9,40,0
28.4,74,7.2,18,0
27.0,39,5.7,17,0
20.2,78,26.9,5,1
34.1,47,2.5,98,0
33.4,32,12.3,15,0
23.5,44,17.4,18,0
20.8,17,3.2,97,0
26.0,43,1.6,32,0
40.8,72,11.3,17,0
37.5,31,6.1,20,0
37.0,18,18.2,56,0
44.9,22,29.5,67,0
33.9,62,1.8,47,0
44.9,36,23.7,72,0
39.6,97,8.7,80,1
28.1,97,20.9,56,1
42.1,22,6.9,15,0
35.8,27,19.9,40,0
34.3,34,23.6,59,0
19.8,92,10.3,90,1
34.4,40,22.9,42,0
35.8,100,0.2,51,1
26.0,83,18.3,90,1
24.2,38,23.7,99,0
45.0,50,29.4,13,0
19.0,32,23.7,19,0
27.5,37,21.5,77,0
23.0,81,14.3,27,1
25.4,58,2.4,76,0
44.7,84,15.2,43,1
20.4,91,29.8,61,1
36.4,95,5.3,33,0
24.3,86,4.0,42,1
27.8,37,19.8,23,0
20.0,84,16.8,87,1
36.5,29,22.8,11,0
27.4,38,3.3,63,0
36.9,43,1.6,34,0
39.1,98,16.9,2,1
25.8,62,3.7,41,0
20.8,53,8.5,33,0
22.8,46,8.5,2,0
18.0,23,18.9,97,1
34.3,77,11.8,17,1
27.4,63,16.6,62,1
37.6,27,19.7,88,0
26.6,18,29.4,36,0
31.5,54,18.8,74,0
31.5,92,4.0,42,1
43.1,82,14.2,0,0
31.4,16,26.3,58,0
35.3,77,27.5,74,1
40.6,79,19.8,1,1
20.9,71,25.5,16,0
35.3,75,27.4,79,1
35.3,20,2.8,1,0
20.5,89,9.3,74,1
38.7,67,23.2,64,0
21.0,50,18.1,20,0
23.4,91,3.9,73,1
25.0,68,24.0,33,0
37.6,91,8.2,78,1
40.3,75,27.4,4,0
32.8,23,25.5,77,0
43.0,69,10.3,48,0
29.2,25,26.0,79,1
29.1,52,27.0,46,0
25.4,43,12.6,81,1
21.0,78,14.4,15,1
30.1,25,15.3,93,0
24.1,53,20.2,48,0
33.2,23,5.4,82,1
30.8,25,17.7,23,0
28.7,92,13.9,60,1
39.0,29,19.9,31,0
44.0,58,11.3,8,0
44.7,43,6.6,68,0
28.8,72,1.7,86,1
25.3,48,21.1,34,0
39.8,83,25.8,84,1
32.3,24,26.3,49,0
24.4,90,21.4,12,0
33.9,28,6.2,7,0
21.0,93,20.8,49,1
43.5,47,11.3,91,0
23.5,92,0.0,81,1
29.0,30,2.7,65,0
33.6,100,23.5,39,0
29.1,68,28.5,38,0
20.1,50,20.8,46,0
25.8,80,2.4,43,1
39.6,71,26.3,79,1
42.0,35,10.6,48,0
36.4,39,22.0,32,0
29.7,64,21.7,68,1
42.7,22,6.8,19,0
40.0,42,21.8,49,0
33.3,79,10.3,89,1
33.5,26,22.6,65,0
18.8,42,0.9,92,1
25.3,85,20.8,68,1
29.4,64,2.8,29,0
44.3,81,16.6,26,0
43.3,69,26.5,52,0
38.2,22,0.6,60,0
38.1,25,22.1,61,0
37.1,80,0.8,20,0
32.5,82,23.0,34,0
35.9,87,1.0,27,0
18.3,89,24.3,47,0
23.4,92,20.7,11,1
39.3,91,27.8,13,0
18.9,28,26.7,1,0
22.6,64,14.2,72,1
26.5,74,0.9,85,1
29.7,41,2.4,86,1
30.8,67,2.2,66,0
39.9,88,26.3,94,1
18.5,78,24.2,99,1
22.4,20,28.4,49,0
33.8,26,7.6,41,0
19.1,89,11.4,16,1
25.2,53,27.1,3,0
35.2,86,1.3,40,0
31.8,85,0.7,13,0
19.4,18,17.7,98,1
21.7,57,0.4,59,0
26.0,22,11.1,5,0
19.6,57,11.1,40,0
35.2,47,18.5,81,0
24.9,87,24.8,37,1
30.3,50,29.4,28,0
30.9,33,4.1,36,0
38.9,25,19.6,59,0
28.6,20,29.1,77,0
19.7,58,5.8,10,0
20.8,97,7.3,30,1
30.7,42,16.0,27,0
34.9,31,18.9,65,0
44.3,56,23.6,40,0
35.7,22,22.7,24,0
39.6,75,14.9,13,1
18.2,88,5.9,25,1
32.5,95,6.7,87,1
44.9,42,16.8,97,0
26.3,60,19.8,11,0
34.9,92,0.3,94,1
39.8,73,28.7,62,0
40.2,78,19.2,38,0
28.4,98,0.2,0,1
33.9,25,0.1,7,0
33.9,60,16.3,47,0
33.5,28,9.8,85,0
22.1,33,14.4,82,1
19.1,54,16.4,57,0
38.6,79,1.4,1,0
30.4,100,21.4,47,1
19.9,95,11.9,59,1
32.3,71,21.9,21,0
19.3,91,1.6,44,1
29.7,85,1.1,96,1
30.2,84,7.9,80,1
26.5,89,20.7,11,0
28.9,85,24.2,36,1
42.9,80,1.3,0,0
30.8,51,23.4,81,0
32.1,78,9.0,12,1
28.7,49,10.0,60,0
31.2,92,24.5,32,0
41.6,63,2.0,76,1
41.9,83,23.7,87,1
18.1,45,17.7,11,0
42.9,72,26.5,61,0
34.8,88,22.1,19,1
42.8,24,27.1,57,0
23.2,54,4.7,26,0
37.9,61,21.3,84,1
26.4,43,25.4,30,0
19.8,72,24.6,65,1
39.1,96,2.7,10,0
43.2,51,13.0,55,0
26.3,40,29.4,58,0
35.5,62,5.0,14,0
27.5,88,6.7,23,1
39.4,57,11.5,3,0
22.4,46,24.1,63,0
41.3,48,18.1,66,0
20.5,87,2.7,77,1
33.6,90,1.3,86,1
31.8,100,19.1,7,1
36.6,96,13.0,56,1
31.4,67,28.6,9,0
33.1,98,2.8,98,1
19.2,20,1.9,91,1
34.9,16,10.9,11,0
40.9,92,27.9,16,0
33.3,31,2.3,10,0
27.5,53,28.1,14,0
23.3,73,8.2,61,1
36.0,87,19.7,2,1
36.9,67,28.0,9,0
27.3,17,8.6,55,0
41.3,50,13.8,11,0
43.6,31,0.3,12,0
35.8,88,20.3,61,1
38.7,27,12.2,52,0
36.9,76,2.1,21,0
43.6,75,27.5,3,0
23.0,81,26.5,43,1
31.6,46,5.0,65,0
43.2,66,1.7,14,0
43.1,46,26.4,17,0
20.5,71,28.4,49,0
28.3,26,28.6,26,0
21.7,41,1.0,76,1
32.1,29,28.1,95,0
27.7,49,15.4,5,0
40.7,76,6.9,49,0
22.9,95,12.6,13,1
37.5,39,17.2,24,0
28.1,48,24.8,77,0
28.4,72,13.9,27,1
32.5,75,25.0,16,0
22.1,21,11.2,8,0
21.2,93,4.5,38,0
35.0,23,2.6,98,1
29.0,36,17.0,91,1
22.5,100,29.9,19,1
19.3,76,12.5,77,1
39.8,97,2.8,89,1
18.9,43,15.0,20,0
39.4,78,18.2,65,1
44.3,94,14.0,10,0
37.4,34,25.6,37,0
41.3,89,28.6,14,0
24.2,91,7.2,53,1
30.4,48,19.7,91,0
30.5,88,16.5,69,1
30.5,100,18.4,73,1
37.0,36,28.0,98,0
44.7,88,18.8,49,1
28.5,57,6.2,100,1
24.1,46,25.8,11,0
35.6,94,12.8,56,1
26.1,68,22.4,59,0
35.8,63,15.9,65,0
18.9,27,26.5,22,0
29.3,50,23.8,65,0
26.5,30,7.5,66,0
22.7,57,26.1,9,0
27.6,21,18.4,35,0
21.6,57,29.7,0,0
41.9,78,7.6,34,1
26.9,21,18.6,48,0
39.3,91,28.0,70,1
19.0,32,9.4,35,0
27.0,73,28.6,61,1
18.0,56,9.7,78,1
18.9,29,9.5,74,1
33.6,35,14.9,4,0
40.6,86,16.7,62,1
38.9,44,27.1,46,0
26.6,61,17.2,82,1
32.5,77,10.4,47,1
20.6,38,25.3,2,0
40.2,52,6.9,98,0
22.2,33,7.5,83,1
28.9,95,29.1,12,1
22.7,33,14.6,57,0
32.0,15,4.3,51,0
18.7,67,25.6,93,1
41.6,19,6.9,67,0
36.9,71,5.0,1,0
18.4,38,6.1,93,1
20.4,41,4.4,44,0
44.4,62,10.6,56,0
27.6,52,22.3,91,0
39.1,45,16.3,30,0
31.1,16,15.3,100,0
28.2,89,21.1,30,1
38.2,71,9.4,95,1
36.3,51,29.4,96,0
41.2,70,17.4,10,0
32.8,74,19.7,45,0
20.7,25,19.0,9,0
32.8,25,5.2,76,1
43.7,23,11.4,35,0
40.3,61,24.7,35,0
20.6,32,20.9,36,0
21.8,36,26.1,85,0
36.9,95,19.5,62,1
36.1,52,12.1,89,0
33.7,91,24.1,37,0
22.7,57,23.6,67,0
22.0,47,10.3,6,0
34.2,41,9.7,1,0
19.0,39,27.1,31,0
35.8,84,14.1,1,0
40.2,20,28.9,75,0
20.3,42,28.7,79,1
28.1,22,8.4,17,0
39.6,100,12.3,69,1
35.0,51,28.0,11,0
27.6,30,18.6,45,0
31.5,64,15.8,62,0
39.9,46,14.9,44,0
42.1,94,25.2,61,1
19.9,54,4.1,84,1
23.5,36,5.2,59,0
30.4,98,22.3,90,1
19.4,44,6.7,64,0
32.0,93,18.6,12,1
39.9,77,13.1,59,1
22.5,50,21.5,2,0
35.8,90,7.5,2,1
24.9,74,28.4,1,0
26.2,32,23.2,41,0
39.9,29,20.0,90,0
31.4,84,8.6,68,1
37.6,85,16.5,2,0
44.7,52,7.2,36,0
18.1,32,9.1,32,0
42.7,36,29.9,74,0
30.7,64,24.1,28,0
19.7,80,28.2,8,1
35.4,97,18.1,27,1
32.8,48,25.6,25,0
31.9,49,28.4,40,0
31.0,82,6.5,37,1
31.7,52,24.3,90,0
33.8,67,2.9,39,0
24.6,71,22.2,30,0
40.0,34,3.1,20,0
34.6,82,18.2,47,0
41.3,75,11.1,40,0
26.9,73,12.8,41,0
38.7,52,6.1,38,0
30.7,85,15.9,5,0
43.2,34,10.4,76,0
35.4,58,28.9,11,0
30.7,80,11.6,84,1
24.9,83,5.5,62,1
28.1,89,5.9,25,1
37.4,42,24.3,38,0
28.6,78,23.7,78,1
35.0,95,8.9,19,1
36.2,47,14.1,32,0
19.6,17,11.0,12,0
20.9,51,11.3,67,0
18.3,100,13.2,6,1
32.8,88,12.2,5,1
28.1,35,4.6,16,0
42.6,98,5.5,28,0
35.3,22,20.5,14,0
25.1,36,28.3,68,0
27.9,18,11.5,5,0
25.9,23,0.9,92,0
25.4,66,16.9,44,1
22.9,54,13.8,84,1
25.8,66,27.8,92,1
43.1,93,7.9,70,1
44.1,88,3.4,27,0
33.7,66,4.1,85,1
34.0,97,5.6,13,1
23.1,30,24.2,23,0
31.1,80,14.8,53,1
35.1,82,28.2,63,0
38.4,36,19.1,73,0
33.8,86,26.7,23,1
39.3,45,15.7,22,0
29.6,58,12.2,85,1
26.8,51,7.1,2,0
36.4,63,15.8,98,1
27.9,27,5.5,86,1
37.2,75,13.5,37,1
24.0,41,26.4,43,0
31.0,59,6.4,35,0
22.0,39,5.2,76,1
25.0,20,6.4,22,0
33.9,49,11.8,9,0
29.6,80,11.7,44,1
39.9,46,8.4,76,0
35.4,82,24.9,67,1
32.7,44,11.7,29,0
36.2,55,4.6,65,0
32.0,77,26.8,47,0
43.1,18,2.7,60,0
28.7,72,0.5,21,0
37.7,46,26.2,11,0
24.5,54,17.2,79,1
28.8,34,23.5,29,0
38.0,50,9.1,79,1
28.1,65,24.4,61,1
37.8,69,3.3,55,0
43.9,21,6.3,14,0
37.1,28,26.1,62,0
24.8,62,27.4,59,1
21.1,16,11.4,71,1
44.9,22,23.2,79,0
37.1,74,15.4,79,1
29.9,97,25.5,75,1
28.4,47,20.8,35,0
31.1,68,2.7,2,0
22.1,95,24.9,0,1
36.2,25,0.9,55,0
22.6,63,21.6,78,1
21.8,59,0.8,30,0
36.3,33,0.4,1,0
32.2,52,7.1,87,0
38.1,20,8.9,59,0
20.6,37,8.4,29,0
24.2,65,7.2,38,1
29.8,88,4.3,2,1
19.4,48,22.2,82,1
28.4,23,5.0,34,0
20.5,69,28.6,56,0
23.5,93,8.9,32,1
26.1,35,26.3,61,0
36.0,89,24.4,19,0
21.4,99,16.2,12,1
43.2,34,16.7,59,0
22.7,43,16.7,93,1
40.2,32,24.1,66,0
22.3,15,8.3,78,1
31.0,41,15.0,15,0
28.9,81,7.7,98,1
28.1,100,21.3,100,1
21.1,65,18.7,21,0
28.3,47,2.6,94,1
20.4,28,17.1,7,0
30.0,29,20.2,28,0
41.8,28,11.9,73,1
37.7,20,11.1,9,0
34.0,16,25.5,65,0
29.2,23,25.7,40,0
26.7,72,21.5,64,0
20.6,28,4.4,39,0
22.1,73,3.6,68,0
41.8,57,28.8,95,0
41.3,49,25.5,34,0
38.4,67,12.0,62,0
34.5,98,2.6,95,1
31.0,16,6.8,16,0
21.8,26,1.5,53,0
34.1,59,2.9,60,0
31.3,33,27.6,66,0
20.4,21,13.7,13,0
43.5,64,11.4,48,0
25.4,61,23.0,30,0
20.7,61,17.4,87,1
38.7,72,4.7,5,0
20.8,69,4.4,87,1
28.1,91,16.1,60,1
39.9,100,24.8,64,1
37.4,48,18.4,33,0
27.0,39,3.7,0,0
31.9,52,22.1,37,0
20.3,78,6.2,85,1
24.6,67,4.1,57,0
36.3,46,4.5,79,0
38.1,17,2.1,89,0
27.5,41,12.7,33,0
40.8,23,3.9,97,0
26.1,65,20.9,38,0
35.6,50,16.6,77,0
21.6,72,16.6,31,0
43.2,16,17.3,17,0
44.3,47,18.1,49,0
20.2,15,9.1,54,0
40.0,32,29.0,3,0
18.3,91,9.6,43,1
42.7,48,23.6,66,0
23.9,38,25.8,98,0
37.0,65,9.6,7,0
37.9,19,7.8,95,1
42.7,22,13.7,80,0
37.7,77,0.7,19,0
25.4,76,25.8,47,1
31.7,64,11.8,80,1
19.1,98,3.0,93,1
28.8,51,5.3,53,0
37.2,61,11.6,45,0
21.7,65,10.6,92,1
43.8,43,1.1,32,0
43.0,74,27.8,83,1
32.0,89,27.7,43,0
39.3,97,4.1,42,0
35.4,100,3.0,29,0
34.2,66,24.1,16,0
39.1,71,10.3,84,1
40.6,70,25.8,86,0
29.1,90,15.3,83,1
21.8,95,4.2,95,1
44.0,62,22.4,94,0
39.6,90,18.8,14,0
28.6,77,7.9,52,1
33.6,74,14.8,26,0
27.2,94,12.6,25,1
26.4,83,4.4,70,1
23.2,56,2.7,14,0
25.4,54,21.8,17,0
32.0,30,1.2,89,0
41.9,67,7.5,29,0
37.7,36,1.5,21,0
30.8,67,22.9,18,0
25.1,46,20.5,44,0
27.2,94,8.2,94,1
20.3,44,8.2,26,0
41.6,63,0.3,60,0
21.4,23,6.8,32,0
30.8,42,27.5,16,0
40.3,43,22.5,57,0
35.6,57,21.9,78,0
40.1,65,12.8,45,0
23.5,25,28.6,10,0
24.0,15,28.8,62,0
29.9,21,23.8,2,0
23.2,78,5.2,92,1
21.4,18,30.0,1,0
27.1,25,4.0,59,0
20.4,38,14.5,89,1
24.3,62,18.8,22,0
33.9,93,17.5,32,1
18.0,86,27.6,27,1
24.7,96,19.8,54,1
32.9,59,29.8,54,0
33.4,38,8.9,33,0
20.9,22,8.3,21,0
21.8,58,15.4,98,1
29.1,48,7.5,42,0
22.3,93,26.6,45,1
34.8,68,28.9,18,0
36.1,50,3.1,62,0
38.6,87,13.8,15,1
36.4,28,21.7,95,0
23.4,91,7.3,8,1
39.2,42,8.5,27,0
39.9,80,6.5,65,1
26.7,52,4.5,24,0
20.5,71,25.1,74,1
18.8,88,22.0,41,1
33.2,67,17.9,28,0
30.4,42,22.0,0,0
43.9,79,7.5,39,0
21.7,39,12.2,83,1
21.1,41,12.9,82,1
33.5,86,27.8,3,0
37.8,93,23.4,12,0
39.1,32,10.1,39,0
32.7,75,13.1,38,1
31.9,49,7.6,9,0
19.9,73,1.5,86,1
33.8,43,11.6,96,0
27.7,77,13.4,95,1
24.3,22,11.1,7,0
19.6,29,1.6,95,0
20.1,36,9.6,22,0
32.5,45,18.3,24,0
20.7,78,22.6,28,1
20.5,95,13.8,15,1
28.7,40,22.1,88,1
20.5,16,4.0,45,0
25.7,85,6.5,49,1
37.2,24,13.8,84,1
37.7,37,7.0,55,0
19.8,73,16.9,37,0
20.3,21,25.4,95,0
32.1,53,16.2,81,1
42.5,77,7.7,100,1
38.5,23,7.9,40,0
26.7,32,23.3,85,0
42.1,87,6.8,86,1
37.2,46,10.5,66,0
32.4,82,19.6,97,1
38.0,29,13.8,33,0
44.4,96,23.8,59,1
39.2,95,27.0,33,0
27.1,88,19.2,9,1
37.9,91,15.4,62,1
28.0,55,26.9,47,0
21.5,44,5.5,56,0
21.5,40,26.4,36,0
35.1,46,27.5,16,0
29.0,21,12.0,54,0
44.8,82,23.3,90,1
19.2,94,0.6,24,0
20.9,66,27.6,17,0
22.4,82,8.9,68,1
40.2,31,22.7,15,0
33.1,72,4.1,79,1
22.6,65,20.6,58,0
28.7,87,26.8,6,1
37.7,39,12.1,40,0
24.0,75,19.3,35,1
21.0,80,29.3,100,1
42.4,69,11.0,30,0
36.8,62,5.3,91,1
24.4,52,19.3,30,0
42.0,100,11.9,91,1
24.8,83,3.3,34,0
41.3,77,12.9,45,0
39.1,71,16.0,34,0
34.4,77,13.2,59,1
31.2,54,24.4,22,0
30.8,35,8.3,75,0
20.1,86,4.7,21,1
44.8,79,3.3,100,1
28.8,60,24.7,38,0
39.7,73,20.7,43,0
23.7,61,20.2,36,0
40.3,97,25.1,17,0
41.0,22,23.1,43,0
25.2,27,21.6,98,0
29.5,27,26.1,17,0
34.4,22,11.7,6,0
40.5,95,0.6,34,0
36.3,56,18.0,74,0
30.0,85,19.7,2,1
38.4,28,20.3,70,0
40.6,82,10.5,29,0
36.9,42,26.4,10,0
43.2,66,8.7,90,1
29.7,78,11.8,65,1
34.2,33,7.5,49,0
41.6,97,8.6,14,0
42.0,35,15.8,30,0
23.9,18,6.0,99,1
22.6,100,9.1,20,1
26.3,97,12.4,19,1
33.7,76,15.5,27,0
40.6,63,28.7,80,1
37.7,48,10.5,99,1
37.5,15,8.1,67,0
38.0,73,16.0,35,0
36.6,96,20.0,64,1
24.3,58,3.5,10,0
34.2,91,27.9,75,1
34.2,81,18.7,46,1
38.7,89,24.6,19,0
36.9,89,18.8,94,1
44.7,69,0.1,6,0
37.3,15,27.0,46,0
29.5,38,14.4,72,1
35.6,29,5.1,55,0
22.6,37,4.7,63,0
21.9,32,22.6,62,0
33.0,84,5.5,87,1
29.2,74,14.7,5,0
44.0,51,26.9,100,0
43.6,24,14.8,3,0
24.1,56,29.0,83,1
21.6,54,9.4,22,0
20.9,50,3.0,82,0
30.5,98,20.2,40,1
19.8,45,24.4,53,0
40.1,56,11.5,22,0
20.5,67,3.0,12,0
35.2,29,22.4,49,0
21.5,63,20.9,53,1
42.8,63,3.3,25,0
19.4,43,4.4,8,0
22.3,40,10.4,68,0
35.3,23,8.1,51,0
33.9,27,20.6,32,0
32.1,42,15.5,96,1
35.9,94,26.2,8,0
39.5,44,6.8,71,0
25.2,51,3.3,74,0
41.4,24,16.1,39,0
43.7,17,3.6,68,0
29.3,47,10.7,39,0
29.5,98,11.1,63,1
38.1,39,22.2,39,0
22.1,98,16.4,19,1
25.9,63,16.4,26,0
43.4,32,18.9,11,0
43.3,88,22.1,15,0
43.3,33,23.4,60,0
36.2,90,2.8,43,0
26.2,26,6.1,91,1
43.7,73,23.7,55,0
33.9,51,25.5,53,0
20.2,58,18.3,13,0
18.6,38,18.4,68,0
38.8,90,12.2,50,1
41.0,30,16.4,31,0
31.9,38,18.8,35,0
39.5,50,28.1,95,0
25.8,90,2.6,66,1
42.8,43,29.3,55,0
30.9,56,12.3,52,0
20.1,29,24.6,31,0
45.0,95,2.0,62,1
43.4,67,8.9,81,1
26.1,75,22.2,19,1
35.1,87,26.8,41,1
22.0,33,16.6,28,0
23.3,71,17.4,86,1
43.0,30,6.5,57,0
32.7,61,16.7,16,0
40.8,36,10.7,36,0
23.4,54,24.7,53,0
35.4,99,2.3,31,1
21.6,46,9.8,2,0
44.1,42,10.4,17,0
32.2,59,26.2,78,0
37.7,37,26.6,80,0
35.9,72,12.5,63,0
41.9,96,12.3,72,1
26.2,19,11.6,94,1
21.7,80,4.2,61,1
18.5,44,0.2,93,0
28.5,46,18.6,85,1
44.4,25,29.9,98,0
20.3,90,2.0,83,1
40.7,99,20.7,25,0
38.5,79,15.6,34,1
31.5,51,14.8,49,0
18.1,59,0.0,49,0
39.7,37,13.5,63,0
36.2,32,0.0,94,0
19.4,48,2.3,83,1
31.2,97,17.0,61,1
39.6,53,1.7,45,0
20.2,49,1.1,48,0
34.0,49,18.1,84,1
34.0,43,12.1,94,0
25.6,97,28.3,36,1
20.8,16,5.3,90,1
18.6,99,17.5,41,1
29.8,96,11.6,30,1
31.5,50,7.7,71,1
19.2,41,1.3,14,0
24.3,87,23.0,75,1
20.9,79,18.7,49,1
32.3,84,5.8,21,1
33.9,20,14.8,24,0
19.3,66,10.7,24,0
27.9,99,14.2,20,1
23.8,83,25.8,79,1
43.4,89,5.0,33,0
42.8,30,3.7,95,0
18.4,28,26.5,44,0
18.3,94,17.4,44,1
23.2,72,9.6,89,1
27.1,78,14.8,77,1
28.0,19,25.5,83,0
36.6,18,13.8,45,0
18.7,75,9.1,99,1
35.2,44,12.7,48,0
41.0,89,4.6,43,0
22.7,67,29.5,49,0
20.1,78,2.3,57,1
33.4,64,10.4,73,1
18.6,42,12.7,100,1
33.0,32,1.7,10,0
40.8,66,19.4,67,0
32.1,68,25.9,92,1
28.8,20,13.6,39,0
23.1,39,9.0,32,0
27.3,75,12.4,60,1
26.9,69,27.2,22,0
22.8,75,11.0,83,1
43.5,75,18.4,97,1
32.2,75,0.2,36,0
34.3,44,4.9,100,0
37.6,77,21.3,41,1
28.0,82,13.4,97,1
28.4,29,29.5,21,0
36.9,24,18.4,19,0
33.4,41,28.4,55,0
40.9,26,29.1,43,0
41.1,79,21.6,79,1
42.0,99,22.1,87,1
40.9,60,13.4,50,1
20.1,82,5.2,10,1
36.0,93,29.4,64,0
26.5,43,24.8,93,0
28.0,55,6.7,32,0
39.1,25,19.0,75,0
18.9,58,7.5,1,0
27.1,17,29.5,45,0
33.7,73,19.7,80,1
39.9,64,28.2,50,0
29.8,90,11.4,63,1
29.9,84,27.5,44,1
42.2,49,18.1,79,0
25.7,73,14.3,32,0
23.5,49,7.7,36,0
38.3,44,27.0,3,0
39.4,77,17.0,45,0
29.2,76,28.7,31,1
42.3,85,4.6,37,0
33.5,94,24.0,63,1
24.7,19,6.6,24,0
34.5,100,16.4,84,1
43.5,80,7.6,61,1
28.0,28,15.4,78,1
41.8,19,27.4,77,0
21.9,87,16.3,32,1
40.8,89,24.9,37,0
39.4,84,11.2,93,1
33.2,20,20.3,84,0
30.4,37,16.5,1,0
30.5,78,5.6,41,1
29.6,39,18.0,77,1
34.3,30,12.7,75,0
27.6,30,3.7,30,0
44.3,89,29.8,34,0
18.6,20,7.5,13,0
36.8,92,22.4,18,0
36.8,89,0.5,68,1
32.8,75,21.8,72,1
18.8,66,6.0,82,1
43.6,24,13.8,40,0
20.8,41,27.1,54,0
35.8,75,3.8,99,1
32.8,70,9.8,85,1
24.0,42,12.6,81,1
18.0,36,9.6,32,0
40.5,95,15.9,20,0
20.4,87,18.0,12,1
24.2,44,6.7,70,1
43.2,52,14.4,14,0
43.7,86,18.9,32,0
30.9,76,8.0,11,1
42.1,38,20.3,58,0
42.5,84,5.2,67,1
30.1,56,6.2,20,0
34.6,21,0.3,14,0
30.5,26,29.3,37,0
21.3,100,16.1,99,1
42.9,76,13.3,39,1
19.4,55,1.4,53,0
31.3,40,14.0,49,0
27.8,17,10.0,80,1
43.5,48,10.7,26,0
23.2,41,5.9,16,0
43.5,81,18.3,10,0
34.7,77,22.5,47,1
24.6,54,15.0,65,0
26.3,73,21.4,98,1
21.7,98,14.7,53,1
37.2,99,14.5,11,1
31.7,99,2.2,12,0
39.8,77,1.9,61,0
33.9,61,13.6,13,0
28.3,37,23.7,13,0
41.8,25,16.5,86,1
39.0,65,25.9,13,0
38.0,31,0.1,87,0
18.5,20,5.0,89,1
36.2,41,18.2,42,0
41.8,59,23.4,65,0
38.2,73,17.5,62,1
26.3,79,24.6,38,1
41.6,28,13.7,98,0
35.5,57,27.1,26,0
36.0,54,25.9,49,0
22.1,72,13.3,51,1
25.1,27,22.9,28,0
42.3,91,6.9,44,0
41.1,38,20.7,86,0
38.1,92,7.7,42,0
25.9,100,4.4,87,1
27.6,99,6.2,55,1
27.6,34,8.5,2,0
42.8,16,26.8,91,0
35.3,46,7.2,57,0
23.2,81,11.6,18,1
20.9,58,11.1,77,1
39.7,41,9.0,33,0
30.3,45,25.1,86,0
44.1,16,9.7,20,0
26.7,45,9.1,8,0
27.0,99,27.5,52,1
38.6,38,12.3,24,0
44.1,31,23.4,58,0
28.7,38,1.4,7,0
30.4,27,11.5,86,0
20.2,18,22.0,83,0
33.0,75,0.4,18,1
26.4,29,3.9,82,0
41.4,92,5.6,10,0
28.5,62,15.9,53,1
22.3,91,8.2,57,1
24.0,44,4.4,70,0
35.1,91,3.9,2,0
39.0,80,9.9,14,0
24.4,64,26.6,73,1
24.6,52,8.3,38,0
38.5,40,7.7,91,1
28.9,86,12.6,52,1
29.7,52,8.1,22,0
19.4,86,29.4,56,1
20.5,35,9.4,51,0
31.3,97,26.8,78,1
28.0,19,21.5,88,1
28.4,32,23.8,80,0
28.1,70,29.5,60,0
30.4,36,4.1,22,0
36.4,48,18.5,66,0
42.2,42,0.2,82,0
27.3,17,11.3,56,0
35.5,89,1.5,10,0
40.0,29,5.9,25,0
25.9,89,16.9,93,1
31.8,15,5.5,83,0
18.2,72,15.5,0,0
25.1,83,19.0,47,1
37.0,100,11.8,24,0
37.2,83,14.8,55,1
39.0,30,19.5,73,0
18.8,42,2.8,66,0
38.8,31,10.2,8,0
22.0,91,6.6,29,1
41.3,55,29.7,95,0
25.5,19,22.7,11,0
33.9,21,21.0,83,0
23.0,58,26.5,85,0
38.6,72,28.0,97,1
26.4,18,26.1,61,0
41.2,91,22.5,10,0
18.3,65,19.7,50,1
30.6,87,22.7,83,1
22.7,68,14.1,77,1
32.7,84,4.6,20,1
30.7,95,2.4,55,1
32.2,72,11.6,68,1
40.8,58,20.2,39,0
28.7,33,18.3,66,0
31.9,57,29.4,70,0
28.3,92,4.3,27,1
42.6,44,9.4,38,0
19.4,19,15.7,85,1
30.8,72,9.6,56,1
34.7,44,20.0,97,1
44.5,80,6.7,30,0
42.5,90,5.7,45,0
22.7,96,11.5,7,1
20.2,99,14.1,45,1
23.6,77,6.1,64,1
36.5,89,22.1,0,1
32.0,78,12.5,34,0
41.4,38,14.9,65,0
19.8,55,19.7,90,1
33.9,22,17.0,65,0
35.1,22,5.6,78,0
22.7,31,17.2,48,0
21.8,25,1.3,9,0
30.4,18,16.3,15,0
34.2,21,14.3,71,1
30.4,89,27.3,69,1
32.6,69,19.7,9,0
41.8,47,10.8,4,0
34.9,56,9.4,3,0
44.0,70,9.5,65,0
35.1,64,22.9,75,1
30.1,96,6.6,93,1
31.8,36,29.7,58,0
41.4,79,24.8,34,0
26.0,46,19.9,2,0
20.1,84,17.0,0,1
29.7,76,12.2,100,1
44.7,23,23.2,52,0
26.5,44,28.7,98,0
27.8,49,24.8,62,0
28.9,36,10.7,18,0
42.0,76,25.1,23,0
42.5,80,14.5,60,1
22.0,63,7.9,45,0
26.2,77,2.5,95,1
31.0,92,2.7,82,1
21.3,27,5.5,51,0
27.5,44,2.9,90,1
19.7,51,28.2,82,0
33.2,39,2.5,68,0
18.1,43,6.3,10,0
34.4,18,12.7,69,0
25.8,83,2.2,56,1
19.7,31,1.0,75,0
44.5,95,20.2,74,1
19.1,51,28.5,46,0
24.2,79,18.2,99,1
23.0,71,21.8,8,0
29.3,50,7.0,25,0
31.0,56,3.0,78,0
26.7,74,23.2,21,0
40.7,89,7.1,60,1
33.9,73,1.3,71,1
19.0,18,12.8,38,0
37.8,62,20.7,1,0
40.7,42,4.8,23,0
30.7,69,7.4,14,0
22.8,24,18.9,61,0
37.0,49,20.8,80,0
35.6,94,29.5,34,0
34.3,15,14.7,43,0
25.5,16,30.0,6,0
42.9,97,8.1,98,1
21.0,73,20.8,1,0
35.7,31,0.4,65,0
42.2,72,11.2,56,0
42.3,95,11.6,3,0
33.3,22,7.3,54,0
35.8,21,5.5,96,0
35.3,64,8.4,73,1
40.6,82,14.8,18,1
42.9,70,2.9,97,1
43.5,42,26.8,66,0
42.0,63,7.0,53,0
32.7,64,27.2,79,1
20.2,30,7.7,83,1
25.9,73,11.1,84,1
25.6,99,27.6,93,1
19.4,38,8.6,54,0
37.4,50,21.7,63,0
41.1,87,25.1,48,0
30.9,85,6.4,17,1
39.6,53,2.5,98,0
44.4,37,7.8,57,0
36.2,46,10.4,75,0
32.2,94,0.4,19,0
37.1,50,27.8,7,0
43.3,77,16.6,73,1
23.0,71,12.0,33,1
30.3,100,6.0,18,1
30.9,96,10.9,94,1
38.8,40,11.7,88,0
31.6,48,27.1,17,0
38.5,82,19.7,94,1
26.9,69,21.9,11,0
23.5,43,18.0,21,0
28.1,99,18.3,51,1
42.2,94,26.3,86,1
44.5,32,9.8,18,0
24.1,47,25.1,5,0
27.9,24,25.9,7,0
20.7,28,23.8,16,0
32.1,39,27.5,81,0
26.9,50,11.6,43,0
21.9,69,17.8,59,1
29.8,56,14.4,42,0
28.5,89,9.5,5,1
42.9,57,23.2,31,0
40.7,76,6.1,49,0
30.4,78,9.6,58,1
37.4,35,13.9,37,0
34.4,77,24.0,3,1
41.9,84,6.4,21,1
27.9,40,24.1,46,0
34.4,35,13.4,79,1
41.6,61,16.4,68,0
24.5,71,28.5,21,0
20.5,88,8.1,50,1
40.6,75,27.4,12,0
28.1,46,13.5,5,0
37.3,43,25.4,47,0
41.9,28,29.4,17,0
40.3,90,27.8,68,1
21.4,34,13.6,63,0
44.0,98,2.5,59,1
39.5,78,2.1,97,1
23.9,99,7.1,13,1
18.2,22,8.2,100,1
34.8,89,1.5,91,1
19.6,59,6.2,93,1
28.6,38,13.3,62,0
40.1,35,2.2,44,0
21.5,34,17.3,42,0
22.3,66,1.5,65,0
22.5,28,16.0,15,0
26.7,79,23.4,83,1
37.7,67,21.6,6,0
38.5,66,7.5,44,0
31.8,91,9.2,63,1
39.8,63,6.1,61,0
25.9,70,15.6,35,0
24.7,62,9.2,52,1
40.4,25,9.0,65,0
34.3,85,11.7,67,1
36.7,46,6.1,34,0
37.5,98,2.8,43,0
30.2,30,3.0,94,0
39.2,71,21.4,68,0
41.5,98,1.7,92,1
33.4,75,25.3,55,1
43.0,83,9.7,72,1
42.4,55,20.5,78,0
20.4,25,7.9,41,0
31.5,24,16.6,90,0
23.2,43,19.1,45,0
21.6,25,12.8,33,0
32.5,68,25.0,22,0
24.3,90,20.5,87,1
28.9,73,24.1,43,0
27.1,97,3.5,97,1
18.1,26,23.7,63,0
40.9,79,14.4,79,1
39.9,70,2.2,76,1
29.9,76,9.5,79,1
31.9,54,4.0,31,0
21.7,93,26.9,73,1
39.4,72,10.3,85,1
37.0,71,6.0,49,0
30.3,28,7.8,14,0
44.1,71,15.2,97,1
19.0,54,26.9,59,0
35.4,57,29.0,46,0
38.3,26,25.2,44,0
34.2,44,4.0,48,0
22.6,21,24.6,80,1
35.6,34,8.5,80,0
25.1,73,12.1,33,1
30.9,96,3.5,15,0
39.3,26,26.8,43,0
42.4,81,3.4,13,0
34.0,80,25.3,57,1
43.7,92,19.4,75,1
32.7,32,21.7,38,0
20.5,80,19.5,21,1
39.2,75,13.7,41,0
36.8,91,4.7,11,0
18.4,24,28.3,25,0
23.6,50,19.4,23,0
36.3,94,12.3,96,1
20.9,47,4.3,42,0
42.6,21,19.5,76,0
43.1,64,1.8,71,1
28.5,18,29.5,81,0
40.4,17,13.4,59,0
34.6,49,17.6,8,0
24.8,94,12.2,71,1
40.5,86,5.1,67,1
22.4,74,26.0,47,0
43.5,31,18.7,72,1
18.3,90,25.8,8,0
19.9,29,8.8,16,0
25.5,94,21.6,66,1
44.0,25,27.9,80,0
25.9,36,20.2,65,0
30.5,15,12.7,2,0
35.9,60,2.6,61,0
25.2,63,25.1,54,1
35.3,37,8.0,39,0
22.3,78,15.2,71,1
27.4,43,20.7,66,0
24.3,38,4.9,30,0
19.7,49,2.0,68,0
44.8,26,0.3,92,0
26.1,15,8.1,84,1
44.9,76,18.0,68,1
43.4,86,11.4,68,1
39.5,59,14.7,91,1
39.1,37,23.0,96,0
37.7,17,3.3,32,0
38.7,40,14.3,79,0
36.7,87,1.4,83,1
21.8,41,13.2,98,1
18.8,39,3.6,77,1
39.2,66,24.9,28,0
24.6,59,21.1,99,0
33.0,20,22.1,37,0
32.0,48,3.7,67,0
36.4,35,1.0,85,0
27.1,25,19.9,23,0
23.0,86,15.5,66,1
32.5,15,24.8,48,0
28.7,64,7.8,22,0
26.3,80,21.6,86,1
39.0,40,23.6,40,0
41.6,65,11.8,53,0
25.0,30,8.5,65,0
33.6,85,18.0,49,1
28.1,68,8.4,29,0
30.7,32,12.5,68,0
43.6,87,6.6,99,1
31.2,31,23.3,34,0
35.5,63,9.8,88,1
34.6,77,4.0,51,1
20.3,37,28.0,16,0
34.3,48,5.3,4,0
44.8,81,28.2,30,0
34.0,81,22.2,34,0
36.5,17,18.1,20,0
18.9,96,11.3,53,1
26.1,52,26.1,38,0
35.1,36,26.2,94,0
18.9,53,6.9,45,0
24.2,35,19.2,28,0
35.4,42,17.7,22,0
32.0,38,16.4,41,0
27.0,49,18.1,38,0
38.8,26,26.7,40,0
33.8,68,8.2,10,0
28.3,54,29.8,13,0
32.7,60,11.6,70,1
40.6,56,19.9,39,0
24.8,30,21.9,38,0
34.3,71,27.3,78,1
42.1,63,13.2,69,0
19.2,100,22.6,61,1
25.3,97,29.2,93,1
33.3,17,15.0,33,0
28.7,43,5.9,69,0
32.4,78,25.8,38,0
29.6,17,20.8,77,1
22.8,23,14.7,61,0
34.5,70,27.4,93,1
36.7,100,18.2,75,1
18.6,64,7.0,49,0
19.2,98,7.7,6,1
21.0,59,6.5,45,0
44.4,18,8.9,2,0
34.7,28,11.0,20,0
37.8,23,23.9,95,0
29.8,52,18.0,59,0
34.0,32,17.8,48,0
24.5,26,7.2,10,0
38.8,30,28.0,60,0
28.2,96,4.6,22,1
27.4,35,8.7,75,1
31.0,34,0.1,40,0
34.9,31,13.3,27,0
29.2,99,13.1,10,1
42.9,26,12.2,25,0
29.1,21,18.7,62,0
26.9,28,7.3,66,0
19.0,20,24.6,87,0
44.8,40,29.8,71,0
21.4,31,29.2,94,0
40.5,16,8.8,39,0
24.3,31,19.4,35,0
36.1,94,20.2,6,0
28.7,38,20.0,95,1
20.3,17,29.5,60,0
39.9,37,24.1,8,0
44.2,18,27.8,52,0
30.0,58,12.5,51,0
44.3,32,5.2,58,0
36.8,56,24.9,64,0
21.1,23,26.8,88,1
18.3,44,7.4,77,1
39.1,99,28.1,87,1
33.1,80,21.2,79,1
21.3,55,3.1,77,0
43.0,21,25.4,77,0
31.2,61,12.3,72,1
20.6,46,10.5,22,0
21.7,75,20.8,27,0
18.8,93,9.6,94,1
23.7,51,18.3,20,0
18.0,92,9.4,56,1
29.5,99,12.9,61,1
35.3,39,2.3,42,0
29.4,65,9.2,49,0
20.3,40,6.2,60,0
36.1,73,5.5,62,0
23.8,24,25.4,10,0
35.6,30,27.1,3,0
22.2,54,0.0,35,0
35.4,43,16.2,63,0
31.9,74,5.5,56,1
19.4,50,14.8,83,1
18.7,25,30.0,79,0
33.1,18,16.7,2,0
40.1,15,27.6,45,0
36.4,82,15.8,32,0
36.7,97,24.4,12,0
27.6,98,23.5,3,0
32.3,34,29.0,5,0
33.7,30,9.7,79,0
34.0,67,14.1,48,0
19.7,41,14.8,69,0
27.4,35,10.0,98,1
28.5,78,4.7,9,0
28.6,62,8.3,55,1
43.8,51,14.2,35,0
18.8,30,26.8,30,0
33.9,40,7.9,17,0
44.9,42,11.1,85,0
33.3,70,16.6,29,0
36.6,20,7.1,97,1
43.6,56,10.8,42,0
35.5,80,13.4,10,0
25.6,94,24.5,58,1
32.5,57,27.6,82,0
22.9,62,10.9,25,0
33.2,84,20.6,88,1
42.7,64,18.1,3,0
22.4,86,2.1,55,1
26.8,60,19.1,34,0
30.5,65,9.6,43,0
32.5,64,13.6,74,1
31.7,90,25.3,45,1
41.8,49,17.6,85,0
19.2,73,24.8,18,0
34.8,22,9.1,24,0
33.5,55,23.2,22,0
42.4,16,17.3,33,0
32.2,45,12.0,26,0
44.1,71,17.2,44,0
32.7,46,0.5,2,0
40.8,95,0.0,99,1
34.1,37,8.0,19,0
32.1,49,25.9,83,0
26.9,74,15.7,31,0
28.6,74,17.2,85,1
22.6,15,23.1,43,0
39.5,58,28.2,17,0
35.7,20,12.8,36,0
18.6,39,7.5,55,0
21.8,50,18.3,95,1
19.0,90,16.5,66,1
27.3,16,0.7,59,0
40.7,81,14.5,97,1
41.1,19,6.8,12,0
40.4,61,18.9,43,0
34.6,32,3.8,87,1
29.4,78,23.8,51,1
43.6,34,23.5,7,0
22.6,18,14.6,62,0
32.2,90,15.8,53,1
39.9,90,14.7,76,1
34.6,33,25.0,91,0
22.5,68,4.0,51,0
24.1,71,11.9,20,1
36.2,56,24.3,67,0
43.4,51,21.1,19,0
43.9,48,3.5,46,0
28.3,54,8.2,92,1
37.9,46,5.4,85,0
25.0,91,1.9,32,1
19.6,54,24.6,70,1
40.9,43,23.3,51,0
30.4,54,29.2,99,0
18.3,77,9.4,80,1
27.3,96,21.6,24,1
24.1,47,22.1,10,0
19.0,41,13.7,31,0
27.3,16,2.5,5,0
42.8,27,5.3,78,0
44.8,63,17.1,58,1
37.5,70,15.2,36,0
21.6,84,2.3,16,0
38.2,41,2.8,95,0
32.0,75,9.1,25,0
32.7,31,15.7,13,0
25.1,55,28.7,72,0
21.9,61,23.4,23,0
36.0,54,18.2,88,0
41.1,15,20.2,57,0
26.1,29,14.0,15,0
35.6,61,4.5,89,1
25.6,85,2.0,32,1
33.0,33,3.2,3,0
27.7,40,1.5,69,0
27.9,58,29.9,26,0
27.3,84,16.0,72,1
35.8,34,3.3,3,0
21.4,35,14.5,60,0
34.6,70,30.0,92,1
28.7,15,19.7,22,0
33.4,99,3.9,18,1
34.9,22,26.0,43,0
43.0,50,6.2,36,0
20.4,63,23.6,65,1
22.8,77,11.1,3,1
24.8,25,19.3,34,0
22.7,53,27.5,18,0
43.5,52,16.7,72,0
31.8,62,19.5,36,0
24.1,48,26.5,88,1
33.5,37,24.3,17,0
30.0,90,18.3,46,1
21.7,33,11.0,72,1
34.5,60,14.0,20,0
22.3,56,10.7,0,0
33.6,74,10.2,19,0
37.8,36,8.9,93,1
40.2,52,21.9,18,0
35.2,68,4.9,59,0
45.0,46,10.0,20,0
41.5,41,19.7,97,0
37.8,61,17.6,71,1
28.2,71,7.6,79,1
33.3,68,27.7,25,0
40.3,43,4.0,65,0
36.9,34,10.6,39,0
35.9,37,5.7,16,0
40.6,32,4.8,73,0
20.6,73,3.8,36,0
19.8,49,26.7,63,0
35.4,32,29.2,92,0
41.5,43,18.9,39,0
34.0,85,22.8,68,1
27.9,52,19.7,75,1
35.7,27,7.4,49,0
19.9,57,14.5,18,0
32.1,71,5.2,79,1
26.5,96,20.1,35,1
39.5,18,2.7,30,0
27.7,88,23.0,90,1
44.0,67,10.7,87,1
20.4,74,19.9,47,0
32.8,94,29.8,61,1
31.8,51,10.6,1,0
30.3,52,27.8,12,0
38.8,71,28.5,1,0
25.7,23,8.6,91,1
30.4,88,25.8,86,1
36.1,60,27.6,15,0
28.7,77,9.9,45,1
36.8,90,9.9,26,0
36.6,17,18.4,12,0
24.0,27,16.0,59,0
23.4,75,0.3,20,1
29.8,38,8.5,33,0
26.1,17,20.1,54,0
24.8,75,27.7,55,1
27.2,70,29.3,70,1
19.5,78,13.8,43,1
43.4,77,28.3,33,0
41.5,57,26.9,55,0
24.6,94,16.5,19,1
44.0,83,5.0,3,0
30.7,64,22.4,77,1
28.2,16,20.7,13,0
41.8,31,25.4,19,0
38.3,66,12.4,12,0
44.1,85,29.3,92,1
37.7,37,12.7,45,0
37.3,69,17.6,3,0
37.3,90,28.5,45,0
43.5,58,7.9,59,0
18.8,90,23.4,85,1
38.9,86,7.7,95,1
24.6,76,28.8,23,1
37.0,46,2.2,43,0
43.2,28,18.6,85,0
38.9,19,12.6,39,0
43.0,69,10.2,9,0
21.2,97,17.8,57,1
32.6,61,21.0,5,0
42.9,44,27.7,3,0
20.8,28,17.1,41,0
34.4,82,0.8,41,0
29.2,49,29.8,62,0
19.3,99,24.7,39,0
44.8,63,13.0,57,0
39.9,24,14.2,2,0
41.1,67,20.8,90,0
39.2,71,3.8,10,0
41.7,80,10.4,26,0
29.8,44,7.7,68,0
39.7,81,26.6,82,1
34.1,54,2.3,53,0
30.2,37,1.3,80,0
23.3,81,0.7,4,1
28.4,55,28.9,48,0
20.3,75,25.0,44,1
29.6,16,8.0,64,1
23.1,50,14.9,3,0
20.9,58,7.8,75,1
35.2,83,22.7,81,1
43.8,27,23.5,42,0
32.8,22,5.7,39,0
32.2,53,13.0,89,1
38.7,49,22.9,2,0
25.0,55,5.2,97,1
25.9,38,16.0,53,0
26.9,65,14.2,44,0
39.5,54,28.3,81,0
19.6,79,29.9,50,1
20.0,77,8.9,21,1
30.0,26,29.9,67,0
33.6,72,3.3,3,0
20.6,70,17.3,12,0
19.3,48,27.1,31,0
25.8,58,9.6,57,0
38.0,94,24.1,66,0
31.6,52,25.7,58,0
21.4,74,8.9,73,1
21.1,20,27.3,6,0
19.7,19,18.7,27,0
19.4,27,8.0,66,0
38.3,48,11.7,98,1
19.3,40,1.8,79,0
23.7,55,22.3,25,0
20.4,20,29.8,85,1
24.8,27,5.8,100,1
44.0,81,29.4,20,0
36.3,68,7.5,6,0
33.8,60,3.8,48,0
41.2,18,29.7,74,0
41.4,75,9.6,33,1
21.1,53,22.2,37,0
39.5,48,22.1,44,0
36.2,62,22.0,59,0
30.7,65,22.0,95,1
20.6,50,11.3,8,0
25.9,63,20.9,52,1
44.5,57,22.4,73,0
25.7,15,9.1,94,1
43.5,86,12.0,59,1
27.1,20,1.8,20,0
25.4,32,10.6,29,0
22.6,84,6.9,9,1
34.7,95,11.8,25,1
30.7,85,28.3,91,1
22.7,27,11.3,94,1
26.3,52,27.0,77,0
41.0,81,15.3,70,1
28.3,99,13.4,37,1
33.3,86,27.1,40,1
32.4,30,0.2,50,0
29.0,20,15.7,53,0
19.6,64,22.1,85,1
29.4,44,26.6,5,0
28.5,90,10.7,99,1
34.1,16,11.3,84,0
31.0,57,6.7,27,0
38.9,55,10.9,78,1
18.0,64,22.6,85,1
33.5,69,29.6,76,1
28.2,26,21.6,1,0
42.5,74,2.1,42,0
28.2,15,14.6,64,0
27.0,78,10.5,36,1
24.0,96,23.4,39,1
42.5,91,12.5,36,0
36.1,24,22.4,34,0
26.9,65,28.9,13,0
19.3,91,7.4,39,1
38.9,64,20.4,62,0
36.2,48,3.9,64,0
31.3,98,2.2,31,0
37.5,58,1.0,75,0
43.1,83,22.0,1,0
35.1,19,0.4,4,0
34.9,70,18.5,26,0
20.4,38,5.6,43,0
30.2,64,25.1,5,0
41.7,52,25.7,0,0
39.1,98,15.8,43,0
31.3,37,19.6,84,1
26.4,97,15.5,29,1
42.2,44,1.5,28,0
20.5,98,21.4,76,1
27.5,90,2.9,40,1
25.1,44,28.8,13,0
21.5,50,26.6,22,0
42.4,99,4.6,99,1
18.7,84,6.7,98,1
34.6,51,11.6,38,0
23.8,46,18.3,28,0
34.2,35,24.4,92,0
31.7,17,3.5,0,0
24.4,72,23.0,83,1
33.6,71,23.5,30,0
30.2,49,14.6,72,0
26.3,64,17.1,55,1
18.6,24,17.6,38,0
20.7,40,4.7,48,0
42.4,71,17.5,51,0
44.2,48,17.4,87,0
28.3,21,20.0,32,0
44.3,97,10.3,73,1
25.9,75,0.5,100,1
31.9,74,26.6,83,1
41.6,21,3.0,39,0
30.6,69,4.9,22,0
32.4,88,6.7,76,1
27.7,81,24.7,88,1
19.6,26,18.6,45,0
38.5,53,9.1,78,0
34.4,44,19.5,74,1
22.0,86,10.2,3,1
30.7,34,24.8,82,0
43.8,72,28.6,83,1
44.3,38,13.3,80,0
23.4,50,14.5,90,1
28.0,65,25.4,4,0
39.0,31,0.1,1,0
28.8,19,28.5,67,0
23.5,77,28.7,57,1
26.2,51,18.3,21,0
27.7,51,23.7,52,0
32.2,22,8.5,15,0
35.2,65,3.7,49,0
37.2,48,7.6,95,0
37.3,18,23.0,55,0
24.9,75,16.0,89,1
42.0,28,29.8,57,0
20.4,35,27.5,75,0
19.4,61,17.3,1,0
39.1,59,29.0,72,0
37.0,58,19.2,50,0
29.9,41,8.7,74,1
34.3,21,28.7,35,0
31.4,52,20.7,84,0
28.7,90,21.0,61,1
30.2,30,27.8,55,0
24.8,100,18.2,57,1
38.7,71,20.3,60,0
39.3,28,18.8,89,0
28.6,72,7.3,55,1
23.2,45,27.8,9,0
33.2,18,18.2,37,0
42.2,97,18.1,47,1
32.2,77,3.4,65,1
19.5,17,3.8,40,0
20.7,99,26.4,63,1
18.9,57,11.1,80,1
24.9,69,29.5,46,0
32.0,61,3.1,71,1
41.3,87,9.4,8,1
27.8,27,13.9,17,0
20.2,40,9.7,30,0
32.9,72,29.6,31,0
24.5,87,8.4,77,1
28.9,92,19.6,20,1
21.2,31,0.3,68,0
27.6,29,10.2,81,1
26.4,92,18.4,93,1
33.8,41,25.4,99,0
38.3,15,11.9,91,0
38.9,25,4.3,58,0
36.8,37,15.1,29,0
19.8,98,3.3,98,1
36.8,60,10.6,65,0
37.4,36,17.0,23,0
42.3,45,26.6,44,0
28.0,46,26.6,45,0
33.7,90,27.0,58,1
22.4,46,5.0,89,1
26.0,83,20.1,65,1
39.4,49,25.2,56,0
43.6,18,3.8,41,0
33.8,97,12.9,87,1
39.5,98,17.1,53,1
44.8,95,27.3,68,1
41.7,56,27.3,68,0
39.1,36,4.1,22,0
32.1,96,20.9,3,1
19.6,79,29.0,15,1
24.9,76,19.3,12,1
38.3,71,4.6,64,0
43.5,78,14.4,98,1
35.9,51,21.3,75,0
38.7,50,19.5,59,0
23.9,26,15.8,29,0
34.6,28,16.5,94,1
19.9,42,0.2,74,0
22.5,82,25.7,78,1
38.7,76,24.6,84,1
24.9,44,10.1,6,0
41.2,97,20.1,98,1
25.4,50,26.4,50,0
31.2,86,20.5,20,0
35.8,93,12.1,22,1
34.7,74,11.9,54,1
30.5,40,14.4,58,0
25.4,39,4.2,18,0
31.5,29,28.7,79,0
38.6,15,5.0,92,0
23.3,67,25.0,37,0
32.2,97,20.2,75,1
36.4,88,19.6,52,1
19.2,89,9.8,91,1
30.5,42,24.2,46,0
43.5,57,9.8,21,0
31.0,40,28.2,2,0
27.4,85,23.3,89,1
37.5,21,26.1,42,0
35.6,34,11.5,45,0
25.9,53,29.7,24,0
31.2,22,26.3,77,0
36.5,52,2.3,35,0
44.3,34,8.2,100,0
21.6,56,21.7,83,1
27.9,71,20.8,74,1
40.7,76,27.3,6,0
35.7,70,3.0,79,1
37.4,88,19.9,56,1
34.2,40,6.5,46,0
43.9,88,20.8,87,1
34.5,56,9.8,59,0
29.5,96,25.0,9,1
33.2,70,22.8,4,0
18.3,70,26.1,39,0
30.6,24,18.1,15,0
33.7,41,15.0,8,0
24.4,81,16.0,70,1
28.5,96,24.2,82,1
42.8,86,15.6,40,0
23.5,84,10.0,99,1
26.7,44,22.5,34,0
25.9,27,1.6,54,0
29.1,53,29.3,18,0
44.0,48,2.0,80,0
28.8,38,0.8,69,0
33.2,35,30.0,86,0
31.4,61,9.2,21,0
25.7,37,10.7,10,0
44.8,54,18.6,61,0
43.2,42,4.8,69,0
39.1,31,1.2,39,0
24.6,97,26.6,63,1
33.7,57,1.5,83,0
41.9,56,19.5,15,0
26.6,90,9.3,87,1
31.0,34,25.7,38,0
21.9,90,26.6,68,1
34.7,81,20.5,21,0
22.6,51,28.5,36,0
34.4,17,4.1,57,0
32.5,94,14.5,16,1
42.2,68,25.8,48,0
28.3,31,16.0,3,0
34.0,79,25.5,10,0
42.2,99,17.5,67,1
32.4,68,24.9,89,1
40.7,91,3.9,20,0
23.1,24,24.1,60,0
23.8,97,7.1,78,1
24.2,52,18.9,13,0
19.6,35,26.7,40,0
22.7,17,3.1,70,0
21.4,25,21.0,74,0
38.8,58,21.1,36,0
21.3,29,5.6,60,0
32.0,73,9.2,58,1
43.6,57,6.6,28,0
24.6,22,6.4,33,0
33.6,70,27.6,90,1
31.2,66,11.7,22,0
44.3,70,28.1,65,0
21.7,56,16.6,86,1
43.9,22,8.0,40,0
37.3,34,21.9,64,0
24.7,99,26.2,85,1
23.5,66,25.4,21,0
44.3,48,15.9,35,0
40.1,23,12.2,62,0
36.9,65,10.6,95,1
43.9,40,21.0,48,0
40.9,41,8.7,53,0
26.3,25,6.4,22,0
39.5,37,29.7,22,0
23.0,36,12.6,12,0
24.7,49,20.3,53,0
34.1,90,0.9,28,1
24.9,89,7.4,33,1
40.8,37,21.1,90,0
35.8,84,11.9,81,1
38.8,74,14.6,24,0
30.1,52,17.7,21,0
44.6,15,12.5,54,0
40.2,82,26.2,71,1
40.2,57,25.7,23,0
29.8,72,14.6,51,1
30.7,87,21.7,55,1
38.9,71,29.8,25,0
26.2,36,18.0,91,1
43.0,93,24.3,9,0
33.7,34,16.7,63,0
22.2,69,15.0,83,1
27.7,20,18.4,12,0
25.8,23,19.2,48,0
25.8,22,29.5,46,0
42.4,81,13.6,37,1
27.5,82,15.5,22,1
28.4,34,24.8,47,0
22.0,21,13.5,26,0
20.3,56,28.0,37,0
44.8,54,12.7,60,0
37.6,33,11.5,56,0
32.2,19,12.3,99,1
39.4,77,0.1,100,1
24.3,69,21.4,19,0
25.0,95,14.8,66,1
39.4,52,23.7,10,0
21.2,17,28.6,97,0
38.9,86,11.5,26,1
24.4,46,17.1,56,0
39.5,62,1.0,7,0
35.0,44,13.6,20,0
31.2,52,0.9,2,0
28.6,43,16.4,1,0
21.3,98,2.6,61,1
33.1,77,27.1,73,1
39.2,24,17.2,2,0
42.6,29,8.8,35,0
20.5,43,7.9,71,1
42.3,29,18.6,61,0
26.7,30,15.2,59,1
25.5,54,25.7,16,0
24.8,49,21.6,92,1
25.0,31,6.1,2,0
41.8,72,5.0,6,0
18.3,94,24.2,81,1
41.9,32,6.8,13,0
42.4,42,12.8,100,0
26.8,62,7.4,84,1
22.7,24,3.0,40,0
40.9,20,21.0,64,0
22.8,52,23.7,65,0
43.6,50,8.8,93,0
34.4,75,15.4,85,1
20.0,90,15.2,35,1
26.9,80,8.1,18,1
44.2,80,3.4,33,0
21.0,76,22.4,9,1
33.7,89,6.8,66,1
28.7,67,25.8,30,0
41.7,99,11.5,26,1
27.4,96,9.0,19,1
32.9,98,7.2,54,1
43.1,16,22.4,31,0
20.0,95,23.4,70,1
20.4,51,10.5,26,0
25.4,46,5.5,93,1
27.7,20,16.2,37,0
43.4,41,5.2,18,0
43.2,93,14.1,39,0
29.1,91,1.1,20,0
20.5,44,5.9,45,0
30.0,22,20.6,11,0
25.8,88,7.4,52,1
24.5,37,23.7,50,0
38.8,99,19.6,25,0
24.7,22,0.4,99,1
42.1,46,2.3,83,0
31.7,74,4.4,61,0
38.9,70,28.2,31,0
19.3,34,18.7,74,1
19.8,78,2.6,36,1
43.3,98,18.9,83,1
18.6,62,12.0,15,1
18.4,95,20.2,53,1
44.4,66,26.2,83,1
31.6,63,29.2,4,0
40.5,33,12.6,88,0
42.3,64,1.6,31,0
33.3,70,9.0,51,1
33.1,80,14.2,19,0
25.7,49,23.8,44,0
24.9,65,12.7,93,1
35.2,85,2.5,13,0
31.1,21,16.4,80,1
30.7,91,19.7,45,0
42.1,39,5.3,100,0
43.3,94,26.7,41,0
40.8,35,2.7,78,0
35.3,91,16.2,11,0
32.6,32,10.6,47,0
39.7,69,20.2,5,0
38.9,67,7.6,10,0
23.1,31,27.4,50,0
27.7,57,2.6,37,0
36.1,15,3.6,35,0
36.3,29,20.3,8,0
25.3,49,14.9,88,1
42.5,82,10.1,70,1
44.6,56,17.1,74,0
24.1,53,4.0,9,0
27.8,90,1.3,68,1
29.8,73,2.0,84,1
29.2,100,4.5,42,1
22.3,99,6.1,96,1
24.7,56,7.8,7,0
23.3,64,11.0,12,1
22.4,79,28.0,4,0
27.6,18,5.3,28,0
44.7,67,13.6,99,1
41.1,23,16.7,40,0
24.6,26,19.0,84,1
38.4,75,8.7,23,0
38.1,24,7.6,94,1
33.8,62,3.9,54,0
28.1,17,19.7,57,0
24.0,46,18.7,40,0
24.3,47,0.6,42,0
38.3,29,25.5,97,0
40.3,75,15.6,38,0
23.0,66,1.6,27,0
44.4,87,5.5,50,1
25.0,36,17.4,82,1
43.8,35,18.7,69,0
29.7,65,2.5,81,1
44.2,61,21.1,89,0
22.9,85,13.3,24,1
41.0,78,6.5,25,1
26.6,60,27.1,77,1
42.7,94,28.8,55,0
24.6,27,24.2,6,0
43.9,95,20.6,80,1
19.0,63,19.3,85,1
25.5,87,5.2,37,1
32.6,69,19.8,30,0
40.4,74,9.9,80,1
26.6,43,14.5,63,0
41.5,57,16.2,0,0
24.2,63,12.7,40,0
39.1,50,8.2,82,0
35.1,32,20.1,43,0
24.7,86,10.0,6,1
21.3,79,26.1,9,0
38.4,72,21.3,22,0
37.7,95,5.7,75,1
20.1,59,6.5,89,1
24.7,77,8.9,20,1
39.4,100,22.9,71,1
18.5,95,12.1,80,1
37.5,20,14.9,45,0
23.1,44,18.5,51,0
22.9,57,0.4,31,0
41.5,83,19.4,57,1
18.5,46,23.0,64,0
24.1,89,29.7,40,0
19.1,74,5.8,55,1
44.6,75,24.1,45,0
21.7,72,6.6,19,0
25.0,21,21.3,36,0
33.1,17,22.8,69,0
38.4,81,10.6,23,1
24.3,87,8.0,64,1
43.5,86,7.7,70,1
38.1,89,7.3,92,1
33.1,80,6.3,58,1
22.4,69,26.2,83,1
38.7,67,7.9,27,0
40.6,34,22.9,27,0
44.0,35,25.0,61,0
44.9,89,27.5,32,0
42.5,62,25.0,38,0
37.7,28,7.9,13,0
28.8,90,23.1,55,1
37.2,20,7.5,33,0
34.6,59,25.5,26,0
33.2,31,17.1,58,0
18.8,33,18.0,43,0
32.8,52,18.4,5,0
25.4,35,25.4,93,1
27.4,39,3.1,80,0
34.1,17,1.0,80,0
42.2,25,27.6,87,0
38.0,72,26.1,44,0
29.9,94,21.2,34,1
40.3,35,27.2,75,0
21.6,87,3.9,98,1
26.5,91,1.3,89,1
43.5,20,3.7,68,0
39.5,23,4.4,90,0
38.1,55,25.0,27,0
24.6,32,12.4,61,0
24.0,45,1.3,25,0
25.9,47,29.8,63,0
40.8,58,21.5,90,0
25.6,40,14.8,50,0
38.5,96,25.5,44,0
37.3,91,13.1,8,0
25.1,54,18.7,83,1
27.8,15,11.8,6,0
42.0,31,11.1,43,0
41.6,49,25.8,2,0
22.0,73,14.7,40,0
35.2,51,20.1,17,0
36.8,100,13.4,67,1
25.8,84,28.3,84,1
26.0,84,2.6,50,1
21.4,82,1.6,57,1
39.0,56,22.1,12,0
18.8,56,12.2,51,0
32.3,60,18.7,88,1
34.2,48,1.1,60,0
31.0,47,12.6,100,1
36.6,52,18.3,31,0
19.7,21,9.7,55,0
40.4,65,26.0,51,0
27.4,46,3.9,23,0
31.2,78,13.8,59,1
37.8,64,18.8,8,0
31.0,32,20.7,67,0
22.1,67,3.1,88,1
30.6,91,21.2,49,0
18.2,98,21.7,51,1
40.1,61,11.2,70,1
18.2,44,23.1,73,0
25.6,88,21.0,15,1
29.6,26,27.3,6,0
28.0,50,16.1,67,0
30.6,56,4.5,17,0
20.3,59,24.4,88,1
32.2,27,17.7,47,0
37.8,29,28.5,88,0
21.1,54,14.0,33,0
24.7,44,28.5,16,0
18.4,32,29.1,13,0
44.0,29,26.5,44,0
24.5,89,4.1,38,1
39.6,84,3.1,19,0
33.6,31,0.7,75,0
35.3,72,15.0,36,0
33.0,93,25.1,83,1
31.6,89,13.0,40,1
28.1,52,28.1,15,0
24.7,29,6.7,87,1
19.8,61,11.1,48,0
18.2,58,24.0,1,0
23.0,69,2.7,72,1
34.1,65,13.4,64,1
42.8,63,26.9,74,1
22.9,91,24.7,16,1
18.8,33,5.1,79,1
35.2,35,28.7,36,0
32.0,52,9.1,47,0
42.3,46,20.3,6,0
35.7,80,28.6,44,0
31.1,46,18.0,28,0
30.2,63,7.6,8,0
23.2,39,18.3,56,0
29.8,24,29.8,86,1
34.9,62,14.0,94,1
21.4,23,13.6,81,1
39.0,15,12.6,52,0
18.9,46,9.8,89,1
19.2,76,14.8,24,1
22.0,54,22.8,56,0
28.1,55,5.7,64,0
42.2,39,25.1,52,0
39.3,62,6.9,73,1
35.0,18,23.7,78,0
30.4,74,17.3,47,0
39.1,82,27.3,66,0
26.7,94,27.5,51,1
22.7,86,0.4,85,1
27.4,96,13.2,21,1
31.7,29,23.2,18,0
38.9,90,9.3,96,1
39.7,71,17.0,48,0
31.6,74,21.1,21,0
37.3,98,15.0,87,1
43.6,34,22.8,25,0
20.8,63,22.4,69,1
38.3,74,12.1,74,1
22.5,23,19.8,62,0
42.8,55,8.7,12,0
24.7,87,11.1,92,1
36.8,52,12.9,88,1
21.6,18,27.5,84,1
40.6,36,20.5,7,0
20.2,61,15.1,22,0
20.1,16,9.7,86,1
28.6,85,7.4,57,1
24.2,48,13.9,47,0
25.1,20,12.6,68,0
27.5,85,27.4,86,1
43.4,37,15.3,80,0
26.9,86,24.9,24,0
39.2,48,27.1,19,0
43.6,86,10.6,28,0
25.3,48,1.1,42,0
34.1,40,28.8,33,0
39.0,70,29.1,21,0
36.1,53,16.0,83,1
32.3,88,0.0,63,1
25.8,39,16.2,76,1
19.9,80,19.8,73,1
26.2,96,8.7,68,1
21.8,17,9.2,11,0
39.7,85,0.5,74,1
24.6,62,26.0,69,1
27.0,32,7.1,84,1
35.6,40,23.7,14,0
44.1,21,4.3,35,0
34.1,15,6.4,23,0
40.5,38,3.1,27,0
38.4,39,29.6,75,0
27.7,32,19.7,52,0
39.0,60,29.4,7,0
30.0,33,14.8,76,1
19.9,79,24.8,57,1
19.1,31,2.4,97,0
33.7,37,21.1,45,0
27.5,55,11.1,81,1
21.0,62,26.6,74,1
32.0,45,16.7,40,0
18.1,65,6.5,51,1
34.7,94,22.2,36,0
20.2,41,17.9,28,0
45.0,81,2.8,26,0
18.5,35,0.3,90,0
39.2,40,4.5,97,0
18.5,45,20.3,10,0
34.2,47,5.0,19,0
33.8,29,21.4,15,0
37.1,32,0.9,98,0
44.9,75,28.2,64,1
25.2,76,6.7,34,1
21.7,100,29.7,50,1
42.9,38,3.8,69,0
29.9,22,25.1,83,0
25.5,67,10.5,18,0
32.7,41,24.4,33,0
33.3,53,16.3,64,0
40.6,47,17.6,30,0
24.9,71,23.9,1,0
27.5,32,12.9,41,0
24.4,39,19.4,42,0
37.9,32,27.8,10,0
21.5,39,12.6,13,0
23.8,84,25.4,9,1
39.0,49,19.2,73,0
21.5,50,7.3,44,0
43.3,87,12.0,80,1
22.7,61,2.0,99,1
26.6,52,24.3,3,0
42.2,34,3.8,48,0
36.8,61,30.0,73,1
28.7,28,26.3,95,1
41.2,50,27.5,31,0
23.9,29,22.9,61,0
29.1,30,12.8,78,1
24.3,69,23.8,5,0
43.2,48,20.8,28,0
31.4,22,7.0,49,0
26.6,32,28.0,0,0
33.7,26,14.1,21,0
23.3,74,3.0,87,1
36.7,45,26.9,15,0
18.9,46,2.2,9,0
22.3,89,3.7,92,1
26.4,69,19.0,31,0
40.7,60,24.4,41,0
30.7,74,2.0,68,0
42.7,25,11.7,34,0
35.7,50,9.0,68,0
38.0,76,0.2,98,1
35.1,69,22.3,91,1
34.9,66,3.2,28,0
41.0,95,26.3,83,1
19.1,60,26.0,84,1
38.2,21,25.2,29,0
22.0,42,23.9,22,0
23.6,62,13.7,7,0
23.3,99,29.3,75,1
23.2,85,9.7,75,1
29.1,34,17.1,76,1
33.8,58,23.2,58,0
40.7,31,17.9,61,0
21.3,23,6.9,33,0
41.0,20,8.1,21,0
24.2,86,26.9,38,0
20.7,28,25.4,34,0
24.1,91,8.3,49,1
35.5,24,25.2,68,0
35.4,94,2.2,85,1
39.7,65,9.3,85,1
20.0,15,1.7,24,0
32.7,43,20.4,5,0
19.2,82,25.6,42,1
23.9,29,24.9,5,0
21.6,21,2.3,97,1
36.0,29,23.5,51,0
36.6,52,15.7,93,1
31.1,62,17.3,78,1
32.1,27,12.7,65,0
21.1,57,28.0,98,0
20.4,33,21.4,21,0
20.7,57,11.2,90,1
31.8,84,7.2,45,1
32.2,15,8.0,48,0
37.0,73,10.7,14,0
36.5,94,14.1,68,1
21.3,30,17.4,47,0
34.7,21,13.0,70,1
38.2,18,3.4,66,0
42.7,77,22.7,68,1
28.0,40,1.2,2,0
20.0,53,20.4,51,0
28.8,58,16.7,47,0
37.9,33,9.0,53,0
24.7,89,27.3,55,1
24.3,45,9.4,34,0
43.1,59,26.3,86,0
33.2,46,23.1,33,0
40.4,34,20.7,46,0
40.6,68,4.9,39,0
25.4,19,1.4,0,0
31.5,54,19.3,86,0
26.8,26,5.4,92,1
31.6,24,1.5,94,0
29.0,72,19.8,41,0
25.5,47,22.1,3,0
31.1,87,14.7,91,1
34.8,28,4.7,47,0
25.7,26,10.0,75,1
39.2,38,19.6,37,0
21.8,33,15.0,61,1
36.2,86,8.4,44,0
38.3,92,3.5,99,1
43.5,28,18.9,85,0
18.4,70,15.6,3,0
30.4,42,22.8,67,0
19.8,40,11.7,89,1
40.2,19,26.3,87,0
23.9,51,16.7,81,1
36.9,84,10.5,92,1
22.2,100,1.3,64,1
18.9,90,25.5,71,1
27.4,73,17.2,98,1
31.6,88,20.2,87,1
18.0,60,12.5,23,0
44.3,33,23.2,38,0
31.4,93,17.7,45,1
25.9,15,1.6,80,0
42.5,58,3.7,71,0
22.7,41,12.0,94,1
26.5,20,1.6,51,0
20.8,40,20.3,19,0
31.4,90,24.8,58,1
23.7,84,6.5,42,1
22.2,89,14.6,88,1
18.3,34,5.3,77,1
18.7,62,15.8,29,0
21.2,38,24.9,38,0
43.7,56,28.8,45,0
37.0,63,21.6,11,0
18.2,68,7.1,93,1
36.3,45,10.9,78,1
28.6,96,7.6,42,1
40.2,96,25.8,9,0
29.1,89,3.5,84,1
20.0,75,8.6,3,1
43.3,24,22.0,80,0
34.2,97,9.1,17,1
26.8,76,0.8,97,1
22.4,73,0.9,69,1
21.1,47,10.9,51,0
41.5,44,0.4,6,0
38.1,40,23.0,12,0
34.9,38,27.7,85,0
38.5,52,8.8,91,0
22.7,61,27.8,45,0
31.7,63,11.0,11,0
29.2,69,23.5,56,1
28.8,68,12.3,4,0
34.5,64,15.7,77,1
20.8,53,11.6,6,0
29.4,69,22.2,36,0
34.6,25,14.9,20,0
21.8,75,21.5,36,0
37.5,46,0.1,80,0
22.2,91,13.8,57,1
19.9,99,3.6,84,1
43.4,83,13.9,62,1
32.5,26,0.2,13,0
33.2,26,9.2,88,1
36.1,89,25.6,68,1
22.6,72,29.4,95,1
30.9,77,24.1,37,0
23.5,22,0.2,17,0
22.0,31,4.4,45,0
37.9,84,3.5,48,0
44.0,34,2.4,63,0
22.1,25,5.8,16,0
30.8,61,7.1,45,0
21.8,29,5.7,83,1
29.5,35,29.3,40,0
38.0,51,20.2,32,0
40.2,55,5.4,17,0
40.5,82,21.9,53,1
21.9,40,1.5,28,0
21.3,92,24.6,91,1
20.4,59,10.4,87,1
44.9,56,21.6,22,0
22.7,97,28.0,30,1
21.0,16,16.6,83,1
39.1,60,25.4,4,0
20.4,19,21.4,64,0
43.3,69,21.1,85,1
44.2,73,24.3,78,1
38.7,32,17.3,42,0
30.7,37,17.3,0,0
32.1,63,19.2,55,0
42.3,65,16.3,70,1
22.2,17,14.5,80,1
19.3,48,24.7,99,1
37.8,55,14.1,88,1
40.1,23,22.8,56,0
42.0,76,8.8,67,1
30.3,31,0.3,4,0
21.2,97,1.8,7,0
22.5,15,24.0,95,0
32.4,82,14.5,58,1
24.6,62,0.6,21,0
31.4,80,18.1,87,1
34.1,96,28.3,33,1
34.3,72,5.6,50,0
31.8,83,5.8,57,1
23.9,66,5.9,95,1
20.6,51,7.5,29,0
28.2,66,11.3,46,0
25.4,60,3.0,5,0
40.6,94,19.2,19,1
18.2,36,23.2,3,0
41.3,57,23.5,67,0
31.6,66,21.0,3,0
36.1,37,20.6,36,0
37.1,87,19.2,58,1
29.4,74,13.3,6,0
37.4,63,4.5,41,0
25.1,84,11.1,20,1
31.0,67,15.5,18,0
42.0,17,4.9,80,0
33.6,62,14.4,93,1
24.3,34,26.9,72,0
34.6,59,18.0,35,0
26.2,67,20.5,99,1
23.9,77,14.0,69,1
23.2,41,24.9,34,0
30.0,53,1.2,70,0
19.7,49,26.9,27,0
33.8,32,2.2,45,0
37.4,91,14.3,6,1
33.7,97,0.7,55,1
36.8,76,11.7,55,1
40.5,66,20.4,18,0
36.4,25,20.9,84,0
29.0,15,12.9,22,0
41.8,72,6.6,16,0
28.5,100,14.0,95,1
22.8,71,11.5,45,0
43.7,17,0.5,7,0
33.3,52,28.0,32,0
30.1,76,11.3,23,1
30.6,98,17.1,88,1
41.1,20,25.1,37,0
32.9,85,0.5,82,1
24.7,36,23.8,68,0
19.2,28,8.5,38,0
24.8,41,4.7,68,0
29.3,23,4.9,2,0
37.8,15,6.5,59,0
42.0,20,24.8,82,0
28.7,48,5.8,97,1
21.8,47,27.9,17,0
35.5,23,12.6,94,0
34.5,98,0.5,8,0
40.9,42,24.9,93,0
24.0,60,12.5,69,1
32.5,74,27.6,29,0
38.1,97,25.7,92,1
27.2,85,27.7,17,1
34.1,22,7.4,22,0
34.7,48,21.9,87,0
43.5,36,18.8,99,0
23.7,39,20.9,99,0
29.8,88,4.7,91,1
32.7,81,5.0,14,1
18.2,73,8.9,6,0
36.9,21,17.2,23,0
43.7,84,8.2,65,1
21.8,58,14.9,22,0
31.0,17,16.6,62,0
36.6,83,12.8,94,1
38.4,54,1.7,94,0
35.3,94,2.2,60,1
23.1,57,24.9,43,0
40.9,90,7.8,74,1
42.2,51,22.9,37,0
44.2,28,2.2,18,0
19.4,81,14.8,100,1
22.2,82,23.6,80,1
37.6,80,10.6,29,0
28.8,71,27.7,0,0
19.8,76,3.4,4,0
37.4,82,26.6,41,0
24.7,100,4.2,80,1
19.4,23,25.2,69,0
22.9,50,29.8,61,0
38.7,32,3.1,61,0
22.2,49,20.7,93,0
37.3,74,0.5,28,0
41.1,67,3.9,10,0
24.7,80,26.8,46,0
31.7,78,23.0,76,1
38.8,69,25.8,87,1
35.1,70,8.0,99,1
39.7,49,21.6,34,0
24.8,26,21.9,53,0
24.7,84,8.7,22,1
30.8,45,7.3,45,0
42.8,17,5.7,23,0
32.9,53,3.7,54,0
43.5,65,18.4,48,0
36.6,66,18.8,16,0
44.0,90,19.4,32,0
31.6,32,1.7,19,0
21.6,47,5.8,30,0
31.8,69,9.8,16,0
34.3,88,22.9,57,1
24.7,87,11.8,99,1
24.9,48,26.8,1,0
25.8,54,10.4,64,0
39.1,89,12.5,58,1
34.3,26,25.3,60,0
24.4,50,18.4,14,0
40.0,19,23.6,88,0
39.8,32,29.8,49,0
20.0,61,24.1,9,0
36.8,43,23.3,60,0
25.8,33,3.9,99,0
29.7,32,21.7,100,1
23.3,45,15.4,41,0
29.4,76,20.3,34,1
23.5,46,0.2,5,0
27.2,25,25.8,50,0
36.5,55,18.5,52,0
28.6,68,4.3,91,1
20.4,33,20.5,41,0
26.6,69,9.1,41,0
25.8,72,11.8,93,1
39.7,18,19.4,81,0
29.8,20,16.1,84,1
24.9,23,20.6,39,0
21.1,59,0.0,3,0
31.6,28,16.4,1,0
35.2,62,18.7,6,0
18.1,46,26.0,67,0
38.9,48,27.8,24,0
29.9,58,24.6,54,0
21.0,100,19.7,86,1
18.0,86,15.7,2,1
35.2,27,18.1,62,0
39.1,87,15.7,23,0
35.7,46,28.6,95,0
32.1,33,10.3,78,1
25.0,68,8.0,64,1
30.1,77,28.7,28,1
44.0,18,29.2,91,0
24.2,47,20.9,7,0
21.9,58,13.2,69,0
38.7,20,5.0,20,0
39.3,68,21.8,0,0
29.4,89,11.5,83,1
40.1,57,6.6,33,0
44.7,61,12.2,79,1
23.6,25,14.9,28,0
41.6,25,8.2,43,0
32.3,33,20.4,87,0
34.4,36,16.5,24,0
43.8,30,8.0,35,0
19.9,69,26.1,65,1
24.3,19,5.6,69,0
35.7,62,17.5,46,0
29.9,43,29.7,95,0
33.0,72,20.0,97,1
24.1,31,14.3,62,0
43.8,54,14.4,92,0
31.3,23,20.0,26,0
23.5,77,18.1,81,1
39.8,53,6.6,13,0
27.0,87,22.6,70,1
25.9,29,29.2,54,0
44.8,100,5.9,45,1
41.6,19,6.5,58,0
40.9,71,12.1,21,0
20.7,50,0.6,49,0
35.4,52,19.9,26,0
35.0,52,27.6,79,0
35.9,40,13.9,68,0
20.1,98,3.8,8,1
35.0,60,3.1,69,0
27.8,96,27.5,98,1
37.2,32,1.7,98,0
36.4,68,22.8,28,0
18.9,54,23.3,18,0
31.4,62,23.0,38,0
26.1,75,9.7,81,1
34.8,80,15.7,54,1
37.1,53,10.0,92,0
42.0,74,11.1,38,0
32.3,99,18.2,54,1
23.2,20,21.2,3,0
43.4,73,25.3,64,0
22.6,30,19.1,100,1
41.1,43,23.9,44,0
18.4,41,4.2,62,0
40.2,31,5.2,20,0
18.9,97,29.9,34,1
23.9,23,8.3,40,0
42.6,43,28.2,63,0
35.7,27,14.7,55,0
23.0,74,30.0,51,0
43.7,93,0.4,71,1
44.6,75,8.6,76,1
37.3,53,2.8,64,0
25.2,75,15.2,10,1
26.4,27,26.7,49,0
21.4,38,8.6,9,0
33.0,55,1.5,29,0
25.1,91,2.2,23,1
21.3,69,14.2,84,1
21.7,54,24.1,37,0
32.3,58,26.2,77,0
34.8,67,2.4,78,1
33.2,69,13.7,21,0
25.0,65,21.8,1,0
18.9,32,12.2,7,0
34.2,62,3.3,23,0
29.8,51,13.2,26,0
40.2,100,10.6,80,1
43.3,77,5.8,28,0
24.6,68,20.3,95,1
22.8,29,24.4,3,0
21.6,16,16.7,39,0
28.8,81,16.1,25,1
21.1,23,18.3,65,0
44.7,23,19.2,73,0
39.1,88,19.9,54,1
34.8,35,1.0,98,0
27.1,100,28.6,96,1
24.3,95,23.5,72,1
27.5,90,11.6,90,1
39.4,78,1.3,57,1
33.5,39,3.5,89,0
44.4,70,21.4,19,0
30.3,76,8.5,41,1
24.6,71,15.7,66,1
34.6,65,8.3,29,0
43.8,52,29.6,93,0
36.3,92,20.4,3,0
24.0,92,6.4,9,1
18.1,51,20.1,54,0
38.9,57,10.3,2,0
35.0,69,14.1,3,0
39.0,88,12.5,50,1
37.9,49,16.7,44,0
40.9,69,14.7,29,0
19.8,92,28.3,58,1
39.8,87,17.6,37,1
35.8,88,22.1,60,1
23.0,62,4.1,19,0
41.2,86,7.0,98,1
30.9,35,0.2,23,0
31.3,98,10.9,58,1
22.0,58,17.2,1,0
38.9,82,6.2,22,0
41.9,42,9.5,49,0
38.9,32,28.5,66,0
35.1,49,24.1,92,0
25.5,98,8.5,47,1
23.0,74,20.2,66,1
28.6,93,3.3,84,1
40.3,70,12.0,10,0
23.7,99,20.1,5,1
38.9,61,7.7,93,1
25.9,51,9.5,71,1
32.6,53,22.6,34,0
20.9,65,29.4,78,1
41.2,79,10.4,6,1
43.0,19,14.8,61,0
43.0,33,14.9,7,0
18.2,49,8.9,2,0
43.2,63,28.5,1,0
35.1,21,17.1,88,0
37.5,70,12.0,87,1
44.1,40,8.8,64,0
37.9,41,21.6,28,0
26.3,61,4.4,45,0
26.6,78,10.6,84,1
37.4,73,20.9,35,0
40.5,51,7.1,48,0
30.8,81,28.2,86,1
43.8,78,14.4,68,1
21.9,48,4.5,16,0
30.4,73,6.6,36,0
18.2,49,12.0,35,0
26.2,43,18.8,38,0
35.6,75,8.3,60,1
41.8,59,12.3,71,0
30.7,15,6.4,77,1
31.2,76,24.4,42,0
40.8,86,21.4,38,0
28.8,23,0.6,81,0
35.3,83,8.9,36,0
36.9,87,17.4,13,1
33.7,67,26.4,31,0
37.6,27,18.6,14,0
29.4,58,12.6,96,1
36.9,54,13.7,96,0
33.9,19,13.8,43,0
19.7,86,16.0,19,1
44.3,58,17.5,26,0
29.7,75,20.3,44,1
38.1,64,14.2,15,0
37.9,92,28.1,57,1
44.9,48,15.2,7,0
22.6,48,3.5,49,0
35.4,98,8.5,28,0
28.0,100,22.5,56,1
42.1,43,15.1,12,0
35.4,28,6.4,3,0
26.7,56,7.6,57,0
34.9,57,28.2,27,0
35.8,83,29.6,14,0
41.9,37,0.6,26,0
41.3,46,25.8,33,0
18.9,55,28.5,24,0
42.2,35,14.6,78,0
34.0,87,12.0,4,1
22.8,51,22.0,62,0
42.8,30,13.0,2,0
36.7,17,23.0,69,0
32.6,79,9.4,19,0
23.2,92,8.1,17,1
20.9,80,24.1,95,1
21.9,87,6.7,67,1
37.9,37,8.6,72,0
22.1,26,6.0,2,0
35.3,25,24.7,23,0
27.8,51,3.5,47,0
21.9,50,16.0,58,0
18.0,19,28.6,52,0
21.9,31,18.7,7,0
28.2,94,17.2,42,1
34.5,69,18.1,69,0
44.9,16,15.0,33,0
28.7,23,29.0,29,0
40.1,29,5.0,11,0
25.2,16,20.3,67,0
25.9,16,8.0,90,1
23.4,27,10.9,5,0
20.8,42,23.4,67,0
43.9,57,2.7,4,0
25.8,93,15.4,47,1
33.8,33,2.2,65,0
19.8,63,0.5,62,1
44.7,89,17.8,90,1
43.6,79,0.1,92,1
26.2,36,11.7,66,0
34.3,23,24.4,46,0
26.0,38,7.0,59,0
22.5,91,13.1,11,1
27.8,62,5.8,35,0
26.5,98,27.4,94,1
30.4,28,10.9,69,0
37.4,96,23.8,11,0
19.6,56,3.8,83,1
43.5,62,11.7,58,1
20.5,48,14.4,36,0
31.0,43,12.4,28,0
34.9,31,0.3,83,0
26.1,87,7.8,73,1
25.6,97,4.0,17,1
35.3,25,29.1,83,0
39.2,26,1.9,57,0
34.3,37,7.4,3,0
37.4,48,17.5,87,0
40.1,50,3.1,69,0
22.9,39,27.6,49,0
44.6,84,0.7,66,1
32.6,55,10.5,88,0
34.4,27,14.7,61,0
23.1,58,29.1,11,0
29.6,46,18.9,17,0
25.1,72,22.4,21,0
33.8,59,20.1,24,0
33.1,62,28.2,19,0
24.2,88,11.3,85,1
32.4,61,8.3,4,0
28.5,94,18.2,30,1
43.4,85,9.8,49,0
25.8,36,1.3,41,0
44.5,51,1.7,100,0
41.0,42,17.5,86,1
23.8,91,21.6,90,1
26.8,59,20.1,43,0
18.2,17,6.2,86,1
23.2,96,28.5,99,1
23.9,92,28.4,33,1
29.6,59,9.7,90,1
20.0,65,22.4,28,0
39.8,30,21.0,47,0
24.7,43,8.1,13,0
23.9,92,29.8,45,1
21.2,61,18.2,65,1
23.5,48,9.5,54,0
22.9,96,25.4,13,0
29.0,40,2.7,10,0
36.0,62,9.0,61,0
41.5,65,25.2,80,1
38.6,73,24.7,55,0
36.4,51,13.3,45,0
31.3,67,17.8,55,1
40.3,20,1.8,34,0
24.7,100,14.5,32,1
38.2,72,6.1,70,1
26.3,40,21.1,95,1
36.0,40,2.1,72,0
37.1,77,13.8,32,0
25.7,47,23.4,51,0
42.3,43,13.2,63,0
37.7,65,9.1,94,1
44.1,51,28.8,81,0
25.4,65,19.1,1,0
27.2,29,7.9,64,0
44.4,51,18.2,100,0
21.2,42,22.1,87,1
42.5,71,14.1,50,1
21.6,83,17.2,89,1
35.6,59,26.8,22,0
34.5,34,15.8,10,0
31.4,23,7.2,38,0
44.3,68,5.9,67,0
40.7,65,8.0,24,0
28.4,41,26.3,63,0
39.9,54,18.0,68,0
37.3,97,16.1,86,1
20.7,59,5.3,4,0
38.7,87,24.5,81,1
38.9,77,12.5,54,1
39.3,55,0.8,23,0
33.0,79,19.5,45,1
24.8,50,6.9,25,0
19.3,22,9.9,28,0
25.2,81,22.5,27,1
26.4,47,29.5,60,0
26.1,71,0.4,10,0
30.5,25,6.2,76,0
32.6,68,27.9,94,1
29.6,47,0.1,49,0
33.3,61,25.8,95,1
27.8,40,21.1,35,0
26.3,23,28.6,83,0
27.0,83,24.0,54,1
26.9,62,5.3,20,0
23.0,25,22.5,96,0
34.7,76,15.4,43,1
29.7,97,6.0,72,1
28.1,68,12.8,61,1
22.2,37,11.9,89,1
28.1,34,29.1,30,0
32.5,56,10.0,12,0
42.1,45,9.1,16,0
24.7,19,16.7,65,0
34.2,57,16.8,87,0
18.3,75,9.5,81,1
18.1,73,6.0,11,0
40.4,83,29.3,27,0
37.8,74,3.2,68,0
21.6,70,13.1,4,1
18.6,22,0.9,30,0
23.5,84,10.3,68,1
42.0,82,26.3,99,1
22.8,85,29.4,77,1
22.9,64,24.8,77,1
41.5,80,16.1,68,1
36.2,41,13.1,66,0
24.2,78,15.7,85,1
38.2,29,16.6,15,0
21.7,25,2.7,42,0
29.4,53,22.5,5,0
41.5,80,21.2,64,0
41.7,25,28.2,35,0
23.9,56,3.3,10,0
19.8,65,11.7,93,1
20.8,51,27.8,0,0
40.4,53,1.7,48,0
25.6,16,5.1,100,1
40.9,81,3.6,26,0
38.9,48,27.8,32,0
38.0,63,15.7,44,0
30.6,22,1.4,16,0
28.1,83,6.3,82,1
41.7,27,24.4,26,0
22.3,77,21.4,25,0
26.9,60,15.4,51,1
21.6,46,5.7,27,0
28.1,28,17.8,42,0
23.8,34,5.6,9,0
27.6,40,7.8,63,0
33.1,82,13.3,78,1
20.4,47,1.0,94,0
37.0,83,25.8,56,1
44.3,34,18.7,91,0
37.7,52,21.8,67,0
36.7,77,28.1,91,1
39.0,85,9.4,54,1
30.2,74,8.0,14,0
22.1,83,18.7,43,1
30.7,99,20.1,5,0
31.1,73,3.5,85,1
26.4,84,24.6,34,1
41.9,35,2.5,75,0
23.7,76,19.9,0,1
20.1,20,12.3,18,0
18.3,59,28.4,65,0
25.7,48,3.9,47,0
35.9,57,6.7,44,0
26.3,88,18.2,82,1
23.5,58,9.8,82,1
42.6,39,14.2,58,0
22.7,97,8.6,51,1
34.9,58,24.4,5,0
42.3,47,8.8,55,0
31.7,76,7.4,0,1
44.4,88,9.5,96,1
22.1,60,9.3,89,1
33.6,22,11.7,92,0
28.9,96,22.4,77,1
32.0,95,3.4,99,1
39.1,100,28.8,0,0
18.7,81,5.3,11,1
40.0,41,2.2,35,0
28.8,21,7.0,1,0
36.9,64,19.5,22,0
27.4,79,21.4,55,1
27.2,81,22.1,58,1
31.0,47,13.6,83,0
36.3,83,6.7,94,1
25.0,65,22.0,55,1
27.4,46,2.6,91,1
20.2,90,4.9,47,1
35.6,20,16.8,16,0
24.7,60,28.3,77,1
26.8,85,16.0,78,1
18.1,50,11.1,17,0
41.5,30,29.3,34,0
29.6,91,0.8,89,1
28.0,59,22.3,59,0
37.6,62,18.1,27,0
34.9,23,4.7,9,0
41.0,96,0.2,29,0
36.2,64,7.4,52,1
43.1,18,8.3,81,0
38.5,50,2.2,55,0
26.9,60,24.7,54,0
35.2,42,22.4,18,0
38.7,77,27.5,70,1
29.6,35,11.5,84,1
18.9,23,18.1,25,0
39.7,64,19.5,22,0
32.4,17,17.8,100,1
34.1,51,4.5,66,0
32.6,62,23.6,14,0
34.2,71,28.4,40,0
37.2,46,28.7,71,0
44.4,65,15.4,67,0
27.0,55,21.4,61,0
19.5,25,1.3,29,0
42.5,60,4.0,27,0
23.9,27,14.3,42,0
41.6,86,4.1,19,0
32.7,16,18.8,55,0
36.1,44,20.1,97,0
37.6,72,11.1,59,1
41.4,45,29.0,13,0
27.1,73,23.6,37,0
29.7,82,18.1,2,1
40.4,76,26.2,95,1
28.4,40,29.0,94,1
24.4,18,8.7,54,0
37.2,18,20.5,11,0
30.0,54,15.6,78,1
42.4,91,26.5,79,1
35.3,95,22.3,3,0
20.6,95,6.4,28,1
26.6,35,29.9,8,0
39.0,99,8.9,84,1
39.1,56,0.2,25,0
31.6,99,15.5,38,1
32.1,65,9.1,1,0
25.9,30,16.3,94,1
37.7,78,1.9,56,0
35.2,90,25.1,10,0
23.9,94,17.4,31,1
32.5,31,14.0,57,0
21.9,45,20.9,94,0
37.4,71,5.9,23,0
43.7,90,21.6,78,1
31.2,41,0.9,64,0
43.3,21,8.4,83,1
41.3,66,20.8,61,0
20.8,87,27.5,95,1
28.2,19,26.0,30,0
20.8,58,5.3,68,0
27.8,22,8.4,76,1
26.3,80,19.1,54,1
41.9,77,18.8,53,1
42.7,20,25.8,21,0
19.0,64,10.5,72,1
33.6,37,9.3,46,0
37.6,38,15.9,20,0
33.2,95,9.3,60,1
41.9,60,11.6,82,1
42.6,53,12.3,10,0
18.2,85,24.1,38,1
40.6,100,11.0,95,1
20.4,61,15.8,77,1
38.1,68,3.9,40,0
42.9,15,8.2,87,0
32.7,61,4.4,86,1
33.8,66,14.8,17,0
23.4,34,24.4,51,0
34.8,76,0.3,89,1
26.8,49,25.8,91,1
41.7,32,14.0,24,0
20.8,85,16.4,100,1
25.0,19,2.0,43,0
38.5,88,14.4,46,0
27.2,21,29.7,80,1
36.7,84,27.6,31,0
39.4,42,0.3,40,0
41.0,27,1.2,82,0
42.6,81,0.0,32,0
21.3,58,25.7,75,0
27.9,62,1.1,59,0
21.9,74,22.8,78,1
32.3,86,18.9,77,1
20.8,35,1.3,93,1
29.5,66,13.8,86,1
24.6,72,18.2,54,1
25.0,39,14.6,59,0
22.9,60,0.4,55,1
36.3,69,28.5,48,0
32.0,28,25.0,70,0
32.7,54,9.7,45,0
23.8,49,0.3,80,1
28.8,97,10.8,27,1
21.1,97,12.3,84,1
40.5,100,20.1,99,1
21.9,87,16.7,60,1
34.3,50,25.0,66,0
22.8,99,8.7,44,1
27.5,65,15.5,78,1
25.8,53,6.8,68,0
42.8,81,11.2,96,1
29.4,66,6.1,7,0
30.2,37,4.7,68,0
18.3,35,5.4,25,0
40.6,77,2.0,38,0
41.0,71,23.4,37,0
40.6,23,11.4,6,0
18.2,100,13.9,28,1
33.6,57,11.1,64,0
25.3,25,4.0,9,0
20.6,99,3.2,65,1
31.5,64,25.5,32,0
30.8,45,16.9,65,0
34.8,55,13.1,73,1
44.2,82,29.4,69,1
30.2,93,21.9,79,1
38.0,46,18.0,15,0
43.5,69,0.7,100,1
22.1,57,19.9,68,0
41.7,65,15.1,67,0
26.8,99,7.3,93,1
26.9,30,26.9,94,0
39.5,40,4.9,60,0
34.0,83,5.4,10,1
27.5,77,5.3,25,1
27.5,83,24.3,34,1
42.9,52,16.0,13,0
39.7,27,26.3,54,0
31.3,53,23.7,28,0
30.7,55,5.3,69,0
26.6,40,26.3,19,0
26.8,55,23.4,16,0
33.9,27,7.2,42,0
41.4,21,8.7,67,0
26.4,82,21.2,69,1
34.1,56,4.5,18,0
28.3,83,1.2,60,1
30.0,54,13.1,65,0
32.1,23,9.2,62,0
29.9,66,17.4,68,1
42.1,96,28.2,5,0
23.1,22,4.9,76,1
30.2,95,9.7,14,0
39.9,69,10.0,19,0
25.7,36,3.9,81,1
34.8,17,21.4,25,0
42.0,74,28.8,13,0
41.8,52,2.6,72,0
28.9,80,12.1,44,1
29.8,30,0.7,91,1
30.5,60,29.9,53,0
31.1,98,14.0,13,1
23.1,54,19.9,100,1
39.9,46,27.7,75,0
36.6,99,23.6,77,1
23.1,85,18.3,7,1
20.9,64,27.6,39,0
26.1,78,19.2,50,1
22.4,98,16.6,11,1
21.2,99,25.7,19,1
36.3,63,2.6,55,0
36.6,67,8.5,25,0
18.6,59,7.9,17,0
23.9,40,11.3,56,0
24.7,91,14.5,43,1
29.0,96,5.2,81,1
19.2,77,13.6,0,1
23.0,24,12.9,70,1
36.4,32,23.9,59,0
39.4,64,6.8,40,0
39.7,66,7.9,32,0
23.2,42,21.1,79,0
24.9,61,13.6,74,1
34.0,15,4.0,89,0
20.9,48,20.3,67,0
27.8,93,22.5,4,1
43.6,70,29.0,45,0
35.4,31,27.0,62,0
31.3,19,1.3,35,0
29.3,38,29.7,34,0
41.4,93,5.6,74,1
31.6,96,19.8,92,1
23.1,30,5.2,17,0
33.3,81,7.4,95,1
44.5,28,9.6,58,0
35.8,92,13.7,63,1
29.8,28,23.9,98,0
41.8,94,3.1,16,0
28.7,35,15.9,77,1
26.8,23,4.6,91,1
33.9,90,23.0,83,1
30.5,72,3.0,56,0
25.6,65,18.5,56,1
18.7,45,16.5,20,0
37.5,20,22.2,12,0
38.4,59,7.1,35,0
33.1,87,24.1,91,1
36.1,76,16.1,25,1
18.2,38,23.4,43,0
18.3,97,26.7,51,1
18.0,23,1.0,98,1
28.4,73,24.8,74,1
38.3,63,24.1,47,0
27.1,54,3.0,15,0
41.8,53,2.6,28,0
30.9,86,25.5,4,0
25.3,22,8.5,51,0
33.2,36,0.9,57,0
21.9,72,14.8,4,0
21.2,74,29.1,74,1
42.2,79,21.1,60,0
20.0,18,11.1,83,1
42.8,71,24.5,74,0
44.1,92,1.1,74,1
21.3,83,1.2,81,1
24.0,16,21.1,53,0
35.7,80,13.9,29,1
25.0,53,29.8,79,0
30.1,22,12.2,41,0
23.8,82,26.3,38,1
34.7,85,6.6,7,1
18.8,67,8.9,7,0
34.5,31,13.3,91,1
38.5,21,2.7,79,0
33.7,74,22.8,11,0
38.1,53,25.5,30,0
27.7,40,15.7,23,0
30.6,90,12.7,20,1
42.9,74,26.3,92,0
24.1,36,16.3,63,0
30.2,91,5.6,13,1
29.5,70,28.8,5,0
27.0,20,18.5,53,0
37.6,69,6.4,94,1
37.2,81,11.8,12,1
29.8,42,15.1,64,0
43.9,97,0.5,27,0
28.8,45,14.6,82,1
25.2,75,12.6,19,1
34.4,81,18.0,57,1
22.5,66,9.5,86,1
42.9,83,9.5,52,1
37.4,64,4.4,94,0
22.8,39,26.9,6,0
27.6,53,10.5,45,0
20.3,18,22.6,67,0
39.3,83,29.5,83,1
43.6,72,3.8,71,1
21.3,66,26.8,74,1
26.7,18,5.2,97,1
44.0,74,12.8,91,1
20.2,20,26.6,69,0
29.3,82,4.7,98,1
19.0,48,29.2,93,0
39.4,15,20.5,19,0
36.4,31,3.4,68,0
43.6,21,18.8,30,0
22.4,78,28.5,27,0
31.6,94,25.5,67,1
44.8,74,2.3,88,1
26.1,24,17.0,91,1
26.5,35,16.5,88,1
20.1,23,22.8,19,0
21.2,41,27.4,19,0
25.5,95,8.7,96,1
27.9,91,23.4,96,1
29.4,99,16.4,0,1
18.2,54,0.7,65,0
41.6,90,19.1,84,1
41.4,16,8.5,27,0
35.9,25,5.9,50,0
23.2,65,14.0,68,1
38.8,42,18.5,65,0
24.7,58,12.1,94,1
21.1,51,1.5,94,0
30.4,36,10.3,11,0
29.4,91,20.4,87,1
24.3,95,1.5,86,1
37.4,51,1.1,27,0
31.6,26,26.9,87,0
23.4,35,26.3,36,0
35.3,93,27.9,72,1
39.4,92,5.4,15,1
39.0,58,17.2,81,0
21.6,97,10.2,9,1
36.8,69,29.5,69,0
19.8,36,1.2,55,0
41.7,60,11.3,12,0
41.8,26,3.6,67,0
20.3,92,8.5,13,1
43.2,28,10.8,90,0
26.1,50,1.2,23,0
42.6,93,24.3,48,0
36.9,64,18.7,50,0
21.4,58,1.8,34,0
31.5,48,2.3,56,0
41.7,50,21.4,33,0
42.9,38,2.2,12,0
44.5,47,20.7,21,0
23.8,17,29.1,25,0
21.5,85,8.3,32,1
40.7,40,0.7,61,0
42.0,40,1.7,2,0
20.7,62,14.2,96,1
40.0,15,23.9,66,0
19.9,86,5.3,96,1
28.8,30,25.7,82,0
40.6,17,27.9,93,0
29.4,27,13.6,17,0
34.7,50,11.6,70,1
36.9,27,23.7,84,0
25.0,47,3.4,54,0
19.9,26,12.4,36,0
30.1,63,2.0,39,0
34.2,41,6.9,1,0
33.6,40,4.0,97,0
29.9,29,23.3,61,0
22.8,19,13.8,8,0
33.0,73,13.0,99,1
35.3,48,17.9,6,0
27.4,72,17.7,20,0
41.9,17,26.7,39,0
42.5,17,10.0,38,0
33.7,35,11.0,7,0
42.2,57,14.8,64,0
29.3,87,23.5,16,0
39.8,87,10.6,82,1
21.9,43,18.4,72,1
19.3,53,24.5,57,0
27.2,15,27.4,37,0
37.6,55,21.5,85,0
35.4,44,1.3,30,0
21.2,83,21.3,4,1
30.3,27,26.3,56,0
21.2,94,24.5,37,1
29.1,64,20.0,60,1
39.7,30,22.5,68,0
40.3,23,2.5,66,0
21.1,47,27.7,78,0
28.2,16,29.0,61,0
21.7,77,27.6,87,1
36.6,79,6.7,74,1
31.5,93,7.1,61,1
41.1,31,15.6,45,0
34.1,93,3.4,99,1
21.0,20,20.9,53,0
27.3,98,24.0,100,1
40.5,76,19.8,61,1
41.9,70,12.5,21,0
32.0,45,19.8,84,0
19.1,71,20.8,46,0
27.7,32,9.8,56,0
40.7,17,17.9,51,0
37.7,63,20.9,86,1
18.3,85,3.1,45,1
43.6,53,26.2,29,0
42.5,46,2.1,11,0
33.8,56,22.4,62,0
18.9,41,26.1,4,0
40.5,22,3.7,6,0
28.3,96,4.3,4,1
35.2,56,25.5,91,0
21.6,83,26.5,14,1
18.8,75,13.2,6,1
31.8,18,11.1,47,0
35.8,79,1.4,11,0
28.4,37,6.6,75,1
29.5,78,12.2,85,1
30.6,53,17.5,99,0
44.8,47,0.9,45,0
21.4,40,14.3,70,1
23.6,23,29.6,1,0
40.6,97,6.0,32,1
35.2,46,25.1,24,0
36.5,92,23.3,10,0
39.3,100,26.8,30,0
38.8,51,18.0,66,0
19.3,66,7.2,20,0
36.5,41,15.2,34,0
29.2,86,17.5,99,1
29.8,67,1.4,4,0
18.4,80,23.0,60,1
23.5,90,3.4,28,1
40.9,66,13.9,99,1
27.8,47,20.3,71,0
26.2,23,0.0,12,0
33.8,84,3.1,98,1
31.9,37,17.6,64,0
43.4,31,18.0,38,0
28.2,98,24.5,92,1
37.8,86,20.6,57,1
21.8,51,28.6,87,0
40.8,50,10.4,96,0
26.1,54,26.6,92,0
19.8,35,20.1,61,0
33.4,65,14.3,29,0
44.6,56,29.7,14,0
37.7,31,15.5,71,0
44.6,70,0.4,26,0
29.9,48,26.3,52,0
43.4,96,26.9,82,1
35.4,46,10.0,45,0
29.9,79,7.9,91,1
23.2,100,5.3,53,1
21.1,88,14.7,40,1
18.8,40,0.9,32,0
23.8,23,0.5,83,1
34.3,35,14.1,86,1
43.1,28,0.4,85,0
31.6,61,12.3,7,0
41.7,100,9.0,49,1
30.7,26,25.6,68,0
34.4,34,12.7,22,0
18.2,48,10.3,32,0
23.5,33,26.6,34,0
21.1,94,1.3,64,1
28.7,68,10.5,34,0
24.6,87,22.1,54,1
18.6,65,3.6,31,0
18.6,65,2.9,82,1
25.4,30,0.7,6,0
26.2,37,27.8,92,0
23.8,71,20.5,34,0
39.6,75,10.2,99,1
41.5,74,3.2,92,0
27.4,72,3.1,66,1
43.8,51,4.4,3,0
28.2,56,3.0,6,0
28.6,55,8.7,95,1
27.4,45,19.5,74,1
38.4,67,7.9,29,0
20.5,64,2.0,85,1
19.8,50,18.4,79,1
26.1,52,23.1,8,0
20.7,41,19.0,54,0
22.8,26,27.5,72,0
41.4,82,1.5,13,0
37.2,42,19.0,42,0
41.7,79,17.7,52,1
30.4,47,15.7,10,0
39.6,80,7.0,37,0
42.9,30,14.0,55,0
18.4,63,3.3,98,1
28.4,28,23.8,10,0
31.1,69,21.4,30,0
36.1,96,17.8,89,1
26.4,97,24.9,43,0
23.3,78,10.9,32,1
29.8,57,18.8,2,0
25.6,85,8.8,22,1
29.8,28,3.8,92,0
23.7,67,16.2,63,1
41.0,66,20.6,19,0
29.6,54,1.9,11,0
26.2,38,4.9,53,0
20.0,28,3.5,55,0
19.3,15,14.8,52,0
31.8,86,7.4,77,1
24.6,41,8.9,85,1
39.9,62,0.5,36,0
27.4,75,29.9,39,0
21.2,44,3.4,3,0
23.8,49,23.6,12,0
29.8,31,20.8,77,1
21.5,52,21.3,1,0
28.6,75,7.6,97,1
44.9,32,24.8,34,0
29.8,18,18.3,75,1
21.6,25,14.2,28,0
19.4,75,12.5,35,1
42.3,74,6.1,69,0
44.9,31,26.8,14,0
38.7,22,1.2,44,0
42.2,90,12.6,51,1
41.3,31,19.0,88,0
34.1,15,11.9,24,0
24.6,88,11.4,35,1
28.9,54,23.2,16,0
22.4,46,28.2,75,1
41.7,16,23.6,69,0
30.4,39,8.8,37,0
36.4,41,14.2,15,0
41.6,64,29.7,78,1
34.7,25,5.7,16,0
37.6,21,18.1,30,0
20.0,27,19.6,91,1
30.8,90,8.8,87,1
34.1,57,29.7,76,0
18.9,50,29.2,14,0
20.3,78,0.0,86,1
20.9,29,5.5,51,0
30.9,51,7.8,94,0
21.3,96,24.0,81,1
20.2,57,24.0,48,0
29.5,44,16.7,40,0
18.8,25,10.7,93,1
29.7,69,5.9,1,0
30.4,75,6.8,88,1
32.8,99,5.1,13,1
26.3,100,23.8,62,1
25.9,47,19.1,85,1
25.1,83,7.8,45,1
31.0,96,16.8,95,1
23.1,56,26.7,11,0
21.5,50,0.8,56,0
35.7,66,24.3,51,0
33.4,36,16.5,65,0
35.7,58,24.8,58,0
32.9,79,6.2,45,1
32.2,71,28.7,8,0
28.0,77,14.0,0,1
39.1,85,1.4,10,0
36.1,31,28.0,95,0
39.2,41,1.1,46,0
27.8,74,17.3,81,1
33.7,34,29.5,37,0
22.3,84,15.2,98,1
38.8,70,25.1,33,0
42.7,84,13.1,69,1
33.4,58,3.5,68,0
32.9,63,25.5,19,0
41.1,52,16.3,13,0
22.9,25,12.4,5,0
22.4,61,21.3,98,1
20.2,41,10.9,77,1
28.8,45,1.0,62,0
34.7,16,21.9,57,0
21.2,100,14.6,64,1
19.8,88,12.1,9,1
38.3,21,16.4,14,0
38.0,71,24.1,2,0
28.0,96,1.0,22,1
37.8,59,21.4,11,0
18.3,72,15.0,19,0
44.7,98,13.6,70,1
42.9,84,21.5,60,1
41.9,29,25.7,79,0
30.7,73,6.2,73,1
26.2,32,29.8,86,0
39.4,44,22.8,24,0
42.7,34,7.3,97,0
28.6,46,21.8,0,0
43.0,80,19.5,9,0
38.1,91,0.4,7,0
43.6,27,21.9,39,0
31.9,63,0.5,34,0
27.6,56,7.2,20,0
23.5,49,5.4,74,1
32.5,74,9.6,76,1
40.0,61,10.8,66,0
41.0,91,0.0,67,1
38.2,95,14.1,25,0
25.8,38,23.7,35,0
19.4,31,9.0,62,0
24.5,17,13.5,60,1
19.4,71,3.7,46,0
39.2,53,25.2,68,0
32.2,97,17.7,85,1
42.1,85,12.3,11,1
19.9,52,9.8,3,0
23.2,87,29.3,1,1
40.9,77,25.0,97,1
37.5,81,11.0,85,1
22.2,30,1.4,5,0
41.4,45,18.3,16,0
28.7,48,0.3,5,0
36.1,19,17.7,26,0
41.3,32,9.5,70,0
34.6,99,25.2,76,1
22.1,78,6.0,84,1
31.0,74,12.2,21,0
19.4,78,11.5,60,1
26.0,70,15.5,66,1
21.2,85,13.9,28,1
38.4,84,25.9,33,0
21.9,27,9.2,84,1
42.9,24,6.9,46,0
38.0,85,15.0,76,1
33.8,49,27.1,56,0
24.3,45,13.6,55,0
25.2,73,12.8,22,0
24.1,59,3.6,57,0
36.2,48,26.5,5,0
36.3,55,4.9,55,0
18.8,37,24.2,33,0
31.7,24,26.5,39,0
27.4,37,25.3,15,0
43.1,79,3.6,84,1
43.2,57,19.6,27,0
24.8,33,24.4,71,1
33.7,30,20.0,49,0
23.1,64,25.5,47,0
22.5,86,24.3,28,1
30.0,73,4.2,79,1
43.8,67,10.6,63,0
34.9,45,19.6,68,0
42.3,62,24.3,90,1
22.2,68,9.2,96,1
19.1,21,1.9,89,0
28.4,69,10.2,36,1
31.5,88,15.1,2,1
38.2,51,29.1,71,0
44.7,55,3.2,40,0
24.8,37,16.8,54,0
22.0,78,20.0,55,1
22.1,88,6.1,13,1
44.4,47,10.8,61,0
41.8,63,1.1,36,0
32.7,90,7.0,81,1
33.2,59,15.1,0,0
28.3,55,12.6,16,0
29.2,18,23.6,98,0
43.6,15,16.4,93,0
42.5,59,7.4,98,1
42.4,95,25.7,19,0
21.8,84,13.5,30,1
44.7,37,17.6,59,0
40.0,71,21.1,32,0
21.2,92,4.5,93,1
38.4,37,28.0,78,0
28.9,41,18.1,96,1
22.1,28,20.3,49,0
22.8,96,3.4,11,0
25.1,77,7.2,64,1
32.4,43,19.1,55,0
23.8,43,2.2,8,0
34.9,19,12.2,73,1
25.2,24,13.1,36,0
25.3,17,29.0,87,1
39.6,98,8.1,56,1
22.8,33,0.5,9,0
30.4,15,20.2,78,0
26.2,73,12.9,5,0
29.5,71,7.6,88,1
20.1,64,11.0,93,1
23.6,48,19.4,64,0
27.7,93,9.7,72,1
35.6,33,25.3,60,0
23.9,66,25.1,68,1
37.4,40,22.4,51,0
25.8,49,10.0,49,0
32.0,35,0.7,1,0
36.5,17,15.0,65,0
37.8,93,14.5,7,0
35.7,66,14.0,22,0
41.2,63,29.5,79,0
29.9,25,1.5,38,0
43.5,86,23.3,0,0
19.2,52,21.5,3,0
31.3,61,22.4,67,0
35.9,41,12.2,37,0
39.2,57,23.0,15,0
32.0,43,21.7,28,0
23.4,47,18.4,98,1
23.7,67,27.5,71,1
36.0,78,11.4,43,1
43.4,75,20.0,58,1
22.4,18,4.3,44,0
42.3,57,16.7,24,0
33.3,53,18.9,13,0
30.0,49,0.3,99,1
19.9,75,1.2,80,1
42.9,81,23.0,59,1
42.8,58,27.9,68,0
39.0,73,16.1,17,0
31.0,26,5.0,29,0
22.7,95,21.4,30,1
25.3,84,0.2,56,1
31.5,79,14.5,8,1
44.0,32,6.3,35,0
43.6,99,13.2,70,1
43.4,73,11.8,99,1
38.6,38,17.3,44,0
19.0,67,28.0,16,0
23.5,47,29.6,45,0
31.0,33,8.0,68,0
31.6,35,27.6,70,0
33.6,26,23.4,31,0
28.6,88,8.5,72,1
33.4,55,5.1,9,0
42.5,24,15.4,6,0
35.6,87,18.8,47,1
44.3,33,15.8,62,0
18.9,68,9.1,58,1
34.4,17,23.9,52,0
38.6,35,8.5,34,0
32.7,45,15.9,51,0
29.8,73,17.4,6,0
21.0,93,0.5,54,1
26.7,83,22.5,58,1
23.0,65,14.7,21,1
35.2,51,6.8,63,0
28.7,36,7.2,36,0
41.1,23,1.2,30,0
24.7,61,4.5,21,0
34.4,80,12.6,18,0
40.1,63,25.6,8,0
30.2,90,1.1,48,1
44.3,77,15.5,97,1
28.5,88,10.6,11,1
31.4,84,5.5,45,1
31.8,41,20.5,24,0
32.6,90,26.8,78,1
23.4,52,8.7,91,1
38.4,35,13.8,20,0
38.3,53,29.0,6,0
23.1,28,30.0,34,0
30.7,56,8.7,58,0
26.6,91,17.7,40,1
21.8,28,4.5,7,0
24.4,75,4.7,16,1
18.2,55,11.4,72,1
22.5,45,3.5,4,0
27.9,51,10.5,14,0
23.1,19,0.5,47,0
41.5,80,2.7,2,0
44.4,42,23.8,76,0
22.6,83,27.6,22,1
37.2,56,22.6,25,0
26.0,26,5.8,21,0
29.1,90,28.7,50,1
23.1,55,18.6,64,0
35.3,17,4.2,93,0
39.9,100,2.3,32,0
42.5,60,28.3,49,0
31.7,72,20.5,70,1
26.6,42,3.8,39,0
32.7,61,24.9,71,1
44.0,58,22.0,84,0
36.9,30,4.3,88,0
18.8,95,29.9,1,1
40.1,65,8.9,6,0
36.6,87,11.6,27,0
19.0,88,15.8,1,1
29.6,51,10.1,90,1
24.9,53,21.2,43,0
22.6,33,9.9,86,1
27.6,99,20.7,20,1
26.3,71,10.0,65,1
26.2,82,28.7,12,1
31.4,44,18.1,3,0
36.9,98,16.9,10,0
34.6,68,1.8,89,1
26.2,100,0.9,34,1
40.2,44,28.3,71,0
20.5,23,23.7,89,0
35.9,55,0.3,100,0
42.6,86,27.3,71,1
42.2,78,11.7,80,1
26.1,71,18.8,25,0
43.9,92,23.9,64,0
26.8,74,8.2,79,1
24.0,91,14.8,91,1
29.0,71,21.8,56,1
24.2,26,3.7,38,0
24.0,53,15.5,56,0
25.4,68,13.3,30,1
43.1,62,22.6,50,0
36.4,81,9.6,98,1
21.4,78,20.8,31,1
36.8,27,16.8,9,0
22.2,19,7.9,88,1
23.7,90,0.3,73,1
30.3,82,6.8,100,1
38.5,67,12.0,89,1
28.3,28,11.4,83,1
37.2,40,3.8,22,0
28.5,46,7.8,45,0
25.1,68,14.2,56,1
24.7,69,22.1,91,1
21.8,61,8.5,82,1
44.6,88,18.4,83,1
19.2,35,16.8,91,1
35.5,56,21.4,70,0
38.9,65,3.0,84,1
21.6,73,11.8,25,0
36.2,91,17.2,6,1
34.8,92,28.3,97,1
24.0,32,12.1,100,1
18.3,20,2.6,76,0
31.9,95,28.1,37,0
29.6,86,27.9,82,1
33.2,43,8.7,5,0
24.5,69,21.3,60,1
38.4,64,7.5,61,0
28.6,59,20.8,22,0
31.4,55,25.5,62,0
19.3,47,4.6,93,0
22.6,87,9.6,59,1
27.1,93,3.1,18,1
19.7,91,17.1,35,1
28.0,58,24.2,10,0
18.7,44,1.2,5,0
20.9,77,25.5,29,1
26.5,33,0.3,98,0
39.1,41,18.9,59,0
31.5,58,23.7,65,0
42.9,61,4.3,53,0
36.1,38,24.2,93,0
38.8,17,24.8,2,0
26.1,34,5.0,50,1
30.1,26,14.6,91,0
18.8,26,23.1,47,0
39.4,63,10.6,15,0
32.3,46,19.0,60,0
23.3,72,25.5,81,1
33.7,76,27.5,13,0
29.9,40,25.8,68,0
29.2,41,18.0,55,0
39.6,94,28.5,16,0
19.9,35,10.6,15,0
38.9,45,13.3,66,0
18.7,98,11.7,63,1
29.5,29,20.9,94,0
37.5,32,29.8,20,0
19.1,47,0.3,57,0
32.7,54,15.3,9,0
33.3,75,29.6,58,1
29.5,39,5.5,21,0
43.0,76,3.5,0,0
23.0,21,25.6,8,0
26.1,32,12.5,42,0
25.1,42,24.0,25,0
31.2,21,19.8,88,1
28.9,99,4.4,58,1
39.1,30,7.9,61,0
25.8,41,19.9,79,1
31.5,25,8.4,97,1
29.1,44,29.0,84,0
29.4,69,29.2,5,0
41.5,43,1.0,79,0
34.1,37,21.3,14,0
41.4,51,2.6,48,0
34.3,81,29.1,95,1
42.4,80,16.7,80,1
33.4,87,7.9,62,1
44.7,66,0.4,76,0
35.3,98,6.0,8,1
23.2,43,1.5,93,1
44.0,44,25.5,63,0
35.3,75,12.4,68,1
27.2,19,3.7,10,0
28.8,64,18.1,93,1
32.8,77,1.9,20,1
38.6,16,13.0,90,0
32.4,53,25.8,61,0
29.4,52,0.7,60,0
31.8,69,8.9,15,0
37.7,88,28.5,30,0
24.6,100,8.8,30,1
39.8,72,19.2,9,0
35.6,40,5.6,98,0
28.2,54,21.2,52,0
22.2,53,21.6,36,0
21.4,24,12.1,33,0
19.2,87,4.7,62,1
19.2,49,22.6,61,0
35.0,99,20.7,80,1
42.4,74,26.4,31,0
36.1,68,20.6,18,0
32.4,62,27.3,87,1
26.6,35,18.3,85,1
21.7,70,17.0,2,0
19.4,19,0.1,64,0
34.5,49,8.4,87,0
22.0,50,3.6,39,0
33.9,48,28.2,4,0
26.8,23,14.4,80,1
32.1,61,18.2,12,0
23.6,96,7.5,73,1
21.3,80,9.2,35,1
36.4,29,2.2,12,0
41.7,80,7.2,3,1
37.3,24,9.0,93,0
40.7,75,20.8,25,0
22.3,46,29.0,70,1
31.4,32,8.2,20,0
25.4,61,23.7,52,0
30.8,48,14.2,48,0
23.5,40,16.5,71,1
32.4,97,20.9,65,1
19.9,45,12.3,52,0
40.8,97,11.8,74,1
38.4,81,23.5,65,1
30.8,89,11.0,82,1
37.0,85,22.7,77,1
20.8,41,9.1,21,0
27.9,89,24.6,35,1
19.5,99,13.9,52,1
30.3,78,11.5,89,1
18.6,38,8.4,1,0
22.2,33,5.6,13,0
26.7,40,15.1,46,0
18.3,54,18.4,31,0
29.9,31,19.7,58,0
23.8,76,2.9,51,1
29.6,19,20.9,27,0
26.4,69,23.9,60,0
27.9,46,16.4,98,1
21.3,43,17.4,80,1
25.3,36,10.6,4,0
42.4,75,7.8,81,1
21.1,17,11.8,29,0
30.9,83,2.9,40,0
29.7,100,15.9,17,1
32.1,62,21.6,46,0
23.2,31,10.3,45,0
38.9,82,26.2,12,0
18.4,41,25.1,86,1
34.3,75,23.3,56,1
28.2,23,29.8,44,0
35.4,93,2.0,51,0
36.3,67,5.1,95,1
25.2,55,6.0,80,1
32.1,76,28.5,38,1
33.2,62,28.6,0,0
23.8,54,26.5,4,0
28.1,29,12.3,17,0
41.6,36,3.1,59,0
42.1,98,25.9,8,0
33.9,21,1.3,32,0
20.9,58,23.0,66,0
41.9,23,26.5,47,0
24.4,79,10.2,65,1
28.4,81,7.9,29,1
38.9,23,23.5,98,0
42.8,62,6.4,45,0
40.2,22,11.7,44,0
37.3,69,13.3,44,0
32.2,78,20.0,74,1
32.1,60,26.6,30,0
45.0,87,12.3,18,0
38.4,78,4.7,21,0
19.4,51,4.3,5,0
40.4,65,0.1,89,1
23.3,15,12.9,87,1
33.1,47,21.4,27,0
41.0,40,2.3,45,0
32.7,81,6.6,28,0
37.1,70,13.0,30,0
37.1,94,0.7,79,1
22.5,61,17.1,33,0
25.1,78,0.2,52,1
34.5,67,20.0,65,1
33.9,35,5.6,63,0
39.5,26,3.9,94,0
20.6,61,25.4,53,0
40.3,91,29.3,34,0
24.6,90,0.5,11,1
42.9,81,7.2,24,1
27.6,54,9.8,52,0
35.2,36,28.9,68,0
23.9,72,15.4,29,0
26.1,80,13.4,91,1
41.0,40,18.4,54,0
35.7,26,21.1,79,0
37.8,91,9.1,38,1
21.8,77,27.0,3,1
22.1,27,2.0,17,0
39.1,76,16.1,66,1
23.9,46,13.8,86,1
21.1,46,13.2,48,0
19.5,33,20.3,52,0
29.6,25,3.3,20,0
26.1,63,2.2,79,1
30.0,26,15.9,68,0
36.7,75,11.1,34,1
38.5,74,24.9,88,1
19.9,53,5.9,98,1
32.5,62,22.6,29,0
44.3,57,11.2,39,0
21.7,73,16.9,52,1
38.1,55,17.5,64,0
39.9,92,0.1,3,0
24.4,26,4.1,12,0
27.6,32,10.5,14,0
39.8,38,22.9,17,0
35.8,22,3.5,72,0
26.6,73,27.2,52,1
19.4,46,20.9,70,1
42.0,88,22.3,85,1
31.9,44,27.1,87,0
42.7,75,26.6,24,0
26.4,52,2.7,34,0
44.4,56,1.4,80,0
29.5,43,1.5,63,0
30.6,39,13.5,23,0
18.1,46,27.1,13,0
25.7,65,18.7,80,1
38.5,67,8.9,12,0
23.2,69,6.1,44,1
42.3,88,22.3,48,0
27.2,69,17.6,44,1
42.1,50,25.9,23,0
39.9,33,1.1,63,0
21.5,77,29.8,100,1
42.1,82,4.5,42,0
25.6,95,7.0,99,1
42.0,40,6.7,40,0
20.2,82,5.8,54,1
37.5,22,11.2,96,0
27.0,44,21.0,72,1
31.6,71,21.2,61,0
29.9,85,29.0,64,1
44.9,68,24.8,11,0
22.2,88,14.3,99,1
23.6,61,9.4,70,1
26.4,54,18.2,50,0
38.0,42,8.8,66,0
31.7,25,23.9,61,0
18.6,77,18.4,72,1
37.7,28,12.7,11,0
20.5,74,20.3,9,0
31.8,100,21.0,88,1
25.9,65,6.9,74,1
25.5,63,6.4,51,1
20.5,45,0.3,46,0
31.8,66,5.5,62,1
34.4,73,17.0,11,0
42.1,27,25.3,52,0
20.6,90,14.5,63,1
33.7,31,10.6,49,0
35.0,77,9.7,15,1
38.2,22,16.0,47,0
33.3,78,6.5,79,1
40.4,38,11.7,36,0
39.6,48,13.1,67,0
24.2,62,29.8,32,0
32.0,46,10.6,69,0
33.7,22,19.3,15,0
23.9,18,25.5,67,0
41.1,26,7.3,31,0
37.2,48,17.0,88,0
22.8,93,1.3,2,1
18.1,25,17.9,39,0
27.7,49,12.5,89,1
39.2,36,5.0,82,0
29.2,24,17.0,76,1
41.2,99,1.0,80,1
42.5,30,22.5,79,0
34.8,22,23.6,100,0
37.8,63,1.2,24,0
34.7,39,5.7,54,0
24.5,75,18.2,41,1
32.0,37,24.1,15,0
23.5,25,21.1,56,0
40.7,87,21.5,60,1
30.2,86,13.3,42,1
26.9,36,29.8,92,1
40.3,98,5.5,82,1
30.1,28,8.4,2,0
19.7,42,16.4,18,0
32.0,68,20.3,20,0
21.6,68,23.2,42,0
19.8,68,25.9,94,1
38.8,20,22.0,5,0
35.4,64,14.4,6,0
22.1,51,19.6,12,0
43.0,73,17.6,46,0
27.2,42,19.3,21,0
18.8,22,0.7,65,0
18.3,50,19.1,95,1
26.0,72,28.4,93,1
42.4,30,25.2,51,0
21.0,52,14.0,82,1
25.8,62,2.7,74,1
43.0,76,7.2,20,1
43.2,57,4.3,68,0
21.1,58,2.2,100,0
23.7,22,0.6,42,0
37.5,49,3.6,17,0
24.6,41,8.3,69,0
40.9,41,19.8,78,1
22.4,36,17.6,50,0
26.5,95,19.2,9,1
38.8,70,25.7,80,0
42.5,52,17.1,10,0
25.6,86,22.3,50,1
35.1,22,18.8,20,0
25.0,19,9.6,94,1
42.3,92,10.4,7,0
43.1,21,17.6,40,0
36.8,31,9.8,58,0
33.0,69,20.6,34,0
31.2,67,27.2,43,0
42.8,100,21.2,1,0
25.4,77,6.5,40,1
24.2,66,15.0,81,1
22.2,15,24.6,16,0
21.2,79,4.4,67,1
43.3,87,2.5,40,0
22.2,53,28.0,9,0
30.0,93,9.2,32,1
21.1,76,14.9,29,1
26.1,85,21.8,45,0
44.0,84,21.5,35,0
44.5,18,26.0,0,0
36.3,85,5.5,37,0
27.8,68,8.0,75,1
36.2,63,26.0,22,0
24.6,35,27.1,45,0
18.4,87,9.8,81,1
37.4,71,10.8,52,1
30.1,96,13.4,62,1
34.4,43,18.3,12,0
39.9,84,27.4,17,0
21.7,28,4.7,78,1
26.7,57,18.2,15,0
40.4,61,6.7,56,1
36.5,91,21.3,39,0
39.8,40,6.1,29,0
35.6,48,14.7,19,0
29.1,48,26.3,9,0
41.4,77,3.4,97,1
25.3,59,25.0,32,0
32.3,78,27.8,4,0
42.5,51,15.8,51,0
41.3,76,1.2,31,0
38.4,45,21.1,41,0
28.0,27,2.3,58,0
43.6,62,0.3,15,0
37.3,71,9.7,4,0
31.1,46,6.7,98,0
44.9,40,29.6,72,0
31.6,30,10.5,79,1
38.5,27,5.4,62,0
34.4,81,25.6,73,1
33.5,78,0.6,43,0
28.5,75,10.1,92,1
32.8,29,25.5,94,0
21.6,39,7.3,12,0
44.2,15,18.3,74,0
28.6,31,27.6,96,1
37.7,22,19.3,87,0
18.4,51,19.8,43,0
29.2,80,6.6,17,1
40.6,16,22.0,79,0
42.7,59,14.3,0,0
28.6,25,21.4,66,0
28.5,32,8.0,50,0
37.9,64,23.5,42,0
34.2,65,24.4,0,0
29.6,24,13.8,27,0
23.0,41,13.2,26,0
34.5,87,0.2,17,0
29.5,83,5.8,96,1
35.7,95,28.8,16,0
37.4,50,19.4,52,0
19.0,79,19.4,85,1
33.5,90,13.1,80,1
22.1,32,19.0,48,0
27.2,72,29.9,20,0
43.8,97,3.5,86,1
27.5,93,13.7,6,1
24.0,53,9.1,70,1
34.7,26,28.5,30,0
39.2,73,9.5,87,1
18.6,89,10.8,78,1
29.7,65,29.6,1,0
40.6,43,6.8,82,1
36.2,57,0.6,41,0
44.8,74,22.8,52,0
42.4,16,29.0,18,0
26.8,58,15.9,21,0
34.4,18,0.4,41,0
32.9,37,17.7,74,0
31.4,33,12.7,32,0
19.8,97,11.0,61,1
36.6,49,8.7,96,0
31.3,32,27.2,79,0
30.6,46,13.6,83,0
20.7,64,5.2,53,1
37.7,49,25.3,53,0
19.4,94,5.8,32,1
36.9,77,10.8,26,1
34.8,29,1.8,100,0
24.5,84,9.8,6,1
28.9,29,13.6,4,0
18.2,97,3.7,66,1
42.9,75,10.4,63,1
41.6,44,6.3,14,0
35.5,67,7.8,44,0
19.1,91,6.5,53,1
37.5,70,15.8,41,0
31.4,22,17.2,73,0
29.5,96,18.6,82,1
35.8,88,25.1,87,1
24.7,48,13.6,85,1
23.4,66,12.9,99,1
39.5,82,8.7,41,1
37.8,49,5.7,18,0
38.1,58,28.9,84,0
31.0,41,29.3,57,0
42.7,84,15.4,20,1
31.9,60,18.8,49,0
36.6,18,5.8,93,0
29.2,99,23.6,74,1
41.2,22,24.2,26,0
29.7,30,21.3,61,0
44.6,36,9.7,96,0
38.7,27,4.0,77,0
44.9,63,19.8,55,1
31.0,31,28.8,11,0
28.1,88,25.1,98,1
40.3,49,18.1,22,0
31.2,68,17.0,1,0
30.5,18,1.0,28,0
36.9,81,17.9,60,1
36.1,37,22.8,87,0
18.4,75,9.1,57,1
28.7,94,8.1,54,1
38.4,20,19.0,45,0
27.8,87,13.7,32,1
39.5,52,6.8,36,0
28.6,85,26.8,30,0
22.4,18,19.0,87,1
32.3,75,28.3,55,1
31.4,50,13.8,30,0
36.7,40,13.7,70,0
38.7,50,23.7,13,0
21.2,45,1.6,61,0
44.7,33,2.6,78,0
23.2,97,7.8,59,1
21.6,47,23.5,49,0
20.8,42,11.1,38,0
36.2,92,8.1,63,1
33.3,22,0.9,90,0
24.7,19,5.1,17,0
43.3,68,2.0,7,0
43.1,18,19.5,34,0
31.0,63,25.3,98,1
37.9,63,27.9,48,0
24.6,72,3.1,71,1
25.5,99,20.3,38,1
24.4,55,29.0,90,1
36.9,62,13.4,51,1
25.4,33,25.9,64,0
39.8,24,1.6,41,0
33.6,29,21.7,49,0
40.8,23,3.2,26,0
21.6,61,20.8,54,1
39.7,66,28.2,65,0
20.0,45,17.7,42,0
19.7,21,28.9,83,0
40.9,72,9.9,32,0
21.4,41,17.2,1,0
25.0,83,13.4,69,1
28.0,63,18.9,94,1
43.9,97,4.5,14,0
43.0,47,9.2,6,0
33.3,73,28.5,94,1
29.1,85,7.8,34,1
30.2,27,22.0,87,0
23.1,60,5.4,22,0
36.3,99,10.3,99,1
18.5,74,9.4,86,1
34.3,90,28.8,20,0
29.5,50,9.8,0,0
20.5,57,26.5,69,0
20.6,20,26.2,55,0
34.1,26,13.7,92,0
18.5,35,26.2,21,0
39.1,98,18.4,100,1
30.4,36,23.1,39,0
18.7,93,29.1,53,1
39.9,92,15.4,70,1
26.7,36,17.1,63,0
21.3,42,22.8,41,0
32.6,85,25.5,63,1
38.5,54,4.0,88,0
27.4,26,0.1,75,0
25.4,76,14.0,52,1
39.6,83,28.9,27,0
19.6,54,6.5,64,0
21.4,64,9.1,8,0
36.9,39,22.0,81,0
33.8,30,26.6,57,0
45.0,64,5.7,98,1
18.6,32,3.8,30,0
25.0,26,25.3,63,0
32.5,32,18.5,45,0
25.6,100,23.5,10,0
37.0,45,12.4,67,0
32.7,86,2.6,48,1
19.0,76,18.1,69,1
19.9,41,12.9,37,0
27.9,73,1.8,35,0
29.7,15,18.4,86,1
27.7,25,8.6,15,0
32.4,44,15.1,0,0
37.9,96,0.6,40,0
24.1,16,15.2,27,0
41.6,74,14.9,2,0
33.7,61,26.7,71,1
31.9,43,20.8,94,0
34.4,33,12.6,42,0
24.7,51,6.6,76,1
35.1,54,7.6,85,0
21.3,55,1.2,24,0
21.8,70,5.0,3,1
30.0,21,11.8,18,0
22.7,71,24.3,8,0
21.4,56,25.3,46,0
35.6,83,29.4,22,0
38.8,28,25.9,46,0
30.9,31,0.2,49,0
22.9,22,14.3,28,0
28.5,23,9.4,32,0
36.4,81,10.8,19,1
38.9,92,28.5,96,1
19.2,26,27.7,37,0
30.0,52,25.3,38,0
25.2,37,9.8,52,0
19.7,97,26.2,97,1
33.6,89,18.4,68,1
33.2,99,7.4,30,1
35.2,96,23.8,30,1
20.5,22,0.8,64,0
34.6,22,3.2,33,0
32.2,42,23.2,28,0
24.8,80,16.7,69,1
28.4,45,4.7,40,0
21.7,79,28.5,91,1
38.2,69,14.1,14,0
19.2,94,18.3,46,1
26.2,77,10.0,56,1
21.2,60,3.7,21,0
41.0,32,25.4,20,0
26.2,55,15.6,11,0
44.0,99,10.2,7,1
20.6,92,8.5,54,1
24.6,36,16.8,3,0
38.1,34,7.9,68,0
22.8,87,26.3,81,1
41.0,38,10.3,26,0
44.1,97,21.2,52,1
25.4,22,23.6,89,1
25.3,47,8.6,69,0
36.8,42,9.1,43,0
43.7,17,13.2,88,0
21.5,87,8.0,8,1
28.5,36,5.9,7,0
39.4,80,20.5,68,0
31.3,55,15.3,8,0
43.5,77,19.7,78,1
30.8,22,22.1,17,0
40.9,51,11.9,59,0
29.7,63,15.3,68,1
39.6,100,10.4,95,1
32.5,39,3.4,14,0
41.4,99,25.2,13,0
32.7,40,6.4,88,1
18.5,66,12.6,15,0
27.2,15,3.9,15,0
23.8,83,2.4,67,1
26.2,75,0.4,88,1
22.4,47,24.1,56,0
30.9,57,15.7,11,0
32.9,23,6.6,39,0
36.4,74,28.6,11,0
44.8,28,23.2,8,0
18.8,93,4.6,58,1
30.8,35,18.0,10,0
29.4,42,20.5,93,1
37.3,37,29.5,42,0
30.5,75,26.9,35,0
43.3,42,28.4,90,0
33.2,35,20.7,65,0
29.3,97,1.7,77,1
40.5,71,9.8,74,1
28.9,77,5.5,52,1
29.9,74,26.6,92,1
40.8,77,1.0,63,1
30.2,100,29.7,60,1
22.3,59,8.4,23,0
20.4,94,0.5,47,1
36.8,27,27.9,13,0
44.8,42,19.6,99,0
41.4,46,18.8,39,0
42.1,41,4.4,33,0
42.9,76,2.2,78,1
18.6,36,16.3,16,0
41.1,89,26.6,15,0
36.9,70,26.1,94,0
37.6,97,20.6,59,0
35.2,43,12.0,26,0
18.1,33,13.6,84,1
40.8,23,14.6,46,0
22.0,38,24.7,8,0
21.6,36,0.6,24,0
33.2,100,23.9,19,1
32.4,91,10.5,90,1
35.4,44,28.3,46,0
23.7,67,17.7,57,1
31.8,76,5.3,68,1
29.4,24,7.3,82,1
18.8,50,1.9,67,0
32.3,63,21.5,20,0
34.2,24,15.9,31,0
43.5,46,15.7,18,0
32.7,72,8.1,29,0
23.2,39,23.3,0,0
18.3,58,5.6,5,0
36.6,72,14.0,15,0
38.7,46,20.9,1,0
44.6,60,14.5,25,0
28.6,51,6.8,91,1
43.6,15,21.7,26,0
24.6,28,15.0,19,0
20.9,38,21.0,64,0
34.9,43,18.6,56,0
40.3,56,4.7,55,0
33.5,36,21.9,60,0
36.9,75,22.9,100,1
20.0,90,19.4,31,1
18.2,62,22.3,19,0
28.2,27,0.3,52,0
25.5,97,16.9,26,1
26.4,90,18.8,24,1
24.0,66,19.5,78,1
34.1,100,1.6,27,0
24.4,99,25.1,0,1
26.2,20,7.4,45,0
34.2,82,12.4,91,1
38.3,53,8.7,72,1
27.2,82,5.8,2,1
43.9,73,27.2,59,0
42.7,33,27.9,7,0
43.7,44,6.0,92,0
38.9,86,8.1,57,1
40.0,65,19.8,96,1
41.1,71,0.0,13,0
20.0,29,26.0,41,0
39.6,20,18.9,35,0
28.5,79,26.3,55,1
31.1,67,19.2,20,0
28.3,24,17.8,67,0
42.3,92,16.2,19,0
31.3,66,10.2,79,1
27.5,35,24.9,56,0
35.8,29,18.6,77,0
31.1,59,19.1,50,0
43.2,90,14.7,91,1
22.5,68,7.9,69,1
39.4,30,18.5,14,0
37.6,75,13.4,79,1
41.2,16,24.6,68,0
26.2,40,29.1,45,0
22.7,40,21.1,62,0
27.0,82,13.7,96,1
31.1,22,29.0,80,0
22.0,48,14.7,70,1
33.9,81,6.5,14,0
38.2,71,23.1,99,0
35.4,50,17.2,99,0
43.9,69,22.3,89,0
34.4,49,17.1,7,0
36.3,52,29.0,96,0
33.6,72,6.4,47,0
35.6,78,12.5,99,1
23.9,97,2.5,50,1
25.6,91,0.5,53,1
21.3,20,23.4,74,0
38.1,62,10.4,26,0
27.0,71,29.2,9,0
29.3,19,8.0,42,0
34.3,58,27.9,55,0
34.7,37,17.0,36,0
37.7,28,18.0,12,0
20.4,32,26.9,3,0
36.1,18,15.4,89,1
22.0,22,29.0,17,0
34.8,44,6.6,51,0
34.4,86,29.7,34,0
18.7,60,8.1,92,1
25.1,61,28.2,71,1
25.7,84,28.2,93,1
22.3,90,0.5,29,1
36.1,55,11.2,92,0
20.6,63,1.1,6,0
42.7,68,27.6,42,0
24.5,92,25.7,64,1
23.1,52,7.9,20,0
25.6,95,20.7,19,0
28.1,46,5.7,40,0
22.0,71,20.6,47,0
29.6,56,16.9,69,1
38.9,82,26.6,56,1
23.9,67,1.5,80,1
20.8,84,17.8,44,1
40.9,98,13.8,65,1
24.1,65,27.7,35,0
35.7,49,17.2,42,0
44.8,67,9.5,96,1
21.6,47,22.4,75,0
34.8,68,14.7,73,1
21.2,24,1.0,29,0
28.4,29,23.2,22,0
29.8,35,6.1,66,0
44.9,24,9.2,63,0
41.1,79,2.0,60,0
30.0,57,17.9,39,0
25.8,33,25.9,74,1
33.3,82,10.6,18,1
40.0,49,15.1,19,0
31.6,24,15.8,48,0
45.0,34,4.2,27,0
44.8,50,4.4,76,0
21.1,96,10.2,69,1
40.4,28,27.6,29,0
23.2,54,12.6,8,0
24.7,93,27.4,60,1
31.0,76,26.0,85,1
20.1,23,2.0,98,1
42.3,80,27.8,39,0
25.9,30,2.1,72,1
44.1,75,3.1,70,1
18.7,54,4.5,17,0
20.1,47,21.0,4,0
27.4,64,1.3,82,1
26.7,98,2.0,60,1
42.9,80,23.4,13,0
37.4,58,9.2,81,1
37.0,89,15.4,28,1
34.0,40,5.3,45,0
33.9,85,8.2,40,0
25.5,90,27.7,37,1
36.8,55,19.9,59,0
36.2,55,24.6,53,0
37.2,64,16.8,40,0
29.3,17,15.5,68,0
44.3,42,0.4,40,0
26.1,41,11.8,94,1
39.4,86,15.1,53,1
29.6,33,14.8,61,0
31.6,56,4.9,85,0
19.8,16,15.0,30,0
42.4,97,17.4,39,1
19.5,51,10.8,16,0
40.1,63,9.6,99,1
22.9,18,6.3,87,1
38.5,83,20.2,58,1
33.1,94,13.3,5,1
26.4,15,21.3,31,0
38.8,38,18.6,69,0
37.1,76,8.0,94,1
31.2,85,11.0,24,0
21.2,35,16.6,46,0
35.1,88,9.5,52,1
33.5,62,17.5,32,0
39.9,36,27.8,4,0
33.5,85,11.5,89,1
38.1,80,27.9,87,1
34.7,22,4.6,35,0
18.4,64,10.7,3,0
24.7,40,14.5,8,0
26.9,40,21.8,11,0
30.9,25,27.7,36,0
43.2,82,7.6,19,1
31.6,85,2.4,99,1
38.9,47,16.9,99,0
29.1,46,28.4,89,1
27.1,44,20.1,36,0
30.7,73,20.7,27,0
33.3,33,7.4,16,0
20.2,36,16.0,98,1
41.4,92,23.7,89,1
22.5,81,23.1,75,1
39.3,74,5.3,81,1
31.4,41,2.8,78,0
41.7,56,28.7,79,0
44.4,89,23.9,74,1
18.0,95,7.1,1,1
22.8,93,1.4,80,1
38.5,87,28.3,76,1
33.6,20,1.2,2,0
25.5,40,22.4,1,0
37.5,54,8.8,31,0
23.2,45,8.8,41,0
20.8,75,1.0,11,1
38.4,34,15.5,42,0
39.1,84,11.3,7,1
40.5,39,8.6,85,1
27.9,68,18.8,11,0
39.5,64,18.0,71,1
33.7,75,7.2,59,1
29.6,66,20.9,25,0
40.9,58,21.7,36,0
28.3,85,3.6,32,1
37.9,82,3.5,30,0
27.9,55,29.9,16,0
22.4,86,14.4,46,1
23.1,89,22.0,12,0
42.0,95,23.0,78,1
21.7,39,19.3,60,0
27.9,17,18.9,63,0
22.4,94,20.8,2,1
28.0,69,10.7,54,1
19.0,40,20.5,45,0
27.4,65,4.1,95,1
22.9,51,8.0,68,0
26.8,18,22.0,87,0
37.5,54,9.2,80,0
21.8,43,29.0,48,0
36.9,26,6.0,6,0
27.1,97,19.6,65,1
30.7,66,2.4,92,1
33.8,90,13.6,48,1
20.0,39,1.9,89,0
26.4,55,26.9,45,0
19.4,53,11.5,71,1
44.3,51,0.9,6,0
21.7,85,20.9,84,1
19.5,17,25.2,60,0
44.3,66,10.6,4,0
26.0,53,9.8,51,0
27.5,25,23.1,52,0
27.1,33,10.0,44,0
36.0,72,13.4,53,0
28.6,80,10.4,33,1
27.0,48,23.4,89,1
42.5,86,1.9,21,1
19.3,52,12.8,88,1
21.4,86,1.1,62,1
40.0,59,1.6,81,0
41.5,89,24.2,61,1
43.0,46,10.7,79,0
43.2,48,19.5,50,0
18.4,22,5.8,23,0
21.3,17,15.6,89,1
42.6,75,8.3,93,1
39.6,22,20.2,86,0
19.7,36,13.0,7,0
18.6,74,8.8,48,0
30.2,17,17.9,62,0
42.6,72,14.7,86,1
22.2,38,23.0,70,0
33.6,58,13.2,32,0
28.2,16,16.6,12,0
40.8,84,7.4,25,0
21.0,39,21.3,23,0
42.2,61,3.8,80,1
35.5,22,29.8,95,0
29.0,95,28.7,65,1
26.4,78,2.1,6,1
25.0,53,27.1,94,0
29.8,76,17.1,57,1
29.6,34,14.6,23,0
28.3,42,4.1,98,0
41.2,72,14.7,30,0
30.0,83,8.0,12,1
43.1,38,4.5,54,0
31.0,25,1.3,40,0
30.8,53,16.5,34,0
18.7,71,1.9,44,0
40.6,85,1.0,82,1
24.9,82,27.7,9,0
18.9,46,12.2,2,0
28.3,68,3.9,77,1
31.2,66,2.7,42,0
25.8,43,24.5,53,0
26.4,96,18.3,85,1
18.3,59,5.0,14,0
35.8,53,24.1,43,0
28.7,76,29.9,92,1
27.0,31,13.8,21,0
25.5,61,28.3,22,0
22.9,59,25.2,95,0
37.8,33,8.8,2,0
39.3,66,7.3,98,1
40.6,35,8.9,65,0
37.6,98,19.0,29,1
21.3,60,24.2,99,1
33.1,46,14.0,59,0
21.2,78,29.2,54,1
26.1,74,0.4,99,1
35.6,63,10.1,91,1
30.2,50,10.6,40,0
32.9,57,18.9,25,0
44.3,65,17.7,24,0
36.4,80,8.7,0,1
29.1,54,17.4,34,0
27.3,70,6.4,2,0
18.7,99,23.4,4,1
36.8,95,17.3,53,1
27.7,49,4.3,12,0
24.6,66,21.5,8,0
27.6,38,18.0,70,1
28.5,58,22.2,52,0
29.8,62,29.8,6,0
42.1,45,8.4,86,1
41.7,47,27.9,15,0
23.6,55,4.1,50,0
31.4,82,23.0,4,0
22.1,70,0.1,74,1
39.7,56,16.1,67,0
33.7,16,6.9,63,0
34.2,21,20.4,7,0
39.3,26,25.8,13,0
39.3,78,29.8,47,0
27.4,52,19.4,63,0
37.4,86,24.3,41,0
40.2,18,9.6,21,0
22.5,26,21.7,55,0
25.5,33,20.7,96,0
26.9,59,17.6,1,0
26.5,80,13.1,8,1
19.4,33,13.1,48,0
23.5,34,21.5,15,0
30.5,99,22.5,91,1
19.8,85,20.4,82,1
21.1,44,19.9,6,0
39.5,32,13.0,24,0
44.0,19,11.9,68,0
38.0,99,22.2,95,1
31.2,21,10.6,53,0
36.3,60,17.7,22,0
37.4,27,18.4,9,0
35.3,68,28.4,100,1
18.4,26,4.2,43,0
34.3,68,1.0,12,0
24.1,44,2.0,59,0
19.0,55,13.9,16,0
32.6,37,14.2,12,0
37.8,54,25.8,73,0
19.6,93,15.8,9,1
34.4,26,13.5,87,1
37.4,30,20.3,64,0
34.9,53,22.9,43,0
42.2,90,3.0,14,0
26.6,80,1.4,100,1
42.5,48,12.2,70,1
44.2,19,20.8,41,0
19.7,86,24.8,90,1
35.1,87,17.6,37,0
41.2,94,22.4,91,1
19.9,82,5.6,57,1
29.9,42,5.2,56,0
24.9,71,13.5,95,1
30.7,22,24.4,59,0
36.3,98,20.2,98,1
38.3,94,13.0,94,1
33.4,86,24.7,58,1
24.4,48,18.7,81,1
22.8,23,14.5,65,0
33.2,72,10.6,93,1
25.1,15,18.6,19,0
20.1,86,29.2,35,1
29.3,51,4.2,42,0
35.4,79,20.2,0,0
20.6,70,7.2,3,1
39.8,18,12.0,88,1
28.3,34,19.7,32,0
19.7,74,24.5,55,1
18.3,66,10.1,74,1
27.4,45,29.7,66,0
31.3,36,25.8,63,0
40.3,15,17.7,37,0
34.8,74,24.5,14,0
34.6,24,15.5,35,0
36.6,57,25.2,55,0
20.6,81,16.3,86,1
35.5,74,9.9,98,1
32.2,21,22.3,66,0
26.7,61,19.4,100,1
23.8,37,14.6,16,0
33.0,87,10.8,78,1
18.7,61,4.8,20,0
35.2,74,22.6,34,0
30.6,87,15.0,35,1
22.3,100,20.5,51,1
39.0,56,4.0,96,0
42.3,98,8.3,26,1
38.6,49,16.8,49,0
31.5,34,18.6,37,0
29.0,21,27.3,31,0
35.9,55,20.0,62,0
37.8,64,6.6,18,0
33.0,38,11.5,95,1
29.2,75,23.1,34,1
33.7,77,10.8,56,1
21.0,39,5.9,35,0
31.4,51,17.0,77,0
28.5,54,18.0,21,0
40.8,25,19.5,78,1
29.2,94,7.0,60,1
40.4,83,25.3,29,0
31.4,85,15.6,41,1
43.6,73,17.1,6,0
30.6,91,30.0,4,1
28.8,20,19.8,72,1
34.7,33,19.2,43,0
41.6,17,22.1,92,0
39.3,20,24.9,74,0
36.2,25,10.0,42,0
43.2,24,4.9,78,0
29.3,72,12.3,18,0
43.6,38,12.9,100,1
34.3,72,18.9,14,0
36.9,31,20.7,25,0
36.6,67,28.0,42,0
21.6,51,8.5,78,1
24.3,65,16.9,61,1
25.2,62,20.8,40,0
24.5,19,28.5,6,0
23.3,76,3.8,38,0
36.9,37,27.0,84,0
23.2,26,4.2,13,0
22.4,45,12.7,69,0
27.9,100,16.2,81,1
18.7,84,8.9,28,1
40.9,54,16.7,9,0
28.5,99,15.0,87,1
27.7,63,9.6,57,1
21.3,99,14.0,50,1
31.3,75,1.9,4,0
39.4,91,26.7,86,1
27.5,21,8.7,3,0
42.0,64,3.8,21,0
30.4,16,16.3,14,0
39.7,80,21.2,44,0
37.4,45,18.4,37,0
37.4,27,14.5,82,1
22.2,93,17.2,81,1
39.7,77,3.8,27,0
37.9,28,18.4,66,0
37.7,77,11.4,72,1
41.3,43,5.6,19,0
44.9,49,6.1,73,0
41.0,81,8.2,30,0
31.4,96,24.0,65,1
22.3,50,25.5,60,0
24.7,37,15.0,90,1
36.7,80,20.3,61,0
22.2,61,11.3,73,1
23.9,59,22.8,73,1
43.1,23,17.0,32,0
27.7,55,12.5,13,0
21.5,85,10.3,37,1
41.5,87,19.8,89,1
43.8,97,3.0,52,0
37.5,68,4.7,83,0
22.4,61,27.6,5,0
43.7,73,15.5,27,0
31.4,54,6.4,77,1
30.3,66,15.1,33,0
18.3,95,27.5,51,1
38.7,40,2.7,11,0
20.5,22,26.3,42,0
21.0,24,8.7,37,0
38.9,97,3.5,58,1
44.4,25,18.4,92,0
34.6,56,29.8,4,0
36.3,48,23.9,84,0
23.5,69,22.7,25,0
27.2,91,4.9,29,1
41.1,63,19.7,52,0
37.6,90,24.0,16,0
18.1,51,19.7,12,0
27.1,97,28.6,42,1
36.8,28,19.9,82,0
34.1,90,9.3,36,1
36.9,60,17.5,96,1
24.7,72,19.8,51,1
25.0,82,21.7,11,1
26.5,60,12.3,47,0
36.0,15,20.0,4,0
25.3,65,15.0,66,1
32.7,77,2.9,84,1
43.9,20,15.2,0,0
22.6,84,20.4,91,1
18.9,79,21.5,91,1
43.4,82,29.1,61,1
35.1,25,5.3,37,0
38.2,21,6.2,10,0
33.1,39,13.5,49,0
30.7,39,10.7,13,0
30.2,84,8.3,80,1
23.3,84,22.0,14,1
33.4,53,28.7,97,0
37.7,65,24.1,91,0
41.2,27,24.7,44,0
34.6,64,24.4,28,0
19.4,45,16.0,29,0
19.3,67,25.1,52,0
26.3,62,17.5,22,1
26.1,45,18.8,14,0
39.0,96,25.8,48,0
25.5,77,16.0,52,1
38.1,35,11.4,3,0
39.7,97,14.4,43,0
35.9,29,0.7,38,0
35.6,25,21.7,1,0
41.2,98,22.0,26,0
36.8,64,19.1,40,0
23.0,96,17.7,1,1
20.9,57,8.0,28,0
28.4,61,0.2,62,1
43.9,19,18.5,57,0
23.4,37,12.8,85,1
42.6,94,8.1,29,1
26.8,41,20.9,1,0
28.0,66,23.2,59,0
36.6,47,11.5,37,0
23.0,41,25.9,35,0
42.2,70,1.5,12,0
36.6,97,9.8,80,1
37.9,28,0.5,88,0
40.8,83,15.7,28,1
37.9,18,18.5,21,0
29.9,39,18.8,83,1
20.3,41,26.9,32,0
31.0,65,12.9,66,0
39.9,20,0.7,35,0
30.8,48,12.6,32,0
19.9,65,27.3,48,0
21.8,58,0.4,65,0
35.2,33,15.3,26,0
38.2,68,19.7,59,0
19.9,25,14.5,9,0
27.5,83,21.8,46,1
21.5,23,3.5,52,0
43.2,86,1.8,27,0
26.6,61,14.5,91,1
18.7,30,0.8,5,0
38.1,48,15.1,31,0
33.6,19,12.9,78,1
39.9,30,15.7,42,0
34.4,40,3.6,10,0
39.0,67,23.0,46,0
35.2,64,4.6,9,0
39.6,62,9.6,17,0
27.8,91,0.1,83,1
23.2,25,7.0,90,1
29.3,25,28.1,29,0
39.3,41,13.8,19,0
41.2,93,10.9,9,1
39.2,85,22.4,19,0
42.8,30,23.1,99,0
41.4,87,21.9,21,0
43.5,86,12.0,36,0
36.1,81,24.1,41,0
35.1,50,16.1,45,0
29.5,87,26.1,77,1
23.3,80,9.7,91,1
42.5,50,20.1,100,0
41.4,45,1.0,51,0
31.0,36,28.9,45,0
44.3,28,14.1,99,0
44.0,37,18.1,24,0
27.0,18,6.6,21,0
43.6,16,13.0,79,1
32.4,19,0.2,99,0
18.0,27,28.5,84,0
27.3,40,10.8,94,1
29.9,84,23.6,98,1
19.1,17,28.3,39,0
29.8,64,13.9,9,0
19.9,41,27.9,93,0
18.6,97,26.1,79,1
24.7,53,27.3,40,0
21.7,47,21.4,69,0
43.9,84,13.7,8,1
44.4,53,10.9,3,0
26.4,81,17.8,73,1
40.5,94,28.3,2,0
35.9,78,3.8,39,0
21.1,38,4.4,61,0
42.9,70,21.8,10,0
21.0,21,28.3,60,0
29.4,22,13.6,60,0
35.8,22,5.3,69,0
22.2,23,23.3,13,0
27.5,39,5.5,59,0
25.7,80,8.7,13,1
30.2,50,0.2,57,0
41.7,78,12.4,8,1
35.8,62,28.0,30,0
31.1,88,4.6,95,1
43.8,98,9.0,67,1
36.2,87,25.9,63,1
35.7,97,2.1,99,1
44.6,59,3.8,50,0
22.0,62,2.4,88,1
41.8,65,15.3,91,1
41.1,75,16.1,15,0
31.1,54,19.5,24,0
29.0,43,4.6,15,0
33.3,100,10.7,50,1
29.0,66,0.1,64,1
20.6,56,29.1,97,1
22.4,37,13.9,29,0
31.3,29,29.6,84,0
36.5,42,13.5,81,0
20.1,31,23.6,46,0
37.0,62,0.2,57,0
30.4,93,2.2,59,1
39.6,100,23.3,18,0
25.2,89,16.2,21,1
24.6,90,25.5,38,1
33.8,32,17.8,76,0
37.7,18,24.3,27,0
28.5,93,25.2,98,1
38.0,78,21.3,95,1
19.4,78,2.6,69,1
42.5,38,23.1,21,0
27.8,47,23.2,67,0
22.1,69,1.0,95,1
29.7,69,29.6,92,1
20.5,69,18.6,92,1
18.3,43,1.8,77,1
43.8,95,17.2,26,1
32.4,26,11.6,53,0
41.2,85,16.9,0,0
20.2,54,9.2,92,1
21.0,66,7.4,45,0
24.9,64,2.5,77,1
38.8,70,19.4,6,0
27.2,92,4.0,63,1
44.5,86,24.3,55,1
40.0,66,6.1,52,0
29.8,67,13.0,70,1
41.3,48,11.5,47,0
39.5,83,18.7,84,1
37.1,37,18.0,8,0
43.5,42,7.2,14,0
37.0,71,17.4,99,1
26.4,60,12.3,98,1
26.7,60,21.2,100,1
34.6,44,13.4,12,0
32.3,18,1.1,95,0
24.9,76,28.9,48,1
36.0,80,22.6,76,1
27.2,60,18.2,25,0
32.4,66,22.7,55,0
43.6,95,10.6,17,1
40.0,49,12.4,74,0
44.3,99,26.0,23,0
34.7,84,22.2,30,0
41.8,77,10.1,18,1
34.4,98,6.1,0,1
27.6,69,17.8,20,0
31.2,34,18.8,50,0
40.3,59,0.6,82,0
23.9,66,3.8,66,1
41.2,77,0.4,70,1
22.9,50,7.0,68,0
28.1,91,11.0,14,1
23.1,19,29.4,16,0
34.2,61,25.3,84,1
26.4,35,21.2,91,0
20.3,25,13.1,46,0
29.9,40,10.7,62,0
36.7,46,25.6,7,0
31.5,93,24.8,20,1
37.2,74,22.7,88,0
22.6,46,26.3,91,0
19.9,76,12.8,55,1
33.9,26,25.4,63,0
35.2,36,16.1,24,0
22.1,59,13.0,20,0
23.1,39,12.3,99,1
34.0,27,10.7,47,0
39.9,48,29.7,81,0
30.4,87,29.0,34,1
41.9,98,2.4,86,1
19.0,96,12.9,82,1
26.3,91,14.3,6,1
30.5,26,3.3,42,0
43.5,27,25.3,18,0
25.0,96,18.0,47,1
26.3,21,1.7,98,0
30.7,100,29.4,16,0
22.6,55,29.1,38,0
23.6,85,4.9,61,1
18.7,35,8.0,12,0
43.4,46,24.5,77,0
22.4,85,25.5,35,1
34.0,30,11.2,16,0
33.3,61,29.9,3,0
34.5,65,22.8,3,0
42.2,98,10.5,87,1
26.9,63,18.1,31,1
38.6,70,24.5,15,0
18.8,29,27.0,82,1
41.7,39,26.6,31,0
30.5,34,29.5,52,0
18.3,73,23.9,37,0
22.2,37,27.2,1,0
34.0,70,22.5,56,0
42.0,48,29.4,80,0
34.3,60,27.0,70,1
22.1,23,3.0,4,0
21.4,53,8.6,58,0
25.7,86,17.2,100,1
36.6,84,27.9,85,1
34.9,57,23.9,32,0
20.3,98,26.7,41,1
43.4,81,7.9,76,1
24.2,90,14.4,65,1
40.8,95,19.6,66,1
28.4,92,16.2,6,1
45.0,46,11.3,59,0
36.8,42,1.6,14,0
36.3,55,4.1,86,0
29.0,47,6.7,17,0
42.6,51,16.8,38,0
35.6,33,22.7,24,0
18.2,46,20.2,95,0
24.8,78,9.9,92,1
20.4,95,4.2,46,1
34.7,60,22.5,93,1
24.4,58,3.2,1,0
28.8,62,7.9,43,0
18.8,36,21.6,9,0
28.6,94,13.3,63,1
19.0,34,3.1,25,0
42.1,62,26.7,69,0
44.7,27,29.2,45,0
19.1,94,1.0,33,0
27.9,72,25.7,96,1
44.1,29,10.9,73,0
40.6,26,5.6,100,1
42.4,32,18.8,98,0
32.1,17,9.3,11,0
41.7,21,2.6,46,0
38.9,65,23.7,5,0
43.5,62,26.5,14,0
38.3,18,0.2,30,0
22.8,31,23.0,16,0
32.8,70,5.4,76,1
37.4,21,12.4,81,1
21.4,23,11.0,54,0
22.9,80,13.6,63,1
35.6,38,29.3,83,0
34.7,45,19.0,73,1
33.7,23,6.1,38,0
32.0,57,14.3,14,0
43.2,72,8.2,21,0
23.4,90,24.4,75,1
36.1,64,18.4,8,0
29.6,74,17.6,4,0
32.9,35,20.2,76,0
29.0,67,13.8,75,1
34.0,66,26.4,77,1
28.1,90,0.1,31,1
30.4,99,18.2,32,1
26.7,47,27.4,28,0
35.0,61,3.8,24,0
18.6,26,7.1,48,0
34.4,67,24.2,62,0
39.9,73,24.5,96,1
31.3,57,1.1,99,0
38.8,45,16.5,28,0
32.9,55,27.2,11,0
25.1,29,25.7,1,0
25.1,79,26.3,31,1
22.9,70,16.8,55,1
43.0,68,11.6,21,0
34.6,43,17.1,41,0
38.6,98,25.6,89,1
24.9,45,2.0,29,0
22.6,90,20.2,30,0
43.0,47,17.0,35,0
26.5,90,14.8,27,1
44.2,63,0.3,74,1
19.8,64,14.5,28,1
34.9,96,14.5,62,1
26.0,56,17.7,95,1
23.9,38,7.2,90,1
33.6,100,23.7,13,0
40.9,43,19.3,75,0
21.8,30,20.7,53,0
33.2,42,16.1,63,0
23.5,87,11.8,1,1
40.4,80,2.8,80,1
41.6,94,20.3,39,0
43.4,23,7.8,79,0
19.1,22,11.5,0,0
39.7,98,22.4,30,0
35.0,77,26.3,1,0
32.7,94,16.0,40,0
37.2,17,7.0,61,0
31.0,71,18.6,20,0
20.8,58,0.2,26,0
27.5,85,26.4,31,0
37.4,66,10.9,55,0
23.9,60,16.8,59,1
37.9,81,8.0,15,1
29.8,43,2.2,24,0
22.9,59,18.0,22,0
27.0,59,21.4,95,1
19.8,85,10.6,48,1
19.0,95,15.7,42,1
19.7,61,22.6,47,0
39.0,99,24.0,84,1
31.6,93,8.6,24,1
35.6,60,27.6,85,1
35.2,55,11.0,41,0
19.9,74,10.0,59,1
36.3,25,29.0,74,0
42.8,92,2.0,98,1
33.9,96,4.2,9,0
22.8,85,0.3,14,1
40.1,86,18.2,87,1
37.6,38,15.6,41,0
18.3,52,19.2,57,0
30.3,17,17.7,85,0
22.5,45,24.1,81,0
27.8,46,26.8,81,0
26.3,100,10.6,80,1
43.7,54,11.7,85,1
35.6,52,18.1,22,0
20.8,93,18.8,91,1
44.3,17,6.3,60,0
36.5,87,6.3,68,1
24.8,32,27.6,25,0
24.5,46,4.7,24,0
31.5,82,11.0,54,1
34.1,89,4.4,46,1
30.9,96,3.6,39,0
35.7,50,2.4,59,0
29.8,58,8.8,59,0
36.8,87,20.0,43,1
42.1,29,11.7,69,0
44.4,99,24.5,98,1
38.5,42,12.7,19,0
27.9,85,18.9,13,1
42.5,15,20.1,83,0
32.3,43,0.4,52,0
42.0,24,22.2,21,0
44.9,95,16.6,44,0
36.0,36,24.1,34,0
21.7,59,1.9,13,0
42.0,24,1.0,73,0
22.9,44,27.0,81,0
29.1,49,0.1,50,0
30.0,29,23.3,92,1
22.7,29,7.9,43,0
34.1,49,18.6,93,1
23.9,61,8.3,36,0
28.6,45,24.7,27,0
25.0,63,8.6,82,1
37.7,48,10.0,65,0
30.3,85,18.2,26,1
39.1,78,11.6,19,1
39.8,59,4.1,70,0
44.4,92,19.2,42,1
37.1,23,10.6,47,0
40.4,31,2.0,36,0
28.9,66,3.8,44,0
27.1,92,16.3,56,1
25.7,63,15.8,87,1
36.8,71,13.9,29,0
21.8,24,3.0,58,0
40.7,54,8.3,6,0
40.2,20,16.2,78,0
21.0,39,9.8,16,0
31.4,60,11.7,30,0
40.9,27,29.3,49,0
33.0,88,14.9,4,1
26.8,28,24.7,23,0
41.8,75,28.7,60,0
32.0,16,22.0,10,0
28.8,31,28.7,32,0
29.0,21,23.6,70,0
19.9,21,19.0,97,1
26.9,27,24.0,38,0
36.0,44,7.8,5,0
41.9,87,4.2,65,0
43.8,88,4.8,12,0
36.8,44,19.5,87,1
37.7,75,22.7,3,0
43.1,38,15.4,22,0
18.9,32,8.8,84,1
28.5,31,4.9,26,0
33.2,28,5.2,6,0
34.1,42,26.4,57,0
38.0,84,1.7,41,0
44.3,73,3.9,43,0
40.4,15,9.5,74,0
44.6,63,19.5,89,1
21.9,39,25.6,77,1
42.7,97,17.3,20,1
20.0,19,29.6,28,0
27.7,94,15.0,91,1
37.0,64,16.5,90,1
39.6,76,23.2,50,1
37.6,54,20.3,64,0
18.1,46,6.1,13,0
44.6,49,13.9,12,0
20.7,85,26.2,59,1
44.9,35,26.4,50,0
43.5,69,9.6,88,1
25.6,49,19.0,90,1
24.3,80,23.9,68,1
27.8,38,4.1,51,0
38.6,53,2.3,57,0
30.9,48,20.9,86,0
39.5,22,18.7,41,0
25.5,90,14.0,47,1
40.9,18,26.2,56,0
33.9,36,23.3,100,0
35.9,57,16.7,1,0
20.1,100,26.9,73,1
28.1,31,18.8,15,0
25.5,62,3.6,11,0
37.4,53,15.5,97,0
31.2,86,21.1,60,1
30.0,30,11.6,71,1
40.2,83,17.9,43,1
28.1,82,3.8,23,1
22.5,19,28.5,42,0
21.6,69,13.9,13,0
40.1,87,6.0,90,1
27.0,19,29.7,90,1
36.4,86,10.1,23,0
44.7,97,25.9,72,1
41.8,63,20.4,63,0
27.1,58,13.9,54,0
41.3,95,4.2,90,1
22.5,38,1.1,22,0
23.9,78,7.5,53,1
19.0,53,15.6,78,1
37.9,21,23.7,64,0
38.4,80,19.7,6,1
43.2,16,12.5,28,0
19.3,96,20.1,89,1
20.0,97,7.2,86,1
32.7,83,28.0,41,1
21.5,64,19.5,68,1
24.4,62,0.8,29,0
35.2,40,6.1,35,0
34.8,87,12.3,20,1
19.5,25,20.1,49,0
28.9,40,6.4,62,0
19.3,97,13.2,60,1
40.3,48,7.7,5,0
34.7,85,27.7,58,1
39.9,93,10.8,46,0
28.1,85,24.2,67,1
22.0,99,19.0,54,1
25.6,19,1.7,58,0
19.4,91,9.3,59,1
18.9,39,29.0,7,0
33.7,81,24.4,42,1
28.4,46,23.5,72,1
43.5,79,8.3,77,1
24.6,48,14.2,62,0
22.0,100,26.9,57,1
22.7,60,26.3,64,0
26.5,20,15.2,5,0
31.1,70,29.9,23,0
24.8,92,4.2,32,1
36.9,84,4.3,88,1
33.2,77,0.1,23,0
32.9,88,7.2,56,1
42.8,27,20.7,33,0
40.2,29,27.0,63,0
18.1,46,28.7,61,0
20.6,47,15.5,80,1
39.7,25,0.7,78,0
30.7,52,2.9,72,0
27.8,43,1.1,51,0
27.0,60,20.3,78,1
43.9,68,11.8,77,1
18.8,36,3.1,100,0
21.9,23,3.0,66,0
39.5,82,28.5,19,0
35.3,61,16.5,58,0
43.9,49,21.2,99,0
39.4,18,5.8,11,0
26.3,54,7.7,5,0
20.7,58,20.9,73,0
37.6,36,7.1,78,0
21.6,19,19.9,5,0
27.9,63,11.9,85,1
29.1,90,14.6,96,1
44.0,57,0.2,44,0
37.7,68,29.7,85,1
37.9,22,22.5,0,0
32.7,38,27.3,74,0
25.5,98,14.9,41,1
39.2,79,5.4,53,1
26.5,44,3.9,43,0
25.1,74,7.6,59,1
33.8,93,13.6,34,0
27.5,87,23.0,9,1
30.8,83,4.2,15,1
34.0,90,2.2,30,1
38.6,77,8.0,58,1
42.9,69,10.9,29,0
18.1,57,18.1,94,1
19.8,57,10.9,56,0
29.0,78,25.8,66,1
38.7,83,26.8,0,0
20.7,100,15.8,90,1
18.5,72,24.3,59,0
40.3,88,14.1,88,1
34.8,65,4.7,38,0
35.9,100,20.8,89,1
40.9,92,26.6,69,1
29.6,26,29.1,9,0
24.3,33,11.4,21,0
43.9,70,29.6,33,0
24.2,94,23.1,87,1
42.2,90,23.5,35,0
38.9,82,0.2,43,0
27.0,30,9.9,42,0
44.8,43,15.4,91,0
19.9,61,9.8,83,1
32.8,74,26.9,54,0
42.7,50,29.3,45,0
34.6,18,4.8,59,0
40.1,51,19.2,44,0
21.8,58,17.6,19,0
37.6,46,27.8,79,0
20.3,57,20.8,25,0
38.5,56,2.8,0,0
29.2,78,14.8,53,1
35.7,22,0.6,43,0
39.0,33,13.0,33,0
31.2,80,12.4,92,1
33.3,53,12.8,79,1
25.7,68,23.4,0,0
26.6,60,16.3,47,0
29.4,18,1.2,75,0
29.8,94,17.0,85,1
36.9,60,13.3,83,1
22.3,88,10.8,24,1
25.0,25,12.4,68,0
23.3,84,4.4,5,1
22.7,47,3.6,55,0
31.5,97,10.9,68,1
43.6,72,13.1,96,1
38.7,35,24.7,30,0
23.7,77,4.7,92,1
24.4,23,0.2,57,0
20.2,45,18.2,7,0
24.6,47,27.4,87,0
40.6,47,27.7,88,0
29.8,22,5.6,80,1
31.6,34,7.7,20,0
24.2,67,28.3,97,1
34.7,100,19.3,6,1
42.4,60,10.0,90,1
35.1,95,18.7,39,1
36.0,70,17.9,73,1
18.1,69,15.9,19,0
29.7,81,0.4,68,1
41.9,51,29.9,91,0
40.4,24,0.1,52,0
32.8,35,4.4,74,0
23.1,41,13.0,62,0
40.4,97,23.3,49,0
21.0,38,23.2,47,0
28.9,83,21.3,32,1
30.2,99,28.9,38,0
45.0,36,2.8,25,0
31.0,76,0.8,64,1
24.7,63,11.9,48,0
35.3,90,28.5,64,1
37.5,21,23.5,32,0
39.8,16,12.4,68,0
24.5,20,6.6,5,0
42.2,47,20.5,43,0
34.8,80,4.1,32,0
38.5,66,13.6,63,0
35.3,89,13.8,34,0
33.1,59,5.6,80,0
23.7,92,26.1,65,1
18.1,91,16.4,12,1
42.2,93,28.5,78,1
40.9,31,15.7,97,1
43.9,93,21.9,44,0
20.2,78,5.4,31,1
24.1,77,20.7,2,1
24.8,54,9.5,20,0
39.3,96,21.2,67,1
36.4,86,27.8,95,1
35.5,90,16.1,89,1
37.5,50,6.0,68,0
38.6,60,5.1,7,0
18.6,56,17.6,77,1
43.1,84,24.3,92,1
37.5,28,11.1,17,0
42.6,68,3.1,73,1
43.1,91,2.2,91,1
26.8,30,29.9,70,0
36.0,79,10.5,85,1
18.9,59,21.9,100,1
24.9,31,16.3,98,1
38.6,18,23.3,27,0
25.9,57,15.4,64,1
34.0,88,1.0,90,1
33.1,69,21.7,62,0
30.7,76,19.4,50,1
24.5,24,14.7,44,0
21.5,98,14.6,56,1
23.6,69,3.4,82,1
31.8,34,22.5,26,0
18.6,32,8.3,20,0
40.5,99,16.3,29,1
19.9,30,9.6,75,1
25.0,89,10.1,77,1
26.2,77,23.1,52,1
31.7,20,2.0,35,0
23.5,16,1.7,81,1
21.1,36,12.4,54,0
43.2,67,16.5,5,0
27.9,28,1.7,21,0
40.3,73,28.1,58,0
34.6,95,23.2,35,0
22.2,31,12.8,16,0
38.3,55,4.2,53,0
23.3,21,11.4,47,0
37.2,95,29.0,32,0
22.7,41,25.6,15,0
42.5,27,11.7,55,0
38.6,88,11.2,85,1
25.0,77,24.5,74,1
35.5,34,10.6,84,0
28.0,44,4.0,36,0
43.5,46,5.6,74,0
27.9,60,2.3,24,0
18.2,83,8.6,62,1
21.7,67,3.8,98,1
20.1,20,28.2,84,1
35.2,70,11.3,14,0
20.0,96,24.5,83,1
33.3,74,12.5,27,0
23.8,17,21.6,94,1
33.4,20,29.4,69,0
30.3,78,13.5,58,1
42.9,16,18.6,14,0
41.7,30,12.2,9,0
35.9,35,22.8,49,0
34.8,97,10.5,49,1
26.3,95,17.2,4,1
23.1,84,24.9,55,1
24.5,31,20.0,8,0
25.8,84,11.3,72,1
41.1,52,26.5,72,0
36.4,59,15.6,54,0
28.2,72,18.7,37,1
41.7,57,10.9,58,0
35.9,60,10.0,88,1
20.9,24,24.6,73,1
21.3,35,24.1,81,0
43.4,85,11.1,45,0
19.0,55,8.6,76,1
38.3,96,22.0,28,0
21.3,51,27.5,54,0
34.3,71,11.9,50,0
41.1,37,10.4,24,0
42.6,83,11.8,53,1
33.6,25,1.6,10,0
38.5,86,6.5,90,1
32.5,82,3.5,90,1
21.5,45,8.2,55,0
34.8,67,9.7,68,1
32.2,21,7.7,56,0
28.2,89,2.6,90,1
41.6,19,28.1,15,0
37.4,97,15.3,89,1
32.0,77,13.7,74,1
23.0,91,11.9,2,1
32.8,58,15.8,82,1
41.0,24,23.5,86,0
43.0,58,22.8,48,0
37.1,92,6.1,96,1
32.0,100,28.2,67,1
30.8,65,1.0,72,1
42.9,83,28.6,98,1
35.9,71,28.2,99,1
38.7,62,17.0,87,1
28.4,46,7.4,30,0
41.6,35,15.1,1,0
18.6,22,9.8,23,0
30.7,24,8.0,67,0
20.0,75,16.3,22,1
33.0,52,1.5,53,0
20.5,91,6.5,28,1
33.5,30,28.0,9,0
23.1,67,6.2,82,1
31.8,87,4.7,18,0
20.9,53,22.5,57,0
35.0,41,5.1,85,1
30.3,19,8.7,2,0
21.5,88,29.5,4,1
30.8,82,22.7,71,1
26.6,39,6.8,49,0
36.1,19,9.2,57,0
39.2,79,0.2,85,1
23.9,68,22.3,85,1
21.6,99,20.6,77,1
24.7,53,29.0,49,0
30.4,62,23.4,1,0
41.1,46,9.5,91,0
43.1,73,6.5,57,0
43.3,50,13.1,15,0
19.1,21,6.3,7,0
24.8,67,13.9,78,1
19.5,37,15.9,4,0
23.2,47,9.8,98,1
21.0,51,29.6,97,1
29.6,74,24.8,55,0
20.2,62,23.5,29,0
36.8,22,12.3,84,0
25.0,61,1.6,6,0
40.8,24,7.1,3,0
28.7,93,3.7,75,1
44.1,64,0.1,8,0
28.4,75,6.6,87,1
20.4,67,20.0,97,1
24.7,99,4.9,46,1
23.6,62,10.8,18,1
26.2,57,28.7,70,0
19.4,78,5.7,31,1
30.5,97,13.1,31,1
40.9,53,15.7,14,0
20.9,16,7.2,43,0
18.5,42,17.7,89,1
22.8,61,21.6,2,0
26.6,67,15.1,20,0
27.0,30,21.3,72,1
27.2,91,18.7,96,1
23.9,74,14.4,14,0
25.0,100,14.0,9,1
40.4,31,28.9,4,0
24.6,56,7.5,83,1
36.3,50,23.4,64,0
26.1,36,0.7,88,1
18.8,48,5.3,8,0
24.9,81,4.5,46,0
26.0,19,21.6,95,1
39.4,80,7.5,30,1
18.6,85,4.3,30,1
24.7,43,3.5,7,0
38.3,78,22.1,11,0
44.7,54,4.4,37,0
41.9,42,5.3,93,0
28.4,53,17.6,17,0
23.5,49,18.5,28,0
30.8,38,16.5,81,1
37.6,82,24.4,75,1
30.7,36,10.4,81,1
44.6,96,8.9,22,1
28.5,34,8.1,11,0
43.0,34,3.7,0,0
41.0,28,18.8,45,0
35.0,15,15.2,23,0
24.0,82,29.0,3,1
20.4,68,7.3,18,0
33.6,17,24.5,19,0
20.9,19,15.2,52,0
38.2,67,7.1,1,0
32.3,37,14.0,37,0
44.6,25,3.5,20,0
22.0,77,3.0,6,1
26.0,31,15.6,25,0
40.6,80,0.8,57,1
30.0,47,13.6,73,1
22.3,28,12.9,56,0
20.8,68,17.6,10,0
35.7,66,20.1,92,1
23.1,74,27.6,82,1
19.8,32,8.0,17,0
34.1,30,18.5,30,0
42.6,77,27.5,38,0
30.6,20,26.3,80,0
22.5,86,26.9,62,1
26.4,53,13.5,6,0
32.1,20,17.0,22,0
24.5,75,16.2,9,1
35.2,66,0.1,99,1
33.5,17,27.5,65,0
34.4,48,22.4,9,0
32.3,65,24.0,19,0
37.6,20,6.9,64,0
33.6,48,18.7,9,0
44.8,41,24.7,2,0
44.8,100,25.3,71,1
21.5,77,20.7,5,1
36.2,22,8.2,12,0
21.9,31,29.2,83,1
19.9,94,25.1,74,1
23.7,52,23.2,33,0
39.4,69,0.1,100,1
26.6,75,16.1,97,1
31.6,26,19.4,71,0
31.4,62,7.0,51,0
24.9,24,12.0,75,1
27.5,41,2.7,86,1
44.6,82,10.3,13,0
36.8,26,22.4,36,0
33.3,93,22.5,23,1
23.2,71,10.6,41,0
42.5,35,16.2,8,0
22.5,98,18.9,66,1
32.6,81,25.7,13,1
32.6,46,21.4,27,0
33.5,88,29.7,61,1
23.9,76,22.8,29,1
35.7,70,17.6,85,1
24.0,83,20.5,48,0
38.7,51,17.7,35,0
31.8,65,8.4,32,0
19.9,80,1.4,17,0
33.2,85,8.2,78,1
30.9,87,8.6,97,1
44.3,94,10.4,91,1
23.9,37,20.9,80,1
23.4,30,20.4,47,0
37.4,45,0.1,82,0
42.7,42,2.2,51,0
18.1,54,0.7,59,0
40.5,99,20.4,35,0
20.0,45,9.6,26,0
43.4,52,10.4,38,0
35.2,24,22.7,36,0
43.1,93,28.6,33,0
29.8,97,23.4,22,0
35.7,30,29.2,15,0
25.5,74,14.5,60,1
44.5,61,14.3,70,1
40.3,39,6.6,47,0
31.8,99,21.6,54,1
23.9,75,1.0,9,0
36.1,16,5.4,27,0
37.5,67,10.9,46,0
41.5,37,24.8,10,0
22.8,58,10.9,95,1
34.3,73,17.2,37,0
43.3,26,25.2,75,0
20.3,41,2.3,80,1
43.9,95,25.7,14,0
20.9,33,6.6,47,0
42.7,77,9.6,1,1
44.4,22,7.6,96,1
40.0,83,15.3,49,0
45.0,36,15.8,25,0
32.8,28,23.3,41,0
36.8,24,3.8,70,0
38.7,80,16.1,72,1
23.3,19,11.2,88,1
38.9,45,21.2,77,0
29.0,60,0.1,69,1
19.7,86,7.7,84,1
41.1,86,10.8,70,1
28.8,81,20.2,9,1
31.7,16,14.8,61,0
28.9,97,21.6,82,1
29.2,70,18.9,81,1
36.0,15,11.6,25,0
37.9,23,4.7,32,0
28.8,87,29.4,70,1
26.6,57,25.8,6,0
41.3,27,8.5,19,0
40.0,97,9.5,79,1
39.4,100,7.2,6,0
24.0,62,10.2,47,1
31.5,100,9.4,95,1
32.0,84,26.0,38,0
30.3,18,14.4,39,0
31.4,17,11.9,19,0
39.8,68,17.1,22,0
39.5,52,24.7,47,0
39.3,79,23.3,36,0
42.7,64,0.9,44,0
40.2,16,18.9,73,0
36.9,23,24.1,67,0
36.2,31,17.6,85,0
34.4,38,5.6,83,1
31.4,84,4.6,6,0
30.8,77,10.1,10,1
41.5,65,20.9,84,0
37.3,82,2.2,85,1
30.3,73,29.7,24,0
42.9,35,12.8,1,0
23.7,59,9.0,8,0
24.3,70,7.5,54,1
38.4,39,11.0,26,0
27.8,67,13.0,54,1
21.6,45,20.7,41,0
27.3,70,25.2,89,1
41.2,63,21.9,24,0
23.3,85,14.5,9,1
36.9,49,11.2,83,0
43.1,66,10.9,4,0
30.4,81,20.2,53,1
24.4,39,14.7,63,0
22.6,100,22.5,54,1
31.9,62,17.1,51,0
39.0,39,16.5,6,0
22.2,57,12.0,23,0
21.9,72,4.2,44,0
36.7,89,19.7,17,0
39.8,79,27.1,37,0
39.3,81,29.1,62,1
35.8,58,17.2,7,0
19.8,57,3.9,49,0
30.6,37,11.3,0,0
43.1,77,29.2,59,0
19.0,22,19.5,15,0
37.5,40,9.2,81,1
43.3,66,21.1,2,0
29.2,89,27.9,74,1
27.0,78,10.5,53,1
33.0,77,11.7,4,1
23.6,72,0.7,52,1
42.4,31,15.5,54,0
30.1,79,1.9,68,1
37.9,23,4.0,75,0
19.8,19,16.7,65,0
37.5,90,15.7,48,0
18.5,31,20.6,40,0
24.0,19,2.6,63,0
18.6,89,17.6,75,1
20.2,100,2.0,80,1
28.7,55,15.4,45,0
31.5,24,14.5,78,1
26.9,68,11.9,0,0
19.1,58,20.7,57,0
30.7,33,12.9,14,0
22.6,83,23.5,46,0
26.5,76,26.4,78,1
18.2,30,21.9,23,0
33.9,77,0.0,57,1
30.2,50,21.6,83,0
20.4,47,4.3,37,0
29.0,38,25.7,79,0
32.0,87,21.5,87,1
24.8,94,16.7,30,1
23.1,28,3.4,68,0
19.5,36,4.3,36,0
37.3,74,25.7,67,0
21.3,30,17.7,11,0
30.0,17,12.2,72,1
26.8,92,12.3,64,1
20.0,95,9.3,64,1
36.8,70,27.8,3,0
24.2,47,2.9,79,1
37.2,76,20.7,31,0
21.4,97,26.8,64,1
28.4,98,24.1,98,1
37.4,85,13.1,19,1
44.0,17,25.7,5,0
41.1,17,12.7,67,0
31.7,35,12.7,66,0
32.7,53,8.5,14,0
20.1,58,25.0,50,0
38.5,92,7.7,71,1
37.0,34,22.2,60,0
39.3,29,2.4,48,0
32.9,85,1.6,54,1
33.4,79,7.7,61,1
18.3,70,5.4,17,0
19.0,41,28.5,25,0
23.6,83,16.8,95,1
40.5,24,19.7,16,0
40.1,77,7.4,93,1
19.7,67,8.9,46,1
23.4,15,1.6,72,0
29.5,22,26.5,51,0
43.5,45,11.9,31,0
42.0,34,4.3,27,0
37.3,85,19.1,32,1
36.6,18,14.4,70,0
43.3,38,21.5,39,0
37.7,66,28.0,10,0
44.5,85,8.1,33,1
25.6,37,13.5,96,1
18.7,94,15.9,2,1
39.2,35,19.2,35,0
21.6,22,7.3,73,1
19.8,99,28.5,92,1
27.7,62,19.0,24,0
24.5,85,28.0,11,1
19.3,62,16.1,17,0
21.2,88,26.0,91,1
32.1,37,26.7,93,0
22.0,17,27.9,31,0
30.9,77,21.4,36,0
38.9,26,29.3,9,0
27.8,58,6.4,69,0
32.6,93,23.6,11,0
37.2,60,7.0,63,0
23.3,50,4.8,89,1
27.5,63,11.0,28,0
33.3,35,5.4,8,0
21.1,39,21.8,37,0
42.9,34,7.5,72,0
28.1,58,2.2,5,0
44.4,44,5.4,11,0
20.6,95,14.7,55,1
29.9,49,24.9,24,0
19.0,52,20.5,14,0
42.8,39,19.8,95,0
36.0,83,19.7,43,0
41.7,83,9.8,67,1
27.5,68,20.5,74,1
39.4,63,21.1,35,0
37.3,58,9.0,49,0
31.0,26,15.3,22,0
39.0,40,28.8,24,0
18.7,94,13.7,32,1
41.2,37,11.3,72,0
43.8,30,28.8,100,0
43.8,100,11.0,68,1
24.5,72,19.8,32,0
33.1,69,6.5,84,1
28.7,30,11.0,3,0
30.8,41,16.0,61,0
28.0,62,16.5,96,1
29.8,77,27.9,36,1
24.2,26,28.8,47,0
33.3,96,16.8,100,1
42.9,74,29.4,92,1
19.5,30,0.5,53,0
20.7,39,12.3,3,0
19.0,79,6.8,44,1
44.8,67,19.4,73,1
19.9,21,21.2,17,0
26.3,56,20.5,57,0
22.9,54,20.8,99,0
33.6,41,20.9,78,0
21.0,100,22.0,55,1
38.9,81,2.6,48,0
39.3,54,13.3,47,0
43.3,45,3.9,90,0
26.1,74,23.3,98,1
42.8,34,4.6,10,0
40.1,53,5.5,15,0
23.3,45,14.7,13,0
29.8,89,28.3,30,1
23.9,76,26.1,16,0
22.3,82,2.1,93,1
30.0,80,22.1,64,1
22.3,99,18.6,59,1
20.5,85,23.1,80,1
35.2,29,24.5,20,0
41.6,86,24.4,61,1
21.8,98,30.0,56,1
26.5,68,3.3,10,0
43.4,64,25.2,92,1
35.8,92,18.4,2,0
44.6,53,6.9,20,0
24.2,56,23.2,6,0
39.3,44,27.7,92,0
44.4,64,27.0,36,0
30.1,91,8.7,67,1
39.4,37,11.0,40,0
35.9,81,7.0,47,0
27.2,55,23.2,31,0
40.7,52,17.7,16,0
25.5,92,22.8,53,1
40.1,37,7.4,16,0
30.0,41,20.4,82,0
23.9,36,29.5,11,0
29.4,58,4.5,24,0
39.7,68,24.2,68,0
18.2,44,11.5,42,0
29.4,95,4.1,55,1
24.3,52,8.6,88,1
38.3,71,6.6,9,0
44.4,42,15.3,90,1
42.9,72,2.0,94,1
38.3,46,3.7,3,0
41.8,83,19.9,75,1
31.6,86,23.6,78,1
35.6,67,14.2,78,1
38.0,65,19.8,61,0
33.7,50,24.0,43,0
20.8,19,2.2,2,0
28.6,35,23.6,91,0
25.1,83,12.6,30,1
42.6,52,5.4,98,0
32.2,23,13.4,50,0
30.4,58,1.2,100,0
43.1,72,4.1,0,0
40.1,50,1.7,15,0
38.9,17,16.0,90,1
22.3,38,20.5,92,1
37.8,41,21.5,42,0
26.0,47,20.0,38,0
28.6,100,8.1,43,1
19.3,100,28.3,1,1
40.4,33,1.2,63,0
22.4,53,25.6,60,0
31.0,68,20.6,56,0
22.6,87,20.9,4,1
18.6,30,9.5,72,1
19.5,100,9.9,78,1
40.3,23,21.9,45,0
23.2,88,17.0,17,1
20.6,41,17.5,33,0
31.1,81,0.8,16,0
25.4,23,15.9,91,1
34.3,94,26.1,29,1
26.1,91,28.0,56,1
41.6,60,3.6,65,0
23.9,96,15.5,82,1
20.3,59,6.4,59,0
30.3,37,13.3,74,1
33.7,63,18.5,1,0
18.1,96,17.8,87,1
19.3,41,4.7,17,0
23.8,89,7.6,18,1
27.5,37,5.0,79,1
43.8,21,10.4,38,0
32.6,67,12.4,26,0
23.7,50,16.7,67,0
38.3,80,17.3,89,1
44.0,79,23.5,73,1
18.4,100,18.4,52,1
36.7,58,21.7,7,0
20.9,53,19.4,71,1
24.1,92,26.7,14,1
29.8,24,29.7,91,0
42.5,29,15.5,68,0
36.7,98,17.5,81,1
38.8,37,19.8,82,0
43.2,89,9.6,13,0
44.2,20,7.6,0,0
32.2,63,27.9,3,0
21.0,15,12.5,63,0
31.2,94,4.4,93,1
31.4,37,2.2,85,0
28.2,84,12.8,50,1
42.7,25,20.6,72,0
31.0,18,28.0,69,0
25.1,74,12.2,56,1
19.4,72,15.0,11,0
18.8,36,12.4,24,0
37.6,38,10.4,77,0
43.4,59,1.2,25,0
22.3,32,24.3,47,0
31.4,58,26.8,4,0
38.0,19,6.8,59,0
32.2,27,27.9,68,0
24.8,19,15.9,93,1
30.6,64,11.6,82,1
24.0,99,3.4,62,1
22.2,78,19.2,48,1
37.4,52,9.5,57,0
23.6,75,18.8,15,1
28.4,31,12.7,20,0
31.4,75,10.7,1,1
43.5,70,12.9,74,1
41.2,52,10.0,98,1
36.5,62,0.3,28,0
41.1,64,1.7,3,0
23.6,80,26.0,59,1
41.0,19,19.3,25,0
22.1,79,25.2,92,1
26.5,21,19.1,99,1
41.5,79,16.1,9,1
27.3,31,19.9,25,0
32.8,82,19.0,93,1
23.1,57,4.2,33,0
25.3,34,6.8,63,0
21.0,63,11.6,31,0
21.3,16,8.6,95,1
21.7,56,28.6,44,0
35.7,41,10.5,96,1
42.9,78,19.4,87,1
34.0,95,9.4,83,1
22.9,47,7.1,2,0
41.9,98,23.5,14,0
19.6,45,4.1,6,0
26.9,68,22.4,53,0
19.6,17,11.8,92,1
31.2,23,19.4,49,0
38.5,97,17.7,41,1
41.8,84,7.8,90,1
43.2,36,19.0,9,0
30.5,31,13.9,60,0
39.0,37,22.3,76,0
39.4,60,26.7,2,0
44.8,25,0.5,2,0
31.9,28,17.8,51,0
32.3,72,3.9,65,0
22.8,95,2.6,14,1
44.1,96,12.2,74,1
28.1,99,12.9,47,1
18.9,16,9.5,98,1
28.1,63,5.1,69,1
22.8,99,4.2,31,0
20.9,48,20.3,76,1
43.0,22,6.7,47,0
22.1,67,8.0,86,1
21.0,54,2.6,51,0
31.9,33,29.5,43,0
41.4,25,29.2,29,0
36.7,27,5.3,35,0
20.5,60,29.0,11,0
34.8,19,16.2,15,0
36.0,66,4.1,8,0
41.9,20,6.4,6,0
21.0,26,22.7,10,0
39.9,73,25.2,20,0
40.6,31,9.9,33,0
18.0,24,1.4,75,0
26.9,80,17.7,29,1
33.5,21,19.8,40,0
18.8,86,26.2,23,1
39.9,98,18.8,60,1
21.7,21,14.9,97,1
41.8,83,7.6,60,1
31.9,23,28.1,88,0
37.2,79,9.6,25,0
33.9,80,4.8,65,1
35.1,72,4.7,19,0
40.2,45,11.9,78,0
20.5,38,17.3,95,1
33.4,38,22.4,36,0
31.2,16,21.1,49,0
24.6,38,29.2,74,1
27.6,86,29.9,28,1
18.0,35,26.8,73,1
22.2,99,5.7,43,1
37.8,40,15.3,13,0
20.3,74,12.3,45,0
27.7,63,13.5,43,0
37.2,50,26.5,44,0
32.3,54,22.3,62,0
34.3,55,3.2,18,0
30.1,66,18.0,18,0
18.7,90,1.2,9,1
36.0,33,2.6,40,0
34.1,20,8.6,0,0
19.7,69,12.7,48,0
30.5,37,14.9,89,1
29.7,79,2.3,9,1
38.9,29,8.5,16,0
35.9,66,13.0,38,0
30.5,69,8.6,77,1
23.1,37,25.4,12,0
38.0,26,1.6,92,0
34.6,45,19.6,69,0
30.6,41,5.5,93,1
20.8,97,12.0,69,1
39.2,24,0.9,87,0
40.0,97,13.3,70,1
43.5,51,21.3,50,0
20.3,55,11.1,60,0
27.3,84,8.6,72,1
39.2,50,17.6,72,0
28.3,92,2.5,44,1
28.3,55,28.2,29,0
39.4,79,29.2,32,0
20.2,31,14.7,0,0
36.4,83,15.0,85,1
25.9,64,27.2,68,1
22.1,36,8.5,70,1
34.7,20,15.1,58,0
40.2,63,14.1,39,0
24.3,28,22.3,89,1
34.3,20,22.0,51,0
37.0,36,29.8,32,0
37.0,15,28.5,80,0
31.4,100,23.0,67,1
34.8,82,4.6,67,1
37.6,26,20.2,34,0
44.9,21,25.7,7,0
28.8,58,9.0,50,0
24.5,98,12.3,81,1
22.2,54,3.0,59,0
19.4,28,7.2,28,0
24.9,37,6.4,68,0
27.0,68,16.6,83,1
29.9,48,18.8,35,0
27.5,83,9.8,16,1
32.3,55,15.7,98,1
25.7,39,15.4,21,0
26.1,71,21.1,62,1
30.7,21,6.2,44,0
42.6,30,21.4,51,0
40.0,73,1.9,53,0
32.5,67,26.4,37,0
42.7,56,17.4,53,0
30.9,99,26.2,27,1
38.1,60,12.7,45,0
37.8,34,9.9,71,1
36.2,48,26.8,72,0
24.1,71,17.3,87,1
22.5,16,18.7,10,0
30.2,47,11.5,77,1
25.6,21,15.8,39,0
33.3,68,4.1,11,0
34.1,35,25.7,11,0
29.1,93,11.2,100,1
28.9,90,9.6,8,1
36.3,82,29.7,33,0
18.5,40,19.7,0,0
22.2,50,6.5,70,1
20.9,58,0.9,16,0
31.2,80,22.4,63,1
42.7,55,1.4,10,0
35.4,25,19.7,82,0
18.8,44,5.7,67,0
42.4,95,27.2,0,0
41.0,49,29.2,7,0
30.4,82,27.2,68,1
42.7,17,21.2,87,0
31.1,57,25.4,20,0
22.7,52,14.9,62,0
34.1,74,17.2,15,0
43.1,92,25.2,30,0
44.8,62,11.1,28,0
38.8,80,16.5,80,1
38.2,28,7.2,82,0
33.4,37,11.2,86,1
23.0,83,13.9,2,1
41.0,100,27.7,94,1
23.2,38,19.0,32,0
23.9,81,0.0,17,0
43.2,37,14.8,10,0
18.2,58,8.4,57,1
44.1,50,3.3,52,0
28.9,20,0.2,68,0
34.0,68,29.3,24,0
40.3,50,26.7,17,0
23.1,83,6.3,66,1
35.1,55,25.6,86,0
30.3,96,28.3,14,1
28.7,39,7.7,68,0
28.6,86,16.1,97,1
26.7,30,18.6,58,0
39.5,48,24.2,25,0
30.0,52,6.2,24,0
33.4,29,0.6,33,0
41.9,40,20.0,93,0
32.1,98,22.1,73,1
24.3,37,14.7,38,0
44.1,18,13.8,16,0
33.5,63,10.6,89,1
43.1,93,3.9,35,0
38.9,59,0.8,8,0
26.3,90,0.2,5,1
26.7,68,12.8,41,1
43.5,51,21.2,94,0
22.4,57,11.1,41,0
38.8,90,28.4,96,1
21.9,53,20.9,53,0
20.8,92,4.3,34,1
29.9,69,29.9,78,1
26.8,15,23.6,79,0
23.6,90,26.5,42,1
38.6,21,10.8,57,0
30.9,37,21.8,100,0
40.0,40,20.5,75,0
27.3,89,0.0,13,1
21.2,84,5.5,27,1
19.2,97,4.8,61,1
36.9,81,6.3,36,1
32.9,78,3.9,85,1
42.0,77,22.7,96,1
22.6,62,17.3,27,0
31.9,39,1.0,9,0
18.0,68,17.9,19,0
18.9,56,14.3,52,0
39.8,41,4.7,71,0
23.9,26,21.6,14,0
27.2,99,25.9,29,1
36.3,44,3.3,86,0
27.3,98,11.9,33,1
42.9,28,23.5,57,0
22.2,18,13.2,11,0
41.4,36,13.2,15,0
34.6,86,13.3,59,1
20.2,15,15.0,17,0
42.6,28,0.2,12,0
34.6,94,0.6,91,1
25.5,38,12.1,28,0
43.4,61,22.7,38,0
43.6,65,6.3,52,1
43.0,82,16.4,14,1
19.1,57,25.8,97,0
21.2,78,9.1,66,1
40.0,97,3.3,42,0
18.7,46,4.6,14,0
44.4,38,5.3,100,0
36.7,96,23.1,75,1
27.0,17,27.7,72,0
40.1,97,27.9,97,1
42.8,86,28.7,2,0
37.9,16,8.7,0,0
31.1,30,27.4,80,0
27.8,96,27.8,5,1
27.3,75,12.4,29,1
20.2,96,27.7,98,1
38.2,100,14.9,98,1
31.6,37,5.4,45,0
30.4,15,21.8,37,0
38.9,70,29.5,91,0
19.8,80,2.1,94,1
28.9,72,1.8,86,1
33.9,100,17.3,82,1
31.5,39,21.6,57,0
24.7,60,5.5,3,0
36.2,65,22.3,74,1
23.5,16,0.3,8,0
40.1,62,30.0,59,0
43.3,87,3.5,91,1
38.6,18,1.0,3,0
28.8,17,16.3,35,0
25.2,50,18.4,95,1
18.5,75,8.1,40,1
29.7,15,19.2,59,0
27.8,16,18.2,2,0
36.3,96,7.9,17,1
43.3,58,7.1,31,0
43.3,39,1.3,64,0
26.4,76,21.0,64,1
32.7,18,3.3,69,0
42.2,84,6.3,15,1
44.5,65,22.8,6,0
21.4,67,26.7,31,0
25.4,91,8.4,78,1
36.6,76,10.5,26,0
21.5,99,4.8,97,1
27.1,94,1.3,6,1
22.0,26,16.6,78,1
26.7,76,22.3,69,1
29.1,96,20.5,4,0
36.7,40,13.9,77,0
33.5,79,19.0,90,1
22.8,78,16.5,81,1
27.6,72,17.2,37,0
41.6,36,26.7,7,0
40.0,65,21.9,6,0
22.9,66,16.0,89,1
33.5,89,22.2,97,1
31.5,40,24.2,67,0
39.9,19,7.5,20,0
34.4,93,27.9,68,1
44.8,55,6.2,98,0
36.9,86,28.9,82,1
21.7,71,6.5,12,0
29.9,19,23.4,83,0
28.7,96,27.8,75,1
32.3,59,15.6,17,0
18.2,37,8.3,89,1
43.0,16,11.0,93,1
20.8,50,14.6,74,1
24.4,35,29.3,64,0
20.9,78,10.8,37,1
34.5,41,12.8,32,0
28.5,42,22.5,37,0
41.4,78,14.9,39,1
29.9,92,26.4,88,1
33.1,23,10.5,77,1
40.3,27,17.9,15,0
39.0,30,10.8,28,0
24.4,91,21.9,34,1
26.0,50,8.9,53,0
40.4,17,8.1,10,0
43.5,45,28.9,31,0
19.3,71,21.9,65,1
43.3,46,16.2,73,1
37.8,79,23.0,94,1
35.6,30,22.7,69,0
40.6,44,21.3,41,0
26.1,75,20.7,51,1
38.2,43,12.4,87,0
41.0,21,25.8,59,0
23.2,59,17.4,1,0
43.5,27,14.0,12,0
23.3,25,12.8,69,0
40.0,36,25.4,38,0
24.0,82,15.6,88,1
33.5,87,11.2,4,1
23.6,41,25.1,61,0
25.8,71,24.1,8,0
42.3,91,20.0,54,1
19.7,82,28.2,9,1
44.6,94,14.3,33,1
19.9,54,15.1,81,1
29.8,78,17.3,64,1
40.4,21,15.3,74,0
19.9,24,8.7,7,0
24.1,51,9.5,8,0
44.5,63,24.5,25,0
39.1,92,9.4,63,1
30.2,23,9.3,60,0
35.3,71,21.5,50,0
39.0,83,16.1,93,1
20.7,68,15.3,10,0
32.3,41,2.2,86,0
25.8,44,14.4,29,0
38.5,59,3.9,21,0
34.4,57,4.6,0,0
39.9,64,5.5,34,0
21.2,41,17.3,98,1
33.5,61,5.8,22,0
20.9,23,12.1,67,0
32.0,59,24.2,41,0
40.6,23,18.2,18,0
36.8,33,27.6,64,0
22.0,43,7.0,36,0
39.6,41,29.1,33,0
27.8,23,14.1,22,0
37.7,25,11.1,48,0
33.5,52,10.2,61,0
22.5,77,20.0,72,1
28.8,96,11.9,94,1
36.1,18,28.5,92,0
35.2,84,14.2,17,0
41.8,45,14.9,94,0
22.8,16,8.6,16,0
22.1,20,3.4,45,0
31.0,43,18.7,56,0
20.5,37,20.6,8,0
27.8,58,28.2,35,0
38.3,57,8.4,0,0
39.7,69,25.0,98,0
43.4,32,24.2,69,0
31.7,64,11.2,43,0
37.8,25,13.5,90,0
36.2,24,29.5,22,0
19.3,76,6.1,31,1
37.1,79,22.4,83,1
27.2,65,25.4,91,1
30.5,84,22.9,57,1
32.3,48,24.8,4,0
38.3,66,11.1,35,0
23.6,20,13.3,20,0
34.2,43,21.9,58,0
40.4,48,12.0,47,0
21.0,21,4.0,58,0
26.1,74,18.3,97,1
35.8,85,28.3,99,1
39.0,81,14.8,56,1
38.3,79,23.2,60,1
35.5,27,8.8,100,0
44.3,63,29.9,13,0
33.6,67,3.5,60,0
34.4,53,17.5,37,0
27.9,100,19.6,99,1
35.5,23,28.1,52,0
23.9,27,19.2,65,0
42.4,51,29.0,30,0
34.7,96,18.0,65,1
37.4,84,2.4,84,1
20.0,65,0.5,100,1
40.2,87,19.0,23,1
33.2,43,1.6,6,0
28.2,22,3.8,31,0
36.6,81,25.8,8,0
21.2,47,17.9,51,0
29.3,47,29.1,62,0
27.1,45,16.1,28,0
22.3,31,25.7,46,0
42.6,80,7.7,81,1
34.9,91,26.1,97,1
38.0,39,2.2,53,0
43.3,99,20.2,66,0
25.7,96,20.1,85,1
27.6,97,7.1,51,1
43.8,86,19.2,2,1
32.1,93,2.1,61,1
19.9,56,25.5,66,0
41.7,59,15.2,6,0
35.8,92,10.4,84,1
23.1,60,0.5,38,0
20.0,47,11.9,80,1
39.4,27,23.8,86,0
18.4,56,23.2,23,0
31.1,24,21.9,21,0
29.2,38,20.4,94,1
29.8,25,17.5,70,1
32.8,22,9.0,19,0
27.6,68,10.5,61,1
35.7,36,26.1,87,0
19.1,69,21.5,26,0
43.4,55,17.4,77,0
18.7,16,27.6,67,0
40.3,18,11.9,17,0
24.0,99,5.8,68,1
40.5,84,12.6,76,1
36.6,27,14.4,94,0
34.5,15,25.2,47,0
32.6,31,8.1,44,0
41.7,93,13.8,95,1
30.2,34,0.1,5,0
31.1,49,27.9,14,0
25.8,70,4.6,28,0
39.9,49,2.9,33,0
28.1,48,16.6,87,1
32.7,96,28.0,48,1
20.2,79,27.8,7,1
30.4,97,7.2,34,1
31.3,86,12.0,88,1
25.6,53,24.0,92,1
29.6,45,29.6,93,1
35.1,56,1.0,77,0
35.6,33,26.2,30,0
41.4,54,25.7,52,0
27.1,70,3.2,24,0
32.1,35,24.6,16,0
33.3,49,8.7,44,0
27.4,30,24.0,44,0
19.6,49,0.5,86,0
37.9,69,13.8,44,0
20.2,92,13.7,81,1
29.9,42,25.9,82,1
40.7,95,10.2,28,0
41.5,97,16.0,68,1
39.6,84,16.2,12,1
41.7,91,26.6,63,1
37.5,17,5.5,13,0
38.4,89,26.8,9,0
38.6,93,14.0,27,1
35.9,68,29.0,85,0
23.0,61,23.8,56,1
29.1,57,21.2,50,0
20.8,49,17.0,94,1
37.0,59,20.0,1,0
35.4,33,26.3,95,0
31.4,28,26.3,11,0
29.0,27,27.7,5,0
23.7,36,6.1,15,0
30.0,92,7.5,81,1
33.6,24,17.6,56,0
41.8,75,19.8,44,1
27.3,61,26.2,11,0
41.9,73,12.6,54,1
44.0,32,7.2,15,0
23.3,68,0.1,60,1
25.0,76,14.8,38,1
35.1,37,7.6,71,1
40.0,34,14.0,70,1
28.7,80,23.5,13,1
24.3,88,2.6,83,1
40.0,40,7.2,4,0
21.2,77,12.8,87,1
22.6,84,6.3,37,1
42.3,84,6.4,40,0
24.3,52,18.8,100,1
28.0,31,22.4,76,1
32.6,82,11.9,34,1
20.4,58,5.7,6,0
43.8,54,10.6,58,0
39.5,71,8.6,33,0
18.9,66,17.3,9,1
43.1,92,25.0,22,0
29.9,43,3.5,57,0
44.1,25,27.6,2,0
25.3,41,2.5,21,0
33.2,72,26.5,71,1
19.9,62,20.7,72,1
40.3,87,11.4,97,1
36.4,98,15.6,76,1
34.7,87,21.9,84,1
44.4,79,7.4,30,0
41.7,40,8.0,56,0
37.5,24,25.7,74,0
25.2,94,5.9,23,1
44.9,42,27.0,2,0
38.1,46,7.7,88,0
41.0,46,29.1,86,0
23.0,20,27.5,55,0
28.8,29,11.7,38,0
41.3,61,1.1,8,0
39.4,68,4.8,45,0
30.7,81,0.1,10,0
18.6,41,23.5,28,0
24.9,83,11.8,59,1
41.3,67,6.8,82,1
36.3,32,8.1,29,0
24.1,31,5.3,86,1
36.7,16,29.2,45,0
22.4,22,28.1,59,0
42.6,37,24.3,10,0
42.9,22,28.0,30,0
25.8,93,29.4,99,1
37.8,58,21.2,58,0
40.6,58,26.6,19,0
22.3,94,22.3,100,1
44.7,27,5.0,89,1
39.3,59,10.3,62,0
40.3,72,4.8,93,1
26.9,26,23.9,63,0
21.3,66,7.3,81,1
41.2,84,6.2,75,1
43.2,91,20.2,36,0
33.3,90,8.3,57,1
30.2,72,23.0,1,0
22.7,56,7.1,24,0
26.2,57,11.7,29,0
41.3,71,27.0,85,0
29.5,96,25.1,52,1
34.8,18,26.0,67,0
27.0,94,19.8,84,1
40.9,63,5.8,4,0
28.2,26,25.0,83,1
36.0,65,12.0,84,1
40.5,71,24.9,56,0
28.0,22,27.6,47,0
41.3,36,27.6,34,0
22.8,88,13.7,40,1
36.4,34,10.1,26,0
21.8,24,9.0,49,0
36.3,45,0.9,26,0
30.4,80,27.1,45,0
29.2,52,15.0,15,0
33.8,40,21.7,45,0
23.1,47,21.2,95,0
33.8,81,20.6,31,0
42.5,53,21.3,9,0
18.8,15,18.8,89,1
42.9,73,5.2,97,1
26.3,36,17.3,10,0
35.0,18,3.2,69,0
30.4,80,1.0,65,1
45.0,46,2.0,36,0
33.0,51,11.4,97,1
18.9,92,6.3,46,1
40.1,77,10.0,78,1
39.0,96,8.0,100,1
20.1,23,29.9,18,0
35.7,88,21.1,55,1
43.8,74,11.7,53,0
36.7,79,12.7,54,1
35.9,32,17.5,62,0
35.6,88,14.2,64,1
35.7,60,21.2,23,0
21.7,60,21.0,93,1
29.9,50,21.3,81,0
25.6,92,19.8,41,1
23.7,97,1.6,54,1
20.9,97,12.1,84,1
39.9,79,3.0,71,1
23.9,44,25.6,13,0
23.0,36,23.9,59,0
21.5,82,1.8,51,1
38.8,51,22.0,95,0
39.7,91,0.7,80,1
19.1,72,16.0,79,1
21.4,59,6.0,89,1
23.1,69,21.0,25,0
44.1,53,23.1,61,0
25.1,87,26.2,54,1
19.4,34,14.2,81,1
32.7,78,14.2,26,1
37.0,55,27.7,28,0
31.7,36,2.2,79,0
40.3,41,27.3,46,0
27.7,33,27.5,97,0
23.6,41,14.7,45,0
26.3,28,26.1,5,0
42.4,36,8.1,18,0
35.7,24,24.7,5,0
36.9,75,17.3,83,1
27.7,73,1.6,40,0
38.8,86,24.4,77,1
42.2,31,22.6,97,0
20.1,86,9.6,38,1
43.0,15,27.8,16,0
22.2,20,16.8,56,0
26.1,39,1.9,28,0
37.4,23,29.8,61,0
24.0,64,21.8,100,1
24.0,26,17.9,6,0
26.5,56,22.9,31,0
21.8,82,15.0,45,1
24.8,99,3.8,61,1
23.7,80,13.4,46,1
42.9,33,22.1,68,0
31.0,47,4.8,45,0
24.3,81,8.5,17,1
22.6,64,28.6,6,0
18.1,54,11.5,43,0
21.0,71,25.7,61,0
26.8,90,16.1,74,1
27.6,94,7.7,97,1
40.8,35,26.3,63,0
39.9,75,5.0,23,1
25.6,77,4.3,3,1
31.0,56,12.9,21,0
26.5,54,11.1,61,0
29.5,69,10.1,15,1
22.7,72,19.3,23,0
42.4,45,19.2,0,0
26.4,62,4.5,53,1
34.9,62,16.5,82,1
26.1,91,9.2,91,1
27.3,42,2.1,88,0
43.8,76,13.0,81,1
42.8,76,14.4,64,1
26.2,57,9.4,42,0
42.3,29,3.3,13,0
38.8,80,0.7,41,0
37.4,68,25.6,97,1
33.9,99,23.7,54,1
31.0,50,27.0,46,0
37.4,70,10.4,80,1
34.4,79,16.2,2,1
33.6,50,4.5,27,0
18.6,18,27.4,100,0
26.8,88,20.5,85,1
29.2,35,14.9,78,1
34.6,25,1.8,25,0
39.6,53,27.9,83,0
24.8,53,0.1,46,0
34.2,40,20.1,100,0
18.9,15,14.6,62,0
42.1,29,7.8,32,0
37.8,64,27.9,12,0
20.4,31,22.8,45,0
26.2,82,28.2,58,1
30.9,75,19.1,44,0
25.1,74,25.1,67,0
28.6,72,6.4,71,1
26.7,24,20.4,88,0
38.2,88,18.1,67,1
39.5,21,18.9,49,0
41.7,75,27.0,37,0
27.5,69,1.9,29,0
32.8,76,14.4,44,1
23.7,15,25.4,77,0
22.4,32,6.7,26,0
20.8,67,24.9,90,1
34.9,98,8.5,58,1
31.2,48,5.3,39,0
39.7,15,6.7,37,0
43.3,28,18.5,94,0
35.0,30,16.3,96,0
34.3,57,14.5,43,0
24.0,88,25.1,56,1
36.8,32,6.1,62,0
29.6,56,18.8,99,1
19.3,98,9.5,31,1
26.3,70,13.9,47,0
36.3,46,3.9,16,0
40.0,71,20.1,11,0
35.2,32,9.8,45,0
35.6,34,24.1,87,0
29.6,78,13.9,2,1
33.6,26,3.3,87,0
37.9,57,8.7,58,0
35.3,97,27.0,96,1
18.6,71,3.3,83,1
42.8,100,17.9,86,1
33.3,90,29.5,40,0
20.7,74,17.6,29,1
27.8,79,8.4,81,1
24.0,19,28.4,12,0
30.5,72,17.5,71,1
24.2,95,10.0,3,1
18.1,51,22.4,30,0
20.6,40,21.0,60,0
19.4,63,6.7,62,1
39.5,83,12.1,15,1
34.9,43,3.3,49,0
41.7,81,12.8,81,1
44.3,85,17.6,2,1
18.4,72,19.4,12,0
26.8,71,14.0,49,0
29.7,69,2.9,44,0
23.1,83,0.6,74,1
23.3,80,22.9,57,1
43.6,22,18.3,16,0
28.2,79,23.9,83,1
37.5,25,25.0,53,0
33.2,17,28.8,23,0
19.4,24,17.1,50,0
21.2,63,22.8,90,1
31.3,100,27.6,78,1
31.8,76,7.0,47,0
32.4,29,10.7,72,1
31.6,64,26.5,24,0
25.7,93,3.2,53,1
21.8,55,6.9,96,1
29.1,26,14.2,0,0
37.7,46,28.1,35,0
31.0,49,5.6,46,0
37.3,66,14.0,45,0
39.4,50,23.3,72,0
20.4,15,7.1,25,0
36.8,96,11.5,30,0
42.4,21,27.7,93,0
21.9,64,13.8,50,1
37.3,67,0.5,8,0
34.5,21,20.1,39,0
21.2,38,22.6,84,1
33.0,33,12.4,99,0
29.6,65,19.7,92,1
28.3,66,29.0,82,1
22.1,99,17.0,15,1
26.8,75,21.7,13,0
34.0,62,22.5,79,1
42.7,51,15.3,13,0
39.9,41,13.1,100,1
21.0,45,7.0,15,0
18.4,90,10.1,88,1
32.8,68,12.5,63,0
32.1,88,6.9,21,1
42.9,16,23.0,79,0
19.0,15,3.5,40,0
18.8,81,5.5,35,1
32.1,64,17.0,16,0
41.7,63,0.3,58,0
42.8,61,26.6,54,0
41.1,41,17.2,42,0
37.6,21,24.4,88,0
19.6,23,12.1,72,1
35.6,61,10.3,61,1
35.6,87,12.4,75,1
41.4,72,27.9,17,0
27.3,100,18.3,88,1
29.2,30,29.8,59,0
18.6,53,25.9,40,0
39.4,91,12.8,3,0
34.7,53,0.4,100,0
18.6,69,25.8,53,1
24.1,82,18.8,44,1
44.1,94,4.6,22,0
38.0,88,29.1,52,1
18.8,83,13.2,15,1
26.9,31,11.2,29,0
31.5,33,0.8,34,0
22.7,36,11.5,73,1
42.3,83,4.1,36,0
38.5,97,7.6,56,1
21.4,58,9.8,23,0
27.4,29,12.8,37,0
35.7,61,22.7,25,0
41.8,38,2.4,58,0
22.2,52,16.5,34,0
35.2,59,14.2,33,0
37.3,89,28.9,14,0
32.1,38,22.7,85,0
30.6,41,0.0,61,0
39.8,39,24.8,38,0
37.1,75,22.8,100,1
25.9,47,19.2,97,1
18.6,82,0.2,24,1
44.2,26,19.2,84,1
24.3,69,10.4,88,1
44.2,45,3.3,29,0
43.1,98,24.6,99,1
19.1,46,4.1,24,0
40.8,53,23.8,81,0
39.7,24,13.2,89,0
41.1,56,26.8,6,0
23.3,37,8.5,31,0
22.4,80,7.9,8,1
42.8,84,3.7,92,1
40.0,87,11.0,22,0
42.3,70,20.1,38,0
18.6,92,29.3,63,1
22.7,80,13.6,20,1
29.7,88,16.1,40,1
22.4,60,12.9,24,0
26.5,30,18.9,23,0
18.5,58,20.3,61,0
43.9,58,5.4,0,0
29.6,16,17.7,46,0
24.7,56,24.2,14,0
39.3,84,8.1,58,1
35.1,70,1.9,68,0
29.4,81,4.7,86,1
23.9,90,28.7,49,1
26.3,58,7.1,94,1
38.5,40,5.5,8,0
21.0,36,27.8,41,0
32.4,35,15.9,57,0
39.8,57,28.4,30,0
19.5,82,19.1,18,1
37.3,78,12.0,90,1
22.5,62,27.1,63,1
25.4,83,12.8,85,1
36.4,84,28.3,87,1
24.6,53,17.8,3,0
21.2,46,16.8,84,1
42.0,38,6.9,19,0
31.8,87,5.6,5,0
19.2,33,9.5,25,0
37.0,28,18.1,42,0
31.5,28,11.5,5,0
18.1,47,0.4,4,0
21.4,93,1.1,18,1
41.8,15,24.6,88,0
42.3,73,19.0,91,1
37.6,21,21.2,82,0
43.5,99,13.5,8,1
36.0,89,11.2,66,1
38.9,95,9.2,92,1
26.1,79,24.1,68,1
20.5,95,21.6,64,1
35.1,77,16.8,64,1
26.9,38,28.6,86,1
34.8,78,2.9,84,1
37.9,93,12.4,83,1
24.6,36,25.5,73,1
35.8,75,14.2,34,0
19.9,69,15.5,31,0
27.3,22,6.4,43,0
40.5,100,21.6,87,1
36.9,43,2.4,22,0
42.7,27,20.4,33,0
19.3,62,16.6,52,1
40.1,32,20.9,87,0
25.9,87,13.8,42,1
33.1,32,25.0,33,0
25.9,52,18.4,68,0
27.7,29,8.1,80,1
41.0,26,15.2,6,0
21.2,41,8.2,19,0
39.1,89,5.2,24,0
43.5,46,15.5,43,0
39.7,40,21.2,90,0
24.7,69,6.9,93,1
33.4,88,11.3,3,1
34.6,46,25.6,23,0
32.1,58,17.7,8,0
24.6,61,0.9,86,1
32.9,38,1.8,53,0
34.2,75,21.6,93,1
39.0,83,5.5,95,1
36.5,47,23.4,62,0
19.2,53,0.2,27,0
23.6,61,24.1,46,0
41.3,63,15.9,34,0
18.1,67,2.7,47,0
30.2,60,7.1,3,0
27.5,25,19.1,44,0
20.1,81,25.8,5,1
33.5,20,12.8,66,0
40.4,38,8.7,94,1
22.6,67,25.8,49,0
26.2,70,9.6,89,1
34.9,47,0.2,60,0
33.0,38,18.9,42,0
26.4,70,2.9,100,1
39.2,39,19.8,90,0
30.8,70,10.1,76,1
23.4,35,13.9,74,1
42.6,24,0.8,68,0
29.4,43,25.4,60,0
19.8,60,5.1,70,1
18.8,66,24.8,83,1
28.3,79,24.9,23,0
31.0,42,21.7,4,0
24.3,95,17.4,62,1
29.4,36,19.5,87,1
28.8,39,22.8,92,1
18.6,72,6.6,34,0
25.7,41,28.1,15,0
39.7,43,10.0,8,0
28.8,74,25.6,39,0
21.1,29,11.5,73,1
42.6,37,16.1,7,0
18.7,78,7.3,94,1
32.0,97,15.7,84,1
36.0,80,18.8,29,1
42.1,81,16.2,100,1
36.5,80,28.8,78,1
36.8,61,17.8,9,0
18.1,77,20.1,22,0
41.8,19,7.0,11,0
27.6,39,13.5,58,0
32.1,94,12.4,52,1
38.6,17,8.0,29,0
44.1,67,3.8,82,1
33.4,36,2.9,63,0
41.1,28,5.2,72,1
26.8,36,9.5,60,0
28.0,89,18.1,25,1
26.3,73,14.3,52,1
31.6,49,29.5,10,0
41.3,21,14.4,62,0
38.6,90,30.0,84,1
21.3,81,13.3,48,1
39.0,25,2.2,42,0
33.9,49,14.1,99,0
32.3,62,10.8,20,0
40.0,40,11.4,34,0
32.9,58,4.2,5,0
32.4,17,8.4,28,0
29.3,38,7.0,45,0
31.1,19,4.6,97,1
33.5,76,3.9,26,0
26.9,77,5.9,70,1
32.6,42,0.3,13,0
41.4,94,25.0,45,0
22.1,18,6.9,36,0
31.4,18,8.4,4,0
27.8,15,9.0,86,1
22.8,50,23.7,71,0
40.8,71,29.2,54,0
24.0,36,23.9,9,0
30.7,45,3.8,83,1
23.9,97,28.1,82,1
32.8,15,1.0,41,0
40.4,74,3.3,89,1
40.9,59,20.2,48,0
19.6,44,26.5,55,0
26.7,49,5.1,79,1
38.9,60,14.2,11,0
19.9,86,13.9,86,1
23.0,73,0.1,8,0
22.2,15,27.3,18,0
20.7,68,20.4,50,0
21.6,18,0.4,28,0
34.5,92,14.6,34,1
34.6,77,18.6,13,1
30.1,33,24.7,52,0
40.0,49,16.2,79,0
37.5,95,18.6,10,1
39.3,21,23.7,21,0
28.7,32,19.8,39,0
36.0,27,13.5,26,0
34.6,94,23.1,90,1
30.6,48,1.3,81,0
20.5,38,26.1,81,0
23.3,99,1.9,1,1
37.0,60,26.8,68,0
41.0,40,20.9,69,0
18.7,59,24.1,12,0
34.7,37,6.3,58,0
18.7,28,3.2,18,0
37.7,88,11.2,9,0
18.9,85,27.1,19,1
19.5,30,23.8,45,0
39.0,57,13.1,55,0
41.5,53,21.7,65,0
36.7,92,29.9,60,1
29.9,63,12.1,95,1
43.2,37,14.7,25,0
34.5,97,10.6,76,1
24.7,63,13.5,50,1
42.8,45,2.8,71,0
21.0,19,26.8,33,0
29.3,23,14.5,68,0
39.1,31,11.4,38,0
21.8,18,1.1,18,0
43.2,19,16.3,5,0
26.6,77,27.6,87,1
38.9,35,5.2,13,0
38.0,64,13.5,86,1
34.9,54,3.0,63,0
21.7,92,6.4,33,1
37.8,32,9.3,30,0
28.1,15,0.7,84,1
27.9,83,17.0,8,1
38.6,17,15.0,0,0
44.0,95,17.8,74,1
36.5,69,20.4,61,0
19.1,41,12.8,66,0
42.4,74,0.2,24,0
26.8,74,4.4,36,0
37.4,49,10.3,23,0
28.6,92,17.6,24,1
36.8,23,15.1,98,1
41.9,92,0.8,1,0
42.9,31,10.7,35,0
37.0,67,15.9,53,1
37.9,39,4.6,64,0
26.7,70,7.7,92,1
29.7,82,20.2,39,0
27.1,92,6.3,1,1
42.7,95,1.1,22,0
26.0,39,5.4,14,0
20.2,47,16.3,67,0
39.1,93,29.1,62,1
22.9,78,13.7,12,1
29.5,85,12.1,62,1
21.6,74,14.6,39,0
37.1,43,20.2,50,0
25.4,43,18.8,58,1
36.4,100,23.3,36,0
29.2,15,1.1,90,1
29.6,41,14.8,72,1
43.9,45,16.9,20,0
37.0,37,20.3,89,0
37.7,84,10.4,43,1
23.1,79,12.3,54,1
24.9,20,12.9,88,1
31.5,32,7.4,4,0
23.0,52,19.8,32,0
21.6,80,7.8,33,1
26.1,57,12.0,78,1
27.8,38,1.3,80,0
23.3,22,3.5,100,0
24.7,73,11.6,35,0
40.8,20,26.6,60,0
24.5,92,26.1,97,1
39.4,92,20.5,98,1
33.7,54,18.5,49,0
24.2,87,14.8,83,1
19.5,38,17.6,70,1
33.6,93,2.2,14,0
40.4,58,7.1,22,0
39.6,69,9.5,14,0
35.6,40,23.5,54,0
19.3,46,18.7,10,0
32.9,98,14.5,69,1
45.0,31,8.3,37,0
42.5,21,19.0,62,0
25.2,60,12.1,15,0
38.4,57,9.8,5,0
37.1,38,16.8,37,0
21.4,17,11.4,89,1
37.8,69,20.7,93,1
24.9,15,7.2,96,1
33.6,17,20.0,7,0
25.6,72,29.5,22,0
26.2,16,19.5,13,0
18.8,64,10.5,2,0
30.2,75,9.0,25,1
23.1,72,15.6,19,0
40.2,70,18.5,61,1
40.7,41,7.3,27,0
32.5,58,3.3,0,0
19.6,48,16.2,3,0
26.2,32,9.0,77,1
31.0,27,15.8,56,0
20.3,63,18.5,68,1
43.9,71,12.7,5,0
35.2,89,23.5,90,1
24.7,53,24.1,17,0
25.5,78,2.0,32,1
29.8,70,29.0,70,1
25.4,31,8.0,88,1
30.3,71,19.6,37,0
30.2,42,17.3,63,0
31.6,77,14.4,79,1
43.4,58,13.2,99,0
41.5,79,11.8,82,1
35.1,44,13.7,74,0
39.7,16,28.9,77,0
27.1,93,16.4,42,1
42.0,40,2.2,18,0
22.7,66,15.8,3,0
22.6,21,0.6,30,0
30.7,26,4.7,75,0
35.0,59,8.3,91,1
35.8,47,21.1,61,0
30.9,46,3.6,30,0
19.0,100,27.7,97,1
39.1,81,6.8,36,0
43.9,79,23.0,79,1
24.1,15,8.0,6,0
27.3,95,24.9,11,0
40.4,16,27.0,10,0
43.5,46,15.7,99,0
22.8,25,19.3,36,0
34.9,75,12.4,85,1
42.7,73,15.6,45,0
41.1,19,4.7,92,0
28.4,52,21.1,48,0
40.4,94,23.7,64,1
25.0,53,24.2,89,1
38.3,71,19.0,15,0
21.1,99,25.3,22,0
23.2,85,13.2,35,1
28.1,44,1.8,43,0
41.6,50,28.0,100,0
44.2,23,2.0,86,0
35.4,89,26.4,24,0
36.5,60,23.0,94,1
42.5,76,1.5,75,1
35.6,17,1.6,56,0
23.2,86,5.8,88,1
28.9,84,7.9,43,1
42.6,73,2.5,16,0
40.3,38,18.4,95,0
20.0,47,1.4,42,0
22.9,59,13.7,61,1
35.8,64,18.0,20,0
24.8,82,19.6,97,1
36.4,40,8.6,18,0
33.7,21,9.6,18,0
43.8,96,12.4,28,0
28.5,77,18.4,68,1
22.8,99,15.3,100,1
25.2,92,29.9,74,1
19.0,27,12.2,28,0
44.7,34,14.6,56,0
32.5,49,17.8,34,0
28.9,54,17.4,25,0
25.4,20,11.2,66,0
26.0,75,21.8,35,1
43.6,44,18.1,49,0
38.2,82,20.7,39,0
28.6,74,29.0,56,1
29.1,34,24.8,18,0
18.6,91,15.5,33,1
21.5,80,11.8,62,1
32.8,99,1.4,80,1
28.8,54,10.3,51,0
22.8,46,3.9,24,0
41.0,100,16.1,47,0
44.8,56,11.7,71,1
22.6,20,29.8,42,0
27.7,83,4.9,69,1
33.2,49,2.6,16,0
38.6,51,12.1,100,0
20.0,37,15.8,99,1
35.6,15,5.8,10,0
27.9,90,27.7,60,1
36.3,55,26.2,34,0
27.1,95,0.4,12,1
27.1,81,25.0,37,1
29.5,64,24.2,39,0
24.4,59,11.0,4,0
37.5,84,28.4,81,1
26.3,95,26.7,20,0
41.8,20,25.3,6,0
43.3,28,15.5,49,0
41.8,59,23.8,34,0
26.1,35,21.2,47,0
31.5,39,6.0,23,0
37.8,95,14.9,13,1
41.6,42,8.2,70,1
37.5,29,13.0,66,0
24.2,100,5.6,15,1
28.5,86,11.7,91,1
19.3,87,0.0,45,1
35.6,86,25.0,94,1
40.9,67,11.7,12,0
29.3,94,8.9,97,1
20.9,46,18.5,15,0
29.2,92,0.4,65,1
28.8,50,23.6,70,0
21.8,51,9.2,19,0
26.4,23,9.4,32,0
34.6,54,8.0,57,0
35.0,55,21.8,0,0
32.9,68,11.2,14,0
38.3,29,14.3,89,0
29.0,48,11.1,98,1
39.3,92,15.8,23,0
38.3,95,28.4,90,1
24.0,54,12.0,7,0
34.8,45,2.5,35,0
26.7,36,20.6,43,0
38.8,15,29.1,13,0
37.2,93,9.1,34,1
39.5,58,23.3,35,0
44.5,24,7.4,47,0
42.2,71,5.6,23,0
34.5,44,21.3,63,0
38.3,34,26.1,29,0
38.2,29,13.5,24,0
20.1,39,18.7,46,0
44.1,73,5.1,12,0
40.8,27,22.5,30,0
25.5,46,25.0,4,0
44.3,80,5.6,28,1
42.1,38,9.0,78,0
39.5,68,1.6,8,0
42.4,47,6.0,4,0
43.3,46,0.5,27,0
22.3,94,25.6,60,1
26.3,74,20.5,74,1
41.8,49,9.5,80,0
30.0,24,14.8,62,0
26.8,26,22.8,7,0
20.2,52,1.3,61,0
36.7,98,27.4,92,1
36.7,27,4.4,7,0
41.4,43,9.5,81,0
19.3,37,0.4,67,0
35.4,96,5.7,49,1
22.3,24,22.1,6,0
36.1,74,17.4,84,1
44.6,49,15.6,4,0
30.0,76,17.6,77,1
21.5,41,14.7,68,0
40.0,20,7.7,98,0
39.2,97,6.9,22,1
38.6,63,5.9,26,0
20.8,100,0.7,84,1
30.3,86,10.3,45,0
19.3,76,4.1,61,1
28.9,82,21.4,22,0
30.9,62,0.5,38,0
43.5,92,26.0,54,1
21.2,66,13.4,35,0
44.2,21,0.9,52,0
24.6,84,18.1,97,1
31.2,70,19.1,98,1
30.4,51,3.2,39,0
42.3,91,25.0,83,1
21.4,72,28.6,87,1
43.0,54,24.9,7,0
21.9,26,24.5,47,0
43.7,81,10.3,86,1
27.4,75,24.3,31,1
35.8,86,15.3,18,0
31.4,31,1.9,81,0
38.8,88,14.3,91,1
30.2,67,19.0,37,0
27.0,48,1.7,59,0
33.2,19,16.1,26,0
21.3,73,25.3,54,0
19.2,22,8.4,16,0
23.2,76,18.5,69,1
33.2,74,18.4,74,1
31.2,65,0.3,8,0
24.6,28,7.0,41,0
25.6,68,21.6,71,1
39.8,16,14.1,97,0
44.6,50,12.0,93,0
42.5,96,19.8,9,1
29.6,92,24.4,29,0
42.0,93,21.8,30,0
22.2,67,28.4,75,1
37.1,44,11.1,53,0
34.8,43,3.3,22,0
20.2,69,7.9,97,1
37.4,93,0.6,34,0
33.5,81,3.9,39,0
20.7,93,4.6,37,1
27.8,93,3.9,73,1
19.0,82,23.3,18,1
34.9,79,8.3,21,1
39.5,28,28.5,100,0
20.8,86,12.3,42,1
30.3,74,16.8,12,0
35.4,95,24.8,28,0
27.2,63,25.0,43,0
33.4,35,15.1,44,0
24.8,66,9.9,77,1
25.7,73,14.6,44,0
18.4,65,4.7,13,0
39.8,53,9.1,94,0
38.0,35,25.1,8,0
42.0,58,1.4,5,0
34.0,41,26.4,13,0
31.0,16,22.8,10,0
44.5,69,18.8,2,0
24.0,57,14.1,64,0
32.4,18,29.9,82,0
36.5,58,7.7,82,0
35.9,27,13.7,12,0
29.9,47,4.6,92,1
36.0,96,1.5,2,0
33.3,93,7.1,61,1
27.3,96,8.4,90,1
36.7,44,12.5,92,1
29.1,37,21.4,38,0
18.4,26,1.0,13,0
40.6,71,14.8,82,1
35.1,38,22.0,77,0
36.5,72,22.8,49,0
33.5,89,11.3,56,1
25.8,74,5.9,42,0
43.9,53,23.4,95,0
39.6,31,23.7,61,0
20.1,80,8.1,49,1
28.0,69,19.9,40,1
25.5,15,2.5,52,0
29.6,83,21.2,85,1
35.3,61,23.4,50,0
21.0,42,17.0,31,0
20.6,34,2.3,38,0
29.2,19,21.8,67,0
24.3,20,8.1,31,0
26.1,62,26.7,49,0
42.1,51,16.2,23,0
31.5,89,16.7,81,1
38.0,30,1.3,53,0
24.7,21,1.9,11,0
39.1,91,27.0,79,1
26.3,30,8.5,49,0
31.4,37,2.9,48,0
41.8,23,19.4,94,0
39.6,79,20.1,31,1
29.5,80,8.9,59,1
24.0,89,23.5,54,1
18.7,37,5.1,66,0
38.3,93,19.6,66,1
35.9,45,14.1,58,0
38.5,18,24.7,27,0
35.1,43,12.3,70,0
23.7,83,8.0,94,1
25.9,89,7.8,14,1
31.9,49,15.9,26,0
30.1,36,24.6,98,0
32.7,69,3.6,36,0
18.6,63,13.8,54,1
26.6,82,22.5,18,1
25.8,91,17.7,71,1
32.5,81,20.2,8,0
35.3,33,13.5,31,0
36.8,92,16.2,69,1
31.3,97,25.9,76,1
26.8,72,21.2,96,1
26.2,68,3.9,32,0
18.9,28,23.9,70,1
33.3,97,24.2,48,0
38.5,50,22.8,43,0
35.1,56,25.5,72,0
43.9,75,19.9,15,1
22.3,36,6.4,61,0
25.8,37,26.5,73,0
21.5,50,27.0,65,0
23.6,72,19.5,8,0
27.5,72,15.4,43,0
22.8,40,9.2,94,1
29.6,38,26.8,64,0
28.7,17,26.8,91,1
23.2,69,9.5,10,0
42.2,97,3.4,89,1
19.7,100,18.3,14,1
36.5,86,28.1,70,1
39.7,39,16.6,10,0
38.8,93,30.0,41,0
21.9,26,3.7,63,0
38.7,37,20.5,46,0
29.8,43,28.6,59,0
29.9,93,20.5,86,1
40.4,75,24.3,43,0
34.7,41,25.6,22,0
21.6,34,14.8,78,1
42.3,66,20.7,41,0
37.6,27,7.3,58,0
44.0,98,24.5,51,1
27.3,16,20.3,99,1
22.7,24,16.8,11,0
43.6,83,15.7,22,1
40.0,98,0.0,95,1
22.9,56,29.3,88,0
36.0,60,18.0,51,1
25.6,50,18.6,54,0
44.4,44,27.4,31,0
21.4,76,8.3,97,1
28.4,62,10.3,48,1
31.1,85,20.2,49,1
43.7,15,6.4,92,0
19.7,47,20.3,80,1
23.4,44,11.5,56,0
34.4,65,20.3,25,0
25.7,56,28.4,99,0
31.3,33,28.3,54,0
20.9,76,4.5,30,1
31.8,30,6.9,35,0
19.9,62,3.2,7,0
29.0,64,2.8,32,0
35.9,78,18.9,12,1
19.3,50,1.3,57,0
39.8,58,9.3,36,0
38.0,87,28.2,19,0
40.0,97,27.6,3,0
44.2,97,3.2,82,1
39.5,34,5.5,18,0
35.4,43,12.5,7,0
36.5,99,24.7,55,1
22.6,67,22.7,6,0
38.2,69,6.3,0,0
18.7,98,17.6,60,1
20.0,18,12.5,24,0
40.8,71,18.3,5,0
24.5,74,7.0,25,1
24.6,68,20.9,21,0
39.5,62,23.7,73,1
39.7,39,16.6,46,0
19.3,20,9.3,75,1
27.7,36,5.8,90,1
25.6,74,16.6,37,0
23.7,75,28.2,47,1
44.1,94,29.9,93,1
33.8,27,16.7,69,0
18.7,58,21.6,33,0
26.3,16,23.4,47,0
33.5,35,28.9,39,0
25.3,51,9.5,82,1
21.0,80,10.5,78,1
33.3,45,28.9,76,0
19.7,93,26.2,90,1
38.1,91,6.2,39,1
43.1,72,5.8,45,0
31.9,86,13.4,2,1
24.2,86,13.0,19,1
34.8,53,11.0,39,0
42.4,88,8.4,48,1
37.7,16,28.1,47,0
29.3,63,2.7,11,0
24.2,99,12.6,55,1
25.5,53,4.3,42,0
24.0,45,25.5,45,0
30.9,61,7.4,90,1
43.6,81,24.9,39,0
38.7,34,2.3,7,0
36.7,48,2.1,41,0
43.4,66,27.0,56,0
38.7,19,27.4,78,0
29.0,56,12.5,12,0
26.3,77,18.3,13,1
41.0,73,17.3,47,0
39.8,16,18.5,28,0
41.6,83,25.0,26,0
20.5,27,24.6,93,1
37.4,87,4.4,42,0
30.0,88,21.8,71,1
44.2,15,16.8,83,1
32.4,73,19.8,74,1
30.6,80,10.4,19,1
41.5,93,11.8,60,1
28.9,30,24.1,76,0
28.8,55,8.7,93,1
24.7,96,0.4,69,1
31.4,93,15.5,27,1
27.5,38,1.3,52,0
25.2,67,9.6,49,1
20.8,16,14.6,62,0
28.1,96,17.3,20,1
35.5,75,5.7,13,1
30.8,25,2.2,53,0
27.5,70,29.0,63,0
25.8,46,0.2,96,1
43.7,18,26.7,19,0
37.8,84,5.2,7,1
30.5,19,0.2,61,0
26.9,20,16.4,20,0
36.0,85,7.0,29,0
28.8,18,16.8,65,0
31.9,23,0.8,61,0
29.1,97,7.4,49,1
22.3,48,7.8,77,1
18.9,50,7.5,41,0
39.5,46,19.9,27,0
34.5,39,23.2,66,0
28.8,34,3.2,32,0
43.4,50,18.1,13,0
26.3,96,17.9,20,1
25.4,94,12.0,42,1
33.5,67,6.2,57,1
30.3,37,14.0,70,1
26.8,73,15.7,41,0
19.8,90,27.0,44,1
32.9,82,23.5,4,0
23.6,19,5.6,84,1
43.8,58,17.3,9,0
33.4,84,13.5,41,1
18.3,24,5.5,51,0
27.7,45,10.7,14,0
26.4,26,28.2,60,0
37.5,63,1.0,36,0
41.8,34,20.9,68,0
21.5,54,17.1,75,1
31.7,41,1.9,1,0
19.1,36,0.3,38,0
27.1,38,19.8,93,1
24.0,96,11.7,7,1
42.9,81,9.9,49,1
38.7,63,15.7,22,0
41.3,78,18.9,10,1
27.9,15,22.5,65,0
26.4,30,7.3,100,1
20.7,20,7.2,14,0
27.6,98,17.0,81,1
41.5,98,5.9,92,1
35.9,17,18.7,61,0
36.7,47,28.5,71,0
29.9,63,19.9,60,1
18.8,15,9.2,32,0
26.2,69,24.8,65,1
44.2,84,10.3,77,1
24.0,19,4.3,91,0
44.6,67,11.4,94,1
41.4,89,6.3,53,1
43.0,49,27.2,90,0
26.0,94,2.5,24,1
22.0,28,27.1,51,0
26.5,69,1.4,50,1
18.5,99,15.6,24,1
37.8,41,26.0,92,0
33.3,37,13.0,74,1
27.0,95,23.8,10,1
22.2,33,27.1,50,0
32.4,58,7.2,77,0
24.4,65,19.6,12,0
26.4,63,23.2,78,1
28.9,50,9.5,97,1
28.4,37,18.7,49,0
32.1,99,14.9,72,1
22.5,51,13.3,59,0
34.2,20,0.5,80,0
33.2,26,13.4,67,0
20.1,35,22.8,98,0
39.0,24,20.3,83,0
18.2,69,23.2,6,0
22.7,99,5.2,55,1
41.0,34,27.9,24,0
25.4,71,25.7,75,1
20.4,87,28.2,70,1
37.9,24,0.6,36,0
27.0,98,15.9,53,1
44.6,46,21.8,38,0
37.7,36,11.8,51,0
43.9,72,25.9,26,0
44.6,77,0.4,76,1
27.8,81,21.3,36,1
37.9,82,26.9,22,0
34.7,96,10.1,8,1
26.7,62,24.6,82,1
27.4,30,1.1,100,0
27.6,52,21.7,26,0
24.5,48,22.5,41,0
33.0,85,14.6,17,1
35.7,15,28.2,60,0
42.9,87,18.5,49,0
25.0,55,10.0,7,0
25.9,48,15.8,89,1
31.9,35,17.1,9,0
23.2,33,15.6,47,0
23.8,58,17.6,84,1
29.8,99,22.6,8,1
35.7,69,17.9,20,0
42.9,22,18.1,15,0
41.0,49,27.8,41,0
41.9,47,7.8,70,1
44.9,19,14.7,5,0
35.2,71,3.8,99,1
34.4,84,3.3,85,1
40.8,77,6.9,77,1
24.6,84,10.6,11,1
41.2,44,14.7,73,1
42.8,65,8.1,12,0
36.2,19,22.5,37,0
31.9,98,4.6,27,0
18.4,34,18.9,74,1
33.0,36,14.4,48,0
35.6,80,12.3,17,0
37.4,32,23.2,58,0
36.4,49,16.3,97,0
28.2,66,19.8,8,0
36.6,59,5.9,62,0
31.6,58,25.6,74,0
37.7,91,1.1,46,1
31.3,42,1.1,95,0
28.9,38,28.4,3,0
32.2,80,0.6,22,1
31.3,61,9.0,33,0
18.6,58,14.6,24,0
30.0,39,6.1,51,0
44.2,94,2.7,7,0
23.9,93,17.9,38,1
35.4,63,16.6,24,0
36.1,75,29.1,83,1
19.2,78,12.3,61,1
26.2,92,14.2,87,1
31.5,26,5.0,24,0
37.1,25,18.2,60,0
24.2,71,0.7,44,0
44.3,65,23.7,38,0
21.4,25,2.4,19,0
29.5,19,26.4,98,1
38.9,78,9.7,76,1
25.2,96,8.6,13,1
29.3,32,9.1,32,0
44.2,49,2.1,18,0
23.9,33,16.0,67,0
22.1,47,28.1,1,0
41.8,100,1.1,16,0
35.4,58,16.0,94,0
21.7,83,27.2,9,1
40.3,99,9.5,47,1
20.6,73,18.5,63,1
31.9,72,4.8,83,1
21.0,73,27.5,50,1
26.4,20,18.8,72,1
31.2,53,3.0,55,0
36.1,80,17.3,72,1
37.8,62,14.3,14,0
28.8,90,17.8,76,1
27.2,61,17.4,47,0
36.8,64,27.8,35,0
36.0,93,19.1,23,1
41.9,54,15.8,98,1
39.1,97,16.6,93,1
32.0,35,19.8,58,0
18.1,95,5.7,12,1
21.0,61,24.5,65,0
34.8,83,13.4,45,0
20.5,63,29.0,66,1
36.2,76,19.3,69,1
40.1,55,29.0,74,0
18.4,15,5.6,38,0
38.2,30,3.0,47,0
29.9,46,20.4,78,1
31.9,87,25.5,27,0
23.6,37,1.7,4,0
39.0,96,13.3,35,1
30.1,54,3.8,31,0
34.2,99,3.4,23,0
41.4,43,17.3,51,0
35.2,82,29.9,14,0
21.4,42,9.4,9,0
22.5,59,6.3,32,0
23.2,30,1.6,29,0
43.4,45,7.2,53,0
45.0,81,23.7,66,1
30.0,36,29.7,72,0
32.4,15,3.8,9,0
18.3,81,20.7,87,1
32.4,46,22.0,89,0
43.3,17,3.5,40,0
43.9,27,29.6,74,0
19.2,89,21.4,70,1
29.8,80,20.4,11,1
20.0,53,8.0,93,1
18.4,47,27.4,19,0
32.4,79,27.2,4,0
37.1,62,8.2,30,0
42.4,46,4.5,18,0
22.6,84,11.7,99,1
39.2,81,21.2,17,1
29.1,30,7.0,74,1
28.2,39,10.7,24,0
39.3,39,22.2,38,0
36.7,26,5.9,38,0
27.5,54,3.2,48,0
30.6,35,26.5,10,0
32.6,84,27.7,19,0
36.1,57,25.4,86,0
39.2,41,18.1,29,0
30.7,95,0.5,92,1
39.7,44,21.8,64,0
23.8,55,9.4,51,1
32.7,84,19.7,53,1
20.9,88,23.7,87,1
22.4,20,25.5,14,0
35.6,87,8.5,75,1
23.3,86,23.1,61,1
38.3,78,6.0,3,1
19.8,41,3.8,80,0
26.0,60,29.5,63,1
18.7,57,25.7,32,0
37.5,49,19.7,78,0
22.9,39,23.5,40,0
40.0,25,17.9,97,0
33.3,78,29.3,85,1
31.2,58,17.5,8,0
34.1,26,25.9,24,0
18.4,61,18.0,75,1
27.1,44,20.2,88,1
21.6,26,22.5,47,0
32.7,88,27.8,97,1
40.0,65,7.8,94,1
18.0,27,3.6,33,0
20.6,92,19.6,6,1
41.4,47,29.8,54,0
30.5,79,23.8,0,1
20.8,99,23.2,18,0
21.9,42,3.2,34,0
22.9,48,24.9,32,0
18.1,96,19.0,13,1
36.7,95,0.3,82,1
27.4,53,5.6,99,1
43.6,39,4.8,76,0
18.1,74,15.1,13,1
38.0,52,15.7,40,0
21.8,44,8.1,75,1
23.7,23,20.2,13,0
36.4,19,0.2,83,0
31.8,39,7.6,25,0
34.0,74,27.6,38,0
27.9,73,2.0,48,0
32.5,36,20.2,35,0
32.2,15,5.6,17,0
22.1,55,22.1,22,0
40.7,40,3.8,84,0
30.5,31,25.1,45,0
21.1,65,21.2,56,1
27.5,86,28.9,23,1
24.9,100,12.9,93,1
23.8,73,17.2,96,1
42.1,38,7.6,76,0
33.7,57,15.8,2,0
44.4,92,29.6,99,1
30.2,78,11.3,47,0
20.5,17,28.0,65,0
30.8,86,24.1,7,1
32.8,82,6.4,40,1
25.2,36,23.6,70,0
19.4,80,2.0,79,1
25.4,50,9.1,60,0
21.5,36,18.3,93,1
33.1,80,16.5,82,1
20.1,41,16.9,41,0
24.0,72,23.3,44,0
39.7,55,1.8,64,0
18.7,23,26.7,38,0
34.5,68,19.5,67,0
37.5,70,8.5,82,1
40.1,26,29.8,86,0
37.9,84,1.7,58,1
41.5,15,5.0,60,0
31.5,47,15.9,93,1
27.3,73,11.5,52,1
44.2,39,5.4,96,0
25.6,83,15.2,34,1
44.2,65,23.8,28,0
42.2,95,22.1,23,0
23.8,28,5.7,5,0
43.0,46,8.7,63,0
44.9,99,5.0,28,1
34.9,68,28.7,95,1
28.9,18,9.8,97,1
40.2,52,9.6,59,0
42.4,60,7.5,22,0
27.9,95,14.7,87,1
40.3,50,11.8,25,0
36.1,17,5.9,59,0
35.8,32,22.0,66,0
18.2,44,22.8,61,0
37.6,32,2.9,71,0
18.5,19,22.8,67,0
25.4,55,23.6,50,0
27.0,32,23.6,16,0
30.3,88,25.6,69,1
19.0,80,10.4,76,1
33.6,89,6.9,23,0
24.6,98,7.2,52,1
38.7,56,11.2,97,0
37.7,72,2.2,34,0
30.8,65,11.6,2,0
18.2,29,2.0,16,0
29.4,46,12.7,22,0
29.1,72,26.1,68,0
32.2,77,12.1,16,0
24.6,84,23.0,18,1
26.1,15,17.5,23,0
21.1,25,6.3,22,0
33.1,55,28.5,47,0
34.0,27,4.1,54,0
39.5,77,21.9,67,1
28.1,81,4.2,56,1
25.3,84,11.9,18,1
31.5,43,3.7,8,0
38.4,17,2.7,59,0
41.7,79,9.5,38,0
18.1,50,10.1,9,0
35.9,16,1.7,28,0
40.4,80,10.0,57,1
33.3,19,8.1,2,0
30.9,52,24.4,37,0
32.9,18,18.7,0,0
34.0,38,23.0,41,0
31.2,36,28.3,19,0
32.4,15,27.0,37,0
39.5,86,0.8,31,0
27.7,55,23.6,92,1
31.6,99,23.9,5,0
24.7,63,19.9,81,1
38.9,55,26.2,70,0
31.3,74,12.1,23,0
38.1,45,2.8,78,0
28.7,51,20.2,39,0
31.0,52,25.5,86,0
40.4,21,5.7,88,0
44.6,27,26.9,25,0
21.2,48,4.9,93,0
30.1,52,22.9,1,0
38.5,42,0.6,81,0
29.7,86,29.3,3,1
35.1,97,9.3,50,1
39.7,68,2.4,90,1
33.4,28,2.4,33,0
33.8,31,1.5,68,0
33.2,80,15.0,75,1
35.1,33,6.2,84,0
33.1,89,1.4,63,1
38.2,23,25.8,77,0
41.1,84,10.2,78,1
22.0,45,20.4,26,0
25.0,37,8.3,71,1
23.9,84,29.7,100,1
32.2,45,16.3,91,1
36.3,81,16.3,27,0
28.6,71,14.8,63,1
31.5,48,7.4,66,0
22.4,87,8.5,74,1
31.7,22,23.1,29,0
26.3,88,10.2,52,1
31.6,68,0.9,49,0
19.5,88,3.1,92,1
23.9,38,2.9,63,0
26.7,86,9.9,100,1
42.1,85,11.8,16,1
28.8,47,27.9,27,0
36.7,99,1.4,60,1
22.4,87,27.6,38,1
29.0,18,6.9,26,0
41.0,23,23.4,10,0
23.8,91,1.3,100,1
23.5,51,1.3,94,0
30.8,41,9.5,94,1
26.1,82,27.2,79,1
19.4,95,5.4,58,1
21.5,46,14.2,6,0
42.8,32,22.3,21,0
33.7,31,12.3,99,1
27.9,79,6.6,49,1
20.4,71,20.8,30,0
22.4,23,28.5,1,0
36.4,67,15.9,75,1
25.6,24,9.4,61,0
41.8,91,27.2,27,0
34.9,62,5.7,39,0
27.0,30,25.9,15,0
42.4,74,19.7,47,0
32.9,65,17.0,69,0
43.2,68,28.7,59,0
23.7,77,8.2,41,1
38.7,24,26.5,44,0
21.8,67,2.9,77,1
42.4,100,7.1,8,0
42.1,74,12.7,93,1
23.2,71,6.9,39,1
18.7,18,9.1,66,0
26.0,62,8.6,95,1
18.3,100,22.1,12,1
33.4,96,26.2,72,1
29.0,35,26.9,35,0
30.3,44,11.4,91,0
43.5,44,4.8,77,0
37.7,39,3.1,65,0
28.8,98,3.4,85,1
21.1,46,18.3,15,0
32.3,54,16.5,45,0
25.3,54,18.9,16,0
36.2,60,22.9,93,1
33.1,92,23.2,87,1
32.8,21,21.5,83,0
20.3,58,29.1,98,0
45.0,89,4.9,15,0
26.2,43,19.9,62,0
38.5,43,18.9,56,0
22.9,52,21.1,39,0
40.1,71,2.5,100,1
27.6,35,29.2,72,1
43.4,70,21.8,55,0
29.4,39,2.1,65,0
25.1,55,21.8,73,1
18.5,99,9.9,11,1
20.4,98,6.0,53,1
20.7,53,25.8,71,0
18.3,66,17.7,35,0
26.5,17,22.9,11,0
34.1,65,24.4,78,1
24.7,77,15.4,34,1
40.8,32,24.8,25,0
37.2,41,17.9,48,0
18.1,70,20.0,33,1
39.9,17,29.7,48,0
38.2,52,23.6,52,0
43.0,20,11.7,78,0
35.7,87,15.1,3,0
28.5,37,6.5,32,0
21.8,48,5.4,49,0
24.2,69,10.7,99,1
27.9,41,4.1,16,0
34.8,26,10.6,16,0
41.3,47,7.0,73,0
32.5,27,17.7,47,0
33.6,45,4.1,50,0
25.3,80,5.0,52,1
35.4,29,24.9,2,0
35.6,85,19.3,72,1
42.6,15,28.2,57,0
35.6,25,11.7,1,0
20.0,49,4.8,43,0
26.7,20,3.5,95,0
19.2,30,25.0,94,0
20.4,64,2.5,77,1
30.7,22,0.8,24,0
30.9,84,20.7,46,0
20.4,94,11.0,19,1
32.6,24,25.2,14,0
41.1,58,12.8,69,0
31.5,84,0.3,7,0
22.6,32,22.1,83,0
28.4,82,14.5,92,1
41.9,97,20.1,74,1
43.5,34,22.8,84,0
30.9,67,22.2,6,0
30.7,62,10.6,39,0
41.7,51,27.8,56,0
42.6,78,22.7,36,0
33.1,67,3.6,67,0
20.8,53,29.2,37,0
19.9,24,15.2,80,1
35.4,59,0.1,24,0
37.1,81,18.9,15,1
21.5,44,12.6,51,0
38.0,52,11.9,21,0
29.4,99,29.3,55,1
27.9,96,26.1,45,1
30.4,33,27.1,75,0
42.1,15,4.3,77,0
19.3,52,23.2,88,1
29.9,22,6.2,19,0
38.7,94,24.0,34,0
37.3,89,17.4,68,1
23.3,50,1.4,2,0
44.0,71,13.7,51,0
28.1,72,7.3,15,0
42.7,85,20.4,28,0
38.9,64,6.8,8,0
44.6,49,0.9,46,0
42.5,92,5.2,69,1
26.5,93,25.3,29,1
22.0,18,11.2,77,1
41.2,39,18.7,99,1
33.2,66,5.5,43,0
36.0,93,29.1,64,1
38.8,36,19.2,4,0
39.0,65,4.2,78,1
44.2,62,5.9,18,0
29.1,49,8.7,75,1
26.5,36,5.3,62,0
21.7,78,28.9,32,1
20.3,24,15.1,29,0
25.6,26,26.2,62,0
25.0,97,1.6,77,1
36.4,37,29.5,58,0
30.4,43,13.2,98,1
29.2,30,26.1,46,0
35.8,39,5.1,19,0
44.6,71,17.9,51,1
20.7,95,21.7,12,1
20.0,30,25.8,39,0
41.1,52,21.3,64,0
42.2,69,15.8,63,0
33.5,57,10.0,42,0
37.4,15,29.8,78,0
31.8,99,27.0,28,1
18.7,44,19.4,71,1
24.7,54,11.5,70,1
20.7,96,22.4,22,0
42.9,54,15.0,85,1
20.1,77,11.1,10,1
22.9,49,9.5,96,1
36.3,61,29.4,52,0
18.6,56,6.7,29,0
20.5,33,4.7,22,0
30.1,44,10.0,92,0
20.2,50,24.8,29,0
41.1,30,26.6,83,0
22.6,92,13.2,13,1
30.3,86,9.8,5,0
36.4,29,4.7,38,0
29.2,42,21.8,61,0
29.8,83,27.9,33,0
31.3,77,21.4,50,1
19.2,55,8.2,54,0
27.4,96,20.6,45,0
37.7,65,24.7,74,1
39.0,15,1.6,53,0
24.7,29,17.3,16,0
38.0,16,22.8,28,0
18.1,68,6.1,40,1
26.6,88,13.6,13,1
36.9,72,8.2,26,0
43.7,69,6.2,12,0
28.3,18,16.8,50,0
38.0,18,4.9,41,0
19.5,27,16.3,8,0
33.7,76,27.4,36,0
21.9,88,11.0,18,1
30.6,100,14.9,63,1
40.7,86,16.1,78,1
36.7,55,7.0,82,0
21.3,45,27.8,74,0
24.9,69,16.9,92,1
42.3,60,14.6,54,1
33.3,98,0.9,71,1
33.8,78,18.4,36,1
28.0,27,6.1,81,1
27.5,85,5.3,87,1
39.1,59,28.4,75,0
20.2,33,3.8,83,0
31.6,17,2.8,67,0
43.6,63,5.3,86,1
24.4,46,25.5,89,0
22.8,91,19.4,41,1
25.0,82,3.0,31,1
25.2,44,12.3,59,0
39.0,48,17.9,27,0
33.8,79,18.8,54,1
42.1,100,17.6,94,1
25.3,62,12.6,46,0
33.7,78,13.5,62,1
18.5,34,5.4,33,0
41.1,44,0.2,23,0
24.0,80,20.8,58,1
34.0,69,10.9,74,1
31.3,59,13.5,43,0
21.0,24,18.6,40,0
42.7,31,2.4,24,0
38.8,47,5.8,58,0
42.5,16,18.2,19,0
25.2,35,17.3,18,0
22.3,92,13.9,40,1
36.7,22,8.0,7,0
37.5,59,29.1,91,0
42.2,96,18.8,75,1
36.2,78,28.5,16,0
28.0,100,23.1,12,1
39.1,83,12.8,90,1
21.7,78,8.3,71,1
39.9,67,14.1,37,0
22.6,84,9.8,90,1
37.8,31,29.9,52,0
31.9,74,12.7,3,0
26.4,70,24.1,48,0
28.8,100,13.6,44,1
29.0,24,29.1,44,0
40.4,35,1.2,46,0
20.4,54,6.0,11,0
34.9,34,17.4,67,0
43.6,52,4.9,33,0
34.2,74,8.6,41,0
33.1,48,17.5,45,0
18.4,78,4.7,9,1
40.1,76,16.0,62,1
33.8,40,22.4,63,0
29.7,17,20.2,18,0
37.0,38,27.0,80,0
34.4,80,24.8,20,0
41.6,24,8.1,67,0
20.7,92,5.0,31,1
37.3,20,29.7,99,0
31.0,15,23.6,62,0
29.6,55,11.3,55,0
42.7,65,29.2,85,1
21.8,17,8.0,43,0
37.3,92,6.8,86,1
26.8,95,6.2,43,1
30.7,61,19.4,55,0
25.6,24,11.6,88,1
24.9,32,26.1,87,0
24.6,32,16.1,94,1
19.3,59,7.1,82,1
25.6,86,5.1,57,1
42.3,36,22.5,95,0
39.8,23,13.2,62,0
23.3,68,25.9,94,1
40.0,52,29.5,36,0
22.3,33,0.1,60,0
33.4,82,9.1,60,1
20.4,95,28.6,83,1
38.5,51,12.8,43,0
24.3,22,2.3,4,0
26.3,34,5.7,36,0
20.0,82,6.5,7,1
25.1,49,21.6,61,0
28.9,76,28.8,55,1
27.1,33,16.2,13,0
21.9,19,7.4,97,1
31.8,54,4.4,39,0
36.1,46,18.5,77,0
18.3,39,15.2,93,1
33.5,54,0.4,94,0
34.4,38,15.5,35,0
18.4,33,23.3,86,0
34.9,59,26.9,69,0
31.4,67,12.7,41,0
25.9,52,21.6,85,0
19.2,20,16.2,42,0
42.0,53,19.3,86,0
25.6,78,28.6,60,1
21.6,44,14.6,91,1
20.4,39,24.7,62,0
29.8,77,30.0,53,1
30.8,91,25.1,72,1
26.9,59,20.4,79,1
25.2,48,25.1,51,0
23.2,31,1.5,39,0
24.6,51,6.8,7,0
23.2,68,17.4,23,0
42.7,17,25.4,42,0
40.8,35,2.3,40,0
30.5,24,0.5,10,0
38.6,85,23.4,53,0
26.1,25,9.4,36,0
26.0,35,21.6,53,0
19.0,49,3.4,74,0
32.6,16,20.5,12,0
24.4,23,28.7,28,0
28.5,85,24.7,13,1
20.5,48,5.2,41,0
36.3,35,16.7,74,0
36.3,69,27.0,92,1
22.8,15,23.6,17,0
19.8,77,19.3,62,1
43.5,93,15.4,61,1
33.0,67,17.0,4,0
22.4,50,24.6,51,0
19.5,83,19.1,66,1
30.8,75,12.1,23,1
39.2,51,23.3,98,0
27.3,18,12.2,28,0
26.1,16,22.0,7,0
40.0,45,3.6,88,0
32.4,93,21.4,7,1
40.6,18,12.1,7,0
31.8,38,10.0,98,1
21.0,51,1.1,92,1
38.2,54,29.1,69,0
34.6,78,23.9,43,0
43.2,93,22.5,28,0
31.2,53,6.9,10,0
40.8,26,21.3,1,0
23.0,19,14.8,75,1
24.6,54,26.8,4,0
31.1,64,23.8,9,0
42.6,34,28.2,95,0
25.9,29,23.3,30,0
34.2,89,7.9,83,1
33.8,52,3.0,5,0
33.8,74,24.6,97,1
33.9,64,14.4,97,1
32.6,91,6.3,62,1
21.0,31,18.8,8,0
26.6,15,22.3,26,0
35.0,15,29.3,45,0
32.2,61,6.4,70,1
19.3,71,10.6,67,1
25.6,30,18.3,19,0
18.4,35,10.5,89,1
29.5,54,27.5,16,0
20.6,26,4.8,36,0
38.8,76,12.3,99,1
24.8,75,24.5,13,1
35.8,83,15.4,44,1
27.3,72,13.1,23,0
32.5,75,9.6,65,1
26.0,69,2.3,86,1
19.6,85,14.8,62,1
43.6,46,4.3,2,0
28.2,64,23.8,1,0
35.7,53,6.8,58,0
32.6,16,27.6,23,0
31.8,98,3.1,56,1
27.4,83,2.4,74,1
38.3,36,24.4,58,0
18.8,95,16.4,100,1
43.7,73,5.4,50,0
20.2,81,16.3,12,1
34.1,85,24.7,71,1
42.7,98,18.3,49,1
32.4,94,7.9,49,0
40.6,39,28.2,18,0
32.5,89,22.1,36,1
42.0,82,16.3,51,1
36.5,33,26.6,74,0
38.2,36,4.2,1,0
25.1,96,2.8,31,0
29.0,95,1.8,28,1
36.1,99,9.8,89,1
41.4,54,24.3,26,0
43.3,44,18.1,0,0
43.9,62,29.3,19,0
36.0,75,2.8,100,1
28.9,46,4.6,36,0
29.1,83,21.3,59,1
20.7,41,19.5,89,1
30.5,16,20.4,38,0
20.1,21,23.3,47,0
43.0,88,20.0,77,1
36.6,30,12.9,70,1
40.8,74,16.0,17,0
36.6,35,12.7,81,0
19.4,64,6.9,84,1
27.9,97,28.3,65,1
21.8,18,26.7,48,0
18.1,38,20.8,48,0
38.6,72,23.3,83,0
38.2,73,1.2,98,1
41.6,22,19.0,89,0
29.5,76,1.7,11,1
30.3,22,29.3,76,0
18.9,69,18.4,2,0
39.8,97,23.2,38,0
18.7,78,15.6,19,1
34.7,29,22.3,29,0
42.3,65,28.0,25,0
19.6,97,29.6,30,1
36.1,46,5.9,36,0
30.9,92,15.2,3,1
30.8,49,15.8,34,0
34.6,44,4.7,10,0
41.5,30,10.9,4,0
32.7,86,20.2,52,1
33.1,82,2.6,11,0
20.6,16,29.2,26,0
34.1,47,5.1,48,0
40.0,87,28.7,47,0
30.4,80,19.6,100,1
42.3,94,9.3,87,1
18.5,89,13.7,76,1
22.8,75,3.6,79,1
44.4,74,28.0,84,1
31.9,58,10.0,10,0
24.4,16,7.2,21,0
28.4,59,12.3,16,0
39.5,81,14.6,53,1
25.1,80,11.0,19,1
39.6,63,3.1,63,0
25.7,54,16.9,4,0
23.8,76,13.9,64,1
43.0,74,22.2,87,1
32.9,58,22.9,38,0
33.8,85,9.2,18,1
23.5,33,10.9,100,1
24.3,83,11.1,66,1
19.7,25,8.7,72,1
24.5,55,21.3,7,0
42.2,24,15.7,86,0
24.3,64,8.1,29,0
34.0,33,23.3,6,0
34.4,24,19.5,40,0
31.3,62,29.6,36,0
36.0,53,25.1,90,0
44.4,25,12.1,45,0
25.7,98,5.1,46,1
34.7,21,0.6,44,0
33.9,64,15.0,25,0
37.5,39,11.7,36,0
28.0,98,6.1,50,1
41.7,21,1.2,92,0
25.2,80,5.4,53,1
38.7,70,29.2,41,0
18.2,19,13.7,24,0
18.3,58,12.0,65,0
24.7,93,6.0,75,1
40.0,76,16.0,85,1
40.9,22,25.4,12,0
27.8,48,7.6,19,0
43.3,30,17.3,75,0
32.4,90,8.1,8,1
23.8,83,23.3,72,1
33.1,35,25.4,81,0
36.0,32,3.9,78,0
32.3,44,16.0,75,0
22.7,22,0.1,0,0
43.3,84,18.7,40,0
37.6,36,21.8,86,0
26.4,44,21.4,76,0
38.7,34,9.3,12,0
41.3,50,16.7,96,1
33.3,84,15.6,75,1
42.5,46,3.4,71,0
25.7,48,18.6,2,0
24.2,42,29.6,85,0
34.3,100,15.8,45,1
29.9,27,9.7,11,0
38.2,71,3.2,60,0
39.9,81,16.4,82,1
41.9,92,5.1,23,1
27.3,97,9.7,26,1
19.7,71,6.3,89,1
40.0,91,16.4,52,1
34.3,57,29.4,86,0
42.8,18,20.7,40,0
36.0,32,23.5,55,0
37.6,51,24.0,82,0
30.8,79,0.6,18,0
35.1,28,11.8,79,0
28.4,89,8.2,3,1
36.2,81,29.9,99,1
41.8,98,6.4,59,1
32.7,45,5.5,80,0
38.3,19,4.2,0,0
24.6,80,23.3,33,1
42.9,30,18.8,68,0
44.4,36,26.0,64,0
44.2,76,25.9,98,1
36.1,68,7.8,44,0
21.1,40,27.3,74,1
29.2,69,11.3,44,0
32.9,47,16.3,86,1
40.5,32,4.2,54,0
38.3,52,21.9,57,0
28.2,26,14.7,53,0
18.4,79,19.3,69,1
27.4,71,23.9,45,0
26.6,95,14.3,83,1
33.3,49,3.5,80,0
30.4,53,24.4,90,0
18.5,95,18.3,29,1
38.5,57,24.2,82,0
41.7,62,26.2,45,0
38.2,27,25.2,71,0
21.8,68,12.0,37,0
44.0,46,9.9,35,0
36.0,15,22.6,73,0
24.0,42,6.9,12,0
30.3,48,26.1,63,0
37.4,72,11.9,25,0
37.7,64,12.0,36,0
27.4,90,4.9,20,1
44.8,61,14.0,68,0
33.0,33,15.6,81,1
34.7,60,16.3,71,1
20.6,80,13.7,72,1
23.3,86,22.6,43,0
37.9,72,2.2,64,0
36.6,48,7.1,94,0
38.8,35,1.7,51,0
40.3,66,13.6,43,0
34.9,18,20.8,6,0
19.0,92,12.0,47,1
19.0,69,29.9,37,0
20.9,58,0.1,39,0
20.1,71,17.3,24,0
34.9,99,5.4,59,1
21.3,63,10.4,47,1
44.2,73,26.1,49,0
25.2,67,4.6,38,0
44.6,28,8.9,20,0
37.3,54,2.0,20,0
39.8,17,8.0,59,0
24.8,16,6.0,56,0
26.7,54,19.5,44,0
26.3,34,27.8,86,0
40.3,17,28.2,22,0
21.2,65,12.8,84,1
44.2,56,16.0,100,1
21.1,30,0.8,28,0
20.0,88,4.7,39,1
40.8,66,23.7,89,1
18.0,73,1.7,84,1
41.6,73,2.8,10,0
39.6,75,24.8,100,1
42.7,63,0.0,17,0
21.0,27,14.8,58,0
31.5,21,0.5,28,0
36.6,39,8.4,78,0
43.7,30,22.8,89,0
22.2,84,21.2,52,1
33.5,21,26.2,37,0
37.0,76,14.6,84,1
26.9,15,18.0,37,0
23.4,34,11.3,82,1
24.7,80,28.4,66,1
41.8,82,10.9,24,0
20.2,37,9.0,70,1
29.4,21,8.9,64,0
25.2,45,15.0,16,0
38.2,27,13.4,52,0
40.1,39,24.7,24,0
18.2,98,24.7,23,1
41.2,32,8.5,88,0
44.9,65,10.0,33,0
39.5,17,27.8,42,0
31.5,19,28.8,53,0
26.4,68,23.2,12,0
29.5,41,26.4,87,1
27.2,68,16.4,50,1
44.6,96,21.5,32,0
28.4,61,12.3,21,0
42.4,19,23.8,33,0
42.2,57,3.4,19,0
28.9,37,13.7,72,1
30.1,35,0.3,58,0
42.5,26,2.7,33,0
29.5,44,2.3,26,0
22.2,79,5.0,94,1
44.9,58,7.8,87,1
30.6,31,4.8,58,0
31.5,63,6.5,69,0
39.4,76,14.6,100,1
41.9,17,8.2,79,0
35.0,62,21.1,47,0
20.8,65,24.8,65,0
36.2,85,6.6,1,1
30.1,72,28.7,66,0
29.2,25,14.3,77,1
32.2,57,12.9,73,0
25.9,89,27.1,82,1
37.2,81,14.9,38,0
20.7,65,10.8,2,1
34.6,58,23.3,15,0
26.1,24,25.5,15,0
40.1,74,13.0,9,0
33.8,59,21.2,31,0
21.6,15,6.7,51,0
27.6,69,9.9,33,0
21.6,50,28.8,4,0
18.4,89,12.3,92,1
40.4,33,11.9,45,0
21.9,36,29.3,26,0
32.8,20,21.8,85,0
34.4,87,27.8,64,1
20.3,95,12.9,48,1
35.0,34,16.6,96,1
37.7,88,12.1,82,1
35.8,95,20.0,61,1
21.8,90,13.2,10,1
41.7,76,3.9,84,1
39.7,42,25.9,18,0
42.2,52,12.2,15,0
36.2,36,13.3,8,0
44.2,25,11.6,6,0
35.8,40,16.5,94,0
28.7,76,21.1,5,0
29.4,30,0.8,94,1
19.3,91,27.5,39,1
31.9,35,16.0,46,0
40.8,27,26.7,90,0
38.1,19,27.7,73,0
41.6,73,24.7,56,0
24.9,96,10.9,40,1
39.0,50,24.5,45,0
27.9,78,25.5,32,1
31.6,45,16.0,52,0
28.5,31,26.2,68,0
19.5,94,9.6,33,1
40.2,43,16.5,19,0
20.5,31,2.1,68,0
43.4,91,11.4,1,1
32.5,80,6.2,70,1
23.8,82,20.6,5,0
19.4,80,26.6,81,1
18.6,62,21.9,72,1
43.3,48,21.4,97,0
30.5,21,28.5,78,0
38.9,87,9.7,20,0
40.2,46,25.8,52,0
21.6,16,1.3,19,0
38.5,43,4.8,15,0
26.7,69,4.6,73,1
35.7,19,9.4,53,0
24.7,85,23.9,57,1
34.3,49,4.7,87,0
34.0,65,21.2,32,0
33.2,87,22.4,11,0
25.1,90,1.0,25,1
30.9,38,16.9,35,0
18.5,100,28.6,9,1
19.8,84,15.2,25,1
25.5,100,14.2,45,1
41.4,63,8.0,48,0
41.3,83,11.9,42,1
32.1,47,11.8,44,0
21.4,76,2.8,7,1
23.5,61,22.1,88,1
43.2,17,4.6,38,0
34.2,28,9.7,59,0
29.5,35,26.1,73,1
22.0,50,23.6,28,0
20.6,33,18.5,55,0
22.6,24,11.1,83,1
42.4,22,25.0,46,0
27.1,59,29.3,76,0
42.7,49,15.4,44,0
35.1,67,28.6,41,0
29.2,79,20.1,54,1
31.8,44,5.0,30,0
24.8,19,25.7,76,0
43.0,39,25.9,24,0
41.7,67,13.5,58,1
28.5,85,17.9,42,1
29.6,85,14.4,96,1
40.1,20,29.0,90,0
37.0,58,3.3,92,0
43.4,32,13.3,33,0
40.5,80,27.0,59,1
21.3,68,4.2,86,1
42.6,42,21.9,81,0
30.5,17,18.3,10,0
18.0,49,25.4,47,0
23.0,68,13.6,22,0
28.9,60,8.2,7,0
44.2,56,4.7,27,0
37.4,97,16.3,66,1
37.8,44,16.9,19,0
39.4,15,25.3,31,0
40.5,57,17.5,89,0
40.4,51,17.5,61,0
24.4,23,23.4,57,0
38.0,35,14.6,67,0
27.5,41,2.5,16,0
37.5,74,16.0,83,1
43.6,41,13.8,46,0
19.0,94,22.9,91,1
19.2,76,4.3,12,1
32.4,70,0.3,18,0
21.7,48,16.0,98,1
42.9,58,9.6,97,0
33.9,58,18.4,30,0
28.8,92,9.6,13,1
34.8,17,20.5,41,0
37.8,76,15.8,56,1
20.1,29,24.3,1,0
28.0,56,7.5,53,0
44.2,48,18.9,3,0
20.9,79,1.3,92,1
29.3,15,13.8,92,1
41.9,98,15.1,92,1
36.7,75,23.2,33,0
39.3,80,4.9,52,1
43.8,81,24.6,6,0
34.8,42,15.8,41,0
41.1,64,18.1,47,0
44.6,82,19.5,0,1
31.8,58,7.8,83,1
27.8,53,17.0,74,1
36.1,94,22.9,91,1
26.5,93,5.0,23,1
30.9,100,14.0,62,1
26.6,58,25.8,96,1
35.0,73,12.2,31,0
41.3,70,8.2,43,0
20.5,83,3.0,4,1
26.0,100,16.6,55,1
23.3,92,8.1,6,1
29.8,74,6.2,24,1
30.5,42,18.8,56,0
30.9,52,0.5,2,0
19.6,70,27.3,60,1
29.7,63,1.8,1,0
30.0,86,16.4,59,1
28.5,25,4.9,86,0
41.4,93,21.4,98,1
44.6,96,29.8,16,0
19.8,46,14.1,34,0
26.5,80,24.3,57,1
38.6,38,0.7,90,0
32.3,45,0.5,41,0
32.7,40,25.5,43,0
42.5,42,27.6,88,0
29.8,48,27.8,14,0
40.3,64,7.9,100,1
18.9,81,17.8,43,1
40.7,82,2.2,0,0
29.5,37,4.2,27,0
39.2,43,7.6,28,0
20.5,51,9.6,84,1
22.4,47,19.9,51,0
20.4,76,24.2,27,1
33.5,71,8.0,91,1
19.3,32,24.2,48,0
22.4,18,12.5,20,0
43.8,66,6.7,33,0
36.2,76,28.4,46,0
31.0,72,12.9,18,0
24.1,21,12.7,17,0
19.8,48,0.2,60,0
22.0,69,22.9,32,0
33.2,49,17.3,43,0
20.2,73,10.0,86,1
36.3,52,9.3,78,0
32.9,61,8.9,94,1
40.2,67,10.3,30,0
23.8,86,2.3,70,1
30.6,59,7.7,59,0
28.6,76,11.4,75,1
34.7,84,0.3,42,1
42.4,85,2.8,84,1
20.7,83,20.4,24,1
23.4,92,1.6,19,1
31.7,52,16.7,45,0
24.2,90,10.6,51,1
42.6,42,13.8,75,0
34.2,66,1.8,29,0
33.6,72,8.3,93,1
29.0,38,20.8,73,1
23.8,47,13.2,21,0
41.3,34,1.1,13,0
27.5,66,2.5,100,1
19.8,18,6.2,42,0
38.8,35,15.8,83,1
29.9,26,10.3,38,0
21.0,79,12.1,55,1
44.0,82,10.9,26,0
24.0,71,14.5,20,0
23.9,39,18.0,30,0
40.3,16,14.0,62,0
36.2,80,28.0,29,0
40.8,95,20.2,47,0
37.4,49,0.4,19,0
26.6,29,9.3,98,1
29.5,33,28.9,44,0
37.0,51,21.9,52,0
39.9,45,27.1,78,0
44.1,21,15.6,45,0
44.5,77,2.8,37,0
19.0,63,8.8,60,1
24.2,49,3.1,14,0
30.6,40,3.8,47,0
43.4,43,25.5,43,0
41.6,47,24.2,95,0
37.2,70,27.5,60,0
31.4,41,19.2,57,0
22.8,20,14.2,55,0
39.1,99,13.5,39,0
30.3,38,18.4,82,1
31.6,41,13.9,29,0
34.4,70,23.8,95,1
27.3,51,6.3,24,0
25.8,37,17.0,4,0
43.9,94,17.4,83,1
35.9,91,3.9,0,0
40.0,58,23.1,39,0
42.8,68,28.2,16,0
34.6,71,5.3,28,0
39.8,66,19.1,19,0
40.7,28,12.5,88,1
33.8,80,4.3,17,1
25.6,67,29.3,86,1
41.7,68,6.7,19,0
30.4,54,1.6,88,0
27.9,38,15.8,71,1
42.4,78,7.8,99,1
28.6,55,26.7,78,1
23.5,54,0.8,69,0
36.7,40,1.3,92,0
37.3,81,18.0,90,1
37.4,78,6.1,96,1
20.5,98,20.8,66,1
26.2,43,0.7,100,1
26.7,37,25.7,19,0
21.1,68,14.2,95,1
32.3,98,28.6,11,1
41.9,48,6.5,71,0
31.3,26,13.9,32,0
20.5,20,9.8,91,1
20.8,72,26.6,40,0
35.5,25,2.6,1,0
21.7,50,26.8,26,0
30.3,48,14.0,70,1
38.3,99,25.8,16,0
32.6,24,2.3,57,0
31.2,18,1.9,55,0
39.3,58,4.4,5,0
39.2,19,3.5,57,0
23.2,74,27.6,72,1
32.7,24,29.0,87,0
31.0,24,25.2,1,0
40.6,29,8.4,77,0
28.5,73,1.3,76,1
20.0,71,27.6,47,0
27.7,91,2.5,87,1
36.8,65,25.1,98,1
31.9,87,1.6,41,0
34.3,69,21.5,74,1
35.7,61,29.6,40,0
45.0,81,5.5,17,1
37.1,64,13.0,28,0
18.1,55,4.2,17,0
29.1,22,4.2,84,1
34.0,67,3.5,42,0
19.8,35,25.2,61,0
32.5,66,27.0,47,0
21.9,43,2.9,26,0
44.6,82,8.1,2,1
31.6,17,8.0,59,0
26.4,74,12.8,34,0
34.1,51,21.1,41,0
28.0,91,3.6,39,1
32.6,88,7.1,72,1
38.5,83,26.6,27,1
18.0,58,0.6,25,0
41.1,55,10.9,13,0
38.2,34,19.6,67,0
43.5,82,20.5,63,1
44.7,73,25.3,61,0
23.0,35,7.4,33,0
33.6,72,26.2,71,1
38.6,76,24.9,45,0
24.9,70,29.6,13,0
44.2,27,0.1,89,0
33.5,21,1.4,52,0
32.9,41,20.7,27,0
31.4,82,10.1,83,1
21.1,17,20.9,30,0
36.3,84,24.2,12,0
25.9,48,26.6,79,0
24.5,15,2.1,91,1
39.7,62,23.1,64,0
42.4,68,28.4,17,0
37.2,42,5.6,35,0
36.8,32,24.2,15,0
30.8,64,9.9,59,1
23.3,51,28.5,74,0
32.8,56,4.0,26,0
18.4,78,2.9,18,1
41.8,88,19.7,69,1
21.2,42,24.7,73,0
38.8,80,28.6,68,1
27.3,90,11.2,77,1
26.4,73,17.2,89,1
31.9,99,4.8,23,0
39.0,93,3.0,4,0
43.0,60,24.7,27,0
25.1,28,23.1,70,1
36.4,18,22.0,60,0
29.7,50,3.7,89,0
29.3,57,0.6,51,0
40.1,88,18.0,35,0
42.7,47,22.5,59,0
28.8,23,18.0,50,1
20.1,48,26.6,3,0
31.3,72,12.8,95,1
33.3,43,26.8,18,0
37.3,32,18.1,79,0
41.5,23,5.6,24,0
35.3,73,1.5,19,0
30.0,98,7.6,98,1
36.6,93,26.0,98,1
29.8,27,27.2,100,0
29.5,28,29.0,92,0
19.1,80,22.6,17,1
34.1,99,19.2,87,1
30.8,51,14.4,78,0
42.1,82,27.8,13,0
40.2,67,5.2,17,0
39.3,27,9.7,12,0
24.3,100,19.9,28,1
24.5,45,23.2,85,0
44.1,84,8.2,25,0
20.7,64,28.9,82,1
21.3,52,21.1,39,0
23.0,35,13.2,66,0
42.4,53,3.0,12,0
38.3,100,9.9,42,0
36.1,19,0.0,26,0
40.9,35,20.2,22,0
26.9,43,14.0,25,0
36.8,32,19.1,73,0
44.6,47,3.3,71,0
44.9,37,2.9,3,0
18.1,90,13.1,12,1
40.6,27,24.9,76,0
19.0,29,24.0,8,0
18.2,43,14.0,95,1
28.0,63,29.2,15,0
21.4,18,19.5,95,1
43.4,17,2.2,23,0
33.4,87,24.3,66,1
30.7,84,9.2,63,1
27.9,63,21.5,21,0
23.3,40,6.7,31,0
30.4,34,2.1,24,0
40.9,73,24.6,33,0
44.7,68,10.7,62,0
33.1,74,8.0,22,0
39.9,72,20.9,73,1
38.0,67,27.7,15,0
39.0,21,8.8,70,1
30.4,82,24.1,87,1
24.6,73,16.3,5,1
20.4,38,3.0,96,0
25.4,97,13.4,63,1
34.7,67,6.7,85,1
42.1,43,0.5,83,0
24.7,25,25.9,71,1
34.4,72,29.2,69,0
35.9,55,20.3,16,0
30.6,16,28.5,35,0
21.8,37,6.8,75,1
36.3,46,15.6,20,0
43.5,46,12.9,88,0
40.9,43,19.1,24,0
30.1,58,28.1,27,0
29.3,66,25.1,8,0
43.7,16,4.4,60,0
32.9,47,0.5,80,0
20.3,33,29.8,10,0
27.0,62,20.0,64,1
34.9,84,26.2,14,0
31.0,34,20.4,77,0
18.7,68,18.8,66,1
30.3,82,22.5,98,1
44.8,50,2.2,47,0
36.7,99,27.2,48,0
34.3,81,17.5,30,1
37.1,45,16.3,93,0
24.2,80,26.2,26,1
43.6,23,18.1,39,0
26.6,47,6.5,83,1
31.8,19,5.9,47,0
34.4,97,9.5,36,1
32.1,55,27.5,73,0
40.3,37,0.9,89,0
24.6,24,11.5,38,0
32.5,83,5.8,5,1
30.2,70,20.1,85,1
29.7,42,29.9,76,0
37.4,18,16.9,70,0
42.3,24,22.8,90,0
28.1,61,21.3,78,1
32.9,99,18.8,41,1
18.7,86,21.9,12,1
33.1,22,21.2,13,0
19.1,58,2.5,57,0
39.1,24,21.4,36,0
23.1,67,24.9,29,0
42.4,24,8.8,37,0
30.0,16,15.7,24,0
37.1,51,10.9,78,0
39.0,26,18.1,10,0
26.2,98,24.8,26,1
21.9,68,5.2,48,1
44.4,61,1.2,44,0
26.9,99,2.4,12,1
38.7,80,15.3,66,1
27.3,21,24.5,91,1
27.5,40,7.9,95,1
42.2,66,13.1,77,1
19.6,54,14.9,10,0
44.0,74,24.0,27,0
19.0,38,17.6,22,0
35.4,47,26.9,91,0
25.5,22,19.5,3,0
41.5,54,3.1,74,0
43.8,21,27.3,36,0
23.6,74,19.5,94,1
34.7,31,26.3,23,0
40.8,99,17.8,24,0
36.9,34,0.4,55,0
20.7,38,26.3,75,0
21.6,56,24.7,86,1
32.5,100,6.6,80,1
22.1,85,22.0,32,1
44.7,51,2.1,82,0
41.9,22,12.0,14,0
43.3,46,24.9,46,0
22.1,93,27.1,31,0
31.1,82,8.7,12,0
26.6,90,24.9,90,1
25.7,54,19.3,52,0
23.4,62,27.3,49,0
43.3,64,25.2,83,0
29.8,36,4.7,71,0
18.8,55,4.0,65,0
37.8,58,8.9,100,0
25.3,87,21.3,73,1
37.6,29,8.1,3,0
32.1,27,10.7,81,0
37.8,16,5.8,62,0
34.3,32,23.7,34,0
38.4,90,10.9,3,1
39.2,56,29.2,65,0
31.4,87,28.5,16,0
26.0,43,17.5,78,1
36.1,21,5.1,5,0
40.1,87,17.7,12,0
18.7,80,16.0,70,1
43.5,83,23.7,93,1
43.9,17,15.7,66,0
32.0,75,4.0,74,1
26.2,38,13.8,77,1
21.8,23,15.1,95,1
30.3,45,21.1,58,0
24.3,61,16.1,42,1
29.6,20,22.7,42,0
32.2,24,6.0,53,0
39.5,50,2.5,72,0
26.0,80,23.9,56,1
32.4,81,17.7,15,0
26.1,30,3.6,98,1
41.2,31,25.4,12,0
25.5,52,11.1,54,0
41.8,52,1.5,9,0
23.7,25,2.4,11,0
23.2,16,3.3,77,1
34.9,90,5.2,54,1
43.9,84,15.5,8,1
30.6,42,8.7,31,0
21.4,73,29.1,66,0
30.9,64,10.2,41,0
42.6,33,7.5,78,0
22.5,61,17.2,6,0
33.8,68,10.3,52,1
30.0,58,6.2,18,0
37.1,89,4.2,48,0
33.6,29,8.4,13,0
34.7,35,22.9,15,0
19.5,79,23.9,79,1
30.0,82,6.1,69,1
25.6,93,1.7,81,1
41.5,96,4.5,33,0
19.1,38,11.8,75,1
36.5,56,9.7,22,0
37.0,65,23.9,0,0
40.5,57,9.8,7,0
44.0,33,16.0,98,0
21.2,44,17.4,94,1
33.1,53,23.9,68,0
26.8,35,9.6,50,0
37.7,71,4.3,21,0
32.8,37,11.6,9,0
29.7,58,5.3,3,0
18.3,51,23.6,12,0
39.7,48,0.7,81,0
43.2,39,5.5,46,0
24.6,80,19.7,59,1
29.0,61,6.0,15,0
31.9,94,21.4,67,1
23.6,83,1.3,64,1
19.0,83,3.2,63,1
39.1,33,27.9,42,0
31.3,90,21.7,89,1
34.3,92,22.4,36,0
44.8,23,23.3,94,0
32.6,96,15.0,54,1
18.6,65,22.3,75,1
42.9,87,11.7,7,1
38.1,66,24.3,69,0
24.8,87,22.4,6,1
34.8,19,12.5,35,0
39.2,37,16.2,3,0
23.2,81,25.2,66,1
30.9,35,23.9,26,0
25.8,78,6.9,32,1
19.6,37,8.1,57,0
21.7,73,11.0,40,0
25.2,64,27.0,76,1
26.6,61,16.4,96,1
18.8,60,29.6,6,0
21.0,40,12.5,45,0
44.4,86,7.2,99,1
43.0,43,3.6,94,0
30.2,27,28.3,42,0
43.1,38,10.7,5,0
29.9,97,3.4,82,1
31.1,69,26.2,8,0
43.3,34,5.3,71,0
20.9,80,13.3,1,1
20.3,81,5.9,8,1
26.0,37,1.3,44,0
22.5,82,28.2,34,1
43.2,79,18.5,25,0
21.7,15,20.5,64,0
26.2,15,9.8,32,0
33.4,41,19.8,97,1
29.2,39,18.6,100,1
25.9,94,9.6,11,1
41.2,71,24.5,36,0
25.6,73,26.6,44,0
39.7,72,3.2,73,0
26.2,65,10.5,80,1
21.9,20,7.1,60,0
39.0,34,29.4,51,0
23.6,53,28.9,64,0
40.5,29,21.9,99,0
20.6,95,13.1,19,1
35.5,60,4.1,58,0
19.7,94,29.9,47,1
24.8,84,13.1,36,1
19.8,67,11.1,24,0
35.6,80,2.0,81,1
29.8,84,8.1,7,1
44.6,45,20.2,53,0
38.5,24,20.7,73,0
20.5,62,28.1,11,0
38.9,94,17.1,69,1
35.0,91,6.7,60,1
26.8,22,10.4,20,0
39.3,23,16.9,41,0
36.4,72,28.6,72,0
23.1,60,1.6,47,0
28.1,26,2.6,31,0
23.3,54,4.6,59,0
25.4,17,13.8,13,0
20.5,49,29.6,31,0
38.8,58,21.6,65,0
23.0,68,27.5,46,0
29.2,48,16.5,81,1
22.2,93,4.6,74,1
21.6,20,23.9,64,0
31.0,80,28.0,2,0
34.1,95,18.8,1,0
27.2,33,13.9,95,1
25.6,93,4.1,52,1
38.2,33,25.0,23,0
38.0,99,1.1,17,0
20.9,63,3.0,83,1
41.1,30,21.1,45,0
32.2,66,0.8,70,1
44.0,84,27.0,58,1
34.5,53,6.0,4,0
23.2,37,26.7,40,0
21.8,35,24.7,94,1
29.8,86,7.9,36,1
18.0,86,1.2,95,1
32.8,22,26.4,92,0
34.5,22,24.6,86,0
33.8,62,15.6,80,1
27.7,62,2.9,10,0
44.1,48,18.3,40,0
21.3,22,17.0,52,0
40.6,92,4.5,38,0
31.1,54,17.3,29,0
31.3,91,8.1,50,1
35.8,18,21.9,6,0
40.0,57,25.4,58,0
39.0,71,21.5,37,0
43.1,98,10.8,53,1
42.5,52,21.4,17,0
28.9,70,5.4,93,1
33.8,77,16.7,57,1
42.7,64,25.9,70,0
34.3,53,21.5,69,0
18.2,63,9.6,21,0
24.8,73,9.9,85,1
33.8,85,19.6,45,0
18.4,16,15.5,73,1
22.1,20,17.0,72,1
20.7,100,18.4,90,1
35.2,50,11.2,91,0
19.7,75,6.9,83,1
23.4,93,20.7,8,1
37.4,56,17.4,97,0
36.3,16,19.5,66,0
37.6,81,28.4,15,0
40.0,84,12.8,67,1
22.9,91,16.9,25,1
29.4,32,22.4,59,0
29.5,81,3.7,73,1
39.4,59,12.8,4,0
36.0,83,3.9,28,0
28.3,92,8.9,1,1
33.4,88,25.7,31,0
43.0,31,15.8,8,0
33.0,41,25.1,36,0
27.2,75,11.5,31,1
34.5,95,24.9,100,1
40.6,74,19.5,62,0
21.2,15,15.3,88,1
37.8,60,10.6,18,0
35.4,70,3.6,14,0
19.3,77,17.8,23,1
36.7,94,23.8,87,1
35.4,43,8.6,41,0
26.5,72,24.3,91,1
33.6,61,26.3,23,0
23.7,72,27.3,62,0
41.9,20,13.0,84,1
30.4,56,26.9,43,0
28.3,39,4.9,2,0
30.7,83,6.0,76,1
38.4,71,9.7,63,1
25.3,60,29.4,1,0
25.2,19,20.3,72,0
44.9,89,26.7,33,0
39.3,67,15.1,65,0
27.4,85,7.4,48,1
22.8,89,21.3,39,1
29.0,17,8.0,42,0
38.4,52,11.0,77,1
34.1,90,22.8,68,1
21.8,15,29.7,44,0
40.4,93,12.5,6,0
24.5,53,12.8,50,0
19.6,96,17.0,39,1
33.5,81,10.8,39,0
28.6,21,4.8,11,0
30.1,44,18.7,42,0
44.4,18,20.5,13,0
31.0,89,19.2,59,1
21.9,81,2.0,13,0
44.9,68,1.6,11,0
30.2,29,20.3,31,0
33.3,56,2.4,86,0
28.2,54,23.2,21,0
22.6,30,23.9,93,1
29.3,87,23.8,23,1
37.7,15,26.1,67,0
21.4,17,3.6,70,0
35.8,95,28.9,16,0
20.8,88,11.2,63,1
39.3,52,14.1,92,0
19.4,75,3.2,15,1
34.3,65,13.6,68,1
35.8,63,14.4,2,0
19.3,77,29.1,89,1
28.2,82,25.0,92,1
42.5,37,16.7,80,1
36.2,46,10.2,98,0
26.6,90,20.0,0,1
28.8,87,8.9,76,1
40.5,17,20.6,23,0
29.8,34,0.7,35,0
38.7,38,19.2,99,1
42.2,37,27.2,13,0
30.2,93,25.3,31,0
36.6,81,20.3,64,1
24.6,97,9.1,51,1
33.9,55,12.1,85,0
23.5,71,19.5,72,1
21.0,15,23.7,90,1
20.3,65,7.5,35,0
33.4,80,6.8,62,1
25.7,47,5.7,79,1
41.8,91,10.5,9,0
38.6,47,14.5,67,0
28.7,78,10.2,74,1
31.5,52,23.8,25,0
41.2,47,29.8,11,0
30.1,54,9.7,74,0
27.8,71,12.5,88,1
41.4,80,10.6,37,0
25.1,55,29.1,12,0
42.7,43,16.2,58,0
19.5,51,19.9,34,0
29.8,30,11.7,60,0
39.0,16,7.3,83,0
23.8,59,27.8,89,0
24.0,79,24.1,66,1
42.7,51,26.3,83,0
34.6,85,21.5,42,0
32.7,70,6.1,51,0
42.8,77,3.3,31,0
43.4,35,24.4,1,0
23.5,27,18.5,8,0
37.0,24,5.6,65,0
39.1,89,0.3,29,0
34.4,69,21.4,9,0
41.9,37,3.5,40,0
18.8,84,8.8,19,1
41.5,72,24.9,33,0
33.1,46,13.9,46,0
26.4,85,10.5,57,1
39.3,16,6.3,66,0
26.8,79,28.2,6,0
23.9,56,29.4,9,0
18.2,34,6.0,13,0
33.3,47,27.1,6,0
38.5,94,7.7,72,1
40.3,83,20.1,28,0
42.7,91,2.1,22,0
22.6,59,16.2,45,0
33.3,24,23.1,46,0
30.2,74,4.7,73,1
18.3,91,10.1,2,1
21.1,90,9.3,17,1
42.9,100,21.5,17,0
29.0,93,10.5,36,1
19.8,75,27.2,13,0
23.6,18,11.6,7,0
18.4,63,24.2,94,1
29.1,85,10.4,89,1
19.2,34,21.9,5,0
29.2,78,19.4,50,1
28.3,90,14.3,39,1
25.4,33,4.3,51,0
31.1,22,25.4,42,0
21.5,18,24.4,88,0
29.1,89,21.2,54,1
22.9,69,5.5,97,1
29.1,100,7.4,38,1
40.6,69,7.1,81,1
40.0,74,7.1,60,0
43.2,29,29.8,62,0
21.9,73,7.8,17,0
18.9,74,1.5,88,1
32.7,22,4.8,19,0
39.1,39,7.0,21,0
42.6,56,19.7,75,0
25.8,54,6.0,16,0
44.1,39,27.9,26,0
32.2,94,11.4,53,1
30.9,32,27.8,20,0
39.6,90,22.9,65,1
41.1,86,6.1,35,1
34.4,21,24.0,56,0
41.9,29,6.9,75,1
40.0,28,9.5,73,0
19.3,81,26.7,74,1
43.7,17,3.2,97,0
40.7,100,27.9,73,1
41.3,38,26.4,98,0
29.2,70,2.9,52,0
20.9,42,9.3,56,0
28.9,87,20.6,5,1
32.7,93,0.1,21,0
37.2,96,10.4,63,1
19.5,75,19.4,61,1
32.1,22,7.4,42,0
38.0,36,9.7,78,0
41.1,61,19.9,50,0
26.5,20,5.8,88,1
35.6,86,9.4,10,1
28.2,40,5.7,19,0
39.0,97,25.9,31,0
31.7,90,7.9,32,1
38.2,41,26.5,44,0
26.4,98,19.2,14,1
32.4,85,3.3,27,1
24.8,50,0.1,93,1
19.2,88,21.7,52,1
39.5,86,25.0,50,1
30.2,67,27.4,15,0
32.5,86,19.3,56,1
40.0,91,27.2,39,0
35.5,30,1.7,13,0
44.4,28,24.6,35,0
38.8,58,15.4,7,0
21.9,34,27.6,93,0
29.3,38,26.7,7,0
39.2,80,19.7,85,1
36.2,30,2.1,11,0
29.6,70,25.3,53,1
24.1,22,27.9,79,0
40.3,78,29.5,96,1
40.7,34,14.1,16,0
23.0,32,3.2,94,1
37.6,56,6.9,64,0
37.6,86,18.1,21,0
25.1,42,15.1,17,0
31.5,90,16.0,58,1
21.3,90,12.1,39,1
34.1,73,14.1,60,0
18.9,24,2.5,38,0
25.3,62,19.2,30,1
21.2,99,9.4,15,1
28.6,21,9.2,64,0
29.5,81,20.1,99,1
23.5,96,26.3,70,1
42.1,51,10.9,47,0
24.7,20,10.6,62,0
28.5,23,15.2,11,0
36.6,17,9.0,57,0
34.9,100,10.9,64,1
22.6,68,2.5,64,1
44.3,75,29.1,83,1
21.6,49,11.5,35,0
31.1,49,19.0,70,0
34.8,65,9.4,65,1
25.3,75,26.6,66,1
19.1,35,11.5,84,1
42.5,70,28.4,68,0
33.8,25,1.1,83,0
27.8,31,19.4,81,1
44.4,28,13.0,69,0
21.6,26,17.3,26,0
40.9,20,19.1,54,0
38.5,87,10.4,4,1
20.3,59,8.8,17,0
26.7,91,21.3,81,1
26.7,64,24.3,78,1
26.7,78,2.8,81,1
33.2,16,19.4,10,0
33.4,82,13.8,11,0
25.3,51,3.3,30,0
35.4,31,18.2,4,0
27.1,49,20.2,23,0
34.8,25,18.8,81,0
24.4,89,14.1,82,1
42.3,37,11.4,98,0
22.4,16,11.7,34,0
25.2,24,2.1,73,1
38.7,86,5.7,69,1
29.6,30,27.9,37,0
30.4,92,11.5,51,1
23.2,94,1.1,55,1
40.1,91,29.6,29,0
30.8,46,10.0,39,0
38.9,82,2.2,78,1
28.8,58,24.0,47,0
25.9,52,22.1,99,1
23.5,37,7.0,21,0
22.1,36,6.7,47,0
37.2,91,9.5,99,1
31.9,63,7.2,62,1
27.3,71,5.8,99,1
20.8,24,25.2,25,0
25.8,84,5.2,38,1
32.4,42,29.9,13,0
26.8,18,21.7,86,1
19.3,30,24.1,22,0
38.6,65,16.3,100,1
33.5,76,4.6,22,1
29.2,84,9.8,9,1
19.2,43,4.9,35,0
32.8,83,13.1,17,1
23.2,52,17.2,73,1
31.1,24,15.2,78,1
35.4,16,3.7,29,0
30.5,64,11.2,61,0
25.3,36,27.8,71,0
29.3,39,26.3,65,0
38.1,92,15.8,30,1
21.3,62,18.8,99,1
40.8,73,27.0,35,0
35.1,64,23.7,92,0
31.6,98,20.6,99,1
38.8,89,27.7,73,1
25.7,53,12.3,62,0
20.8,61,11.6,7,1
33.3,22,28.5,48,0
45.0,18,2.7,10,0
22.4,16,28.8,16,0
39.6,82,0.1,82,1
25.6,97,26.7,70,1
44.9,80,9.1,31,0
44.3,42,18.0,88,0
19.1,67,11.6,61,1
18.3,97,19.0,59,1
34.4,34,13.5,54,0
33.6,79,7.2,54,1
32.9,25,12.2,42,0
39.7,100,17.8,44,1
43.1,27,20.1,42,0
33.1,81,14.8,87,1
33.0,50,10.3,73,1
26.9,61,10.0,65,1
27.7,18,15.5,45,0
39.5,73,15.0,98,1
27.2,83,26.5,10,1
37.0,46,21.0,50,0
36.1,52,11.0,74,1
32.3,27,15.9,60,0
20.7,85,14.4,2,1
43.6,100,13.1,53,1
40.9,21,16.6,97,1
19.1,89,1.5,98,1
31.2,28,26.3,12,0
43.4,53,17.4,16,0
25.5,35,21.5,92,1
39.4,37,1.6,37,0
19.6,45,13.6,5,0
20.9,56,9.6,14,0
22.1,63,6.4,80,1
42.3,93,5.2,3,0
32.7,68,29.5,36,0
25.2,31,6.7,74,1
34.2,91,23.6,49,0
37.7,49,20.8,79,0
42.1,43,29.7,56,0
18.5,97,20.4,77,1
24.7,90,0.7,85,1
41.4,72,1.6,44,0
33.7,70,23.1,87,1
32.5,48,27.8,28,0
18.1,45,0.8,52,0
26.1,55,15.8,90,1
43.5,91,4.6,77,1
31.6,79,20.1,19,0
44.9,100,16.7,62,1
19.3,35,3.0,77,0
22.2,54,23.1,11,0
26.8,64,8.8,10,1
25.3,69,10.4,66,1
30.2,93,15.5,35,1
19.4,96,24.3,77,1
38.5,88,27.3,6,0
19.4,96,13.4,9,1
31.7,64,8.3,10,0
29.6,99,9.8,100,1
19.7,89,22.9,54,1
38.0,54,1.0,75,0
30.9,82,5.8,5,1
30.7,56,29.1,58,0
39.5,17,26.4,57,0
30.0,70,5.9,77,1
19.2,33,22.2,35,0
34.2,97,2.1,15,0
36.9,59,16.8,92,1
19.8,18,25.0,40,0
27.0,54,5.3,77,1
18.0,69,3.4,14,0
40.2,67,15.3,90,1
39.6,29,16.0,33,0
30.3,69,3.4,71,1
37.2,35,20.4,30,0
21.7,27,29.1,16,0
19.6,79,6.4,43,1
27.5,72,14.9,24,0
29.8,69,17.0,15,0
26.8,61,0.7,63,1
31.3,25,6.6,1,0
29.4,32,15.3,36,0
40.5,77,14.7,1,1
39.4,80,3.0,28,0
30.6,17,21.6,95,0
42.4,67,22.1,77,0
22.1,25,16.1,1,0
21.1,81,10.1,56,1
41.9,21,17.2,96,0
39.5,85,4.2,1,0
39.4,47,15.4,12,0
19.9,68,1.8,91,1
43.0,71,12.2,100,1
27.0,52,3.4,62,0
18.8,44,5.0,50,0
26.6,53,4.2,94,1
18.0,83,13.8,58,1
43.3,85,20.6,45,0
19.6,80,12.1,27,1
41.0,90,9.2,38,1
44.4,57,22.1,26,0
32.4,75,26.6,31,0
19.1,89,15.0,45,1
30.3,40,11.6,45,0
27.9,38,16.1,33,0
36.2,82,29.4,64,1
41.1,46,28.5,26,0
34.5,28,12.5,9,0
21.8,43,9.8,80,1
39.8,67,21.5,74,1
42.3,56,8.5,66,0
23.7,15,22.8,80,0
44.2,76,17.2,83,1
23.9,78,12.8,61,1
44.7,15,21.0,66,0
35.2,32,30.0,37,0
24.6,24,12.0,85,1
27.4,63,20.8,13,0
23.9,60,16.2,3,0
27.7,95,10.8,31,1
24.8,49,3.1,23,0
35.3,92,20.8,52,0
24.9,98,6.2,18,1
37.8,85,25.0,12,0
22.9,54,24.0,24,0
29.7,92,19.2,79,1
21.1,100,1.4,86,1
21.0,47,12.3,20,0
25.0,80,9.4,88,1
31.0,77,27.4,96,1
40.2,82,24.9,90,1
33.6,91,1.4,39,0
31.1,69,24.9,12,0
37.2,70,21.3,45,0
31.9,23,18.3,11,0
25.7,44,16.0,36,0
29.6,83,9.9,35,1
40.4,82,14.9,87,1
41.3,98,28.5,86,1
18.6,15,20.6,98,1
43.1,71,23.9,80,0
20.9,31,7.3,65,0
35.7,76,27.3,4,0
31.9,19,28.9,72,0
43.8,80,25.8,2,0
19.2,96,26.2,57,1
31.3,55,10.1,20,0
34.3,43,9.5,63,0
23.7,62,26.7,18,0
37.8,95,2.6,24,0
42.9,22,29.6,84,0
33.5,85,1.1,89,1
36.2,88,29.6,43,0
27.6,36,11.4,68,0
24.3,73,2.9,17,0
25.4,45,2.0,22,0
24.5,34,7.1,35,0
39.3,94,24.6,86,1
30.1,45,2.6,71,0
38.4,85,21.2,36,0
26.6,81,6.9,66,1
39.2,66,11.8,99,1
44.9,70,4.4,29,0
25.3,17,5.7,46,0
28.2,42,28.8,82,1
25.4,32,29.6,25,0
26.1,96,6.4,5,1
24.2,47,6.8,0,0
35.6,65,12.7,89,1
35.1,81,23.9,2,0
43.8,73,13.8,39,0
26.1,62,22.7,9,0
38.3,98,3.6,36,0
24.2,45,11.4,83,1
20.0,79,2.0,37,1
39.3,89,20.3,89,1
18.0,68,6.8,21,0
34.1,85,8.1,90,1
39.0,62,17.9,9,0
37.8,90,24.1,85,1
33.0,26,13.2,10,0
33.9,77,7.3,85,1
32.6,86,6.6,78,1
37.3,60,22.9,100,0
39.2,100,11.2,52,1
27.1,92,26.1,94,1
20.6,60,28.5,15,0
31.8,83,6.0,49,0
33.7,79,15.6,43,0
26.2,33,28.7,59,0
42.5,63,1.6,21,0
22.0,98,22.1,31,1
22.8,45,18.9,16,0
44.5,26,26.2,52,0
21.2,60,2.5,14,0
43.7,87,28.4,56,1
43.7,79,5.4,10,1
35.9,79,7.4,62,1
29.4,41,20.7,5,0
29.2,72,28.5,14,0
30.5,85,0.3,94,1
39.3,75,26.4,57,1
25.1,55,16.5,17,0
19.1,62,21.6,46,0
27.2,26,21.8,81,1
37.9,89,9.2,80,1
26.2,36,3.5,26,0
18.8,31,29.3,16,0
42.6,84,27.2,25,0
20.6,18,0.4,97,0
40.6,71,20.0,61,1
25.8,55,26.1,2,0
42.1,99,14.6,11,0
26.2,78,2.4,1,1
38.4,65,14.5,15,0
28.3,34,27.6,4,0
43.0,71,22.2,99,1
32.9,28,9.7,1,0
18.8,24,26.3,23,0
20.2,70,25.5,89,1
40.5,44,11.2,3,0
30.7,51,20.0,21,0
34.2,66,23.9,53,0
33.4,78,16.7,22,0
24.2,61,29.7,31,0
20.5,31,29.2,77,0
40.2,95,16.2,16,1
20.0,94,10.4,32,1
21.6,56,8.9,75,1
44.5,96,29.5,52,1
28.1,98,9.2,61,1
33.4,76,20.6,85,1
40.9,24,20.5,14,0
23.5,78,29.1,85,1
41.0,47,16.3,76,0
33.9,83,19.5,12,1
22.5,42,18.8,22,0
42.8,58,29.2,51,0
38.5,48,22.9,51,0
39.3,41,3.8,36,0
35.4,58,18.7,61,0
19.6,67,18.5,25,1
30.1,60,13.3,25,0
18.5,97,2.4,95,1
37.1,59,17.9,70,0
22.8,38,12.5,62,0
20.8,15,16.6,6,0
41.7,73,1.1,21,0
42.9,43,10.3,71,0
27.4,64,3.8,32,0
19.8,22,28.6,76,1
34.9,23,12.3,33,0
35.5,83,26.2,61,1
31.9,64,10.2,29,0
38.8,57,8.0,81,0
23.8,29,5.8,61,0
43.6,78,17.4,20,1
38.7,97,25.1,100,1
29.0,90,3.5,79,1
32.5,73,6.3,36,0
36.6,29,27.7,15,0
23.1,28,13.8,54,0
41.8,65,24.6,94,1
44.0,34,19.4,25,0
40.8,70,6.6,22,0
23.6,98,8.2,62,1
33.8,16,11.3,82,0
26.7,31,16.5,94,1
19.1,77,7.6,13,1
31.5,21,1.7,73,0
24.0,36,10.6,60,0
40.3,15,16.3,89,0
29.6,83,19.7,87,1
24.3,39,21.9,48,0
31.9,61,21.1,82,1
28.5,96,28.4,84,1
29.8,84,11.9,41,1
24.5,46,29.3,53,0
44.4,92,5.0,71,1
20.8,91,19.1,54,1
27.1,77,9.8,75,1
31.8,96,13.7,47,1
18.7,74,28.3,93,1
28.6,72,5.8,6,1
18.8,89,18.6,39,1
43.1,77,20.5,88,1
22.3,32,7.0,45,0
29.4,42,9.3,96,1
20.7,99,15.1,9,1
43.0,15,9.0,84,0
38.7,41,28.3,88,0
42.5,36,10.5,86,0
22.5,47,20.9,18,0
44.9,32,15.5,47,0
27.4,26,20.1,90,1
19.4,61,22.9,10,0
18.4,74,11.7,48,0
39.0,87,9.5,92,1
44.5,19,20.9,14,0
31.4,66,23.7,49,0
39.4,19,25.3,91,0
33.9,41,4.9,79,0
29.5,52,13.1,8,0
35.0,42,25.0,7,0
34.2,25,9.7,7,0
33.0,32,12.1,94,1
22.5,30,15.0,35,0
39.3,53,20.4,65,0
27.7,47,28.4,72,1
44.2,29,0.6,80,0
24.5,18,12.0,87,1
44.2,36,21.9,88,0
23.6,91,27.4,74,1
27.8,91,3.0,8,1
28.7,90,4.1,59,1
33.4,90,3.0,14,0
34.7,84,0.1,66,1
25.1,50,23.2,39,0
18.7,95,3.2,42,1
26.0,86,7.1,22,1
22.4,15,9.0,62,0
40.0,26,0.1,63,0
19.6,94,16.8,43,1
37.8,71,17.2,64,1
24.6,23,5.7,2,0
18.0,70,5.3,10,1
31.9,76,18.7,67,1
26.7,38,18.5,16,0
34.7,59,8.6,46,0
44.0,96,19.1,89,1
29.2,36,19.3,79,1
36.2,49,9.6,88,0
28.2,41,16.0,60,0
22.9,30,3.6,35,0
43.1,79,6.1,99,1
27.2,46,28.7,90,0
31.5,52,24.9,46,0
44.8,69,1.2,41,0
42.8,87,9.7,95,1
27.7,42,15.1,62,1
19.2,45,19.2,77,1
38.4,18,15.3,40,0
26.8,64,26.0,4,0
23.0,100,14.4,24,1
37.5,60,17.8,33,0
28.9,49,11.7,2,0
36.4,85,17.8,30,1
43.8,38,9.4,70,0
36.8,20,28.3,16,0
20.6,34,18.0,24,0
28.7,15,15.0,6,0
31.8,56,1.2,78,0
44.6,82,12.2,30,0
37.0,21,28.4,100,0
36.5,17,29.5,30,0
40.6,61,3.5,5,0
26.6,97,2.9,50,1
38.4,16,0.1,15,0
31.1,68,27.6,36,0
21.0,89,3.5,17,0
26.5,97,21.5,92,1
35.4,61,9.1,30,0
26.7,73,5.8,20,0
42.6,24,8.2,100,0
44.8,32,23.6,86,0
35.2,18,16.0,15,0
35.9,18,25.1,76,0
38.9,59,14.0,82,0
38.9,61,24.2,17,0
43.3,74,10.0,39,0
28.8,33,9.5,5,0
20.5,66,9.9,15,0
28.0,82,27.1,51,1
19.4,79,0.5,85,1
36.8,49,3.4,71,0
29.0,78,1.0,71,1
28.2,15,30.0,60,0
40.5,41,13.0,72,0
20.9,55,28.4,30,0
41.7,90,3.6,37,0
36.1,27,22.0,73,0
35.0,64,7.1,70,1
38.1,33,18.7,38,0
24.6,86,16.2,50,1
43.9,34,6.8,97,0
25.8,44,29.9,7,0
38.7,16,27.0,18,0
40.9,47,23.5,0,0
20.5,77,5.5,84,1
33.4,21,20.0,77,0
43.5,31,24.8,61,0
22.1,56,26.1,27,0
22.1,16,21.6,8,0
27.3,53,28.2,63,0
26.3,42,6.7,59,0
28.0,29,9.3,21,0
37.4,24,28.1,85,0
35.0,18,24.4,36,0
32.6,34,18.6,72,0
44.8,70,1.3,25,0
30.0,80,1.0,48,0
18.8,34,16.8,65,0
35.1,18,6.5,58,0
24.5,79,24.4,30,0
43.4,67,14.5,54,0
21.0,19,21.9,67,0
28.9,86,13.1,61,1
31.1,98,3.5,93,1
42.1,46,9.9,89,0
38.3,79,20.5,71,1
30.3,82,13.1,91,1
42.4,15,20.2,67,0
36.1,47,17.1,89,0
21.9,58,25.1,20,0
42.3,92,16.1,35,0
29.9,18,25.2,97,0
40.9,52,27.5,99,0
31.5,31,14.6,5,0
36.8,39,25.9,23,0
28.1,57,16.0,36,0
38.5,96,1.6,67,0
31.8,32,13.3,63,0
33.5,95,16.9,90,1
43.4,70,22.8,40,0
20.0,38,27.0,58,0
44.9,43,7.7,0,0
37.0,63,3.5,35,0
21.3,56,27.9,80,0
26.3,49,24.1,11,0
39.6,48,14.9,58,0
27.8,17,7.8,23,0
21.9,98,7.5,66,1
23.0,16,4.2,84,1
24.9,33,7.8,50,0
18.7,81,21.6,57,1
43.8,57,12.0,28,0
23.8,25,8.3,6,0
24.5,18,6.2,28,0
31.5,55,18.0,88,1
19.5,43,13.2,61,0
26.4,26,28.3,13,0
19.6,59,3.8,18,0
28.1,55,21.4,97,1
22.4,96,1.2,78,1
20.7,15,16.1,71,1
19.8,78,13.3,7,1
40.0,36,12.6,9,0
42.8,30,20.1,14,0
23.7,32,6.9,34,0
27.2,49,25.1,80,1
30.2,38,6.2,1,0
22.1,57,6.5,76,1
22.5,91,24.5,16,0
24.8,57,2.1,66,0
36.7,32,19.5,61,0
39.2,98,0.8,52,1
42.4,24,25.3,95,0
32.7,49,5.8,35,0
29.6,74,4.3,85,1
43.6,92,8.4,21,0
18.0,31,4.1,46,0
43.5,27,18.1,39,0
21.9,72,26.0,98,1
33.5,53,9.0,99,1
37.3,79,10.8,82,1
27.0,48,17.2,75,1
29.1,75,9.3,29,1
25.2,45,15.8,56,0
18.7,79,2.2,19,1
30.5,57,19.7,91,0
30.3,31,13.0,54,0
29.3,85,10.7,99,1
27.5,33,13.0,70,1
36.4,100,2.6,67,0
36.5,33,2.7,3,0
37.8,66,11.8,11,0
18.6,84,10.9,52,1
42.7,39,16.3,40,0
36.6,74,24.8,13,0
34.9,82,6.9,79,1
23.8,73,27.4,63,1
43.7,66,22.1,38,0
33.8,57,19.3,67,0
40.3,82,22.3,19,0
19.7,73,7.8,14,1
35.3,90,17.4,25,1
28.5,78,12.7,26,1
39.7,83,23.0,78,1
31.7,15,29.4,85,0
30.9,82,10.4,40,1
19.4,15,16.1,56,0
30.9,91,20.4,99,1
19.5,87,21.4,2,1
21.8,50,20.6,14,0
21.6,98,27.5,70,1
31.6,95,24.0,20,0
23.8,33,23.9,64,0
39.8,67,19.8,42,0
34.2,50,10.8,13,0
38.8,79,1.4,84,1
21.4,78,14.0,98,1
42.2,93,13.0,46,0
37.2,19,1.5,32,0
33.8,56,27.2,22,0
21.2,20,10.4,0,0
19.4,70,20.2,73,1
41.3,38,11.6,63,0
39.0,35,27.3,49,0
42.8,67,15.7,54,1
34.1,75,12.1,50,1
24.7,53,23.4,44,0
40.2,96,10.5,56,1
24.2,79,23.2,45,0
43.0,44,10.6,74,0
26.4,86,26.1,2,1
25.6,18,29.0,62,0
25.6,17,19.9,53,0
22.9,63,24.3,35,0
34.6,88,10.7,38,1
24.5,29,27.4,99,1
18.5,54,17.3,80,1
27.3,20,1.0,4,0
44.2,95,19.0,88,1
34.1,44,2.1,14,0
39.3,80,23.7,4,0
40.8,40,8.9,58,0
28.5,82,28.2,24,1
34.7,82,16.6,62,1
26.9,31,14.7,68,0
28.0,30,29.2,29,0
40.8,54,5.3,68,0
42.4,95,21.3,90,1
20.2,50,19.2,7,0
28.7,84,4.7,94,1
32.5,91,21.3,98,1
28.7,40,20.3,69,0
40.8,36,19.4,49,0
32.6,65,14.1,1,0
44.0,68,6.5,39,0
42.5,25,8.3,97,0
19.8,92,14.5,36,1
43.2,23,12.1,95,0
28.7,100,21.8,31,1
24.3,99,27.0,91,1
18.5,85,25.6,86,1
29.5,87,6.3,24,1
42.0,82,26.9,33,0
37.1,82,22.1,61,1
28.4,46,11.7,79,1
36.4,49,17.1,77,1
42.3,63,17.3,71,1
42.9,26,28.1,35,0
34.1,30,24.8,26,0
34.6,15,26.3,47,0
26.4,76,26.2,7,1
42.5,49,17.3,62,0
44.1,32,4.7,80,0
23.0,88,5.1,98,1
18.4,80,5.0,34,1
39.9,85,22.7,79,1
23.5,53,23.5,54,0
44.5,44,15.9,16,0
20.1,62,1.3,93,1
32.5,33,22.2,60,0
24.1,30,28.7,24,0
30.8,94,9.8,78,1
29.0,72,5.2,5,0
18.9,62,2.2,59,0
30.6,96,20.0,95,1
22.3,37,6.8,8,0
38.4,44,8.5,66,0
39.9,15,14.3,95,0
41.1,81,6.3,23,0
19.2,87,14.2,76,1
31.9,62,8.5,21,0
34.4,17,28.2,17,0
42.8,92,2.4,40,0
44.1,40,18.8,44,0
25.3,83,3.7,69,1
35.7,58,28.1,19,0
25.7,34,10.2,32,0
35.4,43,7.6,50,0
21.1,96,20.4,62,1
18.4,55,9.4,75,1
30.3,67,6.0,66,0
40.2,56,0.5,14,0
18.7,92,29.6,42,0
41.0,52,19.4,77,0
26.8,35,12.0,62,0
34.6,67,0.6,78,1
33.1,86,11.1,3,0
35.2,82,20.4,58,0
31.1,34,0.3,19,0
33.5,79,2.4,2,0
21.3,82,5.5,10,1
24.3,68,28.1,37,0
20.2,23,17.6,93,1
19.2,27,9.9,75,1
23.6,26,4.7,60,0
31.1,92,24.1,91,1
23.6,84,28.7,0,1
38.7,29,18.5,22,0
22.7,15,24.8,73,1
37.1,95,6.0,46,0
38.1,18,12.4,24,0
33.0,64,7.9,43,0
44.2,50,26.1,49,0
23.5,26,1.7,45,0
20.6,27,20.9,92,1
27.8,93,11.5,32,1
35.2,67,23.9,73,0
20.5,82,15.5,26,1
18.0,38,25.8,81,1
35.6,19,11.9,79,0
30.8,27,2.2,18,0
34.2,98,9.6,60,1
24.9,78,7.8,82,1
34.8,64,7.9,30,0
36.1,44,9.7,12,0
38.4,74,20.4,33,0
24.2,78,7.2,99,1
37.5,74,23.5,59,0
34.7,66,29.8,24,0
24.3,21,7.1,16,0
40.5,40,14.4,71,0
39.1,22,4.3,75,0
22.5,92,17.4,84,1
42.9,85,1.4,78,1
33.0,30,6.1,13,0
29.9,21,6.7,27,0
28.9,68,14.4,81,1
43.8,52,19.8,68,0
35.1,91,1.3,48,0
42.0,65,28.1,48,0
34.9,70,14.7,20,0
28.6,47,3.8,3,0
37.6,40,18.1,96,0
40.1,49,24.8,75,0
21.3,33,24.1,61,0
19.6,16,16.5,64,0
42.4,74,7.8,97,1
23.8,81,6.7,13,1
34.0,95,26.4,14,0
19.4,97,27.3,94,1
33.2,80,13.9,2,1
35.5,96,14.1,80,1
43.8,16,8.2,19,0
19.7,59,23.5,88,0
38.1,46,0.0,82,0
21.4,93,21.6,76,1
42.3,58,3.6,43,0
22.3,52,14.8,6,0
27.3,79,17.3,81,1
19.8,37,18.6,9,0
29.3,90,16.3,17,1
21.8,89,8.2,73,1
34.9,69,6.8,21,0
32.6,18,2.3,7,0
19.8,96,19.5,97,1
26.6,44,28.6,49,0
30.5,20,11.9,63,0
30.8,75,24.2,62,1
24.4,62,3.6,0,0
41.2,79,18.4,71,1
30.7,27,22.8,20,0
26.1,74,9.6,70,1
22.6,67,28.6,92,1
42.8,26,3.8,92,0
36.2,35,23.6,96,0
19.6,90,0.1,97,1
39.2,90,20.0,62,1
24.7,28,3.0,49,0
27.1,95,0.4,5,1
37.7,97,13.2,78,1
37.0,93,10.1,59,1
43.6,60,28.0,59,0
22.4,23,0.6,10,0
39.6,43,9.2,66,0
35.1,40,28.0,81,0
30.6,64,7.7,81,1
40.5,21,3.7,66,0
30.7,80,19.9,10,1
33.6,78,3.9,56,1
42.4,22,29.0,77,0
40.9,55,11.5,55,0
37.2,67,7.0,69,1
44.9,89,15.8,56,1
36.9,87,27.3,79,1
26.7,79,11.7,33,1
42.3,32,18.2,98,0
27.5,27,21.7,44,0
42.1,66,24.3,83,1
24.3,94,6.9,13,1
29.0,19,17.1,94,1
36.8,49,8.8,26,0
27.0,90,19.5,77,1
32.1,73,13.6,89,1
43.5,60,12.0,21,0
27.0,19,14.9,11,0
32.5,58,6.0,52,0
22.8,47,20.0,91,1
18.4,96,20.6,85,1
23.0,20,17.7,57,0
29.2,70,17.1,13,0
44.9,22,20.7,72,0
42.8,37,23.6,5,0
37.4,74,7.0,39,0
31.2,24,2.4,54,0
20.8,33,0.9,23,0
34.4,79,18.2,75,1
19.4,21,16.5,97,1
20.6,41,1.9,75,0
27.2,74,21.8,64,0
28.5,66,19.3,72,1
43.2,66,4.5,19,0
21.4,88,5.0,56,1
38.1,15,4.9,84,0
37.4,31,22.8,42,0
44.4,71,7.4,38,0
34.2,38,0.9,53,0
35.8,99,17.1,38,0
19.3,78,27.2,42,1
38.8,80,21.5,36,0
21.3,50,29.0,97,1
33.7,68,22.6,1,0
21.1,37,18.5,67,0
39.1,94,29.1,34,0
44.1,85,28.9,30,0
26.2,65,2.9,42,0
26.4,36,5.3,65,0
29.6,43,0.4,98,1
42.2,81,12.0,47,0
35.9,96,16.6,81,1
31.0,76,10.6,4,1
44.6,31,16.9,16,0
25.7,49,22.4,33,0
30.0,72,0.8,22,0
41.7,32,15.8,6,0
27.6,92,23.6,80,1
41.2,20,25.7,75,0
35.2,67,27.4,17,0
22.2,96,24.4,13,1
21.9,19,15.6,32,0
39.3,49,27.0,80,0
25.5,59,26.2,36,0
28.5,95,28.8,82,1
36.2,42,23.4,45,0
19.4,29,3.8,83,0
37.6,59,0.6,72,0
29.5,67,10.3,8,0
38.8,84,14.8,75,1
31.4,47,6.9,33,0
31.9,27,25.5,40,0
28.3,63,10.7,73,1
19.2,19,17.4,14,0
23.9,87,0.5,74,1
21.0,57,4.4,91,1
41.8,15,4.0,18,0
34.7,78,0.6,67,1
28.2,40,20.1,28,0
29.9,44,29.6,41,0
18.1,25,12.9,34,0
30.0,57,4.4,82,1
44.2,84,19.8,54,1
21.7,39,27.3,97,1
31.0,82,1.9,32,0
18.4,17,16.6,91,1
43.7,75,22.0,74,1
30.6,77,14.8,34,0
19.4,70,20.5,29,0
19.6,84,10.4,88,1
44.8,72,12.5,68,0
41.7,88,3.7,85,1
26.3,61,26.7,32,0
37.2,77,9.9,76,1
30.7,56,29.1,99,0
21.2,38,14.4,93,1
24.7,19,12.6,67,0
24.1,61,28.4,15,0
33.5,44,17.3,78,1
40.2,72,29.8,30,0
21.7,46,3.4,52,0
29.3,15,9.3,1,0
44.3,48,11.0,20,0
30.9,78,25.2,74,1
32.1,22,19.7,19,0
34.0,54,9.2,34,0
24.1,77,26.0,95,1
23.4,20,10.2,68,0
44.3,17,24.6,94,0
35.4,87,28.5,42,0
37.4,46,18.4,80,1
20.6,26,11.5,21,0
44.1,63,8.5,62,0
35.4,53,24.3,56,0
38.8,68,5.0,5,0
44.8,56,27.0,82,0
28.6,97,22.3,85,1
41.8,36,21.2,2,0
23.3,58,8.0,100,1
22.9,22,5.3,15,0
31.1,27,23.4,21,0
18.9,50,24.2,86,0
18.6,63,14.3,39,0
36.9,71,1.6,49,0
20.4,62,13.2,8,0
35.7,72,9.4,97,1
30.5,29,11.9,98,0
37.6,40,11.9,90,0
27.7,22,18.5,100,1
26.7,28,5.3,12,0
18.0,24,16.5,74,1
35.4,50,6.9,15,0
19.9,38,19.1,42,0
18.1,63,18.3,13,0
33.9,76,4.9,58,1
40.0,50,19.0,11,0
34.9,95,14.5,67,1
18.7,76,12.3,39,1
35.9,97,5.0,23,0
34.1,87,13.3,30,1
36.1,72,9.4,45,0
35.8,77,27.8,95,1
31.0,72,1.9,68,0
37.6,55,14.7,28,0
22.2,28,12.4,47,0
23.6,26,4.0,50,0
30.0,28,7.7,78,1
30.2,61,23.0,61,0
27.8,33,0.2,75,0
23.3,37,9.1,11,0
41.5,37,3.2,63,0
42.8,40,28.4,66,0
41.3,15,3.6,15,0
27.6,34,13.5,26,0
38.7,80,17.4,45,1
19.7,93,26.2,49,1
39.4,99,24.1,62,1
19.6,58,4.5,51,0
33.6,83,20.1,75,1
29.8,100,28.5,30,1
20.1,19,28.6,39,0
27.6,47,15.7,54,0
31.9,74,0.7,13,0
29.0,30,23.8,76,0
24.1,37,8.0,47,0
38.2,47,17.6,52,0
40.5,92,9.6,96,1
38.6,27,23.4,92,0
43.0,27,24.5,59,0
44.6,24,17.1,2,0
34.9,80,20.5,99,1
23.5,87,21.5,93,1
31.9,31,8.6,78,0
18.1,98,19.6,86,1
20.0,34,6.6,39,0
40.0,77,14.1,82,1
42.8,89,29.3,46,0
30.4,79,11.2,67,1
40.2,57,2.8,21,0
29.6,54,10.8,97,1
34.4,94,20.1,71,1
33.5,57,21.4,48,0
22.9,85,29.1,0,0
37.2,20,21.1,25,0
24.2,92,16.9,89,1
35.9,23,25.2,49,0
38.6,82,17.7,9,0
33.0,98,15.7,13,1
20.9,57,0.7,95,0
24.1,20,5.3,57,0
41.1,75,22.4,30,0
35.7,16,17.8,9,0
29.9,29,9.8,17,0
32.2,16,25.7,87,0
42.4,50,14.6,64,0
22.5,29,2.3,29,0
42.0,56,20.1,74,0
20.1,64,3.1,77,1
38.3,74,27.0,0,0
42.5,60,6.0,15,0
19.8,34,7.8,95,1
24.7,76,18.1,12,1
39.3,79,9.6,47,1
24.6,20,1.3,84,1
38.1,59,18.4,85,1
38.5,88,29.3,81,1
42.8,49,23.2,56,0
30.4,64,12.7,53,1
28.7,74,14.5,7,0
27.2,51,0.9,62,0
27.2,27,13.3,80,1
31.6,17,1.1,89,0
31.7,56,25.6,90,0
37.0,22,23.9,39,0
38.5,35,13.5,23,0
41.0,58,7.4,90,0
41.7,45,23.7,97,0
44.8,27,15.1,45,0
43.8,29,23.8,12,0
42.5,42,17.5,53,0
38.9,47,2.1,28,0
22.0,62,7.4,53,1
26.5,68,24.7,14,0
29.7,20,16.3,38,0
27.4,59,18.3,58,0
21.7,80,26.7,78,1
26.7,62,1.7,33,0
41.6,84,27.2,45,0
34.2,32,15.0,87,0
21.1,25,15.3,78,1
33.2,86,1.3,75,1
43.6,48,18.7,64,0
28.5,94,13.2,77,1
32.3,37,22.7,34,0
31.7,84,17.9,96,1
23.0,49,17.6,60,0
42.2,44,15.2,87,0
37.8,78,25.4,98,1
32.9,16,14.8,85,1
27.7,75,26.0,57,1
26.8,70,17.0,67,1
21.2,56,28.2,33,0
41.0,33,15.7,65,0
33.8,17,10.8,62,0
43.1,82,2.1,12,0
24.3,48,13.3,38,0
40.8,42,13.3,27,0
43.0,48,11.2,3,0
43.2,26,12.4,94,0
20.0,36,11.3,95,1
35.3,48,14.2,13,0
25.3,69,20.3,9,0
31.7,23,25.0,47,0
35.3,51,0.1,77,0
33.7,71,11.4,86,1
23.7,38,21.0,53,0
39.1,15,2.0,79,0
25.2,57,14.9,67,0
29.0,83,15.8,83,1
20.0,69,20.8,27,0
35.9,90,4.3,21,0
27.6,62,28.4,46,0
33.1,79,12.0,79,1
38.2,23,3.0,46,0
36.9,60,9.2,28,0
38.3,46,13.8,70,0
33.1,28,0.2,77,0
23.0,90,3.0,13,1
40.6,41,0.1,72,0
37.4,45,18.0,78,0
20.9,33,28.0,76,0
19.5,43,10.9,64,0
23.7,30,26.9,26,0
41.4,17,28.9,98,0
23.1,23,20.6,12,0
24.2,44,27.7,7,0
34.4,84,2.6,39,0
37.5,87,23.4,65,1
32.3,28,15.9,38,0
27.1,72,4.3,89,1
29.2,78,19.7,0,1
30.7,70,23.1,23,0
30.3,89,22.0,65,1
19.0,75,28.5,17,1
29.2,100,20.2,11,0
22.0,92,4.0,93,1
22.8,88,27.6,35,1
27.4,59,23.1,66,0
37.8,99,1.6,12,0
44.9,71,20.5,55,0
19.3,70,20.4,100,1
41.0,55,13.9,43,0
30.1,93,0.9,29,0
36.2,29,27.6,73,0
44.6,26,13.0,76,1
37.4,74,0.7,24,0
26.4,20,3.4,69,0
34.1,67,8.7,76,1
33.5,61,16.9,20,0
18.2,56,14.6,80,1
29.3,78,19.5,36,1
43.5,39,10.8,34,0
18.7,45,8.4,47,0
32.0,83,6.8,54,1
26.2,95,28.9,52,1
35.0,27,28.4,31,0
30.4,61,4.7,68,0
32.8,29,7.5,75,1
42.7,82,12.2,94,1
31.0,15,9.6,40,0
40.2,87,24.7,30,0
19.7,93,9.9,98,1
30.1,21,7.7,26,0
45.0,67,17.4,18,0
34.0,57,29.6,49,0
39.6,45,23.7,18,0
37.4,40,22.4,44,0
23.2,96,17.1,47,1
19.9,71,11.0,33,0
28.6,50,14.8,15,0
26.1,34,20.7,13,0
28.9,59,25.7,98,0
30.9,33,14.9,71,0
40.4,57,29.8,20,0
34.1,67,1.4,26,0
42.7,89,4.4,99,1
33.2,94,24.4,99,1
41.0,39,13.8,49,0
28.5,15,8.9,24,0
31.6,38,3.2,7,0
37.0,70,8.5,4,0
37.3,67,26.2,4,0
42.1,36,3.7,76,0
21.5,37,3.3,15,0
20.1,71,10.4,51,1
24.4,28,22.4,69,0
44.2,99,10.6,55,1
30.5,72,19.8,24,0
26.1,53,25.6,38,0
34.7,34,15.5,33,0
40.1,57,22.1,31,0
38.6,30,29.0,5,0
31.0,63,9.1,40,0
38.7,40,8.7,47,0
29.9,59,8.8,95,1
44.2,26,27.3,3,0
19.6,47,4.8,79,0
44.1,16,29.2,96,0
19.9,32,7.7,56,0
38.1,41,5.8,14,0
24.1,24,17.7,49,0
36.9,18,16.7,83,0
43.6,74,6.3,29,0
32.7,69,5.3,83,1
29.2,40,0.3,59,0
37.8,25,8.7,29,0
27.3,91,2.5,4,1
27.5,35,18.4,73,1
43.9,70,18.3,94,1
35.3,82,27.2,77,1
26.8,66,19.7,57,1
40.2,57,25.6,89,0
41.7,99,8.6,82,1
26.1,32,13.7,30,0
33.5,39,23.0,42,0
42.3,28,5.5,47,0
33.5,80,29.7,67,1
33.7,44,14.8,23,0
34.0,91,15.4,45,1
23.5,92,25.1,1,1
32.9,93,2.5,59,1
44.4,90,16.1,100,1
33.0,22,5.4,11,0
37.6,38,19.6,66,0
32.7,50,16.7,41,0
44.3,94,20.7,41,0
30.5,62,22.3,9,0
19.4,76,11.6,55,1
40.9,21,20.3,50,0
22.8,65,3.0,86,1
35.9,96,8.7,17,1
21.7,68,19.6,1,1
39.1,88,18.0,55,1
21.7,82,7.9,77,1
25.4,58,28.2,90,0
27.9,20,27.3,28,0
42.9,49,16.7,85,0
21.5,57,27.4,54,0
32.5,99,29.8,25,0
21.6,90,21.6,65,1
32.2,53,12.6,92,0
26.2,100,8.0,7,1
35.1,60,6.5,82,1
31.9,59,4.8,60,0
19.3,50,10.9,23,0
30.9,51,23.9,61,0
26.1,55,10.1,32,0
44.7,35,11.2,62,0
19.3,39,17.9,69,0
30.5,80,13.3,4,1
41.1,15,18.1,3,0
19.4,71,18.3,27,0
27.9,84,12.2,23,1
30.2,47,0.3,72,0
41.3,55,6.8,24,0
39.9,18,20.4,41,0
42.2,64,13.8,11,0
24.3,21,17.1,3,0
43.6,77,16.7,19,1
43.7,16,16.0,30,0
28.4,42,24.8,53,0
19.5,34,10.9,24,0
22.5,54,18.1,18,0
21.1,92,21.4,44,0
23.2,96,24.5,72,1
32.6,21,6.6,59,0
33.1,38,17.9,32,0
20.2,28,22.8,26,0
19.7,67,20.9,58,1
24.7,36,4.7,34,0
24.9,28,21.5,94,0
34.5,90,11.0,94,1
43.8,16,18.3,89,0
37.0,99,4.2,54,1
23.0,80,10.2,95,1
25.8,48,23.9,29,0
43.0,74,18.2,78,1
25.7,31,22.2,88,0
33.0,51,29.8,87,0
34.2,27,14.1,71,0
22.5,29,5.9,19,0
41.9,22,3.2,34,0
36.0,89,12.2,8,1
35.2,42,26.4,13,0
33.9,94,24.8,79,1
37.2,39,22.3,9,0
39.4,69,21.7,14,0
22.0,18,9.2,71,1
18.8,87,17.9,98,1
19.2,20,24.9,60,0
29.6,32,5.8,52,0
29.9,91,25.5,7,1
37.3,81,20.0,35,0
30.0,20,23.3,29,0
39.6,93,2.8,72,1
28.6,39,5.5,77,1
41.0,86,12.7,33,0
22.6,91,10.9,13,1
40.6,73,19.5,65,0
27.5,99,6.8,96,1
18.9,85,24.0,77,1
27.5,38,21.4,34,0
20.4,46,5.9,83,1
35.6,41,20.6,47,0
43.6,51,1.0,77,0
18.4,66,14.2,27,1
32.9,91,24.0,37,0
40.9,33,6.6,91,0
27.4,100,27.7,74,1
30.6,18,15.8,67,0
39.4,100,28.5,18,0
36.8,97,12.1,75,1
30.3,32,17.7,13,0
25.9,29,1.4,89,1
33.8,59,0.6,28,0
44.2,36,0.9,70,0
29.0,38,21.9,93,1
24.4,95,23.6,73,1
21.6,25,23.2,16,0
30.6,99,23.6,58,1
24.0,73,0.8,40,0
31.4,51,6.2,30,0
40.0,90,19.6,64,1
36.0,45,28.4,35,0
30.3,78,1.3,63,1
44.0,47,15.1,77,0
18.7,56,12.2,36,0
22.4,89,0.6,27,1
43.5,98,25.0,91,1
25.0,20,23.9,97,1
35.8,96,28.8,32,0
40.3,83,15.0,26,1
38.0,64,26.0,79,0
28.5,94,16.2,56,1
22.9,79,29.4,49,1
38.5,95,9.9,23,0
23.5,40,3.3,81,0
44.4,36,11.5,47,0
43.0,52,21.8,81,0
33.4,96,13.2,19,1
41.4,58,25.8,53,0
40.2,46,14.1,79,1
21.2,44,13.1,77,1
24.6,73,27.2,20,0
21.8,81,4.6,94,1
44.4,49,14.8,85,0
28.1,82,12.9,39,1
21.1,97,14.0,19,1
24.4,40,8.7,97,1
43.9,56,10.6,86,0
32.4,21,20.7,66,0
27.1,59,29.6,25,0
37.2,20,3.5,47,0
42.1,66,24.6,37,0
22.0,84,5.9,98,1
18.2,35,25.3,61,0
37.4,25,2.8,95,0
31.8,40,26.0,11,0
30.4,16,13.5,34,0
38.3,27,7.5,75,0
25.4,77,19.4,11,1
23.9,76,5.7,45,1
42.6,34,29.1,27,0
36.2,58,9.2,78,0
26.8,69,15.5,71,1
33.6,25,18.6,20,0
37.2,100,16.3,21,0
22.0,51,20.2,90,0
43.5,78,5.3,37,0
38.7,31,11.6,5,0
44.3,70,26.3,80,1
26.6,75,11.3,53,1
35.2,48,2.9,4,0
29.2,59,5.4,56,0
41.1,25,25.8,100,0
37.8,31,15.8,58,0
19.2,27,26.2,50,0
20.6,57,2.2,45,0
22.4,53,13.4,81,1
43.7,57,5.5,58,0
22.8,75,28.2,5,0
23.7,87,21.0,26,1
25.4,15,26.0,55,0
37.2,93,2.3,100,1
18.7,90,20.2,31,1
37.8,25,13.2,17,0
18.3,94,11.2,61,1
44.2,84,5.4,20,0
43.5,100,19.3,42,0
37.5,57,0.7,61,0
30.6,42,28.7,37,0
22.7,55,26.2,9,0
38.7,78,28.9,78,1
31.1,40,6.6,28,0
40.2,96,26.4,42,0
36.6,47,15.8,97,1
20.6,97,26.8,49,1
24.8,27,22.8,73,1
29.7,18,25.0,8,0
25.8,65,11.1,55,1
35.2,48,20.9,11,0
32.4,41,15.1,94,1
34.4,55,2.5,37,0
24.5,87,4.9,7,1
28.2,26,26.7,35,0
20.4,73,12.3,57,1
44.8,74,26.4,92,0
33.0,19,30.0,4,0
21.8,69,5.0,3,0
23.0,47,23.2,66,0
31.4,37,10.6,90,0
42.7,79,16.7,68,1
18.1,94,27.7,12,1
26.2,42,22.8,40,0
18.1,89,27.7,32,1
37.3,37,20.5,99,0
29.0,78,15.0,91,1
33.2,79,11.9,65,1
35.2,80,1.0,33,0
24.3,73,22.5,12,0
30.3,18,29.1,20,0
34.2,77,7.1,52,1
23.7,48,1.1,53,0
37.8,42,15.7,48,0
22.2,19,3.1,73,0
34.3,62,4.8,59,0
32.7,30,1.5,100,0
35.6,74,0.1,99,1
43.4,67,24.0,57,0
42.5,57,9.9,66,0
33.8,86,17.7,96,1
31.6,76,11.3,63,1
32.1,79,18.3,76,1
32.6,96,0.4,99,1
25.0,17,1.8,63,0
26.8,33,2.2,51,0
19.0,26,13.2,95,1
25.6,18,0.3,80,0
36.2,43,27.1,42,0
25.5,74,1.5,57,0
23.8,58,8.6,29,0
22.4,99,24.1,85,1
30.8,81,21.5,25,0
22.0,35,8.8,11,0
39.8,45,15.1,81,0
19.3,52,10.5,35,0
43.1,48,8.2,48,0
27.0,88,24.9,47,1
30.5,59,3.2,4,0
32.0,22,23.6,31,0
30.3,63,10.8,31,0
30.4,80,4.4,68,1
42.6,57,27.9,46,0
33.8,61,20.3,34,0
22.5,45,26.3,68,0
25.9,45,27.4,68,0
29.7,53,15.8,83,1
22.5,78,22.4,96,1
22.5,82,11.9,54,1
26.4,51,5.6,42,0
23.0,73,3.7,14,0
34.8,36,15.1,89,0
39.1,87,29.3,72,1
31.9,53,8.6,92,0
39.4,65,16.9,91,1
40.2,59,16.7,66,0
24.3,60,1.5,4,0
29.2,96,26.7,20,0
27.6,93,18.4,10,1
35.6,98,1.3,64,1
20.6,63,3.7,54,1
33.5,31,23.7,7,0
38.7,61,14.9,4,0
43.8,54,5.1,17,0
29.4,77,24.4,37,1
20.9,18,7.5,61,0
21.4,97,22.1,77,1
25.1,21,23.3,38,0
23.8,72,26.8,33,0
20.0,70,18.0,61,1
24.9,85,23.0,27,0
38.4,83,22.0,95,1
34.5,48,0.2,87,0
24.9,24,26.3,34,0
21.9,92,23.9,54,1
36.0,70,16.6,79,1
35.2,24,2.4,87,0
32.6,65,14.9,41,0
40.2,54,19.8,50,0
24.0,61,21.4,54,1
41.3,86,18.0,13,1
25.3,97,2.6,47,1
27.5,80,28.6,91,1
39.7,31,14.2,16,0
30.3,71,29.4,40,0
34.0,70,5.4,93,1
34.7,50,8.6,21,0
38.8,57,17.3,80,0
30.0,83,27.6,61,1
29.5,79,21.9,17,1
34.0,37,3.0,53,0
28.4,49,28.7,86,1
40.6,88,14.3,50,1
40.3,67,23.8,4,0
30.4,97,23.3,82,1
34.8,44,29.6,96,0
24.1,20,0.2,10,0
22.8,75,3.7,28,1
23.6,69,9.9,38,0
34.7,74,5.4,31,0
39.4,38,7.0,62,0
27.1,16,28.3,78,1
43.8,37,6.3,73,1
32.6,36,7.0,40,0
29.4,66,27.4,55,1
44.3,59,11.6,3,0
24.2,78,20.6,53,1
31.1,63,3.6,97,1
26.5,73,10.2,8,1
35.1,53,7.0,89,0
33.9,24,19.8,11,0
36.6,75,21.1,7,0
36.4,94,23.4,46,0
31.6,96,13.9,8,1
23.9,60,27.0,27,0
18.3,50,1.2,57,0
29.9,31,17.9,17,0
37.6,87,10.0,41,0
34.6,28,1.2,94,0
21.6,42,4.8,4,0
41.4,89,4.1,51,1
20.1,42,17.8,70,1
43.4,95,4.5,72,1
22.9,89,1.2,73,1
35.9,98,15.0,10,0
26.6,48,1.7,94,1
37.5,79,0.2,12,0
37.8,84,19.9,17,1
38.4,74,17.8,46,0
39.5,87,29.7,94,1
37.4,91,21.0,97,1
34.5,95,17.1,93,1
36.1,33,6.5,53,0
44.9,36,10.8,100,0
42.6,97,3.0,36,0
36.1,34,3.1,3,0
28.6,58,13.5,33,0
18.7,29,24.8,66,0
33.3,42,28.6,16,0
28.3,48,14.6,82,1
38.5,41,14.0,88,0
25.0,89,3.7,98,1
32.5,81,6.9,16,1
22.6,46,22.6,96,1
39.6,36,9.0,9,0
41.1,50,15.1,0,0
20.5,29,23.1,97,0
25.8,78,16.8,3,1
33.3,20,3.7,50,0
44.7,39,0.2,79,0
35.9,72,1.5,38,0
20.6,26,24.6,85,0
36.2,80,25.9,73,1
20.0,28,6.8,74,1
44.3,61,26.7,7,0
44.7,29,8.6,77,1
42.5,83,12.5,68,1
36.5,95,17.5,24,1
29.7,77,8.0,53,1
30.8,27,22.5,3,0
29.4,82,0.2,57,1
42.1,34,15.8,72,0
20.2,60,25.4,84,1
25.9,88,10.5,74,1
34.1,87,24.6,36,0
36.7,52,5.6,50,0
24.0,71,3.0,50,0
32.0,25,7.2,80,1
41.1,52,19.9,32,0
22.5,91,15.2,0,1
36.6,53,26.0,76,0
31.6,93,24.6,9,0
19.5,39,3.2,71,1
35.7,41,18.4,41,0
27.8,77,27.3,1,0
23.4,95,18.3,47,1
29.1,23,2.8,4,0
31.5,48,13.7,34,0
40.8,99,16.0,35,1
29.2,86,10.1,24,1
31.6,90,25.2,30,0
26.6,30,26.2,78,1
34.3,92,6.9,80,1
29.8,64,12.8,69,1
39.8,34,4.5,77,0
22.2,31,11.1,10,0
36.3,72,26.8,61,0
19.1,57,9.8,51,0
38.3,92,22.0,29,0
18.1,38,12.7,51,0
38.9,73,15.6,42,0
27.5,88,6.2,45,1
18.1,45,11.8,58,0
30.7,88,27.2,63,1
37.4,39,7.5,31,0
39.2,50,26.5,39,0
22.7,64,12.9,36,1
31.4,90,16.7,68,1
34.1,43,23.8,75,0
22.1,52,9.0,98,1
28.9,52,9.2,59,0
25.2,34,0.4,91,1
31.1,57,19.8,91,1
22.7,84,29.5,10,0
19.7,25,27.9,35,0
23.3,36,15.2,95,1
19.2,44,29.1,99,1
22.3,51,27.5,33,0
38.8,78,28.3,58,1
20.1,77,28.3,36,1
29.4,69,16.8,3,0
38.2,90,27.4,75,1
41.2,32,6.7,10,0
38.9,32,27.7,37,0
40.7,91,27.6,91,1
22.9,30,9.5,43,0
31.6,71,8.5,27,0
33.2,64,11.3,100,1
22.6,72,14.0,69,1
22.0,25,18.5,4,0
39.0,69,12.6,5,0
31.9,59,11.4,82,1
38.4,42,19.4,76,1
44.4,32,15.6,68,0
34.3,40,0.6,67,0
41.2,62,12.7,65,1
28.5,24,21.0,14,0
31.8,63,8.0,33,0
32.6,94,18.5,6,1
30.9,31,11.0,20,0
27.2,75,22.8,82,1
28.8,43,8.7,34,0
32.7,24,11.1,60,0
27.9,18,4.2,19,0
26.4,54,21.9,75,0
41.0,75,11.5,27,0
30.4,89,15.4,70,1
26.1,56,6.0,24,0
31.8,43,26.0,41,0
42.7,64,11.6,91,1
36.7,53,16.4,69,0
34.9,21,7.1,100,1
37.7,69,21.7,0,0
19.0,96,17.2,84,1
26.9,95,13.7,13,1
19.8,25,0.9,17,0
39.6,50,22.1,10,0
36.1,77,13.7,30,1
40.7,92,14.6,14,1
23.2,18,18.6,29,0
19.5,77,14.6,34,1
33.1,80,7.2,84,1
42.2,58,4.7,99,0
18.4,60,19.7,97,1
41.6,54,28.3,1,0
24.4,76,25.6,89,1
27.6,22,11.2,99,1
33.1,80,0.3,83,1
24.7,42,22.3,56,0
36.9,46,5.8,30,0
28.6,69,26.8,74,1
25.8,17,22.9,31,0
27.4,53,6.6,28,0
35.8,63,22.4,44,0
44.6,58,5.0,58,0
44.9,59,9.1,25,0
40.3,31,20.1,95,0
44.1,71,25.6,93,1
38.1,57,7.1,40,0
30.6,70,1.3,28,0
25.7,41,6.6,63,0
19.9,78,9.9,38,1
31.7,65,26.3,68,0
43.4,41,10.8,23,0
33.5,54,22.1,43,0
35.3,34,21.4,11,0
44.1,31,0.6,37,0
30.9,70,17.5,58,0
36.1,34,20.4,13,0
22.0,60,24.6,73,1
35.8,22,26.2,95,0
36.5,36,27.7,89,0
37.2,97,28.3,64,0
31.3,29,12.4,11,0
19.8,73,9.8,30,0
44.0,46,21.2,22,0
41.3,17,27.3,51,0
20.6,35,29.1,35,0
38.3,64,4.5,61,0
25.3,68,20.6,58,1
23.4,79,8.7,63,1
30.7,80,18.0,11,1
38.7,25,7.5,11,0
30.1,33,6.8,74,1
20.4,80,5.1,52,1
43.2,72,4.0,28,0
28.5,20,23.0,36,0
42.4,17,4.7,60,0
41.3,67,7.7,14,0
44.6,15,9.1,79,0
22.4,41,8.1,50,0
41.9,38,9.9,55,0
43.3,38,12.1,56,0
19.9,65,10.7,81,1
37.5,30,12.3,10,0
24.6,54,12.2,64,0
39.6,64,28.5,72,1
38.8,57,17.5,69,0
29.4,73,11.6,88,1
42.8,51,27.1,82,0
41.1,42,28.6,82,0
25.6,36,28.4,14,0
19.4,76,0.4,43,1
36.2,81,0.8,87,1
34.7,25,20.1,57,0
41.3,28,1.1,1,0
42.4,62,17.8,67,0
31.0,35,25.6,88,0
30.5,44,3.7,87,0
36.3,59,17.6,26,0
39.5,90,23.2,18,0
28.3,84,27.2,8,1
28.5,98,21.3,52,1
22.2,76,10.8,12,1
25.5,44,6.5,29,0
41.7,54,23.9,86,0
40.8,51,16.6,82,0
28.2,99,23.8,75,1
19.0,81,14.8,10,1
43.6,63,20.6,41,0
22.6,25,24.3,10,0
40.2,94,10.9,73,1
32.4,95,27.1,88,1
18.6,78,15.7,67,1
18.3,27,2.2,23,0
32.0,91,19.7,38,0
21.7,80,18.9,22,1
29.4,71,28.7,96,1
24.3,46,3.0,39,0
38.2,87,0.7,96,1
40.8,41,17.4,93,1
30.9,44,11.1,7,0
36.5,20,9.2,91,0
28.1,15,29.7,95,0
30.3,26,13.8,86,1
20.0,48,19.8,3,0
43.7,90,4.9,47,0
36.3,100,9.6,62,1
38.9,51,24.2,98,0
26.1,20,9.8,5,0
42.8,83,4.6,4,1
21.2,68,25.4,68,1
32.2,44,28.4,43,0
36.2,56,20.0,76,0
38.0,79,21.1,89,1
18.4,89,17.7,26,1
25.9,97,29.4,73,1
39.2,28,25.3,52,0
21.6,52,10.9,90,1
35.5,16,25.5,72,0
34.5,45,1.3,48,0
23.0,26,5.4,95,1
38.4,44,21.9,60,0
25.3,58,4.5,31,0
29.1,52,21.9,4,0
18.1,59,20.5,47,0
19.6,64,6.8,82,1
18.9,100,0.9,3,1
44.9,24,22.4,85,0
28.3,93,24.1,0,1
31.5,48,17.5,5,0
20.1,66,11.0,10,1
44.7,18,25.5,43,0
44.0,47,18.2,39,0
22.1,88,3.5,40,1
27.0,43,7.8,58,0
37.7,95,0.1,34,0
30.4,52,17.9,37,0
41.9,63,13.2,41,0
18.8,40,16.9,14,0
27.0,73,8.7,26,1
32.6,99,21.5,85,1
24.6,48,4.9,94,0
20.0,93,16.6,9,1
33.0,66,24.0,95,1
32.9,76,9.1,48,1
27.7,34,29.6,48,0
21.6,63,14.2,72,1
25.6,53,17.2,30,0
27.9,16,20.3,21,0
44.6,60,22.5,85,1
25.8,76,22.0,97,1
38.5,25,6.8,45,0
35.6,53,6.3,77,0
44.2,50,17.0,1,0
38.5,27,14.9,56,0
40.4,100,9.4,24,1
22.1,15,17.6,10,0
27.6,18,14.3,69,0
34.8,29,24.6,90,0
24.7,83,6.4,39,1
44.8,75,7.6,72,1
30.1,76,9.2,82,1
26.9,53,28.2,72,0
28.6,28,10.5,46,0
27.2,37,13.2,10,0
20.8,22,21.2,63,0
37.7,97,29.5,4,0
39.2,32,11.1,86,0
18.1,24,24.7,84,0
34.0,55,2.0,40,0
31.2,74,5.1,6,0
35.6,62,23.6,89,1
39.4,57,8.8,44,0
26.4,61,9.3,74,1
36.0,68,11.4,65,0
26.1,91,26.7,8,1
41.5,22,21.0,94,0
31.2,15,20.2,20,0
32.1,32,12.2,56,0
21.8,17,0.7,17,0
34.9,98,0.6,6,0
21.7,54,3.1,95,1
32.7,69,12.5,35,0
21.6,58,8.0,71,1
28.1,43,4.8,43,0
44.4,80,20.0,51,1
29.1,71,7.4,57,1
44.2,82,27.3,57,1
35.9,41,19.3,77,0
43.4,54,4.6,62,0
28.0,18,0.1,28,0
21.6,61,1.3,72,1
32.3,74,10.7,23,0
42.2,21,28.5,4,0
43.8,92,4.4,3,0
39.6,82,8.5,46,0
32.5,43,10.0,73,0
40.6,66,17.5,94,1
37.7,57,28.2,20,0
38.9,61,23.5,84,0
22.1,97,8.3,3,1
33.6,75,27.0,0,0
27.6,98,2.2,18,1
36.2,65,2.5,75,0
35.3,89,27.1,90,1
30.2,80,12.9,84,1
33.7,38,6.3,70,0
21.4,30,1.5,70,1
28.0,33,14.3,83,1
42.1,70,23.1,63,0
42.6,47,4.7,90,0
20.1,64,25.8,66,0
21.9,17,1.1,50,0
41.3,18,12.2,87,0
26.4,26,1.5,17,0
21.3,58,13.9,60,0
42.3,33,21.7,1,0
35.4,26,5.3,65,0
33.6,42,20.7,76,0
28.4,25,0.7,27,0
21.1,51,15.8,31,0
18.1,72,13.7,22,0
21.2,81,4.7,77,1
18.4,25,12.2,77,1
38.0,38,21.5,12,0
22.0,20,5.3,57,0
28.4,21,23.6,67,0
41.2,29,12.8,51,0
30.5,44,18.6,68,0
32.5,55,3.1,62,0
23.0,71,0.6,1,0
19.9,65,22.4,33,0
34.3,72,7.1,4,0
30.9,60,12.9,92,1
40.5,84,10.5,14,1
27.1,41,11.5,23,0
24.5,50,8.0,30,0
32.8,99,20.2,8,0
44.1,50,13.8,77,1
31.2,26,4.1,79,0
23.4,18,28.9,55,0
27.4,36,9.3,60,0
21.5,67,15.6,83,1
19.0,94,16.9,0,1
28.8,58,23.3,73,1
31.0,61,12.2,44,0
24.0,78,22.4,1,0
23.5,55,7.0,30,0
18.4,94,1.1,93,1
34.6,92,27.8,88,1
24.5,92,10.7,25,1
32.7,75,24.1,42,0
21.0,61,26.7,41,0
22.2,53,28.3,66,0
21.4,72,24.7,75,1
34.4,43,10.6,49,0
21.8,78,28.3,6,0
32.1,36,18.8,69,0
30.0,82,14.4,20,1
28.0,92,10.6,57,1
18.3,82,29.7,12,0
27.5,46,28.0,31,0
21.6,43,3.5,90,1
29.1,26,26.2,94,0
19.5,51,18.5,70,1
18.4,25,5.5,37,0
32.7,85,1.1,1,0
31.5,25,6.4,54,0
29.7,89,17.8,7,1
38.4,59,23.4,81,0
40.2,82,22.4,2,0
41.7,75,25.2,97,1
24.6,21,26.9,22,0
27.6,46,9.2,75,1
37.9,31,1.6,47,0
28.1,73,11.4,94,1
34.4,26,10.0,33,0
26.7,98,13.5,12,1
18.1,60,5.9,50,1
40.4,39,3.6,42,0
37.8,15,12.7,48,0
37.0,95,19.1,40,1
20.5,54,27.9,80,0
44.0,84,21.2,83,1
21.4,70,28.5,61,1
27.3,42,14.8,0,0
21.6,16,18.8,80,1
41.7,69,2.7,67,0
39.9,96,21.6,71,1
41.4,43,9.7,16,0
28.4,41,17.4,6,0
20.5,54,19.6,16,0
40.1,39,29.7,82,0
39.5,35,15.9,37,0
41.3,35,3.0,49,0
44.7,27,7.3,89,1
44.9,99,2.7,36,0
23.5,18,9.5,56,0
38.2,19,15.2,45,0
29.1,58,4.0,88,1
35.2,48,29.0,55,0
36.4,64,20.1,29,0
21.5,31,7.9,5,0
31.1,33,19.6,42,0
43.2,48,4.4,37,0
39.4,41,18.5,18,0
19.5,66,26.9,19,0
27.6,33,26.1,44,0
38.2,45,16.7,65,0
22.5,16,12.0,58,0
22.0,33,6.7,26,0
39.7,77,29.9,67,1
29.2,71,15.9,81,1
33.0,44,7.0,11,0
34.7,28,7.4,66,0
42.9,24,1.5,89,0
39.7,100,10.6,17,1
44.0,61,11.1,80,1
36.1,94,29.4,77,1
21.0,54,0.7,16,0
18.3,91,9.6,20,1
31.7,23,8.6,40,0
29.3,99,28.9,85,1
37.0,54,26.5,48,0
26.6,29,29.3,32,0
27.3,18,22.8,75,0
40.7,33,14.6,37,0
19.5,54,20.6,5,0
27.9,41,25.0,55,0
30.0,24,8.1,54,0
31.0,20,25.8,14,0
43.9,31,10.0,3,0
32.7,41,5.8,77,0
28.7,41,10.8,80,1
27.7,60,12.7,52,1
39.9,58,3.0,80,0
20.7,77,10.8,24,1
43.2,60,10.4,40,0
32.7,19,13.2,92,0
31.5,23,10.0,80,0
19.6,95,17.8,39,1
21.1,79,10.4,81,1
30.2,84,24.8,0,0
30.0,48,2.7,60,0
18.9,23,21.9,6,0
28.0,66,12.1,65,1
18.8,69,12.6,84,1
27.5,58,11.7,34,0
41.5,63,7.9,63,0
22.3,75,2.8,62,1
36.1,26,25.4,34,0
40.4,68,8.1,32,0
20.1,87,0.6,91,1
36.7,46,5.7,0,0
21.2,81,24.1,44,1
30.6,41,10.3,83,1
20.6,90,25.8,43,1
21.4,93,21.0,86,1
19.3,67,14.8,89,1
42.2,74,23.2,59,0
36.2,44,14.8,9,0
28.6,100,12.7,47,1
19.4,84,6.2,23,1
41.7,44,11.5,13,0
35.6,50,28.8,70,0
27.3,92,24.7,21,1
26.6,18,20.1,28,0
21.4,34,2.4,73,0
24.7,18,8.3,96,1
33.9,52,14.3,35,0
41.2,16,13.1,5,0
41.6,65,5.6,42,0
40.6,65,0.0,1,0
28.1,53,16.6,1,0
26.0,23,1.5,16,0
33.1,73,20.7,54,0
19.8,51,28.5,70,0
19.7,38,2.6,86,0
38.6,85,2.1,42,0
25.9,93,8.8,43,1
18.3,23,6.0,76,1
28.0,83,12.7,66,1
38.2,79,13.6,9,0
28.0,77,23.2,25,1
26.6,75,15.4,21,1
24.7,31,10.7,87,1
27.0,56,29.7,48,0
33.4,60,23.5,30,0
32.5,96,7.6,10,1
21.7,19,7.3,80,1
25.5,36,22.3,85,1
31.4,79,11.5,30,0
39.9,28,21.2,9,0
35.2,90,7.1,6,0
32.9,93,23.6,44,1
42.5,57,1.8,25,0
27.1,95,12.5,31,1
31.6,44,5.7,29,0
38.8,57,25.2,68,0
25.7,93,11.9,44,1
25.0,79,3.4,100,1
29.6,41,7.1,13,0
19.0,42,21.7,75,0
29.9,19,20.4,47,0
44.0,85,9.7,77,1
44.9,78,12.7,49,1
42.3,99,1.4,10,0
38.4,45,18.7,28,0
27.6,29,19.7,63,0
39.5,71,26.3,76,1
35.6,86,16.9,67,1
28.3,18,24.2,4,0
22.7,33,14.2,88,1
26.4,49,15.2,72,1
29.6,45,28.7,27,0
25.5,60,5.4,68,1
18.6,84,24.8,76,1
38.2,94,12.9,84,1
24.8,37,16.0,36,0
41.3,65,15.2,51,0
39.7,82,8.6,89,1
24.2,48,17.4,70,1
27.3,55,4.8,34,0
32.2,93,29.7,11,1
31.8,40,18.3,20,0
37.3,92,3.5,90,1
19.0,77,8.4,26,1
24.8,70,22.4,61,1
37.0,73,19.4,8,0
40.8,69,16.8,87,1
44.7,25,2.0,79,0
35.0,27,13.4,31,0
25.7,82,8.2,39,1
18.8,79,22.0,40,1
27.3,72,19.7,3,0
36.5,78,16.5,59,1
21.9,76,26.2,44,0
31.1,75,4.5,33,0
26.2,49,6.2,57,0
39.7,85,21.9,89,1
23.2,32,24.0,19,0
31.4,72,27.5,41,0
44.4,45,23.3,54,0
19.4,76,24.8,37,1
20.2,77,20.0,60,1
18.1,75,13.8,17,1
41.9,89,23.6,67,1
33.2,62,23.4,72,1
18.2,47,14.9,55,0
27.7,94,13.6,88,1
36.4,40,23.6,86,0
38.7,93,5.3,23,1
18.8,40,24.8,24,0
27.9,65,6.5,20,0
24.8,16,21.3,47,0
44.7,42,5.0,37,0
23.4,15,8.1,75,1
37.3,49,1.7,97,0
21.6,48,4.3,68,0
34.3,49,12.1,80,1
27.3,18,9.3,75,1
21.7,98,23.5,33,1
24.7,80,25.3,29,0
37.0,32,9.6,91,0
33.8,31,19.9,13,0
25.1,91,15.5,4,1
32.9,77,27.9,3,1
42.5,65,2.8,22,0
34.8,100,18.7,77,1
34.2,20,1.2,46,0
28.6,88,21.6,27,0
33.5,19,24.2,71,0
25.4,48,12.9,5,0
29.1,80,18.1,76,1
19.9,23,29.8,85,0
29.8,66,23.9,80,1
43.0,62,17.6,74,1
29.1,36,15.7,85,1
44.9,24,12.7,26,0
25.5,54,12.2,100,1
20.9,23,28.3,40,0
26.8,68,19.2,27,0
20.2,54,25.0,71,0
23.6,20,8.5,35,0
32.2,68,20.6,81,1
44.4,52,14.2,98,0
34.9,34,17.6,37,0
34.7,38,10.1,0,0
27.8,17,21.8,76,1
38.2,35,17.1,28,0
34.8,79,5.0,78,1
44.2,97,21.6,29,0
37.2,19,21.8,67,0
39.0,92,28.7,89,1
36.2,63,20.0,80,1
29.4,76,8.3,26,1
44.3,64,1.9,40,0
18.1,53,10.5,14,0
33.0,24,5.9,66,0
31.1,59,24.1,36,0
27.2,84,0.0,71,1
32.8,86,19.9,87,1
34.0,85,14.3,8,0
19.7,91,10.2,45,1
35.9,17,29.5,15,0
44.6,56,6.6,29,0
38.1,82,15.4,78,1
25.2,64,2.0,47,0
25.0,48,23.3,44,0
22.9,43,15.9,16,0
31.8,85,8.6,11,0
32.6,82,13.5,93,1
21.2,76,12.2,55,1
39.7,51,20.9,84,0
40.9,93,2.5,49,0
22.7,23,9.4,89,1
37.9,47,18.6,25,0
26.8,86,9.9,30,1
33.0,92,23.5,12,1
43.6,70,11.1,83,1
19.4,32,17.7,14,0
26.2,36,22.6,76,1
30.0,47,1.6,79,1
21.5,15,6.3,46,0
21.6,72,4.7,85,1
34.4,46,15.5,30,0
30.6,20,5.7,7,0
44.2,95,23.8,83,1
23.4,42,4.7,77,0
21.6,35,18.7,66,0
23.1,19,14.2,16,0
35.9,50,19.6,52,0
19.5,50,29.0,49,0
21.6,58,28.1,99,0
24.5,47,15.8,17,0
43.0,20,21.3,49,0
30.8,90,25.9,68,1
27.9,38,21.1,46,0
28.9,38,21.3,75,1
43.6,16,2.7,27,0
27.0,81,6.5,14,1
23.1,95,20.2,29,1
40.0,68,29.2,10,0
37.3,32,22.0,42,0
41.7,75,9.7,22,0
29.5,73,25.1,47,0
24.6,93,25.6,49,1
27.6,86,25.6,10,1
23.6,25,28.0,0,0
35.8,100,24.2,6,0
24.2,18,27.5,63,0
33.2,54,27.2,68,0
44.1,27,18.9,37,0
30.5,65,6.0,95,1
25.7,72,10.0,65,1
38.6,93,8.1,76,1
23.8,52,2.1,79,0
18.2,57,11.7,46,0
20.5,68,25.3,45,0
28.3,42,1.5,84,0
21.1,18,26.8,63,0
38.0,70,19.1,60,1
41.4,82,15.0,29,0
18.6,69,0.9,70,1
35.3,79,21.9,93,1
18.5,49,6.6,56,0
31.2,66,16.4,99,1
40.6,26,13.7,36,0
37.1,73,3.5,43,0
41.6,47,0.7,38,0
18.4,42,24.5,77,1
29.8,48,6.7,46,0
36.4,71,6.0,61,0
44.6,21,15.5,22,0
31.8,47,0.1,22,0
44.4,47,27.7,23,0
33.2,91,21.1,11,1
19.4,40,10.7,51,1
27.1,15,27.9,6,0
32.5,67,9.4,42,0
20.1,94,22.2,49,1
19.9,16,0.0,43,0
33.5,19,29.5,6,0
29.3,30,5.7,60,0
39.5,61,10.4,7,0
39.2,83,15.1,50,1
31.1,76,21.2,27,0
28.1,84,22.2,24,1
32.7,66,17.0,39,0
35.2,17,0.9,65,0
43.1,44,10.7,79,0
38.2,73,6.1,97,1
34.9,42,2.2,18,0
42.5,54,8.1,29,0
34.8,41,14.9,48,0
22.2,98,27.9,65,1
20.6,84,7.5,2,1
31.4,41,17.4,53,0
30.7,52,20.0,72,1
33.0,91,24.2,55,1
42.9,71,25.9,17,0
43.8,61,7.2,48,0
33.3,15,27.9,53,0
30.1,55,6.0,0,0
35.5,84,23.2,24,0
19.4,42,27.0,25,0
38.4,65,23.9,0,0
37.0,72,14.3,50,0
28.3,70,29.4,90,1
39.4,57,18.1,95,0
43.9,96,0.4,43,0
39.6,28,10.9,61,0
23.8,15,18.3,43,0
29.5,98,10.0,6,1
22.4,42,8.9,87,1
18.8,49,25.2,51,0
25.8,39,1.2,20,0
23.2,49,4.0,39,0
38.9,78,19.8,92,1
31.4,69,15.9,41,0
20.2,59,6.5,15,0
42.6,53,9.6,41,0
39.4,85,6.0,83,1
39.2,72,22.2,10,0
41.0,81,22.2,42,0
37.6,49,5.6,25,0
20.6,85,26.5,33,1
32.7,28,7.2,4,0
28.2,86,7.5,24,1
36.2,82,22.7,56,1
43.8,44,10.2,99,0
44.7,95,4.3,35,0
26.8,73,11.2,92,1
37.8,33,6.9,87,0
31.4,20,24.2,7,0
36.3,53,26.7,5,0
31.7,38,29.1,85,0
23.0,71,4.5,83,1
19.5,35,18.5,33,0
33.5,16,18.6,89,1
23.3,89,9.0,39,1
40.7,94,1.2,37,0
41.5,66,0.7,95,1
44.7,29,15.0,18,0
41.5,23,9.4,52,0
33.3,91,7.4,6,1
23.3,47,5.8,20,0
44.9,32,27.8,93,0
21.3,62,16.0,66,1
40.6,83,29.1,6,0
32.2,32,18.6,82,0
27.7,60,9.7,7,0
19.2,63,24.7,45,0
31.8,21,22.4,99,0
24.2,44,23.8,14,0
20.8,58,20.7,8,0
41.6,90,6.2,55,1
33.8,99,21.1,6,0
28.8,86,11.0,73,1
32.2,52,20.3,45,0
28.0,65,25.4,70,1
24.9,87,3.3,50,1
38.7,75,22.7,29,0
31.2,36,21.0,64,0
21.3,92,21.3,55,1
31.7,30,15.0,30,0
40.4,56,12.5,56,0
37.4,25,13.2,21,0
39.0,27,13.1,93,0
42.3,16,28.6,98,0
34.0,60,29.0,25,0
37.7,22,10.8,56,0
32.1,19,22.2,82,0
20.8,70,5.8,57,1
37.0,89,1.8,26,0
27.6,57,27.3,66,0
22.6,36,17.5,53,0
23.1,47,4.2,61,0
26.6,58,11.9,59,0
37.6,59,26.1,62,0
20.8,33,26.6,19,0
28.8,72,19.9,43,0
44.3,36,12.3,34,0
32.4,56,20.3,23,0
37.0,96,13.9,13,0
26.5,21,10.4,41,0
42.3,63,13.2,60,0
35.8,98,5.8,26,1
26.8,59,8.7,14,0
38.1,30,23.4,40,0
38.4,49,28.6,99,0
25.9,41,2.1,36,0
32.3,57,8.9,62,0
23.7,56,0.5,60,0
30.2,24,6.2,5,0
21.0,16,5.9,97,1
24.3,15,21.5,0,0
26.2,92,7.4,34,1
40.9,22,6.7,81,1
19.5,73,15.3,21,0
43.2,21,24.8,22,0
37.5,47,29.2,21,0
44.7,61,11.1,12,0
18.6,42,20.0,1,0
28.6,63,20.7,50,0
26.4,71,22.4,70,1
24.4,69,4.4,57,0
32.2,82,3.9,55,1
37.2,64,0.2,69,0
19.1,96,26.2,71,1
41.0,70,6.1,73,1
33.5,91,25.2,40,0
37.0,88,26.1,29,0
33.9,50,13.0,64,0
36.9,51,3.8,83,0
19.1,100,6.7,55,1
44.4,30,18.9,85,0
36.1,29,6.5,83,0
24.1,69,1.3,32,0
29.2,57,11.6,53,0
24.6,100,26.1,69,1
29.0,67,26.3,46,0
37.6,88,5.0,24,0
33.5,44,2.6,86,0
44.5,18,21.6,19,0
28.1,29,20.2,80,0
27.7,69,8.9,49,0
43.1,64,14.6,92,1
36.4,98,28.0,87,1
38.9,80,12.4,19,1
30.6,26,3.2,42,0
26.6,36,20.7,92,0
44.7,45,13.2,69,0
40.8,95,23.5,19,0
41.2,38,20.6,26,0
35.3,54,18.2,6,0
18.6,18,5.0,6,0
26.7,65,13.6,11,1
23.1,41,24.5,76,1
43.1,86,1.8,4,0
24.3,47,14.0,21,0
40.7,67,9.5,31,0
38.4,93,27.0,92,1
30.4,76,19.8,92,1
39.9,51,26.8,4,0
38.3,24,29.3,50,0
26.9,49,28.1,17,0
25.9,77,2.5,48,1
31.9,59,18.5,72,0
22.3,77,0.6,82,1
27.4,63,12.8,98,1
28.9,67,2.9,2,0
43.2,35,23.8,43,0
39.2,50,15.0,0,0
38.9,21,6.4,15,0
37.7,99,23.9,56,1
32.2,76,3.1,3,0
43.9,54,25.7,99,0
38.3,30,2.1,17,0
39.2,20,9.6,12,0
32.0,58,7.8,53,0
32.2,53,28.9,35,0
32.3,83,2.3,25,1
42.9,38,20.2,16,0
41.8,50,6.0,69,0
39.6,72,14.4,27,0
40.0,91,26.6,91,1
37.6,64,2.6,33,0
41.2,51,25.1,67,0
33.3,37,3.4,36,0
41.0,76,26.8,83,1
36.8,92,27.4,98,1
22.8,35,19.6,68,0
40.7,46,0.9,15,0
29.3,20,2.3,7,0
26.9,52,11.1,41,0
19.8,19,22.7,97,1
19.7,68,20.2,52,1
18.2,84,21.5,35,0
22.7,39,29.4,9,0
29.4,33,25.5,29,0
30.4,54,29.5,54,0
18.8,93,7.9,5,1
18.1,53,7.8,2,0
29.4,81,16.3,96,1
41.9,62,15.2,68,0
31.6,94,27.9,14,0
20.3,61,21.6,35,0
21.5,46,17.7,4,0
39.4,40,13.5,54,0
18.5,27,29.3,82,0
39.6,52,7.7,55,0
39.7,93,19.7,41,0
38.3,30,22.0,94,0
38.0,62,24.4,27,0
36.0,16,11.7,17,0
33.6,84,16.7,55,1
33.3,58,24.4,15,0
42.6,15,19.5,14,0
26.9,29,20.8,54,0
23.6,31,29.1,13,0
34.6,89,8.6,100,1
35.6,72,21.3,71,1
20.5,100,29.7,18,1
41.3,80,23.3,37,0
32.4,16,16.8,47,0
43.1,65,23.1,82,1
37.5,69,29.0,3,0
30.5,69,4.8,32,0
25.9,69,13.6,41,0
44.0,99,6.0,72,1
32.5,32,15.0,64,0
31.7,82,21.2,37,0
18.4,22,12.6,17,0
36.3,44,26.3,18,0
39.2,25,26.1,52,0
28.1,26,5.5,36,0
18.3,23,0.5,23,0
40.2,65,10.6,88,1
42.5,77,25.2,64,0
30.7,28,12.5,7,0
43.2,16,5.9,58,0
24.6,57,23.2,58,0
43.9,24,26.5,16,0
18.4,18,17.7,0,0
30.9,89,4.3,42,0
44.0,61,29.6,43,0
38.1,87,24.5,3,0
28.8,84,23.6,0,1
31.6,55,18.4,12,0
21.1,42,5.2,5,0
39.8,20,0.6,24,0
22.7,68,3.9,92,1
21.5,50,27.7,64,0
45.0,86,21.0,80,1
31.2,65,8.7,56,1
35.7,34,15.1,88,1
35.9,33,5.6,10,0
21.8,49,19.3,21,0
41.3,100,23.8,28,0
39.5,35,14.0,88,1
36.9,73,8.7,73,1
44.0,16,28.4,57,0
37.9,86,25.7,34,0
43.8,29,23.7,91,0
34.2,23,4.4,36,0
34.9,31,11.0,35,0
23.7,31,29.3,15,0
22.6,88,13.5,59,1
28.0,69,27.4,92,1
30.1,61,13.1,22,0
24.1,67,15.4,3,0
20.2,24,16.0,34,0
24.7,65,10.6,4,1
34.7,83,27.3,53,1
20.0,80,20.0,100,1
40.3,60,23.3,34,0
21.2,58,13.2,39,0
35.3,54,27.0,99,0
44.6,100,1.4,72,1
19.7,84,26.3,2,1
27.0,16,18.2,55,0
25.0,51,23.7,73,1
32.3,82,25.3,57,1
33.7,57,27.1,8,0
43.2,51,19.9,68,0
23.3,73,19.9,22,0
44.6,44,28.0,44,0
19.2,23,26.3,100,1
27.3,46,0.0,40,0
19.7,54,11.2,76,1
38.7,53,23.1,24,0
22.5,74,11.9,33,1
19.9,22,25.5,92,1
27.4,92,1.5,89,1
34.4,33,24.9,65,0
39.7,28,2.1,80,0
44.8,66,22.2,73,1
27.6,44,29.2,37,0
18.3,87,29.7,67,1
36.8,76,24.6,22,0
26.5,71,12.6,73,1
35.8,58,18.9,11,0
21.1,15,28.3,45,0
36.1,81,4.4,11,0
37.3,21,10.7,42,0
41.3,43,0.3,53,0
25.7,58,11.0,61,0
42.3,76,7.0,95,1
34.0,41,24.1,42,0
20.1,84,4.0,69,1
36.3,82,0.8,7,0
21.9,77,1.0,2,1
20.7,90,15.9,84,1
22.9,35,12.3,9,0
40.2,59,9.8,16,0
42.8,99,22.6,13,0
34.7,52,15.5,59,0
31.9,88,21.7,69,1
35.6,36,8.3,37,0
23.3,28,15.9,41,0
39.3,41,4.9,13,0
29.1,40,8.8,3,0
38.9,55,8.2,14,0
22.2,73,5.7,68,1
25.5,85,1.8,94,1
22.6,87,11.7,79,1
24.3,82,4.9,61,1
44.7,80,1.4,67,0
43.0,79,25.6,67,1
19.2,30,24.2,11,0
24.7,36,9.7,28,0
27.6,24,23.7,60,0
31.9,20,6.4,79,0
40.8,40,6.0,82,0
38.9,72,0.5,17,0
22.4,70,16.8,21,0
41.6,81,25.0,33,0
21.8,61,5.2,7,0
24.0,72,12.3,23,0
33.7,81,22.1,91,1
41.5,53,3.2,33,0
20.0,86,23.3,71,1
37.6,26,13.2,99,1
34.5,50,19.7,87,1
24.3,75,26.9,45,1
29.7,75,27.6,77,1
30.4,78,21.6,63,1
18.9,75,18.5,47,1
20.5,17,3.1,51,0
24.4,46,2.3,70,0
25.9,34,18.6,63,0
39.6,20,24.8,53,0
20.4,39,3.8,9,0
42.7,51,11.5,4,0
25.0,56,29.5,69,0
42.4,95,5.5,24,0
36.4,61,28.4,54,0
43.7,65,12.6,78,1
33.7,97,12.4,49,0
25.1,45,29.1,78,0
43.0,100,4.1,81,1
39.2,24,13.9,85,1
43.3,66,8.7,26,0
29.8,64,3.5,5,0
26.0,98,7.4,52,1
20.5,59,16.3,1,0
36.2,94,14.9,41,0
24.4,25,14.0,2,0
42.4,86,28.6,53,0
28.5,77,15.9,56,1
37.1,47,26.7,94,0
20.8,75,2.1,76,1
24.1,29,25.2,88,1
40.2,56,27.1,66,0
44.8,94,19.7,90,1
22.2,44,2.3,5,0
42.9,33,12.8,46,0
30.8,20,4.3,99,0
36.7,68,19.0,65,0
24.0,74,12.6,29,0
42.6,25,3.9,29,0
30.4,86,19.9,23,1
22.7,32,11.8,43,0
25.9,94,29.0,56,1
27.9,86,5.3,65,1
34.3,39,1.5,48,0
22.6,74,12.9,36,0
39.6,44,4.6,3,0
27.6,34,23.2,85,1
19.9,30,22.3,6,0
40.1,59,9.7,31,0
29.6,72,29.9,28,0
27.8,68,19.7,97,1
39.7,96,25.5,55,1
28.2,18,7.2,41,0
18.6,63,15.8,74,1
21.3,70,5.1,15,0
33.7,56,6.2,47,0
23.3,26,1.5,0,0
34.3,16,26.7,8,0
31.8,93,21.4,44,0
33.2,65,2.1,5,0
32.1,88,11.2,86,1
36.5,29,0.9,38,0
41.3,45,20.4,49,0
31.6,40,7.7,93,1
30.9,80,20.2,73,1
25.3,69,26.0,30,0
18.1,33,5.9,56,0
28.6,55,9.8,60,0
39.6,45,19.1,44,0
23.7,30,17.3,21,0
37.0,91,8.9,20,0
41.7,85,0.7,94,1
29.9,21,13.1,46,0
31.0,47,24.5,62,0
25.8,43,20.8,3,0
27.9,73,1.9,59,1
21.8,21,18.1,6,0
32.5,88,27.0,96,1
19.4,35,18.8,94,1
35.2,23,12.4,1,0
44.1,25,12.4,1,0
41.7,74,20.7,75,1
36.0,69,12.5,68,0
22.1,27,23.9,64,0
29.7,45,26.2,82,0
35.3,76,16.4,33,0
33.4,20,1.9,10,0
32.6,96,19.0,35,1
37.6,86,5.0,49,0
20.9,64,13.1,35,0
33.7,25,0.5,57,0
39.2,42,24.6,88,0
41.8,52,20.5,81,0
30.0,65,13.6,42,0
44.3,85,1.9,0,0
25.3,89,2.5,21,0
29.4,60,23.1,20,0
45.0,92,18.2,36,0
27.7,61,19.6,82,1
33.6,86,12.3,1,1
24.9,77,13.2,71,1
25.8,15,5.9,19,0
36.6,44,20.2,45,0
41.9,98,18.5,17,0
37.7,17,27.1,67,0
20.9,58,4.1,76,0
35.9,21,18.6,16,0
39.0,46,15.7,99,1
27.2,63,6.8,4,1
34.4,59,5.7,73,0
23.5,31,3.1,15,0
31.5,62,11.5,49,0
23.0,38,26.1,87,1
23.6,42,17.1,86,1
24.1,88,27.8,10,1
33.9,80,14.6,36,1
22.7,53,4.3,1,0
31.3,40,10.4,32,0
20.5,35,4.6,62,0
28.2,23,7.9,90,1
26.3,90,28.0,31,1
44.0,75,9.7,57,1
25.8,84,4.4,23,0
20.8,61,22.7,38,0
42.4,70,18.0,84,1
40.5,50,15.9,68,0
34.1,38,18.5,59,0
43.2,49,9.1,99,1
33.2,53,23.0,76,0
18.2,66,13.8,17,0
38.3,88,5.4,64,1
20.5,31,14.8,40,0
22.1,22,21.5,66,0
30.0,72,7.3,68,1
20.0,27,27.7,12,0
28.7,40,8.3,47,0
18.5,59,18.6,39,0
22.1,84,29.9,70,1
42.4,72,10.2,30,0
22.9,99,9.0,16,1
39.1,64,1.0,40,0
18.7,74,2.5,41,0
22.2,92,0.8,17,0
37.9,64,20.2,60,0
24.5,95,19.5,74,1
18.9,26,27.8,41,0
23.3,86,16.4,99,1
20.7,56,8.4,0,0
40.2,68,29.8,83,1
42.0,84,22.2,62,1
33.9,46,4.8,98,0
33.3,51,25.6,65,0
20.9,38,8.3,64,0
20.0,57,11.4,31,0
35.9,100,0.9,40,0
44.4,68,25.4,62,0
40.0,100,3.4,67,1
21.2,94,23.7,83,1
34.3,36,15.3,87,1
32.1,91,18.3,49,0
18.4,53,18.6,90,1
43.9,31,2.9,1,0
23.0,74,0.3,23,0
19.4,56,6.2,26,0
35.5,99,4.7,54,1
31.0,57,8.4,93,0
18.5,78,0.8,57,1
26.3,88,5.7,42,1
29.8,69,7.7,17,0
28.3,15,5.8,37,0
43.5,48,28.7,86,0
18.1,22,21.5,29,0
31.4,80,8.3,58,1
30.2,74,8.6,81,1
18.9,95,5.7,20,1
23.9,96,7.0,54,1
41.2,85,14.7,42,1
18.9,47,10.2,82,1
43.1,70,9.1,81,1
42.6,52,16.7,45,0
21.1,100,9.3,10,1
37.4,65,19.8,21,0
40.0,59,25.4,79,0
37.5,84,14.6,81,1
43.7,36,4.8,65,0
23.1,86,8.6,45,1
41.0,28,17.6,48,0
38.5,16,20.7,51,0
43.4,52,28.1,100,0
30.1,26,16.8,76,1
25.5,19,22.8,90,1
43.2,72,8.1,53,0
21.0,85,1.0,54,1
35.2,47,10.3,62,0
19.8,62,14.6,43,1
30.3,39,2.3,8,0
18.4,52,2.0,57,0
26.5,74,18.3,43,1
36.7,79,18.0,48,1
40.1,92,27.5,4,0
43.2,71,15.8,23,0
41.2,52,7.7,39,0
34.2,63,6.9,78,1
36.3,40,28.2,41,0
30.3,79,27.5,48,0
28.6,69,13.5,27,0
38.6,82,10.1,46,0
23.6,67,2.7,92,1
30.7,38,3.7,83,0
24.4,30,21.3,46,0
41.3,40,0.2,19,0
29.9,38,10.7,12,0
33.7,45,23.7,80,0
24.5,74,19.1,90,1
29.4,86,2.8,81,1
44.0,19,13.1,55,0
26.9,69,3.7,16,0
28.0,85,7.6,46,1
34.0,76,23.7,39,1
40.6,92,1.5,64,1
24.4,100,28.4,29,1
31.5,96,24.9,88,1
39.8,90,3.2,20,0
31.1,20,26.1,60,0
29.3,84,21.9,47,0
36.7,21,2.9,61,0
39.7,76,9.6,37,1
34.6,87,6.0,87,1
28.7,100,25.6,39,1
27.7,68,1.8,71,1
41.8,20,3.1,79,0
37.0,82,15.7,22,1
36.4,57,12.2,8,0
23.2,87,19.7,71,1
25.2,69,4.4,15,0
21.7,19,27.0,39,0
20.2,46,8.0,36,0
22.0,42,0.5,58,0
29.9,97,9.0,49,1
18.4,95,26.8,23,1
32.0,87,16.6,26,1
35.3,89,12.9,47,1
33.9,86,25.8,63,1
32.2,48,21.6,26,0
44.2,62,4.0,64,0
30.7,97,2.0,48,1
23.5,65,5.5,92,1
21.8,68,20.1,10,0
38.3,73,26.8,20,0
42.6,34,29.6,28,0
30.7,21,8.6,48,0
25.0,95,3.1,82,1
30.7,51,3.6,27,0
28.8,55,24.4,49,0
25.0,87,22.6,26,1
43.9,52,2.6,60,0
44.4,60,20.9,12,0
21.8,45,22.5,43,0
39.5,23,4.2,93,0
25.7,99,21.5,52,1
35.0,32,8.4,18,0
25.0,52,14.6,59,0
20.3,71,8.7,70,1
19.7,77,27.3,24,1
32.8,38,6.7,35,0
32.4,63,3.1,79,1
25.7,94,22.5,83,1
29.8,82,28.7,33,1
41.4,95,14.3,77,1
30.5,30,1.7,34,0
18.1,61,27.2,84,1
21.7,83,20.9,99,1
30.1,84,8.0,30,1
38.7,63,10.4,83,1
21.4,57,25.5,25,0
23.4,45,3.8,21,0
18.9,40,21.3,83,0
26.2,79,18.7,67,1
35.1,40,6.2,72,0
35.9,89,14.7,98,1
38.7,63,17.3,71,1
26.7,73,6.0,25,0
28.9,45,15.0,37,0
35.3,98,18.3,90,1
26.1,69,27.2,11,0
25.7,18,12.4,43,0
40.0,88,19.2,15,0
26.8,50,5.5,29,0
39.7,100,14.3,71,1
23.9,47,21.7,58,0
43.1,55,11.7,34,0
19.8,58,25.3,40,0
23.8,90,7.0,58,1
20.4,100,26.5,7,1
18.6,55,29.2,99,1
23.0,33,28.4,82,1
30.6,50,17.8,37,0
32.6,85,1.0,37,0
20.5,51,2.1,60,0
31.0,19,21.5,24,0
35.8,93,5.9,76,1
44.4,99,21.6,19,0
33.9,30,26.1,50,0
34.5,20,8.4,6,0
34.9,37,18.7,95,1
35.4,48,8.2,42,0
37.4,76,1.7,8,0
44.4,27,12.4,35,0
27.3,69,8.2,63,1
29.2,64,29.5,29,0
35.9,29,11.8,48,0
37.4,86,19.5,97,1
35.0,33,16.6,89,1
44.0,61,4.3,50,0
36.3,43,16.2,68,0
30.4,59,4.6,15,0
22.5,100,0.0,54,1
18.6,64,4.7,45,0
39.4,30,3.8,97,0
43.3,32,4.8,1,0
24.9,99,11.3,25,1
42.5,98,28.1,68,1
31.9,35,9.7,57,0
23.0,83,18.1,55,1
18.5,22,10.3,91,1
34.3,77,15.6,51,1
22.5,89,10.0,79,1
34.4,69,18.3,29,0
23.8,90,25.2,3,1
28.8,83,8.8,79,1
23.2,76,5.5,75,1
27.6,24,21.5,50,0
36.6,59,16.7,5,0
31.9,19,3.1,58,0
30.2,62,5.0,53,0
29.3,34,2.7,100,1
38.8,30,0.4,21,0
31.4,75,15.8,65,1
18.8,49,2.7,51,0
32.1,97,10.0,58,1
21.7,17,28.8,20,0
33.4,79,23.6,64,1
22.6,45,7.3,73,1
36.0,89,7.8,2,1
28.6,91,4.5,71,1
27.3,54,6.9,42,0
27.8,39,9.2,49,0
27.8,70,17.3,82,1
32.3,40,2.3,83,0
20.3,38,25.3,13,0
20.6,22,4.4,60,0
31.6,51,8.9,11,0
22.7,92,25.8,91,1
41.1,35,11.1,37,0
37.3,38,10.4,0,0
43.3,64,7.5,40,0
21.9,38,6.6,94,1
22.0,65,29.9,98,1
28.0,60,12.3,51,1
31.9,97,5.5,70,1
44.4,30,5.4,30,0
23.7,67,8.8,75,1
38.0,49,12.0,88,0
18.8,91,7.1,86,1
27.5,15,0.2,19,0
35.3,95,24.5,37,0
32.4,21,7.2,54,0
42.5,96,15.9,35,1
25.1,26,22.2,70,0
37.5,90,21.6,50,1
21.5,21,22.7,98,0
18.0,66,6.5,87,1
21.8,84,7.1,60,1
42.0,71,28.2,75,0
39.8,100,1.3,25,0
28.5,32,1.4,89,1
36.6,62,15.4,77,1
39.3,36,23.1,74,0
35.1,78,4.4,23,0
29.2,91,23.5,97,1
41.7,66,18.0,21,0
36.9,83,2.0,2,0
31.5,76,4.3,69,1
40.4,82,17.4,29,1
40.7,73,14.0,29,0
27.3,75,17.1,25,1
43.5,57,27.8,71,0
23.3,93,11.2,28,1
40.2,75,1.6,48,0
21.2,67,11.2,87,1
37.9,57,26.2,94,0
43.1,33,29.5,81,0
19.7,85,19.5,88,1
44.3,86,0.3,11,0
41.9,73,7.7,73,1
32.3,95,13.1,67,1
21.2,86,8.4,45,1
35.3,49,18.7,52,0
20.5,16,17.0,5,0
37.1,77,12.9,29,1
39.8,99,6.8,89,1
18.1,54,0.5,64,0
25.3,33,6.6,82,1
23.4,25,1.4,89,1
29.9,73,15.9,66,1
19.4,34,22.8,51,0
38.0,65,22.7,86,1
43.5,42,20.3,96,0
27.2,23,5.1,75,1
42.2,45,8.7,91,1
42.4,19,2.3,64,0
38.1,15,5.5,51,0
26.6,52,15.5,30,0
37.7,77,14.1,24,1
36.6,54,12.8,68,0
44.6,48,26.7,75,0
32.5,89,27.7,86,1
28.4,58,2.2,74,0
35.1,16,2.1,19,0
41.1,61,5.0,18,0
41.4,23,24.4,20,0
37.2,58,7.6,28,0
21.8,71,13.5,75,1
41.1,24,10.2,52,0
39.3,34,2.0,19,0
21.6,66,4.6,77,1
42.5,90,14.3,82,1
40.1,86,20.1,59,0
42.9,17,9.3,84,0
24.5,95,12.3,65,1
31.3,73,5.7,24,0
21.2,39,6.8,90,1
23.2,77,14.9,30,1
34.2,93,29.1,40,0
32.6,24,16.8,16,0
39.3,45,5.8,67,0
35.1,97,23.5,5,0
28.9,58,5.2,74,1
31.8,77,30.0,84,1
42.5,18,6.9,10,0
21.2,96,6.3,46,1
19.0,57,25.2,58,0
26.3,15,12.9,23,0
20.8,20,2.8,19,0
38.2,61,6.8,46,0
25.6,52,10.3,86,1
30.7,99,27.8,8,0
23.8,20,17.4,96,1
18.8,34,9.1,15,0
42.5,96,4.8,93,1
41.9,69,23.7,72,1
36.7,89,23.0,0,0
33.1,70,24.8,13,0
22.1,74,6.9,63,1
25.6,66,26.0,78,1
26.8,37,22.0,15,0
30.5,46,15.3,87,1
35.7,38,22.8,90,0
44.2,30,29.9,14,0
41.4,64,6.3,36,0
27.9,47,29.5,52,0
19.3,99,29.0,72,1
30.2,92,19.0,10,1
43.1,85,20.4,94,1
19.0,87,12.4,99,1
22.7,16,12.9,97,1
30.3,61,23.7,89,1
25.1,76,25.7,26,1
40.1,69,25.2,9,0
28.2,37,7.9,44,0
29.3,71,19.9,21,0
28.2,64,24.2,86,1
22.4,58,27.2,11,0
23.0,29,2.5,72,0
41.2,22,1.1,67,0
18.3,22,29.7,12,0
29.3,30,20.2,68,0
40.7,20,16.2,42,0
27.1,40,2.7,64,0
34.7,77,9.3,43,1
22.2,23,21.4,90,1
33.0,15,9.1,57,0
26.6,47,11.7,11,0
24.4,58,1.5,73,0
44.7,50,10.7,53,0
18.5,48,25.0,67,0
32.6,43,15.4,98,1
26.7,36,26.7,70,1
25.7,78,0.7,25,1
28.3,66,9.4,15,0
44.9,17,19.8,56,0
21.3,92,17.9,58,1
43.0,44,28.3,0,0
41.6,74,0.9,6,0
33.4,100,5.9,24,1
43.3,38,1.7,69,0
40.7,20,23.6,92,0
43.3,33,5.0,6,0
33.3,15,12.4,87,1
28.2,74,22.1,64,0
43.3,84,24.0,65,1
19.6,47,4.0,68,0
30.4,51,2.6,99,0
23.4,90,21.8,17,1
41.0,15,21.5,65,0
28.8,42,22.4,63,0
43.7,50,6.2,64,0
27.6,29,11.2,38,0
22.3,32,23.1,5,0
44.9,27,5.2,92,0
18.1,62,29.5,35,0
26.0,69,11.9,56,1
25.1,86,8.1,17,1
21.6,58,24.3,47,0
33.6,58,24.3,43,0
37.8,17,17.3,99,0
41.0,23,2.1,90,0
18.3,66,20.6,66,1
35.9,16,4.0,48,0
29.4,54,9.2,3,0
43.9,25,20.7,64,0
23.8,69,20.9,43,0
42.3,91,12.5,49,0
31.0,76,24.5,90,1
26.7,90,1.8,22,1
24.5,45,7.5,91,1
43.5,33,16.1,29,0
19.4,65,29.5,13,0
27.7,78,12.6,30,1
18.6,15,13.3,32,0
18.3,91,25.1,21,0
34.4,82,25.5,91,1
25.6,46,16.5,33,0
43.8,91,9.9,36,1
21.9,59,13.9,72,1
40.9,34,12.6,49,0
27.4,98,12.7,47,1
18.4,17,12.6,62,0
35.2,72,1.9,27,0
41.1,96,11.0,44,1
25.7,90,16.5,98,1
26.0,86,13.6,84,1
20.1,46,11.8,41,0
27.3,28,16.5,66,0
38.6,52,29.1,19,0
34.2,64,20.5,26,0
31.6,70,26.6,58,0
39.6,94,16.9,6,0
29.9,25,4.7,82,0
22.7,44,25.4,77,0
29.0,30,28.8,27,0
19.8,53,23.3,4,0
43.7,60,6.5,87,1
35.0,23,8.5,76,0
44.6,60,20.8,96,0
27.5,25,26.1,70,0
34.6,90,13.3,42,1
26.5,62,23.2,69,1
34.2,26,25.9,29,0
38.9,92,4.5,70,1
22.0,98,23.3,88,1
20.2,47,3.4,76,1
20.2,83,26.7,42,1
21.8,96,12.7,22,1
24.7,40,12.8,62,0
28.1,18,12.9,11,0
40.6,16,1.7,17,0
30.1,26,0.5,74,0
21.0,27,20.4,25,0
42.4,41,26.9,83,0
24.3,70,24.7,31,0
20.9,50,27.9,45,0
27.8,97,9.6,12,1
19.8,56,17.4,96,1
34.4,65,2.5,18,0
25.6,76,0.1,27,1
41.8,88,17.5,73,1
21.5,42,25.2,40,0
35.7,94,16.5,62,1
24.4,35,2.5,40,0
20.8,95,15.6,88,1
25.9,94,19.5,50,1
44.2,48,9.1,44,0
21.1,80,1.7,24,1
30.6,45,11.8,62,0
28.0,29,10.3,72,1
29.6,29,21.3,31,0
31.5,88,4.4,87,1
34.0,60,16.9,82,1
40.4,51,9.4,94,0
29.3,42,1.0,86,1
30.1,24,3.2,2,0
28.5,66,10.1,22,0
24.8,74,2.2,32,0
32.6,34,15.7,95,1
37.1,50,7.8,29,0
29.4,79,1.5,20,1
41.5,77,14.1,8,0
41.7,43,2.0,19,0
35.0,69,24.3,62,0
40.3,60,1.2,45,0
36.3,22,18.5,48,0
38.4,94,18.2,25,0
42.6,47,8.4,57,0
33.4,55,21.3,30,0
32.1,84,13.5,55,1
26.4,70,0.2,57,1
40.6,98,16.3,66,1
31.9,89,25.9,75,1
45.0,88,21.2,0,0
33.5,73,27.2,94,1
28.9,26,6.1,2,0
21.0,33,6.6,8,0
32.0,27,0.8,6,0
25.0,84,13.8,54,1
23.0,65,16.6,2,0
39.8,95,27.7,62,1
30.8,32,10.4,4,0
21.0,39,1.9,75,0
23.9,37,8.2,100,1
25.6,30,27.9,74,0
43.2,17,11.7,34,0
36.6,24,22.9,47,0
28.5,72,8.8,62,1
25.5,79,19.9,85,1
25.7,15,10.0,2,0
33.7,45,18.6,74,1
33.8,93,25.7,27,0
38.7,86,25.7,32,0
43.7,79,26.4,17,0
41.0,40,0.4,55,0
41.3,68,0.1,58,0
41.7,83,4.7,97,1
25.9,24,27.5,8,0
41.6,15,7.1,43,0
21.9,69,28.6,21,0
39.5,32,13.3,16,0
43.7,66,12.3,30,0
23.8,60,4.8,21,0
34.2,92,22.6,26,1
38.2,92,3.1,65,1
40.5,92,20.9,78,1
42.1,21,8.4,25,0
36.5,99,20.0,28,1
35.6,67,12.8,27,0
43.9,27,23.0,10,0
30.9,17,7.9,42,0
25.6,48,5.3,14,0
28.0,82,9.2,44,1
26.3,82,17.0,10,1
25.6,52,0.9,55,0
24.8,96,25.2,16,1
29.4,23,13.2,67,0
18.6,15,23.1,17,0
35.1,94,10.5,32,1
23.0,38,6.1,31,0
32.9,84,29.9,45,0
39.4,48,2.3,82,0
38.4,20,25.8,38,0
29.7,23,4.8,95,1
36.9,58,1.6,41,0
19.4,59,8.3,51,0
27.9,35,27.3,19,0
18.8,93,4.7,50,1
42.9,23,16.9,44,0
25.2,36,11.0,94,1
31.3,84,28.5,31,0
40.1,37,22.8,42,0
31.6,77,1.7,48,1
31.8,72,5.6,49,0
27.6,66,18.0,18,0
36.6,49,19.4,8,0
18.9,47,5.1,47,0
18.2,25,19.1,48,0
36.2,29,4.0,62,0
19.1,91,12.7,39,1
31.0,22,12.5,93,0
28.6,47,28.1,35,0
22.3,96,14.7,9,1
43.3,39,4.8,24,0
29.9,15,5.8,32,0
40.5,83,27.3,53,1
42.1,47,10.4,95,1
40.3,29,2.2,14,0
37.4,96,25.7,89,1
33.2,63,20.6,66,0
44.2,78,24.4,19,0
31.0,67,5.5,49,0
43.9,74,5.5,36,0
22.5,21,12.9,24,0
28.0,63,8.7,33,1
22.0,68,23.9,33,0
42.5,65,25.5,11,0
22.5,20,24.6,98,0
32.3,27,4.4,87,0
40.3,42,17.8,99,0
41.7,27,21.8,18,0
37.2,88,13.7,77,1
37.8,51,23.0,26,0
37.6,39,0.3,71,0
32.7,59,23.2,8,0
35.6,30,12.0,43,0
24.1,50,5.2,80,1
28.3,78,2.1,8,1
34.9,92,27.5,15,1
39.2,19,4.2,41,0
35.7,98,24.4,14,0
23.6,96,12.1,62,1
23.8,19,0.4,44,0
19.5,66,23.6,60,0
40.6,64,23.2,77,1
18.5,31,25.7,16,0
32.4,33,25.7,57,0
42.8,95,8.8,3,1
41.6,19,6.7,81,0
24.7,99,23.0,98,1
29.7,21,22.6,99,0
32.1,30,28.7,88,0
24.9,20,9.3,22,0
44.8,68,24.6,83,0
20.3,31,28.2,93,1
36.8,26,3.4,85,0
36.0,63,20.5,50,0
39.1,50,18.2,38,0
24.9,79,9.0,14,1
23.9,100,8.8,77,1
39.8,47,18.7,94,0
22.4,42,19.1,6,0
41.6,65,7.0,69,0
23.6,25,23.3,74,1
31.5,52,12.1,23,0
40.0,38,17.7,32,0
30.3,33,5.1,31,0
35.1,45,14.7,87,0
42.7,56,7.3,24,0
36.7,18,1.4,16,0
37.8,38,4.6,34,0
43.6,96,24.9,20,0
18.9,69,24.4,55,0
28.7,93,2.4,32,1
33.3,55,9.2,47,0
44.3,97,2.0,86,1
27.8,76,27.5,49,0
44.3,58,12.3,31,0
31.2,66,15.2,23,0
25.8,91,28.9,46,0
40.2,36,29.3,88,0
32.1,64,0.0,9,0
22.3,43,19.1,44,0
33.8,86,15.7,70,1
26.0,46,26.2,38,0
43.3,94,1.8,74,1
38.3,80,4.4,84,1
37.3,82,28.3,11,0
41.6,83,11.7,67,1
19.2,80,7.9,19,1
35.5,26,6.6,4,0
36.6,86,3.9,82,1
39.8,65,26.1,95,1
34.0,80,29.4,56,1
20.2,16,4.4,43,0
44.7,64,16.4,52,0
25.8,97,0.5,100,1
41.1,43,2.9,14,0
26.7,34,15.1,43,0
28.3,73,3.3,39,0
34.0,53,23.5,9,0
39.9,53,21.0,99,0
23.8,33,14.8,44,0
44.4,80,6.1,47,0
35.3,81,23.2,28,0
28.8,29,29.0,52,0
31.2,45,8.5,34,0
31.9,82,30.0,83,1
32.7,96,9.1,20,1
43.3,95,20.3,27,1
44.2,50,17.8,17,0
36.5,62,26.0,60,0
20.8,74,6.3,4,1
39.1,64,9.6,7,0
25.0,65,11.4,6,0
25.4,94,10.8,50,1
39.1,39,16.3,85,0
31.3,49,19.3,69,0
21.0,68,13.7,72,1
42.9,61,10.0,90,1
43.4,84,18.2,30,1
18.7,18,14.3,23,0
18.2,68,5.8,76,1
30.2,88,9.5,41,1
36.0,70,8.1,70,1
33.4,98,10.6,82,1
45.0,42,1.2,35,0
24.2,22,17.0,86,1
28.2,86,2.9,47,0
32.6,75,3.4,30,0
40.2,77,7.8,61,1
39.1,35,26.1,67,0
22.5,82,1.1,72,1
30.8,42,29.3,12,0
44.7,27,24.8,41,0
42.2,71,1.7,43,0
38.0,50,26.9,13,0
39.1,84,25.1,15,0
35.1,71,22.0,22,0
37.2,100,21.6,11,0
34.2,66,24.9,10,0
31.9,22,0.8,21,0
34.3,74,23.4,99,1
42.1,70,6.0,25,0
21.6,68,27.6,97,1
29.8,50,16.4,87,1
35.2,38,11.6,87,0
43.2,57,4.2,11,0
33.9,29,17.1,31,0
28.6,21,28.9,30,0
28.9,42,29.5,55,0
29.5,34,6.7,4,0
34.1,48,15.0,1,0
25.3,93,7.7,32,1
41.6,28,3.9,40,0
40.3,87,22.5,53,1
28.9,24,25.2,62,0
25.1,87,19.2,84,1
20.4,85,2.8,31,1
44.3,95,7.4,48,1
26.5,55,4.9,86,0
40.9,100,14.7,94,1
29.2,40,27.2,39,0
26.7,19,19.8,70,1
41.1,66,23.1,54,0
35.2,40,7.0,94,0
22.4,57,10.0,74,1
27.7,98,2.9,66,1
38.4,91,17.4,22,0
34.3,19,25.4,41,0
28.2,35,15.6,70,1
37.4,76,25.7,3,0
21.1,78,9.9,37,1
41.1,97,8.4,84,1
31.1,58,25.6,83,0
34.8,35,21.7,56,0
40.2,68,14.0,3,0
24.9,52,2.3,22,0
30.0,73,23.5,96,1
22.4,48,26.4,15,0
38.4,100,28.9,52,1
21.6,50,0.8,44,0
18.5,22,8.6,8,0
29.7,43,4.9,89,1
31.7,31,16.1,69,0
40.7,91,7.9,54,1
19.4,84,20.4,71,1
41.0,24,18.5,29,0
26.3,63,0.9,63,1
39.5,90,14.4,20,1
18.8,40,1.7,43,0
23.5,58,22.8,74,0
19.8,28,1.0,57,0
40.3,30,20.5,94,0
27.7,90,14.0,15,1
25.9,51,29.8,41,0
18.6,66,16.0,4,0
22.3,20,25.9,78,0
37.1,88,9.8,56,1
22.5,45,9.5,90,1
25.0,94,29.2,54,1
26.5,57,3.2,23,0
27.5,100,2.5,45,0
33.1,94,11.6,44,1
30.9,33,29.9,77,0
40.1,24,2.1,64,0
29.6,35,12.8,75,1
31.8,74,7.6,55,1
19.7,53,23.5,97,1
29.6,38,10.8,91,1
23.0,37,7.8,86,1
25.3,96,5.0,3,1
34.2,25,24.2,65,0
24.1,57,18.0,64,0
31.6,33,4.2,81,0
28.6,63,26.8,2,0
29.1,19,17.2,36,0
23.6,65,2.9,2,0
43.7,38,11.8,20,0
31.1,29,21.0,3,0
32.7,22,12.6,60,0
23.7,30,7.3,40,0
36.6,34,17.2,56,0
35.5,81,6.7,30,0
29.0,97,0.2,43,0
26.6,72,0.9,51,0
33.2,84,4.9,77,1
26.9,93,29.2,63,1
19.6,88,25.3,2,1
21.9,37,15.4,49,0
23.3,52,12.4,74,1
37.7,61,19.4,36,0
22.9,81,26.1,59,1
34.6,78,12.4,66,1
39.0,75,14.9,48,0
19.4,95,1.4,30,0
38.2,88,3.3,85,1
29.1,50,20.3,26,0
20.7,97,18.6,12,1
27.5,37,3.4,81,1
24.7,53,11.8,52,0
23.7,27,9.0,27,0
18.4,49,14.2,81,1
37.9,48,9.5,49,0
39.4,72,11.6,15,0
42.4,98,2.7,72,1
37.4,28,14.7,28,0
41.5,63,3.0,33,0
34.5,85,24.6,81,1
30.5,57,13.4,81,1
37.0,21,3.4,40,0
44.3,53,28.6,1,0
34.0,21,4.4,82,0
28.0,61,24.2,69,1
30.2,61,14.3,51,1
33.3,89,7.2,23,1
19.7,60,28.3,77,1
35.2,49,13.9,56,0
20.1,43,17.7,23,0
32.6,84,28.2,63,1
22.1,70,16.8,100,1
38.1,64,1.0,80,1
32.5,96,17.0,66,1
32.7,60,28.4,52,0
29.7,88,6.8,31,1
34.5,78,9.0,61,1
44.4,63,15.4,65,0
22.5,26,1.6,43,0
32.2,61,8.6,9,0
18.1,19,21.5,45,0
39.0,50,1.0,76,0
41.2,15,1.3,51,0
22.6,61,18.1,66,1
33.9,54,29.0,11,0
40.8,22,7.3,87,0
29.0,41,3.8,62,0
20.4,17,25.3,24,0
22.3,85,11.2,96,1
24.3,74,29.4,24,0
36.9,75,18.3,18,0
38.4,25,11.6,0,0
40.3,41,2.9,4,0
31.5,67,21.3,29,0
29.3,28,28.0,94,0
43.2,76,11.1,81,1
34.0,40,29.7,89,0
43.1,80,2.8,39,0
21.8,96,10.0,34,1
40.4,94,15.6,62,1
34.6,21,27.4,21,0
33.8,45,16.2,24,0
42.4,92,27.2,71,1
29.3,87,1.7,53,1
32.1,73,27.5,1,0
23.8,50,2.4,56,0
25.0,98,4.9,98,1
29.3,58,22.6,55,0
36.7,76,29.3,50,1
38.5,26,1.1,60,0
36.8,83,15.7,6,0
33.0,62,0.8,89,1
23.2,32,25.3,85,0
33.3,50,14.0,26,0
41.1,39,6.5,33,0
37.8,65,0.5,45,0
43.1,97,27.5,100,1
27.4,21,10.6,20,0
34.4,26,21.4,20,0
29.5,67,3.7,65,1
25.9,73,28.1,72,1
41.9,42,16.4,22,0
36.8,80,21.5,57,1
27.9,28,11.1,47,0
40.3,37,5.0,31,0
26.8,34,13.2,82,1
28.2,72,13.9,84,1
40.9,57,15.1,10,0
26.3,17,24.9,23,0
21.7,30,0.7,85,0
41.9,23,7.8,37,0
40.1,38,0.5,29,0
25.4,45,5.6,55,0
22.7,81,20.8,54,1
37.5,75,24.2,30,0
21.5,58,17.7,56,0
23.7,98,1.6,59,1
33.6,78,12.9,20,0
20.7,96,9.5,79,1
40.2,75,28.3,52,0
26.6,96,17.3,56,1
23.0,57,8.8,20,0
27.6,50,23.4,52,0
18.9,15,19.2,70,1
22.5,25,12.1,21,0
44.0,28,10.3,97,0
26.8,23,21.3,58,0
22.5,54,6.6,98,1
41.6,99,4.4,84,1
19.1,24,15.8,29,0
20.7,29,13.2,13,0
23.0,86,21.6,71,1
27.8,95,28.1,47,1
24.4,78,18.1,49,1
40.9,68,4.3,82,1
25.8,62,12.1,10,0
25.1,43,3.3,100,0
23.6,49,6.0,18,0
30.7,15,0.2,26,0
37.5,82,21.2,76,1
29.6,87,26.7,0,1
29.6,27,7.5,88,1
29.6,16,15.1,61,0
28.3,26,19.2,73,1
40.0,92,1.0,36,0
32.5,48,15.9,69,0
42.8,47,2.7,100,0
42.2,72,28.4,39,0
28.8,68,22.3,44,0
33.2,75,7.3,62,1
38.8,33,8.9,23,0
35.7,30,15.0,7,0
20.7,24,13.8,75,1
27.6,30,12.0,25,0
40.9,94,1.3,57,1
44.8,42,5.0,40,0
39.6,63,2.5,39,0
20.9,84,14.7,63,1
41.1,52,19.0,48,0
28.9,69,27.1,73,1
30.3,36,19.5,47,0
33.2,66,16.1,89,1
22.8,96,13.5,99,1
30.8,96,25.8,75,1
41.0,96,26.4,15,0
37.6,28,9.2,100,1
44.0,28,11.2,74,0
25.4,90,22.8,5,1
42.1,48,5.5,91,0
24.1,88,5.8,50,1
29.7,19,17.6,53,0
28.8,89,28.8,70,1
28.3,77,13.1,44,1
18.7,57,27.6,45,0
21.5,34,4.1,98,1
34.4,45,26.1,22,0
34.2,67,4.1,67,1
29.8,63,3.5,39,0
22.9,87,30.0,84,1
28.2,57,9.8,67,0
42.8,57,24.3,80,0
18.2,78,26.0,4,1
28.9,78,15.2,41,1
37.0,38,19.7,29,0
27.0,32,16.9,34,0
27.6,22,17.1,3,0
23.6,90,13.4,16,1
21.8,23,26.6,16,0
36.1,35,1.4,79,0
22.3,33,21.6,61,0
39.5,30,18.9,71,0
36.3,94,11.5,4,1
35.9,61,22.4,33,0
41.1,77,29.7,55,1
38.6,95,15.2,37,1
43.4,38,19.9,25,0
20.4,98,21.3,11,1
21.2,18,10.6,15,0
36.1,60,21.4,74,0
23.7,63,5.4,82,1
24.4,90,17.0,50,1
35.3,57,14.5,17,0
21.0,90,21.7,89,1
25.5,79,3.5,73,1
44.7,52,4.2,78,0
21.0,22,20.8,23,0
32.8,97,21.1,8,0
42.9,77,27.2,52,1
24.3,63,0.1,91,1
30.4,41,15.8,94,0
20.8,29,27.0,80,1
21.4,43,0.6,17,0
24.1,61,21.8,100,1
23.0,61,9.1,66,1
41.2,76,17.7,81,1
20.7,71,26.9,38,0
39.8,37,6.2,85,0
41.5,94,21.9,73,1
34.2,34,9.3,84,1
37.4,33,18.8,100,0
37.6,31,23.7,98,0
18.7,51,13.2,98,1
40.4,32,20.4,71,0
19.6,25,21.1,97,1
42.4,94,10.0,85,1
33.1,31,24.9,4,0
34.0,75,29.3,87,1
35.8,56,14.0,49,0
43.0,71,9.2,44,0
42.3,97,24.7,36,0
40.3,50,21.2,94,0
18.1,38,13.2,9,0
37.5,31,2.5,85,0
44.1,32,21.5,69,0
40.8,98,21.7,93,1
24.7,78,22.2,56,1
20.3,25,7.5,98,1
35.0,19,12.0,90,0
27.5,20,28.6,78,0
29.8,78,2.4,11,1
38.3,72,18.8,53,1
43.0,59,8.0,37,0
34.9,40,5.8,81,1
44.7,19,22.3,37,0
37.0,71,21.1,98,1
22.5,42,6.3,2,0
35.6,16,16.0,80,0
31.2,51,1.2,30,0
41.6,27,14.2,58,0
39.1,34,18.8,1,0
42.6,72,17.5,19,0
37.0,32,6.2,54,0
28.5,45,16.9,76,1
31.5,54,23.1,0,0
35.0,70,14.6,23,0
20.8,85,26.6,58,1
28.9,84,19.2,47,1
25.6,32,20.5,55,0
22.9,34,10.8,42,0
24.3,44,24.9,24,0
32.6,68,3.4,65,0
41.3,33,18.0,93,0
28.1,69,0.7,69,0
29.2,96,14.8,16,1
32.9,38,6.0,33,0
19.9,72,9.1,99,1
39.5,59,26.6,72,0
30.4,42,20.5,58,0
42.4,16,1.7,62,0
40.7,27,28.8,18,0
21.1,35,4.7,90,0
37.4,72,19.0,66,1
33.5,68,3.6,70,1
31.5,28,21.3,65,0
25.9,28,27.4,97,0
44.6,82,5.9,84,1
42.1,26,29.1,44,0
18.9,46,28.5,28,0
44.7,73,25.5,46,0
44.4,88,10.3,7,1
41.2,65,16.0,73,1
20.1,28,24.0,55,0
22.7,98,20.0,11,1
21.5,81,3.6,81,1
20.1,65,12.1,46,0
26.0,16,11.4,73,1
20.7,81,13.8,62,1
24.5,34,8.9,96,1
28.3,100,28.0,33,1
38.9,22,21.1,4,0
18.4,76,9.0,45,1
38.4,41,15.8,76,0
39.5,41,16.9,56,0
31.9,40,23.1,0,0
42.8,45,2.9,98,0
34.3,72,26.6,53,0
38.5,93,17.4,99,1
44.0,34,2.2,42,0
35.2,29,18.8,26,0
44.9,53,18.4,48,0
38.5,32,13.5,34,0
27.7,49,24.9,15,0
34.3,96,26.5,27,1
40.5,96,28.0,96,1
26.6,20,27.9,57,0
39.3,73,0.0,42,0
20.0,42,22.0,88,1
33.7,33,13.8,52,0
32.5,45,1.3,65,0
19.7,57,2.1,78,0
23.2,44,24.1,31,0
31.7,24,21.8,74,0
24.9,77,27.9,82,1
33.1,42,7.2,57,0
39.8,20,5.4,63,0
22.2,98,13.7,71,1
41.0,47,9.9,45,0
35.1,51,11.8,10,0
28.1,44,9.9,14,0
40.3,21,2.7,89,0
28.4,46,11.7,31,0
22.6,59,20.8,19,0
24.5,100,8.2,45,1
32.9,89,29.5,29,0
27.1,86,1.8,85,1
43.4,45,24.6,80,0
24.1,70,16.3,78,1
27.0,72,15.8,28,0
39.0,38,24.8,25,0
22.9,61,1.1,74,1
37.7,27,23.5,21,0
31.3,58,3.5,86,0
32.5,78,10.4,80,1
34.0,26,6.9,90,0
21.7,56,15.7,99,1
40.5,59,23.8,44,0
25.5,41,19.4,98,1
28.3,15,26.6,11,0
30.2,22,10.8,58,0
41.5,41,29.0,66,0
23.0,53,28.3,29,0
39.1,59,10.5,70,0
40.7,45,1.0,38,0
39.0,56,8.7,83,0
28.2,69,21.8,81,1
28.7,90,12.8,83,1
35.9,24,12.3,89,1
44.8,79,19.1,15,0
39.5,55,15.8,6,0
29.6,42,28.0,65,0
31.7,67,24.4,91,1
29.0,45,1.9,77,0
27.6,66,5.5,87,1
41.8,67,19.4,27,0
21.1,16,15.1,10,0
26.7,86,27.8,44,1
26.7,49,1.3,88,0
32.4,28,23.6,53,0
35.2,16,1.1,94,0
33.6,45,7.1,16,0
27.5,88,29.0,6,1
43.8,45,24.5,19,0
36.1,53,10.2,57,0
31.3,26,21.3,11,0
26.4,17,6.8,14,0
33.1,36,19.7,31,0
19.3,51,0.6,29,0
31.7,28,7.1,62,0
30.4,64,13.8,54,1
25.2,70,14.5,10,0
20.0,85,25.1,64,1
18.2,93,18.5,26,1
40.5,40,9.5,82,0
34.6,36,20.8,60,0
40.1,61,1.2,66,0
33.2,87,17.9,7,1
37.2,53,9.9,43,0
38.6,94,13.1,14,1
38.1,98,7.3,90,1
41.2,33,10.4,13,0
35.5,98,22.6,75,1
36.0,89,14.3,21,1
19.6,71,18.1,38,0
34.9,47,2.7,0,0
26.5,15,17.7,88,1
37.6,92,4.9,28,0
36.5,27,1.5,43,0
22.6,57,19.3,8,0
22.7,83,19.9,77,1
39.2,81,22.0,75,1
24.4,45,4.0,80,1
44.5,95,3.4,7,0
38.8,71,19.1,49,0
30.5,86,19.2,17,1
28.2,85,13.8,72,1
35.2,80,0.5,99,1
43.1,85,17.3,19,1
38.2,40,11.9,9,0
44.0,81,4.4,98,1
35.9,38,10.6,17,0
18.8,43,10.4,90,1
43.2,91,11.7,41,1
25.4,34,1.8,5,0
40.2,76,5.1,86,1
21.4,94,19.9,83,1
29.3,81,4.3,83,1
33.7,99,8.4,54,1
18.6,92,21.8,47,1
39.6,48,1.3,63,0
32.6,42,10.6,48,0
42.5,75,16.7,35,1
18.1,39,4.4,62,0
43.8,83,15.9,55,1
21.9,82,6.2,82,1
27.6,93,23.8,29,1
27.9,36,1.1,60,0
23.7,18,24.3,22,0
30.1,76,25.9,4,1
21.9,86,15.6,68,1
33.2,54,19.8,25,0
38.0,20,5.4,19,0
26.0,79,19.8,26,1
22.4,83,5.3,42,1
18.9,57,6.3,31,0
37.4,39,20.4,13,0
20.7,21,20.4,60,0
21.9,22,9.2,15,0
28.9,22,10.2,97,1
45.0,51,27.1,58,0
33.6,66,20.1,88,1
32.4,55,24.6,45,0
22.3,39,15.2,40,0
40.1,81,16.7,54,1
42.1,40,22.7,28,0
36.2,37,21.3,82,0
37.2,31,5.3,49,0
39.1,30,17.7,96,1
38.2,31,18.4,0,0
30.5,25,21.1,93,0
23.2,36,0.1,3,0
32.9,83,11.5,57,1
33.6,29,6.7,18,0
23.3,22,15.1,11,0
20.6,42,14.5,35,0
34.1,82,4.2,40,0
33.2,30,6.2,35,0
19.5,94,26.4,69,1
29.4,59,11.8,62,0
38.0,35,1.4,75,0
20.8,94,26.9,17,1
39.5,50,22.4,16,0
39.6,49,1.7,45,0
42.1,58,17.6,0,0
44.9,40,13.8,79,0
43.7,76,24.7,83,1
43.1,20,4.7,63,0
32.3,96,7.9,20,1
41.5,81,0.3,23,0
37.0,56,14.5,61,0
36.8,88,17.0,65,1
29.9,47,5.3,77,1
44.9,98,8.1,1,0
33.6,47,4.2,45,0
20.2,98,4.6,26,1
44.9,85,23.2,92,1
34.6,63,2.0,16,0
22.7,35,22.3,88,0
26.9,19,19.5,91,1
38.5,52,22.7,88,0
40.9,30,21.9,95,0
43.0,85,12.4,14,0
37.0,51,4.9,60,0
18.9,69,19.2,34,1
38.6,41,13.0,2,0
26.1,24,21.8,86,0
34.3,47,27.6,63,0
30.9,60,11.1,49,0
38.9,52,9.6,92,0
43.7,42,2.6,0,0
25.2,38,25.0,15,0
27.2,63,22.8,38,0
28.7,77,25.3,38,1
37.2,69,9.1,9,0
18.2,29,24.1,36,0
42.7,79,22.3,38,0
27.4,87,24.5,70,1
40.8,84,10.7,56,1
33.6,33,11.8,26,0
42.2,100,8.8,20,1
29.8,24,28.0,87,1
20.6,55,28.2,10,0
43.7,27,21.7,90,0
27.1,43,10.9,2,0
18.6,79,18.3,95,1
19.1,75,20.1,75,1
22.3,57,29.0,27,0
23.1,86,4.6,10,1
39.5,78,10.9,5,1
19.8,39,20.1,96,0
28.6,55,22.7,5,0
40.9,74,2.4,38,0
18.8,64,9.0,38,0
21.3,66,0.7,58,1
37.9,95,26.2,66,1
31.7,26,18.4,0,0
27.3,93,3.1,46,0
25.9,85,23.3,99,1
18.5,77,1.8,54,1
25.3,92,8.4,21,1
22.4,88,24.4,64,1
42.1,43,28.0,13,0
27.6,88,0.4,97,1
32.7,86,7.7,28,1
25.5,56,10.6,98,1
30.5,63,22.1,18,0
23.6,61,2.5,60,1
42.4,31,0.5,54,0
22.8,63,21.2,77,1
44.2,36,4.4,11,0
43.6,83,5.4,99,1
27.0,92,0.6,87,1
42.9,53,28.8,32,0
40.9,88,21.3,38,0
37.4,80,13.0,11,1
26.3,73,24.6,6,0
41.0,89,22.1,69,1
38.9,90,12.8,71,1
21.7,94,16.5,8,1
40.2,40,8.5,51,0
25.7,58,12.2,82,1
42.5,60,11.6,18,0
21.8,60,28.5,19,0
30.2,32,29.6,55,0
31.5,72,11.7,53,1
39.9,97,1.4,98,1
21.5,43,16.7,84,1
37.7,36,11.2,3,0
18.2,34,19.7,47,0
27.4,40,12.1,41,0
40.0,42,23.3,49,0
22.2,90,23.1,83,1
32.2,26,19.5,66,0
40.2,72,24.0,63,0
38.9,34,26.4,13,0
28.7,55,14.6,82,1
41.4,32,9.4,35,0
32.7,72,23.9,32,0
20.8,34,1.7,27,0
26.3,31,2.4,59,0
40.9,32,5.3,41,0
24.2,82,4.9,49,1
32.2,70,1.1,34,0
34.1,24,7.9,26,0
25.8,79,29.4,16,1
21.0,55,14.5,43,0
20.3,99,11.8,9,1
34.4,41,15.9,63,0
36.0,35,7.7,94,0
27.8,24,29.9,56,0
19.7,94,27.9,85,1
42.8,49,10.5,0,0
41.6,69,8.8,5,0
23.0,67,6.8,32,0
18.4,44,23.5,25,0
41.4,52,29.5,80,0
21.8,58,7.9,49,0
35.1,73,5.5,53,1
23.5,54,16.9,29,0
43.8,61,28.4,61,0
24.2,66,23.0,4,0
29.4,62,10.9,80,1
32.7,39,14.0,39,0
35.2,56,15.8,77,0
25.8,33,17.3,23,0
41.9,34,21.3,80,0
23.5,77,10.0,17,1
39.4,66,12.2,7,0
33.5,93,8.5,87,1
21.7,27,23.6,21,0
40.5,34,3.2,50,0
24.4,71,25.3,98,1
33.0,65,24.4,98,1
19.5,66,0.3,64,0
37.0,29,16.5,9,0
44.6,77,13.4,12,1
36.5,62,16.9,50,1
19.2,94,28.6,55,1
26.1,70,22.4,73,1
36.3,87,11.2,77,1
30.8,24,13.7,39,0
32.1,68,18.4,68,1
38.1,46,28.1,60,0
43.3,33,23.2,63,0
23.3,28,2.9,66,0
34.1,75,29.0,14,1
29.3,26,14.6,44,0
20.6,56,12.1,94,1
40.7,34,7.9,98,1
32.4,65,12.1,17,0
36.7,30,13.6,46,0
42.9,97,3.0,52,0
31.7,74,17.2,95,1
42.3,89,29.4,2,0
39.4,93,13.3,6,0
24.5,84,8.5,86,1
24.2,97,28.5,26,1
41.2,85,10.3,11,0
23.3,62,9.7,5,0
39.1,24,25.9,66,0
42.7,67,19.8,51,0
18.4,84,9.8,9,1
21.2,39,5.8,22,0
26.2,79,22.9,43,1
22.7,98,21.2,1,0
41.9,17,26.1,44,0
41.8,48,2.5,75,0
36.1,33,19.3,99,0
19.3,78,9.9,75,1
28.8,73,25.0,6,0
41.1,27,15.7,15,0
37.7,51,19.9,21,0
27.4,17,20.3,18,0
40.0,74,10.8,43,0
34.9,34,18.9,28,0
42.0,76,26.0,80,1
30.0,56,27.8,86,1
18.5,42,4.5,6,0
33.9,89,1.4,76,1
21.2,70,18.7,4,0
26.6,19,30.0,6,0
42.9,19,3.6,24,0
27.2,48,1.8,3,0
29.1,43,18.7,39,0
20.1,18,1.9,91,1
43.4,76,6.6,44,0
33.9,18,3.9,83,0
29.8,19,12.7,49,0
21.8,74,19.9,35,0
31.2,60,16.4,57,0
31.1,75,7.9,45,1
43.4,71,24.6,13,0
34.7,29,2.8,86,0
43.4,48,2.4,57,0
29.6,97,22.9,60,1
35.1,93,16.7,52,1
28.8,74,20.7,33,0
44.7,17,12.8,99,1
34.7,75,9.9,19,1
25.0,77,10.0,3,1
43.0,86,14.3,19,0
38.3,84,15.3,100,1
22.9,76,2.6,52,1
29.7,41,17.8,60,0
19.3,57,14.3,10,0
29.5,68,8.8,58,1
41.6,33,22.2,20,0
21.1,45,17.5,16,0
24.2,25,25.2,20,0
35.4,100,16.6,13,1
18.9,55,15.3,16,0
40.2,37,17.7,42,0
18.2,45,25.1,70,1
42.4,98,24.3,28,0
35.0,56,9.5,79,0
25.5,84,12.9,9,1
27.1,97,24.1,39,1
34.0,27,25.2,93,1
40.7,48,16.8,87,0
34.1,74,28.4,81,1
44.4,24,4.7,26,0
38.3,32,29.2,93,0
33.0,50,11.7,35,0
37.9,68,0.1,9,0
24.2,47,28.4,97,1
39.2,90,21.2,97,1
34.7,28,3.9,92,0
24.3,40,5.2,8,0
36.9,49,24.4,26,0
25.2,67,2.4,79,1
23.6,67,12.0,61,1
27.1,80,25.5,16,1
43.8,53,29.4,64,0
31.9,75,22.2,85,1
32.8,26,29.4,27,0
38.3,61,16.1,65,1
20.5,23,16.5,23,0
22.1,36,18.5,29,0
24.5,61,19.3,21,0
41.3,62,29.8,14,0
36.9,98,22.0,42,0
30.8,39,14.1,96,1
31.1,51,26.2,17,0
38.9,18,5.9,12,0
25.4,15,17.9,5,0
28.7,44,2.0,74,0
24.0,96,1.1,52,1
28.8,22,24.7,89,1
29.1,15,11.3,49,0
23.8,90,7.2,63,1
18.4,91,25.7,47,1
37.5,92,6.8,90,1
42.0,64,5.5,19,0
19.2,64,28.8,97,1
23.9,70,29.3,83,1
28.1,82,16.3,30,1
29.6,51,19.3,90,1
42.6,21,7.1,12,0
39.8,22,29.0,94,0
19.0,69,20.9,8,0
22.3,30,23.6,13,0
33.9,23,7.4,61,0
37.4,86,12.1,19,1
20.7,25,20.7,29,0
30.5,67,8.5,5,0
26.0,41,26.4,1,0
33.4,43,29.4,13,0
26.7,97,19.4,45,1
38.6,62,12.0,91,1
43.3,62,16.2,45,0
44.2,62,29.7,62,0
34.5,75,4.7,36,1
39.1,80,18.2,1,0
27.4,86,27.6,78,1
31.5,100,12.1,83,1
34.3,16,3.4,7,0
18.7,53,26.0,33,0
26.6,87,20.5,58,1
20.7,64,1.6,34,0
35.1,72,24.9,19,0
39.1,92,1.2,14,0
26.3,88,25.0,38,0
37.1,53,0.1,36,0
41.6,54,9.8,35,0
25.2,50,23.6,24,0
32.4,54,18.8,90,0
39.9,82,27.6,11,0
41.6,45,4.4,22,0
42.9,54,3.8,89,0
24.9,31,10.0,84,1
25.2,25,1.0,21,0
26.6,65,6.4,57,1
24.8,36,11.5,64,0
28.8,96,4.5,30,1
39.4,87,11.4,98,1
26.6,57,7.3,62,0
39.8,45,21.5,88,0
24.3,19,21.5,1,0
28.6,62,4.9,17,0
42.8,62,21.6,12,0
21.2,36,18.2,90,1
37.5,28,24.4,8,0
41.3,97,7.5,83,1
41.1,67,4.0,4,0
18.1,51,20.3,54,0
36.6,71,29.9,14,0
43.2,98,18.8,75,1
32.3,77,28.3,56,1
27.4,52,13.4,79,1
38.6,40,5.2,12,0
41.3,61,22.4,12,0
36.0,18,9.0,38,0
44.8,69,1.6,43,0
34.9,60,23.2,45,0
32.6,82,17.1,73,1
36.4,92,16.5,1,0
23.4,28,17.3,24,0
18.6,55,0.3,27,0
44.3,32,4.8,28,0
26.0,62,13.8,89,1
37.9,22,14.2,6,0
22.1,55,10.4,2,0
31.1,33,3.9,3,0
43.2,71,3.8,45,0
43.5,70,11.9,86,1
44.7,92,26.7,72,1
39.7,29,11.1,76,1
41.8,30,4.5,37,0
20.4,80,4.8,11,1
37.0,20,19.7,36,0
32.4,72,18.8,39,0
42.0,71,4.7,79,1
33.6,95,22.9,15,1
44.2,56,25.7,44,0
27.5,39,23.6,64,0
40.0,90,22.3,75,1
31.8,23,16.5,57,0
23.2,95,27.3,43,1
43.6,16,21.3,5,0
31.3,82,28.4,45,0
43.9,90,9.5,20,1
31.9,46,13.1,40,0
24.0,67,15.7,32,0
25.8,53,28.1,41,0
44.4,32,28.7,96,0
44.6,15,18.2,68,0
18.5,58,16.7,68,0
34.5,62,24.7,45,0
24.6,18,6.8,13,0
34.0,96,9.0,17,1
43.8,17,26.5,3,0
37.3,79,7.8,93,1
38.3,39,28.6,87,0
35.9,66,6.4,64,0
36.5,86,27.6,14,0
26.8,29,22.7,13,0
40.4,67,28.2,34,0
30.4,100,26.3,60,1
23.1,81,23.7,63,1
44.5,25,7.0,100,0
38.3,34,7.5,90,0
27.9,59,15.6,81,1
23.0,86,28.0,67,1
40.4,64,1.8,94,1
37.9,90,4.3,93,1
30.6,95,19.0,57,1
41.3,16,20.0,6,0
25.0,63,18.3,54,1
37.0,30,25.6,96,0
37.6,38,2.2,70,0
32.6,66,24.0,59,0
36.8,94,0.4,76,1
33.2,99,18.4,85,1
43.9,16,2.9,16,0
31.0,82,1.6,28,1
31.9,90,15.4,100,1
26.2,54,9.4,15,0
30.1,48,1.3,36,0
24.2,25,17.9,20,0
36.0,28,9.5,79,1
25.2,51,22.6,72,1
23.3,70,3.8,60,0
36.7,85,17.0,61,1
43.0,90,26.7,34,0
25.9,61,7.4,42,0
39.9,17,9.2,14,0
26.2,68,23.0,79,1
30.8,70,0.2,83,1
41.8,44,29.0,93,0
26.2,61,24.1,61,1
36.2,96,28.1,55,1
33.9,74,12.2,22,0
25.4,94,13.0,15,1
38.6,79,10.7,39,1
38.2,98,7.2,3,1
32.5,77,8.5,32,1
25.5,69,1.0,50,0
29.2,98,25.4,4,1
27.5,67,29.2,40,0
36.1,56,12.5,84,1
25.7,85,15.4,89,1
44.2,94,15.4,12,1
43.7,97,18.7,54,1
38.0,72,22.1,87,1
22.6,30,22.3,85,0
42.6,99,17.0,53,1
42.7,95,15.0,45,1
42.4,28,0.7,99,0
36.7,56,25.4,3,0
23.8,38,7.0,39,0
25.4,98,1.1,60,1
43.3,83,18.0,95,1
39.4,15,4.2,93,0
19.9,61,22.7,87,1
20.1,42,28.8,6,0
22.3,73,8.6,53,1
38.6,66,15.4,81,1
41.6,64,0.6,59,0
43.8,91,16.9,9,0
39.8,91,29.3,7,0
29.5,68,5.5,68,1
32.5,71,18.0,65,1
18.9,54,9.1,42,0
23.0,33,2.1,69,0
23.4,85,0.2,73,1
43.2,26,7.0,32,0
22.3,91,6.6,23,1
31.6,79,2.2,34,0
41.1,27,8.5,97,1
43.8,74,2.1,75,1
44.3,68,29.3,6,0
43.0,90,23.7,5,0
42.7,66,21.9,9,0
40.7,88,10.0,68,1
38.5,98,16.0,24,0
22.1,69,0.8,15,0
21.4,62,24.4,47,0
33.8,71,1.0,45,0
44.0,66,22.0,95,1
43.6,51,19.5,31,0
30.0,72,4.4,40,0
43.6,29,11.0,40,0
44.0,81,15.9,75,1
32.1,71,0.7,22,0
25.4,73,29.5,15,0
31.9,94,27.9,21,0
37.2,24,23.0,87,0
27.4,24,6.4,0,0
40.5,85,28.7,94,1
27.4,16,20.4,10,0
19.5,48,6.4,83,1
39.3,33,24.2,29,0
35.4,82,19.2,23,0
43.8,55,0.5,62,0
28.5,58,4.5,36,0
18.5,24,9.9,75,1
21.4,33,2.5,7,0
24.4,66,3.9,21,0
34.3,19,20.2,84,0
19.1,87,18.3,27,1
30.9,35,9.8,78,0
29.9,100,12.4,44,1
40.3,96,12.3,16,0
22.6,25,3.9,67,0
25.8,94,22.2,28,1
21.7,77,5.5,69,1
19.6,64,27.5,60,0
40.9,52,24.8,34,0
30.9,95,12.2,80,1
36.8,67,28.5,55,0
37.3,72,27.0,75,1
40.9,64,7.2,69,1
37.2,55,4.1,75,0
42.7,62,2.6,84,1
25.9,53,28.7,1,0
43.9,35,24.1,97,0
18.2,28,29.1,67,0
38.6,63,15.3,97,1
23.6,80,18.2,37,1
20.3,95,7.4,44,1
44.5,71,4.3,25,0
39.8,44,23.8,94,0
43.4,79,16.1,52,1
18.8,55,28.3,12,0
20.1,67,27.8,0,0
36.8,50,1.9,49,0
24.8,27,15.4,65,0
18.8,97,2.8,66,1
27.4,95,4.3,30,1
19.4,99,10.8,26,1
32.7,87,21.4,56,1
23.1,92,10.6,36,1
42.4,87,10.7,36,0
40.7,96,19.3,31,0
26.1,31,15.9,45,0
29.8,54,23.3,98,0
22.9,29,14.6,87,1
42.6,72,28.8,49,0
24.5,48,10.3,78,1
40.2,30,17.4,17,0
33.0,72,11.8,44,0
18.0,42,21.2,41,0
18.9,38,3.7,89,0
28.9,93,26.2,26,1
37.7,40,2.2,17,0
21.4,56,5.4,55,0
41.6,95,14.4,78,1
43.5,68,21.2,0,0
29.3,96,12.6,38,1
43.4,99,0.5,33,0
41.7,15,4.6,90,0
29.3,28,4.1,69,0
44.1,31,0.8,45,0
30.9,37,11.3,26,0
42.6,69,28.3,32,0
42.6,62,27.8,78,1
37.4,58,15.1,72,0
37.1,56,8.3,82,0
35.7,52,2.1,92,0
37.6,19,26.0,81,0
30.9,24,21.6,97,0
32.9,22,22.6,77,0
38.0,72,26.1,15,0
41.1,83,21.8,51,1
36.1,85,13.4,83,1
18.3,25,4.2,96,1
24.1,53,7.5,79,1
28.9,68,16.6,68,1
44.6,100,10.0,31,0
44.9,15,16.0,75,1
37.1,80,24.2,10,0
18.8,94,19.4,96,1
28.1,82,8.5,38,1
32.8,61,25.0,18,0
36.5,72,19.4,81,1
21.3,73,21.8,44,0
43.3,74,12.3,57,0
42.5,96,22.6,91,1
30.9,56,0.4,63,0
37.3,45,19.6,68,0
24.5,99,2.8,78,1
43.4,17,16.4,98,0
29.6,45,26.4,17,0
34.3,79,24.8,0,1
40.0,49,28.9,55,0
37.4,33,21.2,4,0
19.0,19,22.1,14,0
35.7,82,13.7,92,1
32.9,72,8.7,88,1
43.3,22,26.2,12,0
34.8,19,2.6,37,0
28.4,70,5.9,42,0
31.8,55,14.5,2,0
24.1,91,18.6,19,1
42.8,39,16.3,12,0
38.0,76,23.1,34,0
32.9,84,2.3,7,0
33.7,41,18.1,53,0
34.3,41,22.1,22,0
42.3,50,18.0,85,1
42.6,17,4.2,43,0
36.5,32,20.4,1,0
40.5,44,24.4,59,0
24.7,22,25.7,13,0
39.8,100,19.3,48,0
33.4,80,25.2,28,1
35.1,91,18.5,14,1
35.8,39,22.2,92,0
21.2,24,25.1,85,0
35.1,58,10.1,37,0
22.4,25,12.2,64,0
34.1,67,29.9,32,0
22.2,64,11.9,80,1
22.4,95,18.1,16,1
28.9,28,1.0,19,0
41.8,74,28.2,74,1
35.4,75,18.4,70,1
21.1,47,24.6,64,0
25.2,60,29.1,15,0
29.9,23,7.0,72,1
40.7,78,23.1,89,1
33.7,58,28.8,61,0
23.3,29,25.9,85,0
22.6,96,5.2,5,1
29.7,100,28.4,45,0
18.0,58,17.5,90,1
44.0,36,1.6,60,0
29.1,26,7.1,73,1
43.5,52,13.1,52,0
19.7,42,10.8,39,0
30.1,57,10.1,86,1
28.0,48,14.2,71,1
24.6,36,15.0,46,0
35.6,40,2.5,36,0
40.8,46,7.7,85,0
40.3,81,2.6,39,0
38.8,93,25.0,57,1
43.9,47,28.2,15,0
19.3,55,11.8,19,0
42.7,34,20.3,3,0
36.5,99,9.7,98,1
36.5,69,12.4,9,0
44.4,82,19.8,94,1
18.9,42,5.6,75,1
30.6,89,7.0,29,0
33.8,73,14.8,87,1
25.1,42,25.5,91,0
37.3,63,22.9,91,0
34.1,55,7.0,26,0
21.3,68,13.9,63,1
41.8,32,26.7,18,0
28.2,71,8.8,9,0
20.4,60,19.0,48,0
19.1,18,10.9,93,1
22.7,95,3.9,16,1
21.3,50,11.3,70,1
25.5,37,18.2,90,1
42.0,22,4.2,29,0
27.7,90,5.6,85,1
41.1,83,6.6,29,1
22.6,19,19.8,45,0
39.1,61,10.6,49,0
26.1,22,8.9,57,0
19.5,68,16.7,29,0
33.8,41,25.4,28,0
26.6,64,29.3,16,0
38.8,68,7.3,11,0
45.0,38,22.7,51,0
20.9,89,29.1,62,1
41.8,23,1.5,42,0
33.2,53,3.6,42,0
34.6,100,3.3,71,1
25.9,87,24.9,35,0
28.9,99,26.5,29,0
34.6,31,19.4,94,0
41.4,44,25.6,93,0
25.2,75,11.3,37,1
44.4,30,18.2,80,1
30.5,49,7.6,8,0
37.2,96,25.0,43,0
30.8,83,22.8,90,1
32.7,100,21.4,43,1
22.3,58,25.9,32,0
19.2,30,15.2,30,0
39.7,24,18.0,83,0
41.2,36,27.7,8,0
24.3,64,11.5,55,1
19.7,59,26.2,72,0
37.3,49,27.8,75,0
42.0,65,3.5,95,1
27.4,98,23.3,39,0
44.1,58,26.2,4,0
43.2,79,23.6,58,0
23.1,65,17.5,9,0
29.9,79,7.9,56,1
30.5,28,0.5,55,0
26.6,63,10.3,1,1
44.3,69,7.8,0,0
29.5,27,15.4,21,0
23.9,24,1.9,47,0
39.9,17,6.0,47,0
34.5,36,1.8,71,0
35.5,92,4.7,27,0
18.7,19,1.1,93,1
29.4,88,28.0,49,0
20.8,100,12.6,58,1
43.5,52,14.0,45,0
20.4,64,28.5,87,1
21.6,26,23.2,17,0
34.9,28,16.4,9,0
22.2,19,8.3,100,1
34.1,16,16.0,85,0
31.3,77,4.7,50,1
44.5,70,29.1,12,0
30.7,28,9.3,75,1
28.7,59,16.9,33,0
29.4,15,17.4,83,1
21.6,38,6.9,89,1
28.9,43,27.1,55,0
26.2,92,18.2,93,1
40.3,80,14.3,77,1
44.9,83,29.7,2,0
43.2,28,22.5,83,0
21.8,29,8.1,29,0
32.3,16,28.4,7,0
37.2,78,16.8,2,0
28.7,66,24.1,9,0
44.2,17,13.2,80,1
34.9,21,1.0,49,0
20.6,82,21.4,41,1
19.7,34,4.4,59,0
19.1,75,28.6,100,1
41.1,83,0.4,3,0
18.8,87,18.1,83,1
42.2,62,22.9,16,0
26.9,23,0.9,45,0
34.2,18,22.7,52,0
35.3,19,29.5,22,0
30.7,17,9.0,14,0
33.1,62,21.8,89,1
25.8,53,4.7,97,1
31.2,61,1.9,68,1
28.2,100,6.3,21,1
28.8,27,7.2,30,0
34.8,43,12.0,50,0
22.4,39,0.1,48,0
30.3,36,12.2,13,0
40.8,20,17.2,69,0
38.7,42,28.4,88,0
34.6,85,11.4,85,1
23.6,96,6.9,34,1
39.2,43,26.0,38,0
18.6,53,3.9,5,0
43.7,60,18.6,80,1
41.6,15,7.0,78,0
18.1,45,2.9,45,0
40.0,38,28.2,44,0
37.2,76,28.5,38,0
36.0,38,14.8,67,0
31.9,43,8.6,51,0
42.6,20,14.1,44,0
28.4,37,15.8,47,0
25.0,74,18.5,12,0
33.5,78,12.3,79,1
31.5,80,22.6,96,1
21.7,62,6.9,34,1
43.1,89,29.4,26,0
20.0,40,26.3,37,0
33.6,38,24.4,23,0
37.3,86,7.4,84,1
21.0,20,26.4,21,0
35.7,93,0.1,97,1
23.1,81,12.9,77,1
44.6,88,1.0,70,1
40.2,73,19.2,17,0
28.0,36,21.5,34,0
19.9,70,2.7,18,0
30.8,62,12.0,93,1
41.9,41,7.4,28,0
28.2,18,9.1,6,0
39.2,30,6.1,41,0
34.4,16,24.5,51,0
39.7,19,9.0,36,0
40.3,46,11.9,81,0
28.6,21,0.6,25,0
24.0,72,14.6,89,1
39.7,22,25.6,93,0
43.7,40,2.7,27,0
20.4,65,17.4,18,1
41.5,86,2.7,2,0
28.5,16,9.5,45,0
27.0,47,29.5,71,0
44.3,93,15.1,7,1
36.9,56,29.3,98,0
19.7,28,23.4,64,0
25.3,85,12.5,65,1
19.9,22,11.7,67,0
44.6,75,15.1,63,1
20.7,32,15.8,73,1
42.9,94,22.4,50,1
21.5,47,21.2,61,0
30.5,54,25.3,27,0
37.2,37,27.9,32,0
23.6,69,10.6,27,0
26.0,93,25.4,100,1
39.8,47,27.5,17,0
23.6,39,14.7,51,0
34.9,47,24.4,48,0
39.4,26,7.8,93,1
40.7,85,20.3,19,0
22.0,31,9.3,79,1
19.4,31,8.7,18,0
26.7,35,26.8,46,0
34.4,66,17.8,7,0
39.1,78,27.8,5,0
22.9,49,13.1,80,1
19.9,39,9.3,99,1
32.5,50,5.6,73,1
32.9,37,24.5,85,0
24.2,55,9.9,92,1
30.3,100,3.3,38,0
42.8,48,25.2,93,0
25.5,98,19.7,93,1
43.1,44,24.1,60,0
21.5,96,19.4,37,1
24.8,96,5.0,71,1
32.5,96,13.0,30,0
22.5,44,9.0,80,1
34.5,95,27.4,22,0
31.0,59,24.4,5,0
35.7,41,23.7,3,0
39.2,87,15.8,40,0
42.4,66,6.4,22,0
39.7,94,17.9,77,1
44.6,40,29.4,79,0
40.6,45,14.4,65,0
28.5,62,15.5,99,1
45.0,70,26.5,98,1
40.1,18,27.7,53,0
22.9,37,26.9,64,0
39.7,65,15.2,76,1
25.2,21,4.5,42,0
41.0,63,3.8,91,1
31.6,69,20.0,2,0
30.3,35,17.7,26,0
31.8,100,27.7,80,1
39.5,100,0.8,97,1
27.5,79,3.5,17,1
24.5,98,25.1,17,0
24.5,40,9.8,70,1
35.5,40,5.8,87,0
27.9,72,18.3,11,1
28.3,36,0.8,49,0
21.5,69,7.0,29,1
42.5,26,17.3,4,0
35.7,53,5.1,35,0
36.4,86,16.6,18,0
41.3,22,25.3,1,0
31.3,50,5.5,70,1
32.3,56,14.1,58,0
35.7,88,0.8,58,1
19.3,63,0.4,77,1
32.8,93,21.6,40,0
39.9,57,9.1,4,0
20.7,50,18.4,17,0
40.3,32,2.8,12,0
40.4,21,27.9,72,0
41.0,59,22.4,7,0
33.3,60,25.1,85,1
21.8,72,1.2,75,1
40.6,94,0.6,18,0
20.3,21,23.1,51,0
25.8,21,27.0,46,0
30.8,38,17.6,32,0
27.9,22,26.0,89,1
30.6,65,18.2,59,1
40.2,30,6.1,15,0
22.5,35,15.6,37,0
26.8,97,20.7,58,1
33.3,63,25.7,43,0
26.5,42,9.9,4,0
21.3,61,8.9,46,1
36.0,93,21.1,21,0
29.5,36,1.1,47,0
22.8,77,23.6,64,1
34.7,86,5.4,87,1
45.0,83,7.1,0,0
30.7,47,12.5,28,0
27.0,82,11.9,94,1
38.3,48,29.2,35,0
24.0,81,13.4,56,1
37.2,85,29.6,81,1
41.3,40,19.6,10,0
20.8,71,8.0,31,0
39.6,39,5.4,10,0
20.3,71,26.9,53,0
35.8,25,14.8,28,0
42.6,83,4.5,31,0
27.3,67,0.7,73,1
30.0,97,14.6,100,1
32.2,20,17.0,46,0
37.8,27,20.1,48,0
30.0,100,0.9,21,0
33.8,69,11.7,2,0
41.2,93,13.9,42,1
33.0,33,8.5,100,0
44.6,35,28.5,75,0
28.1,44,24.1,84,1
42.3,35,16.9,85,0
22.5,78,20.6,30,1
29.0,53,14.8,51,0
24.6,28,0.5,76,1
36.8,24,18.4,78,0
43.4,83,18.4,51,1
31.0,87,7.6,12,1
36.6,69,18.2,13,0
22.1,17,8.3,12,0
36.1,17,23.4,24,0
30.1,21,25.0,84,0
24.4,20,22.6,37,0
21.3,27,9.8,35,0
22.0,21,21.3,83,1
28.4,63,24.9,78,1
40.3,54,13.9,0,0
21.7,89,12.9,27,1
42.6,77,3.5,89,1
26.0,69,5.0,27,0
22.5,69,14.0,64,1
29.5,47,11.4,68,0
31.9,39,0.3,86,0
36.7,56,22.5,37,0
41.4,64,26.2,82,1
42.2,59,20.3,31,0
26.8,93,21.2,100,1
37.9,46,29.6,77,0
33.8,48,25.4,58,0
30.4,69,12.7,48,0
20.0,66,29.1,27,0
33.4,34,21.0,56,0
18.6,57,19.1,13,0
34.9,46,29.1,42,0
36.7,25,15.4,59,0
20.2,45,18.3,18,0
36.2,61,17.0,28,0
20.7,56,14.7,24,0
29.4,99,19.1,44,1
29.3,87,10.6,99,1
38.2,17,24.6,31,0
43.2,66,5.2,94,1
27.9,27,17.7,31,0
39.3,96,2.6,33,0
24.7,33,21.9,87,0
34.6,89,15.0,35,1
28.7,54,16.9,51,0
39.1,71,15.7,55,0
29.0,70,27.3,72,1
42.0,21,2.0,29,0
31.5,47,7.5,62,0
26.5,83,17.5,24,1
36.6,86,5.2,53,1
41.4,93,8.5,86,1
31.2,59,4.8,76,0
39.1,59,17.2,95,0
36.6,89,23.9,29,0
43.0,46,3.4,40,0
29.2,70,20.4,93,1
41.8,15,24.0,3,0
32.1,39,5.6,14,0
27.5,63,14.5,100,1
28.8,26,16.4,25,0
37.3,23,29.5,30,0
31.2,52,28.2,96,0
42.9,39,18.8,8,0
43.1,30,28.5,15,0
44.8,95,21.2,33,0
34.5,71,19.3,14,0
30.6,88,2.9,71,1
37.2,23,29.5,89,0
44.5,85,1.9,52,1
20.5,43,10.8,74,1
33.7,93,8.6,66,1
22.4,26,26.6,18,0
35.9,61,18.2,75,1
24.3,19,6.4,94,1
33.9,38,5.2,42,0
32.4,92,8.2,52,1
30.0,94,22.5,59,1
36.9,58,14.3,46,0
21.8,64,21.6,63,1
20.8,46,25.4,94,1
23.7,61,28.1,79,1
18.1,51,8.3,73,1
40.3,69,7.3,95,1
39.8,76,1.2,89,1
25.2,38,19.9,75,1
31.4,73,26.0,30,0
19.1,81,17.1,57,1
26.9,79,29.0,52,1
19.7,29,18.1,87,1
19.7,76,29.2,79,1
35.2,32,18.1,44,0
19.9,63,11.1,78,1
34.3,60,18.4,6,0
26.9,88,17.4,76,1
21.2,17,29.8,5,0
38.1,43,6.4,59,0
31.3,89,8.1,57,1
41.4,64,18.6,95,1
22.0,34,27.6,10,0
39.3,41,24.1,40,0
26.2,45,21.8,35,0
33.5,60,24.4,34,0
21.3,40,2.1,94,1
35.1,94,4.7,29,0
20.6,65,11.5,70,1
27.5,60,26.1,25,0
18.9,77,13.9,21,1
36.4,87,22.9,7,0
25.9,76,29.3,30,1
33.6,21,29.7,18,0
27.5,73,11.4,43,0
26.2,27,28.9,76,0
35.1,81,15.7,52,1
42.7,23,8.8,54,0
36.6,34,22.8,62,0
18.5,62,24.5,60,1
38.4,68,22.4,74,1
26.0,50,24.3,83,1
26.0,46,3.4,49,0
41.0,92,8.8,34,1
42.5,33,12.4,20,0
20.0,75,11.5,49,1
27.1,29,27.1,66,0
21.6,63,5.5,74,1
22.1,31,17.8,5,0
31.3,19,20.8,24,0
37.8,76,17.0,32,0
44.1,36,18.9,52,0
27.0,30,7.6,56,1
31.6,77,11.2,5,1
44.6,66,21.8,0,0
36.6,71,9.0,81,1
34.3,20,5.2,44,0
41.7,60,18.7,55,0
32.9,61,7.0,3,0
18.8,87,18.8,92,1
43.5,55,6.4,25,0
20.1,96,7.6,16,1
18.8,80,19.8,21,1
25.4,26,19.2,65,0
30.6,19,14.7,47,0
23.5,33,19.7,36,0
18.7,60,0.0,5,0
33.3,74,29.3,74,1
18.1,68,18.8,84,1
37.0,75,11.2,92,1
32.2,97,26.0,60,1
29.2,27,10.6,39,0
25.9,66,9.4,84,1
26.1,61,19.5,10,1
41.5,87,17.6,87,1
37.7,59,18.9,56,0
24.1,51,24.1,71,1
29.5,59,9.2,81,1
19.9,19,6.0,14,0
44.6,38,15.7,7,0
43.8,84,8.9,27,1
40.2,32,4.4,74,0
34.0,87,5.8,95,1
36.2,51,8.2,22,0
25.1,87,24.0,8,0
19.3,33,23.9,49,0
32.6,93,9.5,98,1
37.3,83,22.3,34,0
22.8,58,1.3,20,0
32.8,17,11.0,31,0
28.3,51,13.4,87,1
21.6,92,2.6,27,1
20.8,31,7.3,6,0
21.9,95,4.0,57,1
28.5,98,11.8,44,1
22.2,26,6.4,17,0
42.5,23,6.1,82,0
43.4,21,26.7,19,0
26.4,28,6.6,21,0
32.0,58,5.0,10,0
29.0,90,28.0,68,1
36.2,34,29.4,22,0
30.6,79,25.7,8,0
42.7,29,11.2,15,0
37.5,52,4.5,5,0
22.7,26,17.7,12,0
31.5,56,29.8,88,0
34.1,76,0.0,33,1
38.6,82,9.5,99,1
18.1,51,20.9,3,0
30.0,65,3.0,4,0
43.1,98,21.5,2,0
26.5,80,13.4,38,1
33.9,97,21.4,64,1
24.5,71,26.0,33,0
19.8,59,4.7,99,1
25.1,49,10.7,62,0
37.8,19,14.3,89,0
36.1,100,17.2,4,1
26.6,95,3.9,0,0
34.7,43,2.3,27,0
31.8,90,4.4,98,1
35.7,78,26.8,54,0
22.8,38,27.6,23,0
18.9,37,29.7,67,0
29.7,51,26.6,66,0
40.9,80,1.5,54,1
21.8,72,14.7,18,0
32.2,62,23.1,1,0
27.1,87,12.4,84,1
37.7,47,19.6,69,0
36.6,70,10.7,91,1
42.4,52,26.9,1,0
27.7,63,4.5,56,1
31.9,100,5.3,84,1
24.0,45,13.9,49,0
30.8,93,28.6,23,0
25.6,17,1.4,32,0
40.3,63,1.2,33,0
23.2,98,2.2,40,1
31.6,42,7.1,35,0
31.0,71,8.9,67,1
26.8,25,4.6,67,0
40.3,86,2.5,34,0
33.2,42,12.7,37,0
26.6,67,28.2,67,0
28.8,97,26.0,51,1
28.4,98,25.7,31,0
30.2,27,27.1,70,0
22.9,56,15.0,68,0
27.3,84,21.2,18,1
36.5,84,5.9,56,1
26.9,48,7.2,2,0
39.0,40,28.9,48,0
31.5,83,11.0,69,1
29.6,45,24.2,17,0
43.7,94,11.4,47,1
42.5,29,15.2,58,0
37.3,79,8.4,76,1
26.6,54,15.9,75,1
29.5,78,17.9,47,1
36.6,41,16.1,13,0
33.9,19,14.2,91,0
19.4,41,28.9,76,1
22.2,23,16.1,99,1
27.6,17,19.4,80,1
25.2,51,5.5,100,1
25.2,79,12.0,34,1
20.5,50,8.6,92,1
39.3,66,24.0,24,0
30.4,47,2.2,85,0
26.7,66,26.6,36,0
22.8,59,18.9,81,1
23.6,55,6.5,54,0
25.6,78,10.1,82,1
23.8,53,26.8,98,0
23.3,41,19.4,34,0
23.8,96,23.7,66,1
24.1,59,25.8,73,0
36.0,62,20.5,68,0
37.3,48,21.8,0,0
29.7,53,25.1,57,0
23.1,64,12.9,81,1
29.2,94,9.0,69,1
43.6,20,16.7,65,0
22.2,34,23.4,75,1
44.8,22,28.1,89,0
19.3,19,25.0,49,0
43.7,73,23.0,76,0
20.8,62,15.5,53,1
23.2,35,18.2,100,1
44.7,46,17.3,92,0
30.4,59,14.4,94,1
19.1,92,18.6,71,1
25.1,96,20.9,75,1
43.8,56,16.1,61,0
23.4,60,18.8,63,1
40.3,66,23.5,21,0
24.4,48,5.0,82,1
43.1,19,11.4,35,0
39.5,39,3.0,63,0
42.0,73,9.8,84,1
26.3,64,20.4,33,0
37.5,81,0.4,42,0
20.5,46,8.5,45,0
30.2,25,22.8,72,0
36.5,92,1.9,83,1
22.2,87,29.4,27,1
32.2,77,17.3,32,1
21.8,80,14.7,14,1
41.1,60,28.2,62,0
21.4,37,19.4,78,1
19.9,17,0.4,0,0
32.4,43,4.2,68,0
27.9,75,25.9,55,1
29.6,78,20.0,53,1
40.0,34,10.2,33,0
24.6,90,24.5,86,1
32.4,27,21.0,37,0
28.9,44,27.2,51,0
40.6,24,25.4,7,0
21.1,50,11.6,99,1
42.1,25,26.6,12,0
22.6,90,23.9,27,1
36.5,54,12.9,6,0
44.1,99,29.0,32,0
37.7,65,26.6,50,0
43.0,37,19.3,68,0
43.8,16,30.0,7,0
19.2,52,28.9,23,0
22.4,44,22.8,75,1
44.0,40,25.0,43,0
42.8,20,17.1,96,0
18.0,74,27.9,32,0
34.4,49,27.6,87,0
27.4,35,27.9,20,0
27.2,77,25.3,66,1
19.3,71,3.5,32,0
20.4,18,18.3,57,1
40.5,67,27.0,68,0
42.8,69,24.5,93,0
27.3,31,25.6,49,0
42.6,27,15.8,67,0
19.4,89,28.7,71,1
19.5,57,19.5,5,0
26.7,97,4.6,58,1
41.3,65,11.3,47,0
24.4,75,8.9,9,1
19.0,82,25.4,13,1
31.4,92,11.4,61,1
20.8,77,2.4,94,1
21.7,67,29.7,69,1
43.6,80,28.7,90,1
28.3,71,11.2,54,1
29.8,88,20.0,58,1
19.3,33,23.7,96,1
19.9,77,5.2,69,1
20.6,28,1.0,34,0
23.8,97,4.8,91,1
30.4,36,24.0,71,0
30.0,54,7.6,95,1
24.1,54,4.0,29,0
39.5,47,22.3,27,0
31.7,76,4.3,12,0
36.1,19,21.8,23,0
37.0,23,22.3,50,0
28.8,90,25.2,1,1
19.7,23,1.1,41,0
31.4,44,11.4,97,1
35.9,29,3.9,9,0
28.3,71,27.7,55,1
33.9,19,13.3,31,0
21.1,27,5.1,98,1
20.3,70,26.5,2,0
42.6,31,11.6,64,0
36.3,22,2.9,83,0
19.2,89,1.4,4,1
22.9,22,27.1,50,0
42.8,36,20.4,40,0
41.9,65,19.0,95,1
24.8,40,9.4,47,0
26.8,50,10.5,49,0
27.7,93,10.1,18,1
40.7,91,3.3,30,0
32.5,62,5.4,33,0
21.9,88,0.1,37,1
28.3,69,21.0,20,0
45.0,48,3.4,84,0
39.7,82,6.6,9,0
21.8,24,11.9,34,0
36.7,35,13.4,45,0
27.3,53,3.3,65,0
27.7,70,7.2,50,1
36.6,47,28.7,16,0
30.2,22,7.6,57,0
23.6,53,22.6,32,0
44.5,25,9.0,70,1
32.2,54,13.9,89,0
24.1,79,14.7,62,1
27.5,72,11.1,0,0
32.4,50,1.3,0,0
19.3,50,22.1,82,0
37.5,78,23.2,32,0
42.9,58,16.8,78,1
28.3,21,23.2,9,0
40.9,36,1.9,54,0
33.0,19,10.5,58,0
38.8,72,28.4,67,0
22.5,42,8.1,33,0
23.8,54,11.7,69,0
42.9,67,0.6,17,0
34.3,92,20.3,79,1
40.7,22,22.8,34,0
31.5,30,14.4,68,0
37.1,24,8.9,30,0
21.6,66,14.2,56,1
19.8,28,7.1,94,1
19.4,54,8.3,19,0
39.1,72,0.4,12,0
25.9,22,8.7,34,0
40.1,19,9.8,26,0
19.5,36,25.7,42,0
30.8,38,18.6,46,0
28.9,30,16.5,28,0
35.1,47,29.5,55,0
38.6,51,3.3,99,0
32.0,75,10.3,59,1
33.8,50,13.5,39,0
24.7,46,28.8,62,0
37.8,41,18.5,13,0
33.4,33,29.1,68,0
26.7,70,18.3,98,1
39.8,49,25.0,0,0
27.5,25,15.0,40,0
19.8,29,2.3,98,1
25.0,53,21.7,6,0
26.5,62,1.7,46,0
41.8,24,9.7,60,0
44.3,15,8.4,8,0
18.6,89,21.9,37,1
42.6,56,25.4,64,0
29.9,97,27.3,4,1
29.4,47,24.5,9,0
18.8,24,3.5,67,0
32.2,97,4.5,31,0
31.7,64,15.8,93,1
39.6,99,28.7,24,0
19.3,42,13.8,25,0
41.6,88,19.9,49,0
19.1,60,23.8,67,0
39.9,99,1.1,18,0
44.1,53,24.8,11,0
30.5,35,24.6,22,0
26.9,58,1.2,86,1
32.1,79,15.3,6,1
42.3,72,5.6,29,0
40.8,32,26.6,54,0
34.5,26,6.9,79,1
27.0,73,26.7,20,0
32.4,97,20.4,37,0
39.7,46,24.5,1,0
34.9,36,2.6,85,0
30.5,44,21.2,24,0
27.1,91,20.1,39,1
43.5,66,17.4,89,1
26.4,53,11.9,18,0
20.6,100,7.4,61,1
31.8,100,17.6,76,1
22.4,74,6.0,94,1
36.8,84,23.1,76,1
30.3,30,13.7,55,0
32.2,46,6.9,94,1
24.5,50,4.6,8,0
18.8,21,27.4,32,0
36.2,98,27.2,65,0
40.9,92,10.7,50,1
39.4,59,5.5,32,0
31.8,80,8.3,12,1
39.8,53,0.5,81,0
24.3,74,14.0,12,0
19.7,22,29.2,12,0
22.2,30,9.5,59,0
25.7,87,4.2,98,1
27.3,77,0.7,60,1
34.3,64,16.8,10,0
42.8,74,18.0,43,0
29.2,18,8.8,27,0
21.2,64,11.1,38,0
28.4,68,14.1,58,1
18.1,28,13.3,2,0
24.6,86,7.2,88,1
24.8,28,19.3,3,0
36.6,58,29.4,65,0
34.8,32,5.6,71,1
27.7,68,7.5,55,1
25.0,59,22.2,36,0
18.4,39,21.0,5,0
42.9,29,12.7,28,0
38.3,75,27.3,33,0
40.9,100,4.5,17,0
36.4,38,27.8,62,0
30.1,72,15.6,98,1
36.9,52,28.8,49,0
19.4,50,13.7,48,0
39.2,26,25.1,44,0
39.1,70,19.4,81,1
29.7,79,29.8,78,1
40.3,85,29.5,44,0
22.1,90,8.1,21,1
35.5,91,28.6,72,1
36.3,90,22.3,41,0
29.9,17,25.9,63,0
19.7,52,11.3,15,0
39.2,99,4.9,37,0
28.8,86,28.8,3,1
22.5,83,21.8,97,1
41.6,43,8.3,6,0
36.1,58,7.3,79,0
22.9,19,1.9,2,0
38.3,56,4.7,26,0
22.2,85,10.5,17,1
38.4,31,7.8,73,0
41.5,83,18.5,61,1
37.2,31,17.2,73,1
19.9,47,15.1,44,0
32.3,37,5.2,58,0
36.4,50,16.4,89,1
37.3,58,24.8,56,0
34.7,80,25.0,61,1
32.5,89,6.3,72,1
25.7,80,8.6,95,1
25.1,48,5.3,36,0
30.9,89,8.2,9,1
29.0,29,17.4,68,0
37.2,61,7.1,84,1
20.7,48,12.5,23,0
33.4,52,20.0,11,0
33.2,16,21.9,97,0
28.8,39,20.6,23,0
20.8,17,0.7,17,0
32.6,95,13.4,50,1
29.9,71,25.2,37,0
27.0,73,2.2,56,1
35.2,68,18.5,81,1
27.9,69,16.9,19,0
40.1,78,1.7,95,1
23.7,16,16.0,47,0
40.8,27,23.3,41,0
22.2,85,5.3,77,1
41.9,61,7.0,5,0
28.1,30,2.5,93,1
39.6,42,4.2,83,0
29.5,55,28.2,41,0
31.7,56,28.0,38,0
39.4,39,15.6,62,0
32.4,80,3.8,8,1
22.4,75,3.5,43,1
43.5,61,17.8,9,0
32.3,67,3.1,81,1
35.9,55,1.9,29,0
22.7,28,24.6,23,0
35.7,64,3.4,98,1
30.9,26,29.4,85,0
31.8,22,20.2,65,0
38.2,18,21.5,56,0
27.5,51,26.6,60,0
19.1,70,6.5,81,1
33.7,33,11.3,46,0
26.2,17,9.7,14,0
35.6,78,22.0,84,1
20.4,17,14.6,85,1
42.4,54,4.1,87,0
22.6,61,11.4,60,1
42.0,86,8.3,57,1
32.3,49,22.1,71,0
42.7,81,2.8,79,1
43.1,98,18.0,6,1
38.3,81,17.3,67,1
33.1,38,16.2,86,0
29.8,22,26.2,77,0
41.3,19,10.2,10,0
20.3,19,18.3,48,0
30.0,94,15.8,65,1
39.6,63,10.1,81,1
38.6,27,19.7,43,0
35.0,18,21.8,89,0
44.1,53,24.8,66,0
25.3,80,5.4,44,1
30.2,37,17.8,54,0
25.1,32,16.6,91,1
31.5,27,27.3,48,0
32.4,74,23.0,5,0
27.2,52,10.7,44,0
32.4,66,22.3,11,0
36.0,46,18.8,95,0
31.9,44,17.5,29,0
40.2,86,18.7,21,0
43.6,49,11.6,2,0
24.0,56,9.2,56,0
32.5,32,24.8,57,0
44.0,84,4.3,93,1
28.3,66,25.0,94,1
27.2,24,13.6,76,1
31.4,22,21.8,68,0
18.4,93,20.2,11,1
30.3,36,10.7,20,0
26.2,100,13.0,0,1
33.7,73,14.5,93,1
23.5,91,19.5,65,1
35.3,57,15.1,20,0
23.3,95,16.0,86,1
25.1,73,12.7,1,0
43.8,37,18.6,90,0
43.8,56,4.3,46,0
43.5,29,25.5,18,0
31.6,89,26.3,7,0
43.7,74,6.9,13,0
38.4,31,25.1,71,0
29.1,19,25.4,54,0
42.9,46,22.8,45,0
19.3,63,3.9,67,0
29.2,63,12.0,43,0
26.9,73,3.9,24,0
19.3,15,25.9,98,1
24.8,79,22.0,84,1
21.0,19,3.6,45,0
43.9,65,28.0,19,0
25.1,44,2.9,60,0
36.5,81,26.3,63,0
38.6,27,8.5,17,0
18.0,50,20.0,57,0
34.2,43,8.1,25,0
44.5,45,2.5,36,0
30.4,77,10.1,61,1
28.1,31,26.8,53,0
36.8,37,15.4,9,0
28.8,45,7.1,23,0
37.4,90,0.1,25,0
22.5,18,2.6,45,0
35.2,99,0.8,58,1
18.2,96,28.7,36,1
33.0,32,6.1,6,0
30.0,20,25.7,32,0
42.9,17,12.8,66,0
25.5,82,17.3,52,1
21.7,75,0.0,14,1
39.8,37,3.0,99,0
29.0,35,24.1,87,1
29.8,16,26.4,92,0
32.1,74,27.2,93,1
25.1,20,29.3,49,0
23.8,64,13.3,24,1
37.4,93,21.4,87,1
28.4,87,20.9,8,1
19.8,86,28.6,49,1
38.2,42,29.4,79,0
35.9,49,24.9,19,0
40.8,99,9.6,26,1
36.4,91,14.9,60,1
32.1,81,1.4,29,1
23.0,17,24.1,6,0
36.7,79,23.6,2,0
19.2,85,0.9,30,1
31.2,78,1.2,63,1
23.6,54,27.2,13,0
42.5,85,16.6,87,1
25.1,40,23.4,62,0
23.4,83,27.9,3,1
32.9,62,8.1,25,0
23.4,27,28.6,36,0
26.1,37,27.9,79,0
19.9,39,10.2,65,0
27.1,52,18.7,2,0
40.8,85,3.6,30,0
22.8,47,11.6,85,1
41.6,30,20.6,40,0
26.5,86,3.0,78,1
22.0,85,16.4,71,1
21.4,35,15.1,50,0
42.1,42,12.4,47,0
27.8,98,0.5,3,1
23.1,19,15.2,39,0
30.9,53,19.2,39,0
32.8,35,1.9,18,0
20.6,60,29.1,28,0
28.8,77,11.5,25,1
18.2,85,7.2,66,1
32.2,30,22.6,87,0
38.8,46,13.7,85,0
35.3,94,21.9,91,1
42.4,18,9.8,44,0
27.1,41,8.7,2,0
18.4,56,20.3,0,0
25.3,79,9.1,70,1
44.6,92,14.4,68,1
29.5,15,12.0,61,0
40.3,41,24.4,32,0
33.5,72,15.3,18,0
40.6,75,29.6,76,1
30.2,76,14.8,44,1
29.2,25,29.8,0,0
18.5,38,15.6,49,0
20.0,75,14.1,44,1
31.7,73,9.9,15,0
22.0,44,2.7,1,0
37.5,81,21.6,66,1
30.4,77,27.7,85,1
40.8,84,8.0,4,0
18.2,39,28.3,25,0
31.5,51,14.6,95,1
25.9,39,29.8,62,0
28.8,44,9.8,70,1
29.2,26,12.9,78,1
18.6,20,0.2,1,0
40.3,45,10.1,44,0
22.5,74,8.3,4,0
37.7,84,6.9,29,0
24.3,72,24.1,0,0
31.5,42,9.3,23,0
18.2,98,0.5,92,1
40.1,72,26.2,43,0
21.4,49,6.1,39,0
31.7,93,15.4,90,1
25.5,31,27.5,2,0
24.7,68,12.7,44,0
29.5,16,14.5,84,1
24.5,87,1.5,31,0
44.9,46,3.6,52,0
40.1,24,20.1,71,0
34.8,96,1.3,26,0
26.4,61,18.5,73,1
41.9,17,25.4,61,0
20.4,41,0.9,10,0
23.3,20,6.9,94,1
39.7,76,18.4,85,1
41.3,78,7.8,49,1
39.7,36,9.9,18,0
18.5,42,20.9,4,0
40.0,52,7.7,48,0
22.5,83,22.7,90,1
18.4,76,0.4,65,1
39.1,83,17.6,0,0
33.6,58,28.4,53,0
23.8,67,28.8,10,0
22.9,56,25.8,94,0
29.7,75,29.9,26,0
18.4,56,10.5,100,1
24.8,29,18.3,64,0
22.3,54,24.5,41,0
44.7,71,2.3,95,1
38.2,98,24.6,90,1
21.1,59,28.2,43,0
34.6,86,26.0,73,1
40.9,37,15.4,21,0
33.8,97,22.4,3,0
38.4,31,7.6,83,1
25.7,81,23.3,92,1
43.1,31,9.4,81,0
42.0,71,21.1,68,0
37.7,18,7.4,44,0
26.2,85,20.2,46,1
36.0,60,16.7,10,0
28.2,29,16.8,67,0
32.9,28,13.2,43,0
21.6,83,20.3,63,1
36.4,94,21.6,79,1
31.2,94,21.7,12,0
33.2,25,16.9,24,0
43.9,89,12.9,40,0
38.3,52,9.0,15,0
27.5,19,4.2,54,0
30.0,85,11.8,45,1
31.8,93,4.2,22,1
39.9,41,26.0,8,0
43.2,16,21.2,31,0
39.7,89,2.5,67,1
26.8,47,15.2,17,0
27.7,40,15.8,93,1
42.0,28,16.5,46,0
34.3,52,3.8,19,0
33.6,89,26.4,27,1
44.4,43,24.1,4,0
21.5,83,29.2,51,1
39.7,95,3.9,62,0
24.7,21,16.6,58,0
18.6,90,2.0,35,1
33.5,71,10.9,53,1
33.3,62,8.6,32,0
21.0,42,10.7,64,0
42.0,38,15.5,3,0
19.8,77,27.4,83,1
29.3,75,3.9,8,0
19.6,34,5.3,73,1
31.5,62,27.8,74,1
29.2,21,17.7,37,0
30.9,68,17.7,98,1
41.8,44,4.0,26,0
30.6,19,3.0,49,0
25.4,57,26.0,25,0
37.2,53,25.5,21,0
20.0,78,22.1,39,1
30.2,31,6.4,2,0
41.5,66,12.0,0,0
30.2,97,20.3,29,0
20.2,100,17.0,90,1
21.0,100,26.3,59,1
35.9,48,1.9,72,0
37.2,15,12.5,99,0
28.4,19,23.5,45,0
38.4,79,16.5,43,1
35.6,93,9.8,37,1
22.5,87,29.9,16,1
31.3,90,3.6,14,0
42.5,53,8.1,55,0
24.3,22,29.6,81,1
29.9,72,7.1,48,0
38.6,98,26.6,73,1
38.4,79,16.3,92,1
22.4,18,5.4,81,1
33.9,86,11.8,23,0
31.1,24,15.3,99,0
42.5,87,7.1,33,1
28.8,64,24.3,24,0
36.2,20,9.1,77,0
38.3,25,20.3,20,0
19.0,21,18.3,9,0
33.8,85,0.3,63,1
19.5,61,24.2,64,1
24.4,78,11.6,12,1
34.2,19,18.5,91,1
22.5,34,7.8,15,0
25.5,47,1.9,85,0
25.8,84,6.2,63,1
31.0,99,27.3,81,1
31.1,16,18.9,42,0
19.0,47,13.0,65,0
31.3,97,10.5,3,1
27.3,95,17.5,1,1
34.5,50,23.1,21,0
26.5,94,1.3,39,1
18.4,96,18.4,75,1
37.2,89,3.8,37,0
34.3,79,15.6,80,1
34.9,82,15.2,99,1
26.3,92,12.1,40,1
20.0,91,14.5,98,1
44.7,41,14.2,40,0
43.1,57,28.6,31,0
24.9,34,28.3,95,0
30.3,55,28.2,65,0
35.8,37,7.8,80,0
33.5,77,19.0,7,1
27.6,61,28.8,15,0
24.2,88,2.3,36,1
26.8,31,25.9,10,0
21.5,56,8.0,14,0
39.9,54,29.9,90,0
26.1,15,7.9,98,1
19.5,57,6.3,25,0
33.1,35,27.4,85,0
27.7,91,14.0,88,1
31.0,57,17.6,92,1
34.0,92,23.5,93,1
35.5,40,20.3,6,0
39.3,56,15.1,36,0
41.7,67,17.9,85,1
41.1,15,2.5,49,0
36.8,46,5.9,37,0
43.2,42,19.8,32,0
39.1,60,12.7,86,1
38.9,55,17.2,12,0
31.8,98,9.3,88,1
31.3,86,8.3,72,1
19.1,42,29.9,70,1
42.6,73,10.9,78,1
22.0,37,26.9,100,0
22.8,89,11.4,23,1
21.5,79,18.8,69,1
25.5,28,28.4,2,0
30.8,91,8.3,58,1
20.2,47,23.0,79,0
37.7,97,17.7,31,1
37.6,24,16.6,21,0
30.7,57,0.3,49,0
40.0,54,14.4,88,0
32.0,87,11.0,99,1
28.0,52,16.8,31,0
33.4,90,0.2,37,1
18.0,36,6.7,46,0
44.8,64,17.7,38,0
38.4,95,16.1,85,1
27.9,82,5.6,64,1
39.4,72,3.9,76,1
39.3,45,19.9,56,0
43.2,90,9.9,49,0
26.1,77,8.9,80,1
36.2,67,28.7,94,0
22.0,34,18.8,61,0
38.9,35,11.6,15,0
20.7,70,14.9,73,1
43.0,89,0.3,2,0
20.0,42,4.8,23,0
22.8,15,25.7,59,0
24.2,82,4.4,93,1
25.5,86,13.1,43,1
26.2,79,11.8,61,1
34.0,78,20.6,9,0
40.3,37,9.1,86,1
20.9,44,28.9,58,0
30.0,40,11.8,88,1
27.6,45,12.2,47,0
21.3,98,12.5,64,1
43.4,46,26.2,26,0
18.7,40,16.5,94,1
25.0,99,0.7,71,1
43.7,57,18.3,42,0
33.8,51,29.6,7,0
43.3,21,8.7,18,0
25.5,92,29.2,30,1
29.5,65,29.3,95,1
24.4,47,24.1,58,0
29.7,62,3.3,4,0
21.2,27,4.2,5,0
25.6,30,29.3,88,0
29.0,41,0.8,18,0
27.9,93,7.0,0,1
41.7,23,26.3,68,0
22.2,58,17.8,98,1
22.2,84,9.2,43,1
39.1,79,26.4,90,1
24.9,68,6.4,5,0
23.7,62,20.1,4,0
29.6,47,16.3,44,0
43.6,100,16.3,72,1
28.4,82,20.8,22,1
35.6,63,4.8,69,0
27.3,58,4.2,99,1
30.4,38,18.8,62,0
42.2,24,5.3,0,0
37.1,47,2.0,45,0
33.3,19,19.6,74,0
19.9,75,23.4,7,1
28.2,26,9.2,10,0
29.4,54,24.8,37,0
26.5,89,15.9,75,1
25.9,74,20.9,42,0
40.7,87,19.4,83,1
22.2,17,18.6,64,0
28.4,74,5.4,92,1
36.0,71,3.6,34,0
36.4,27,26.8,58,0
40.9,41,0.2,69,0
41.3,16,2.0,7,0
26.6,18,26.3,33,0
35.9,63,15.9,43,0
28.2,60,19.2,76,1
44.9,65,13.2,43,0
41.8,28,5.8,21,0
28.9,79,18.9,9,1
39.9,39,11.9,44,0
23.9,68,1.0,78,1
30.2,35,1.0,39,0
25.7,56,1.8,41,0
24.2,38,7.0,81,1
44.2,56,5.2,38,0
27.1,16,28.7,70,0
27.9,46,8.3,74,1
20.6,30,12.2,89,1
21.0,22,14.8,6,0
43.3,20,1.1,71,0
24.5,96,1.0,7,1
21.6,17,24.4,76,0
40.0,85,8.3,55,1
30.4,31,26.4,46,0
40.1,49,1.5,1,0
23.4,30,23.6,24,0
42.3,32,15.3,0,0
44.6,18,23.8,61,0
36.4,16,7.2,26,0
29.3,17,10.8,52,0
23.7,80,13.9,63,1
30.0,66,23.1,21,0
34.0,31,24.8,90,0
36.6,72,14.6,21,0
30.1,32,29.5,70,0
26.1,64,19.7,71,1
22.3,39,4.2,32,0
19.2,83,10.4,43,1
44.9,70,12.7,48,0
20.3,27,20.6,63,0
22.7,82,6.3,12,1
30.1,27,27.3,67,0
32.3,69,16.7,62,0
30.3,72,3.6,61,0
22.5,21,20.3,20,0
20.0,97,7.9,32,1
43.1,50,26.9,5,0
25.0,55,5.5,46,0
20.7,51,10.1,16,0
43.0,62,2.1,91,1
42.4,31,15.9,34,0
40.6,72,22.6,11,0
32.6,74,26.8,77,1
34.2,99,5.3,52,1
40.8,87,19.7,74,1
32.1,45,20.9,57,0
36.5,76,2.3,64,1
43.1,18,14.5,16,0
36.2,45,25.7,0,0
39.5,29,20.1,46,0
26.0,59,13.9,85,1
18.6,60,20.9,22,0
24.1,47,24.4,25,0
30.1,86,29.8,1,0
34.6,20,8.9,84,0
38.0,96,8.2,39,1
26.6,84,24.9,25,1
31.5,100,18.3,58,1
33.0,45,21.0,44,0
44.3,71,15.3,9,0
32.9,61,19.7,16,0
19.1,92,16.7,64,1
35.5,60,24.5,87,1
33.3,81,0.1,56,1
38.8,19,17.1,39,0
27.0,79,27.3,79,1
33.6,38,18.4,70,0
43.0,99,6.4,59,1
29.0,69,5.1,12,0
33.6,56,16.5,25,0
36.7,94,7.0,37,0
33.8,57,25.9,81,0
25.0,61,27.4,60,0
31.8,53,2.8,16,0
31.9,45,22.1,63,0
38.2,89,17.7,86,1
30.2,70,8.8,57,1
37.7,58,10.7,6,0
31.9,62,5.5,58,0
44.6,37,10.5,45,0
32.6,51,23.0,13,0
33.1,81,15.5,4,1
26.5,92,13.9,11,1
25.9,86,1.8,90,1
29.3,96,3.9,54,1
19.1,57,0.8,0,0
35.5,47,8.2,65,0
31.2,86,4.4,63,1
23.3,69,16.8,16,0
38.3,27,19.7,55,0
42.5,83,3.0,52,1
31.5,32,23.8,3,0
26.1,97,24.1,74,1
29.6,36,12.3,45,0
41.9,69,1.3,74,0
35.2,21,19.2,59,0
22.8,97,26.7,38,1
30.7,41,17.2,19,0
21.5,77,26.7,58,1
30.8,56,7.9,28,0
27.5,65,17.9,100,1
19.3,96,0.6,38,1
33.1,52,25.1,81,0
44.4,75,4.1,33,0
41.4,72,5.1,95,1
27.6,42,24.5,1,0
42.8,58,15.1,21,0
19.6,75,23.4,38,1
44.7,39,6.9,62,0
28.4,59,5.2,3,0
26.4,97,19.4,100,1
30.0,43,16.8,95,1
33.0,34,27.3,96,0
31.3,69,19.0,25,0
44.5,68,8.1,37,0
32.0,37,15.6,86,0
26.6,66,13.9,99,1
40.1,61,7.4,39,0
25.9,76,11.3,29,1
36.6,49,11.4,62,0
18.4,54,11.7,95,1
31.7,16,25.2,32,0
35.1,15,12.7,10,0
26.8,16,2.9,98,1
30.4,96,22.0,76,1
40.1,31,8.9,41,0
33.1,35,22.8,23,0
28.4,17,11.1,92,1
27.4,43,9.4,94,1
34.8,30,26.6,90,0
31.8,88,16.5,82,1
30.4,99,7.5,15,1
33.6,56,9.6,74,1
22.4,59,10.1,59,0
26.2,95,24.5,22,1
41.4,40,12.4,32,0
39.8,94,11.3,63,1
26.3,92,0.7,47,1
38.8,19,15.3,15,0
43.5,66,29.0,93,0
23.7,84,13.3,78,1
36.4,33,5.6,41,0
34.1,98,28.7,59,1
32.0,61,1.0,5,0
33.5,94,24.3,90,1
18.5,17,22.6,1,0
30.7,79,21.2,46,0
35.8,38,11.2,57,0
18.4,91,16.1,23,1
25.7,41,5.3,61,0
23.8,57,14.0,75,1
34.8,49,2.9,24,0
20.9,56,28.2,38,0
26.2,97,18.1,68,1
18.8,30,16.2,25,0
39.9,97,7.8,6,0
44.7,31,14.1,42,0
37.5,39,16.5,24,0
33.3,89,7.1,91,1
33.8,79,12.6,8,1
42.3,23,0.4,95,0
41.1,19,18.2,72,0
19.2,21,10.5,91,1
35.4,66,13.9,85,1
29.7,78,20.6,100,1
42.5,65,15.8,39,0
36.1,56,3.8,90,0
22.2,51,10.9,100,1
32.6,19,13.9,9,0
30.3,81,1.2,54,1
25.6,78,12.2,81,1
34.1,84,21.0,97,1
29.8,67,23.8,29,0
19.0,18,15.0,71,1
30.3,91,18.3,15,1
25.1,47,10.3,28,0
25.6,45,25.8,19,0
21.2,88,17.1,87,1
19.2,97,22.7,14,0
35.4,56,11.0,90,0
30.4,23,25.3,72,0
21.5,64,15.6,60,1
43.2,18,17.6,28,0
36.2,76,17.8,12,1
31.6,93,24.6,55,1
42.9,44,9.9,36,0
22.8,55,0.6,62,0
31.0,72,12.4,79,1
34.4,38,9.5,93,1
36.3,46,15.0,36,0
40.2,87,0.1,11,0
44.6,35,7.3,71,1
19.9,31,27.2,26,0
44.9,91,3.1,99,1
22.5,39,17.4,86,1
39.4,32,0.8,3,0
34.2,89,1.0,48,1
40.1,79,19.4,89,1
30.5,66,20.4,80,1
24.8,19,5.8,81,1
30.8,84,16.6,42,1
20.0,91,16.2,82,1
21.7,47,20.3,84,0
19.8,45,21.4,18,0
34.9,32,22.3,84,0
23.3,35,23.7,56,0
23.4,50,14.3,25,0
29.3,67,22.0,41,0
30.4,48,27.0,97,0
33.7,26,12.0,74,0
31.8,21,3.0,52,0
42.6,93,27.5,26,0
40.8,78,26.4,15,0
41.0,21,14.0,58,0
26.8,26,25.9,14,0
27.7,88,14.9,44,1
27.3,87,7.5,40,1
42.1,53,8.7,99,0
20.2,79,2.8,57,1
34.9,24,16.9,71,1
38.1,60,13.4,27,0
21.6,83,18.0,34,1
22.7,39,21.8,30,0
25.7,49,19.5,26,0
27.1,81,26.1,8,1
26.0,27,18.0,5,0
20.7,38,12.2,3,0
28.0,32,14.2,20,0
43.4,87,19.1,70,1
41.7,20,20.4,76,0
29.5,88,1.6,18,0
37.5,92,11.6,63,1
43.0,68,24.2,64,0
43.6,37,8.5,36,0
31.3,35,11.2,40,0
23.3,67,1.2,97,1
41.2,32,16.9,56,0
37.7,100,29.1,39,0
43.3,71,14.1,6,0
26.6,15,12.0,97,1
19.7,80,4.6,81,1
23.8,69,24.2,50,0
30.6,94,7.4,92,1
23.3,22,18.3,46,0
24.4,68,18.4,84,1
25.2,26,9.2,76,1
41.6,60,29.6,13,0
44.5,24,10.9,55,0
43.4,42,17.0,32,0
33.5,32,27.3,13,0
34.8,63,29.7,90,1
25.4,38,2.0,50,0
26.3,71,3.6,22,0
30.9,86,23.1,42,0
23.5,78,11.5,1,1
19.4,47,18.4,60,0
32.8,53,13.3,19,0
35.8,74,20.3,6,0
42.2,27,8.0,34,0
42.3,58,1.1,6,0
24.1,93,20.5,68,1
43.9,60,2.8,73,0
18.9,56,12.8,27,0
40.1,45,11.6,48,0
26.2,95,3.8,96,1
29.1,28,17.9,60,0
40.2,40,21.4,78,0
32.4,92,12.6,52,1
42.6,41,6.8,79,0
36.5,50,10.2,67,0
38.8,57,11.1,33,0
41.2,63,18.8,37,0
42.0,25,3.5,94,0
43.4,54,28.5,90,0
22.9,88,3.3,82,1
31.6,74,15.8,72,1
38.7,97,15.4,27,1
44.7,93,27.0,63,0
32.2,23,9.1,85,1
20.0,26,24.5,11,0
34.3,58,18.6,79,0
30.2,49,9.5,51,0
24.2,60,2.8,82,1
24.7,28,13.2,85,1
18.3,41,24.1,39,0
18.4,23,12.2,25,0
23.9,18,5.5,43,0
36.8,40,11.4,14,0
24.4,61,7.4,26,1
30.2,85,9.8,60,1
29.9,75,19.8,2,1
36.6,47,4.6,69,0
33.3,38,26.0,95,0
27.0,83,0.2,92,1
31.0,41,5.1,54,0
30.3,43,0.2,3,0
44.6,50,22.5,33,0
34.8,58,3.4,0,0
23.7,84,16.5,16,1
18.9,87,0.5,63,1
30.5,73,22.4,50,0
23.4,29,28.6,81,0
39.0,90,24.2,5,0
20.5,65,10.3,23,1
41.6,15,29.8,35,0
34.7,61,22.2,19,0
29.6,72,29.0,1,0
30.3,36,3.7,34,0
27.4,62,25.3,15,0
26.0,93,17.8,97,1
19.9,91,28.5,100,1
30.0,59,4.1,97,0
37.3,97,3.6,53,1
23.1,94,8.4,27,1
22.6,46,24.0,87,1
32.4,93,28.4,88,1
36.6,30,8.7,7,0
28.0,40,26.3,10,0
43.7,96,18.5,7,1
33.2,36,23.2,80,1
19.3,75,3.5,78,1
34.5,46,18.1,30,0
43.8,71,2.4,53,0
32.1,33,16.1,4,0
40.9,57,3.4,3,0
18.3,24,13.9,92,1
22.3,74,13.1,70,1
21.6,75,18.7,89,1
32.6,76,5.6,75,1
30.8,26,1.2,5,0
35.5,90,5.2,3,0
33.9,32,9.2,71,0
26.5,62,14.9,66,1
34.5,38,3.3,57,0
37.7,26,7.2,11,0
24.8,18,5.6,42,0
30.1,79,2.0,40,1
32.0,50,4.8,80,0
34.8,80,20.7,78,1
21.3,15,1.5,15,0
29.1,49,12.5,78,1
40.3,83,29.9,18,0
32.4,74,1.8,23,0
32.5,90,24.8,96,1
33.7,38,9.5,70,0
23.6,43,2.1,50,0
29.4,27,1.2,54,0
25.6,64,5.3,2,0
33.6,82,23.8,63,1
25.4,81,17.8,62,1
27.4,47,13.3,89,1
28.0,49,14.5,63,0
26.5,79,22.1,10,1
27.8,35,2.0,5,0
29.7,84,26.1,7,1
36.0,84,14.1,10,0
28.7,33,15.2,38,0
43.2,100,1.3,72,1
27.2,46,14.1,64,0
32.5,75,27.7,81,1
27.1,89,26.7,91,1
37.4,31,25.4,64,0
20.1,33,27.6,84,1
26.4,79,26.5,2,1
29.3,21,22.1,5,0
42.7,34,13.9,71,0
27.3,54,18.2,67,0
33.3,29,21.5,87,0
20.3,27,16.3,47,0
36.0,29,6.0,50,0
23.5,48,9.6,89,1
39.9,32,1.0,7,0
19.1,74,13.3,79,1
41.4,97,18.6,48,0
22.7,63,14.2,40,0
18.5,16,7.7,99,1
28.6,87,26.0,90,1
31.4,69,21.9,79,1
20.5,99,25.3,5,1
42.6,21,8.4,62,0
43.5,81,4.9,11,0
24.2,36,7.5,39,0
31.3,93,25.3,84,1
32.8,41,28.2,61,0
34.7,90,7.1,10,1
43.9,23,1.1,36,0
37.8,18,3.8,29,0
28.0,44,13.5,72,1
35.5,23,13.5,97,0
25.5,72,24.6,82,1
41.1,58,28.6,6,0
38.7,98,2.3,53,1
38.8,30,11.3,11,0
35.3,65,27.6,91,1
38.1,53,4.7,96,0
35.3,28,13.0,35,0
19.7,27,3.4,39,0
31.8,77,15.7,66,1
41.0,76,16.7,27,1
42.6,27,1.6,4,0
26.9,98,1.1,94,1
36.0,75,4.4,14,0
28.2,49,6.7,90,1
27.4,35,17.1,99,1
22.7,66,7.0,70,1
37.3,61,19.5,96,1
35.6,60,2.9,24,0
31.0,20,13.9,2,0
35.0,57,3.1,62,0
43.1,75,4.7,48,0
32.7,40,23.4,93,1
43.3,98,21.2,53,1
19.9,87,8.2,68,1
20.3,47,30.0,72,1
25.4,72,7.1,95,1
39.9,33,28.6,75,0
44.9,82,18.5,85,1
20.0,75,17.6,78,1
19.5,25,13.5,42,0
26.8,61,3.2,11,0
34.3,52,11.9,14,0
23.0,44,6.6,31,0
39.0,54,14.8,54,0
38.5,51,15.3,1,0
41.7,35,22.7,33,0
32.3,52,6.3,69,0
18.6,74,21.9,45,0
33.5,51,2.8,69,0
39.5,18,17.9,98,1
31.2,57,18.6,67,0
44.3,62,14.2,32,0
19.1,33,16.6,32,0
34.3,96,12.0,96,1
43.6,60,29.5,18,0
42.3,74,5.1,4,0
44.0,94,28.2,70,1
23.2,18,29.8,74,0
31.6,100,15.6,29,1
37.1,92,24.6,91,1
21.3,33,17.3,75,1
23.1,67,27.5,47,0
18.9,53,17.2,96,1
25.1,46,7.2,70,1
35.0,19,9.5,66,0
42.7,68,1.2,6,0
42.6,52,6.8,58,0
39.2,92,27.4,18,0
40.4,79,17.7,9,0
25.6,77,4.2,0,0
34.4,52,8.8,3,0
24.9,50,5.2,97,1
42.9,63,24.4,91,1
32.4,53,8.6,91,1
38.0,50,0.8,17,0
39.8,90,2.9,35,0
30.5,43,19.3,42,0
26.2,69,22.4,95,1
42.9,44,26.7,40,0
27.0,79,10.5,15,1
43.1,41,5.2,44,0
28.9,20,7.1,38,0
34.7,74,29.0,48,0
20.6,72,23.0,39,0
35.4,77,16.5,92,1
36.8,100,3.6,26,0
36.2,29,19.0,35,0
33.3,16,4.4,67,0
39.6,23,23.8,8,0
35.9,35,27.0,20,0
29.2,45,6.3,80,1
23.8,82,14.3,72,1
28.9,32,0.7,37,0
26.4,66,5.8,30,0
30.8,40,0.9,63,0
44.3,98,7.3,65,1
36.3,87,13.4,79,1
28.8,73,27.4,35,0
23.2,75,15.6,67,1
39.6,27,9.4,34,0
25.4,23,13.7,38,0
28.3,91,6.5,23,1
35.7,81,0.3,24,0
28.2,17,16.0,10,0
39.7,83,8.4,19,1
23.9,29,7.5,89,1
26.0,43,3.7,42,0
40.2,61,22.6,20,0
38.6,18,15.9,24,0
38.5,100,8.3,50,1
21.7,85,10.2,81,1
25.5,31,19.6,27,0
33.6,69,4.9,35,0
22.0,39,16.8,72,1
30.3,90,15.1,92,1
24.1,81,14.6,9,1
34.0,76,20.7,52,1
24.5,87,24.7,77,1
38.7,82,6.2,65,1
35.1,87,23.0,81,1
21.6,95,4.2,60,1
18.0,84,1.5,1,1
38.3,90,0.8,92,1
29.3,56,8.1,91,1
44.0,43,2.4,24,0
30.8,94,8.3,88,1
32.0,82,13.8,16,1
24.6,33,24.3,26,0
37.7,68,29.2,65,0
20.3,22,10.3,21,0
29.2,41,20.1,6,0
19.3,60,17.2,24,1
26.2,39,26.8,74,0
18.3,94,7.3,95,1
19.7,79,21.3,63,1
37.1,98,12.5,15,0
29.2,33,7.8,1,0
22.8,67,29.2,83,1
30.0,86,10.2,71,1
18.5,75,3.5,46,1
31.1,72,24.4,91,1
30.1,64,9.4,14,0
30.0,78,20.2,94,1
43.2,86,5.5,63,1
38.5,41,18.6,37,0
38.0,100,3.8,73,1
43.3,87,8.6,74,1
26.6,73,0.2,48,0
36.0,96,11.6,43,1
32.0,100,20.5,16,0
40.6,44,22.3,90,0
36.3,26,5.8,26,0
25.2,18,10.2,100,1
27.2,85,7.5,67,1
19.2,37,23.6,21,0
26.8,23,9.0,99,1
40.8,96,28.5,31,0
35.4,96,27.4,73,1
41.4,16,21.1,63,0
32.4,90,17.7,7,1
25.3,80,21.3,84,1
35.5,85,9.2,67,1
31.8,35,7.4,42,0
40.3,47,18.7,62,0
23.6,75,20.2,34,1
42.9,43,10.4,36,0
31.6,74,11.5,46,0
41.8,50,14.7,45,0
43.7,45,9.4,18,0
35.2,27,16.2,9,0
31.1,31,6.3,5,0
38.2,85,26.4,69,1
38.9,67,17.0,94,1
40.7,40,13.1,33,0
18.4,50,13.0,65,0
41.8,87,5.6,83,1
26.1,77,14.1,86,1
39.1,26,23.0,57,0
40.2,21,27.6,33,0
21.8,15,26.8,17,0
37.7,100,12.8,64,1
38.2,45,25.9,56,0
21.8,33,22.2,68,0
35.7,68,22.2,58,0
20.6,22,25.2,7,0
37.8,58,10.6,72,0
31.4,29,7.0,38,0
18.8,78,20.8,55,1
38.4,17,4.4,61,0
30.4,49,12.2,89,0
30.2,46,6.6,80,1
19.6,33,2.3,63,0
42.5,74,6.9,91,1
40.7,21,29.1,3,0
42.3,73,2.4,87,0
39.6,70,18.6,15,0
39.1,100,3.6,85,1
21.9,40,0.7,20,0
31.2,44,15.1,97,1
22.3,38,5.1,7,0
32.0,70,9.4,5,0
31.6,48,3.7,96,0
30.0,89,18.7,92,1
38.6,23,15.9,41,0
22.7,29,19.0,19,0
22.1,70,21.1,22,0
23.0,39,17.4,100,1
37.5,72,23.8,23,0
33.7,22,26.8,5,0
32.4,27,19.0,66,0
38.3,40,26.2,94,0
29.6,33,7.4,43,0
29.7,82,17.4,34,1
40.9,77,26.6,89,1
31.7,94,4.3,76,1
31.2,94,19.5,13,1
34.5,61,0.2,30,0
40.8,87,23.0,50,1
44.4,29,22.1,85,0
43.8,21,7.0,83,0
36.0,71,25.6,2,0
21.2,61,12.2,23,0
38.8,70,7.7,93,1
37.4,71,19.9,72,1
35.9,45,22.5,49,0
44.2,89,25.6,100,1
19.1,97,22.7,95,1
37.2,97,10.0,22,1
39.8,81,7.3,3,0
35.6,52,23.4,81,0
40.0,64,16.2,72,1
21.0,17,1.1,15,0
23.3,83,18.5,33,1
27.2,66,9.1,91,1
37.5,43,25.4,96,0
18.1,58,24.4,70,0
39.8,67,22.0,20,0
29.7,36,8.5,14,0
38.9,47,25.7,93,0
39.3,29,18.0,1,0
32.2,36,25.3,59,0
38.2,58,8.2,68,0
29.8,57,18.0,74,1
25.6,45,7.4,80,1
41.7,96,6.5,64,1
37.4,22,26.5,11,0
23.3,33,8.4,58,0
40.0,62,23.0,11,0
40.6,62,11.4,91,1
34.3,87,1.8,92,1
40.4,82,4.0,55,1
24.2,18,16.8,66,0
36.9,41,4.7,66,0
21.6,32,17.9,97,1
37.3,78,23.4,96,1
29.6,65,23.9,63,1
21.7,46,14.1,55,0
22.4,53,20.1,96,1
36.0,91,27.6,30,0
38.1,60,14.2,49,0
23.8,37,9.2,91,1
36.3,35,26.6,66,0
41.9,18,30.0,27,0
42.1,51,21.1,11,0
21.4,26,26.8,39,0
30.2,17,29.1,21,0
27.3,84,5.2,45,1
18.3,76,14.2,11,1
18.9,93,17.7,13,1
31.5,99,22.4,69,1
23.6,63,28.2,75,1
21.3,17,11.7,29,0
28.4,56,8.9,10,0
21.1,91,16.1,0,1
21.6,30,1.9,54,0
20.9,77,5.6,64,1
39.6,58,9.5,44,0
34.8,62,4.9,28,0
29.4,60,22.6,63,0
33.8,61,3.3,56,0
37.5,31,15.9,58,0
36.0,84,5.0,42,1
39.6,28,24.4,38,0
26.8,95,27.3,33,1
23.6,99,17.5,54,1
27.1,57,1.9,99,1
19.8,19,23.6,74,1
35.2,78,28.6,83,1
37.1,86,27.5,51,1
44.2,72,12.9,43,0
43.7,68,24.9,9,0
29.6,95,14.1,52,1
25.4,62,3.5,76,1
37.9,68,10.1,14,0
25.6,70,23.7,30,0
23.8,97,21.6,21,1
26.3,43,20.8,19,0
28.2,28,4.6,78,0
38.9,24,1.9,54,0
42.3,65,21.0,81,1
44.1,77,13.3,34,1
31.6,44,13.0,66,0
22.6,94,30.0,61,1
28.3,56,29.9,92,0
28.7,15,20.2,88,1
34.5,58,24.9,28,0
18.9,73,9.3,91,1
41.3,62,4.6,10,0
29.0,63,6.0,64,1
42.7,25,20.2,42,0
38.1,44,23.3,16,0
44.6,46,29.1,43,0
38.5,16,29.7,52,0
25.2,42,6.7,94,1
21.3,49,6.4,33,0
25.0,65,18.3,0,1
25.5,73,1.6,36,0
41.9,73,21.3,79,1
34.7,87,5.4,77,1
20.6,92,14.2,81,1
21.4,99,24.9,54,1
44.9,65,14.6,54,0
21.7,68,10.6,6,1
42.5,57,23.3,9,0
22.9,34,3.1,65,0
29.8,39,5.7,71,1
36.6,56,26.0,30,0
29.5,39,4.9,70,1
41.8,45,2.2,83,0
24.1,40,14.9,3,0
39.2,15,11.7,18,0
36.6,87,18.7,62,1
37.3,47,3.5,42,0
31.2,97,12.9,5,1
21.7,75,5.6,5,1
24.8,52,12.0,20,0
30.6,90,23.0,75,1
31.5,92,25.9,19,1
43.3,59,16.3,30,0
41.6,78,19.2,56,1
23.7,92,13.1,20,1
38.8,63,1.9,35,0
43.8,32,9.5,76,0
31.3,65,4.9,74,1
22.3,26,16.6,73,1
26.4,89,4.0,73,1
27.5,69,28.8,72,1
30.5,62,0.1,23,0
28.0,70,21.7,94,1
26.1,58,8.3,73,1
27.3,80,7.6,21,1
29.2,82,29.4,1,1
32.8,69,17.9,84,1
22.7,96,28.2,42,0
22.5,31,21.6,55,0
41.2,16,9.7,77,1
27.0,27,20.8,27,0
37.4,87,8.2,88,1
36.4,72,29.7,50,0
23.2,93,20.0,87,1
30.8,75,28.6,68,1
37.2,51,20.7,45,0
31.0,81,27.4,91,1
29.6,53,20.6,73,0
23.9,41,29.3,88,0
24.7,100,25.0,25,1
24.4,17,24.4,86,1
23.2,27,1.4,91,1
40.4,28,18.1,51,0
27.5,94,28.5,52,1
26.6,36,27.6,79,1
21.4,78,18.3,39,1
20.1,78,25.6,38,1
42.7,18,1.6,71,0
37.0,55,21.0,22,0
30.5,81,11.9,33,1
23.8,49,23.3,44,0
39.6,70,28.9,74,1
42.0,55,19.1,41,0
23.9,85,10.0,60,1
26.4,66,6.8,53,1
19.3,48,27.3,94,0
44.8,60,13.6,4,0
19.6,93,20.4,33,1
41.3,87,24.0,72,1
25.4,39,17.1,40,0
36.9,48,14.7,23,0
22.3,33,13.7,6,0
40.1,93,14.5,79,1
41.8,95,17.4,83,1
29.5,58,23.9,75,1
38.9,76,10.4,34,1
33.3,42,0.7,37,0
19.5,49,22.4,80,1
33.0,21,3.3,97,1
19.0,23,3.7,61,0
38.2,68,22.9,95,1
42.4,56,0.1,48,0
29.9,27,17.9,69,0
44.8,73,26.8,86,1
22.2,99,11.3,32,1
30.2,60,14.8,12,0
34.9,88,11.1,19,1
35.5,93,6.1,37,0
19.2,98,2.7,24,1
19.5,76,21.9,81,1
42.6,60,22.3,40,0
24.0,30,14.6,55,0
18.2,99,12.2,16,1
31.6,84,17.1,79,1
41.5,18,12.1,40,0
26.4,48,12.8,54,0
23.2,37,28.5,66,0
28.5,66,1.5,29,0
44.9,53,7.9,27,0
36.9,61,21.3,54,0
40.1,61,3.9,87,1
34.5,42,7.3,45,0
30.4,55,15.7,34,0
31.0,72,6.2,72,1
31.8,27,17.5,9,0
44.8,74,22.6,43,0
40.5,70,14.3,25,0
38.5,17,4.8,3,0
22.7,65,7.3,86,1
40.5,35,16.8,22,0
19.3,47,1.9,100,0
44.7,73,16.0,58,0
42.4,60,20.1,5,0
33.8,56,20.5,22,0
22.1,87,10.2,62,1
20.5,65,0.8,40,0
42.9,68,21.4,66,0
30.9,96,4.1,24,1
20.5,65,16.1,53,1
35.4,77,18.1,63,1
35.7,45,26.6,91,0
34.3,41,11.8,100,1
44.8,33,1.4,30,0
29.8,100,3.6,52,1
32.4,93,23.6,60,1
28.9,65,11.0,41,0
32.5,90,9.9,76,1
43.3,55,16.5,5,0
38.8,57,29.4,14,0
34.7,54,0.7,5,0
20.3,96,4.1,82,1
31.2,74,5.0,86,1
43.9,84,18.8,3,1
19.8,32,21.7,18,0
21.0,74,28.9,9,0
23.0,73,13.0,34,1
39.5,24,9.7,61,0
22.4,46,23.7,82,0
43.1,33,1.2,69,0
29.3,96,22.5,17,1
31.1,61,10.5,12,0
26.1,33,18.0,98,1
20.9,93,27.1,15,1
42.6,35,2.6,91,0
26.6,71,28.4,45,0
27.0,30,16.7,38,0
32.1,32,13.8,70,1
40.1,68,9.2,33,0
28.4,42,28.9,87,1
25.2,73,19.8,29,0
41.4,86,21.1,67,1
35.6,41,24.7,26,0
27.1,82,15.1,54,1
33.5,24,17.7,39,0
44.0,64,28.7,35,0
33.9,50,20.4,26,0
30.1,35,12.2,4,0
36.6,32,0.2,86,0
22.9,37,2.5,28,0
30.8,37,24.6,81,1
31.2,24,21.3,38,0
19.1,58,26.4,99,1
37.2,72,25.9,95,0
34.2,94,7.7,21,1
37.6,40,17.4,60,0
27.8,56,8.8,26,0
22.6,57,7.5,57,0
24.2,79,26.6,98,1
35.5,16,17.9,67,0
42.1,52,9.0,96,0
42.2,58,28.3,61,0
44.2,85,22.7,94,1
34.6,45,12.9,93,1
27.4,49,0.4,11,0
39.4,59,17.0,74,1
43.7,73,19.7,52,0
36.5,79,13.1,19,0
20.2,75,19.0,77,1
35.7,15,26.2,56,0
41.3,40,2.3,91,0
21.0,16,12.1,63,0
43.7,25,22.8,74,0
22.0,26,27.1,11,0
37.1,53,12.6,90,0
29.3,66,10.5,93,1
38.7,17,18.0,52,0
31.1,29,5.4,82,1
34.5,35,14.7,45,0
38.0,42,4.0,18,0
44.2,46,21.4,9,0
25.8,68,26.0,20,0
42.3,24,8.5,93,0
35.1,75,4.6,19,0
37.1,93,30.0,20,0
44.9,71,17.6,82,1
18.0,75,7.6,71,1
39.4,77,28.7,56,1
37.5,16,28.8,58,0
27.2,63,12.9,2,0
25.2,27,21.1,95,0
36.8,59,15.0,39,0
19.0,100,28.9,20,1
32.0,46,12.3,18,0
40.5,22,9.2,28,0
34.6,84,1.8,86,1
25.8,70,0.9,82,1
31.4,92,19.1,6,1
35.2,20,28.6,71,0
25.3,93,2.2,78,1
39.3,90,7.7,26,1
23.8,15,28.0,66,0
36.9,50,1.3,29,0
23.3,22,0.5,15,0
38.6,42,28.5,69,0
41.1,65,1.9,54,0
30.6,97,14.8,60,1
40.2,60,27.5,100,0
19.1,84,7.8,94,1
44.5,77,17.5,65,1
33.1,72,27.6,32,0
23.1,59,11.6,44,0
43.0,61,5.2,30,0
43.0,52,1.0,31,0
26.1,81,27.2,36,1
22.9,59,18.7,60,0
31.0,24,25.7,39,0
35.8,37,8.5,93,0
37.7,66,23.4,63,0
21.4,81,11.9,91,1
36.5,41,24.9,57,0
26.1,77,29.3,2,1
24.0,73,11.0,19,0
36.0,67,15.3,89,1
23.5,63,17.0,87,1
39.8,100,10.7,21,1
20.8,38,9.5,70,1
33.3,31,0.3,24,0
24.5,90,17.1,66,1
39.8,38,28.9,31,0
43.9,57,21.7,23,0
20.3,35,7.4,19,0
31.8,98,24.2,69,1
25.9,73,20.3,98,1
21.8,94,29.6,16,1
29.7,60,7.7,19,0
38.1,93,8.9,90,1
28.3,42,22.6,64,0
40.9,51,5.1,9,0
26.7,31,2.7,41,0
41.7,93,7.8,2,1
35.1,51,16.8,86,0
43.4,76,6.1,32,0
23.0,35,0.0,54,0
38.6,98,20.4,0,0
31.0,69,25.9,60,0
34.3,81,28.3,90,1
26.7,88,16.3,42,1
31.9,46,7.0,38,0
18.8,31,0.5,24,0
44.4,21,13.7,84,0
35.8,39,25.0,35,0
32.3,96,25.2,72,1
37.8,36,18.5,4,0
37.3,40,25.7,47,0
29.9,87,20.1,8,1
38.2,49,2.2,11,0
28.4,33,2.9,71,1
29.1,28,14.7,24,0
43.9,36,10.0,69,0
44.7,51,20.8,78,0
39.5,78,20.0,89,1
27.5,81,10.3,24,1
26.0,40,17.4,55,0
20.3,78,5.6,24,1
20.0,72,25.8,47,0
25.0,35,25.6,61,0
30.8,62,28.8,77,1
32.1,95,19.3,74,1
27.1,27,9.4,9,0
37.4,54,9.4,87,0
21.2,76,15.2,88,1
30.6,54,15.3,39,0
43.5,24,16.6,16,0
35.6,86,26.3,92,1
27.4,23,8.2,42,0
31.0,49,28.9,50,0
32.5,87,5.2,52,1
20.0,42,18.0,59,0
22.3,80,8.0,100,1
22.4,96,2.4,25,1
21.1,62,9.9,7,0
44.8,98,15.7,60,1
25.4,58,9.0,77,1
44.8,34,18.9,69,0
38.3,94,5.7,93,1
39.7,20,12.5,82,0
41.3,63,19.2,14,0
20.9,85,18.2,19,1
32.0,62,26.6,66,1
41.1,26,3.4,98,0
22.4,99,27.9,71,1
18.5,45,4.2,79,1
33.5,72,14.2,7,0
33.3,89,20.6,21,0
24.9,78,6.9,4,1
44.4,91,25.9,72,1
36.4,40,21.8,15,0
32.1,32,3.0,0,0
19.6,15,10.2,42,0
38.0,81,23.4,13,0
44.3,28,24.7,42,0
19.7,31,19.7,21,0
26.7,27,22.6,23,0
25.9,96,28.4,1,0
42.1,63,20.8,23,0
18.1,76,10.7,90,1
20.5,70,28.1,42,0
23.3,100,19.3,25,1
41.9,47,0.6,17,0
42.9,90,10.4,61,1
23.8,51,11.8,74,1
26.7,18,15.5,45,0
26.4,60,28.9,47,0
24.1,89,25.7,38,1
39.9,96,11.1,59,1
29.2,44,2.8,40,0
24.5,90,22.3,67,1
34.6,32,21.3,50,0
26.8,35,18.6,33,0
20.2,75,13.7,92,1
40.4,69,17.0,96,1
31.2,29,9.1,7,0
25.7,45,20.6,6,0
22.5,46,24.3,34,0
18.6,66,18.2,15,0
23.3,88,14.7,21,1
19.6,64,3.9,57,1
31.4,95,22.1,58,1
31.4,79,1.5,21,1
33.5,88,9.2,69,1
43.2,73,26.0,28,0
20.0,16,2.6,95,1
35.7,81,24.6,25,1
40.1,23,0.4,33,0
42.5,19,9.6,55,0
30.9,56,14.0,73,0
34.6,91,17.0,28,0
20.5,49,0.7,87,0
29.0,21,8.3,31,0
18.6,30,13.5,67,0
27.0,58,30.0,19,0
30.8,97,1.6,9,0
28.1,69,24.3,68,0
27.6,94,5.6,82,1
21.6,62,0.2,61,1
40.5,57,13.8,93,0
37.2,70,0.2,16,0
36.4,62,19.6,62,0
29.3,80,22.9,47,1
20.4,56,22.6,85,1
40.4,96,1.5,20,0
20.9,94,28.5,65,1
34.1,49,3.0,88,0
43.1,63,13.4,10,0
18.2,37,27.4,15,0
37.8,91,28.0,34,0
25.9,24,9.5,84,1
35.4,93,5.8,8,0
19.3,88,10.7,82,1
26.0,34,19.9,46,0
36.4,53,7.0,4,0
37.8,38,18.6,54,0
33.6,33,1.0,53,0
30.8,51,7.2,54,0
35.8,54,25.5,54,0
24.1,43,29.7,7,0
31.1,84,15.3,99,1
26.8,50,1.6,68,0
25.6,96,3.5,3,1
34.0,25,15.1,40,0
38.2,61,29.3,36,0
18.2,69,17.3,100,1
35.3,40,14.4,59,0
33.5,66,9.0,79,1
23.9,38,10.5,42,0
43.5,79,11.0,27,1
20.5,65,2.9,70,1
39.0,65,22.0,30,0
42.7,15,13.4,99,0
45.0,16,7.5,50,0
36.2,46,17.7,51,0
41.2,81,27.6,92,1
23.5,49,6.4,69,0
24.3,75,17.7,34,1
23.9,94,7.2,29,1
37.6,73,11.5,89,1
34.8,72,8.8,18,0
34.5,41,19.4,83,1
35.3,63,16.1,59,1
44.4,68,22.5,72,1
44.8,60,0.3,1,0
22.9,33,8.6,97,1
23.8,29,22.7,64,0
18.9,46,8.3,88,1
21.8,20,20.9,10,0
38.6,88,19.6,61,1
25.4,85,5.4,44,1
26.9,22,5.8,61,0
44.7,96,5.3,48,1
29.1,83,2.6,92,1
42.9,19,23.4,55,0
32.3,17,6.3,29,0
31.2,19,4.0,85,1
44.8,61,2.2,99,0
41.6,66,22.6,20,0
18.2,76,10.8,64,1
35.3,61,21.9,100,1
40.3,64,23.5,4,0
22.5,63,4.3,60,1
43.5,59,14.6,92,0
34.3,32,24.0,25,0
23.8,85,26.3,81,1
24.8,47,19.1,42,0
20.6,59,20.3,92,1
39.1,25,28.9,40,0
36.6,82,15.4,65,1
33.6,39,6.5,48,0
25.6,41,16.4,58,0
38.5,63,27.9,11,0
35.4,71,9.9,19,0
19.0,53,2.7,75,1
31.3,59,28.4,32,0
27.0,98,11.9,35,1
41.4,83,12.7,24,1
19.8,43,16.7,43,0
44.5,21,14.4,17,0
20.2,96,2.6,5,1
44.1,59,19.6,78,1
28.3,56,16.6,29,0
33.2,92,27.8,21,0
39.7,66,23.0,79,1
39.8,82,27.3,10,0
39.9,35,23.6,37,0
30.3,35,15.5,79,1
39.0,27,13.0,28,0
34.1,97,13.6,82,1
28.1,78,27.5,6,1
24.1,79,12.4,18,1
25.2,31,16.1,34,0
42.9,95,13.3,90,1
19.6,31,11.4,12,0
30.3,86,28.3,97,1
44.7,28,22.1,18,0
31.6,82,29.3,17,0
19.0,91,12.2,8,1
34.8,43,25.3,28,0
33.2,43,22.9,16,0
38.1,88,24.0,2,0
22.1,23,15.5,23,0
33.0,41,27.0,35,0
20.3,49,19.7,40,0
34.0,27,4.2,66,0
29.1,85,10.6,48,1
25.7,16,19.9,45,0
38.2,72,12.4,66,0
20.6,55,11.0,89,1
26.2,86,26.7,88,1
38.4,43,6.8,60,0
24.1,79,1.4,48,0
34.0,99,4.9,24,0
34.9,84,20.4,45,0
38.0,74,20.0,26,0
18.4,39,22.9,76,0
21.9,68,3.0,48,0
42.3,25,10.0,18,0
39.5,19,18.3,85,0
20.7,33,5.0,43,0
23.3,39,15.4,39,0
31.5,50,23.8,46,0
44.4,52,21.2,47,0
26.6,82,12.2,19,1
28.7,70,8.4,61,1
21.7,37,11.1,43,0
35.2,36,11.4,60,0
25.7,32,23.0,35,0
18.1,66,18.9,36,0
29.5,53,11.5,42,0
22.9,62,12.3,9,1
29.8,35,8.8,37,0
22.2,52,15.4,10,0
31.3,96,8.7,35,1
28.8,70,28.2,46,0
34.9,65,18.1,68,0
44.3,35,11.0,1,0
24.4,96,18.9,34,1
42.9,50,27.5,39,0
20.3,61,7.9,86,1
42.1,46,4.5,72,0
22.6,22,8.3,23,0
36.1,40,15.0,1,0
37.3,18,6.9,9,0
37.6,74,17.1,0,0
24.1,57,8.9,43,0
33.2,21,4.3,76,0
37.3,35,22.4,36,0
18.9,58,17.2,86,1
29.1,49,28.1,4,0
30.5,48,12.3,71,0
27.8,97,29.1,70,1
33.1,47,17.6,23,0
23.8,39,23.1,2,0
21.5,65,26.4,51,0
20.2,72,18.1,1,1
19.7,16,3.7,10,0
44.3,30,2.0,69,0
27.3,24,19.6,89,1
29.4,44,0.1,62,0
29.9,67,21.7,41,0
20.9,72,3.9,33,0
42.3,87,17.3,98,1
22.3,29,2.1,52,0
40.0,27,4.3,29,0
23.2,97,25.6,94,1
25.2,37,17.2,62,0
43.9,80,19.8,24,1
31.6,93,21.7,38,1
20.1,65,7.9,57,1
37.5,77,10.9,41,0
31.4,72,27.0,27,0
34.1,45,7.6,37,0
32.9,85,0.9,37,0
23.9,51,29.5,72,0
21.5,42,10.1,78,1
37.8,73,3.8,98,1
31.4,66,9.1,54,1
28.0,93,16.0,24,1
25.1,89,4.1,82,1
24.8,16,26.6,45,0
19.8,63,11.0,33,0
28.6,57,14.5,58,0
41.0,30,0.8,23,0
18.1,38,14.9,100,1
19.1,17,15.2,77,1
18.3,61,8.7,24,0
26.9,79,21.0,10,1
27.2,56,9.2,3,0
38.2,72,28.0,50,0
29.8,59,20.4,98,0
39.9,24,1.4,9,0
40.5,17,10.1,32,0
36.1,75,24.4,31,0
19.0,94,2.3,44,1
18.9,80,21.8,50,1
25.3,99,24.6,78,1
35.3,76,0.3,44,0
35.6,37,0.8,22,0
19.8,36,2.2,48,0
22.2,52,10.7,15,0
44.2,25,14.5,69,0
30.4,25,12.1,7,0
39.5,38,27.3,68,0
31.5,31,5.7,68,0
20.7,74,16.3,96,1
25.4,20,24.8,3,0
20.0,97,27.5,38,1
34.2,66,29.3,5,0
20.2,55,1.0,16,0
33.0,93,25.0,43,1
20.4,70,0.4,50,0
29.7,95,22.1,43,1
34.8,67,23.0,21,0
35.8,65,27.6,100,0
23.2,100,3.6,26,1
41.5,84,12.1,31,0
25.2,53,28.3,12,0
29.9,98,15.9,80,1
33.0,47,26.0,0,0
20.0,43,12.3,2,0
44.0,31,21.9,52,0
28.4,97,7.7,56,1
19.5,73,2.7,93,1
20.9,40,6.7,11,0
39.5,19,9.0,39,0
39.4,69,5.3,51,1
23.3,16,25.2,74,0
41.0,35,28.7,94,0
35.3,94,15.4,73,1
44.8,41,10.0,22,0
36.6,36,5.4,100,0
43.4,45,14.7,5,0
19.0,46,19.2,62,0
18.5,73,6.7,3,0
26.9,70,21.3,18,0
30.9,21,18.7,13,0
27.4,85,11.3,23,1
37.1,33,26.6,46,0
35.7,20,13.1,33,0
30.7,46,18.0,94,0
41.6,91,13.4,15,1
29.4,25,3.5,14,0
43.0,59,24.6,79,0
26.0,32,29.7,75,0
39.1,87,2.8,58,0
27.5,62,10.4,21,0
32.4,43,6.8,91,1
37.7,53,5.7,48,0
28.6,48,15.8,41,0
21.8,80,3.1,84,1
21.5,32,7.9,15,0
26.2,50,13.1,94,1
42.6,19,11.8,80,0
30.4,99,7.2,56,1
22.2,28,6.7,25,0
18.1,73,7.0,11,0
18.9,41,11.3,47,0
27.4,68,10.8,34,0
36.2,63,2.7,50,0
39.1,39,15.2,75,0
42.8,25,12.2,0,0
26.1,39,16.1,75,1
21.0,87,13.3,24,1
42.7,50,4.4,73,0
20.4,99,23.4,28,0
41.2,68,25.5,44,0
29.4,28,20.5,13,0
30.7,72,24.1,30,0
23.1,99,10.4,66,1
43.3,15,6.5,46,0
44.6,86,17.3,38,1
28.5,39,22.8,48,0
33.4,62,29.1,7,0
22.0,87,19.7,7,1
22.7,44,2.2,14,0
27.1,94,22.7,20,1
32.4,66,5.1,9,0
30.2,26,17.0,86,0
28.4,82,21.7,53,1
29.4,66,29.3,83,1
29.7,39,14.1,88,1
27.6,77,18.6,30,1
19.4,19,0.5,48,0
37.8,86,17.6,11,1
29.4,44,21.3,84,0
26.0,20,7.4,50,0
22.8,82,14.2,39,1
27.8,94,1.5,96,1
27.6,75,15.1,47,1
18.3,54,25.4,75,1
27.0,50,18.0,70,1
31.1,53,28.0,14,0
37.6,28,26.0,63,0
21.5,19,14.8,50,0
19.8,65,27.3,35,0
27.3,54,12.4,38,0
40.2,64,9.4,97,1
34.5,61,2.4,93,1
31.7,87,6.1,50,1
38.3,46,14.3,15,0
23.4,68,7.4,34,0
25.3,92,15.1,44,1
21.7,62,16.5,18,0
43.2,94,1.9,26,0
18.6,27,10.0,0,0
21.3,63,12.9,13,1
24.5,87,23.0,45,1
37.7,68,12.3,32,0
32.7,72,25.0,40,0
19.8,33,14.5,90,1
29.0,55,10.3,67,0
33.0,45,21.8,60,0
21.8,91,20.8,69,1
30.4,64,21.0,34,0
41.2,92,29.3,3,0
31.6,72,3.2,43,0
25.8,88,24.7,43,1
43.2,46,17.8,61,0
20.3,29,24.3,38,0
34.8,63,19.5,56,1
26.0,22,2.0,22,0
36.2,75,29.0,27,0
20.2,73,9.2,41,0
26.9,86,1.5,39,1
38.0,57,13.9,5,0
20.0,37,18.2,1,0
23.8,78,9.0,9,1
38.4,77,4.7,70,1
44.4,72,29.1,39,0
44.7,58,12.5,30,0
25.5,38,8.6,5,0
37.1,49,14.5,42,0
23.4,28,2.0,19,0
26.0,50,10.7,87,1
35.3,54,26.5,96,0
38.7,92,0.5,80,1
34.1,57,8.4,32,0
44.4,94,5.6,9,1
38.0,23,15.2,81,0
41.0,31,3.4,46,0
34.1,82,24.7,96,1
43.3,60,13.3,43,0
34.3,71,3.7,11,0
40.9,48,2.5,64,0
30.3,51,18.7,67,0
30.2,47,23.3,19,0
20.4,70,28.1,7,0
25.4,57,29.8,96,1
38.4,45,19.1,60,0
25.3,80,4.7,99,1
34.9,63,3.1,52,0
21.3,85,13.5,29,1
32.2,59,18.7,19,0
26.0,55,14.2,50,0
44.7,24,9.8,21,0
33.2,97,7.2,89,1
44.9,66,6.5,34,0
19.6,90,3.2,93,1
27.7,53,24.7,4,0
35.2,87,13.4,76,1
18.6,73,25.7,19,0
26.8,18,14.6,55,0
33.6,66,9.2,36,0
27.9,79,24.8,72,1
44.0,21,7.7,79,0
18.5,99,18.2,61,1
29.8,54,6.2,57,0
38.5,49,25.1,86,0
43.8,85,20.1,96,1
25.2,57,23.8,100,0
18.9,82,21.9,35,1
42.0,78,25.9,17,0
27.2,34,8.7,71,1
20.5,52,1.8,93,1
28.4,30,13.8,46,0
37.1,44,18.4,78,1
32.1,18,1.4,0,0
33.5,71,1.2,30,0
41.0,68,2.8,66,0
25.8,34,26.5,28,0
26.1,82,8.1,74,1
30.3,67,12.9,16,0
42.8,21,10.9,43,0
30.9,76,5.4,1,1
31.0,24,25.7,50,0
27.2,97,2.7,1,1
37.8,26,27.7,99,0
39.2,79,19.4,9,0
37.4,86,13.3,46,0
41.8,70,7.0,14,0
18.7,80,29.1,95,1
31.3,16,28.3,49,0
38.3,59,29.5,75,0
35.5,94,5.6,95,1
29.7,39,5.0,50,1
34.8,86,7.3,77,1
30.7,67,3.2,1,0
43.2,44,1.7,36,0
27.5,37,10.8,58,0
23.3,68,14.1,84,1
35.2,71,15.1,57,0
41.9,36,26.2,5,0
30.2,73,19.5,53,0
25.5,94,2.9,80,1
45.0,20,15.6,35,0
23.4,52,17.7,59,0
37.5,55,11.4,68,0
27.7,75,6.1,48,1
43.9,71,8.8,70,1
33.1,86,23.0,6,0
40.4,84,23.6,32,0
31.1,84,11.7,23,1
34.6,71,6.6,10,0
33.7,35,6.7,51,0
37.2,27,2.6,96,0
41.1,73,0.6,26,0
42.7,68,5.5,9,0
33.7,57,8.1,42,0
40.0,79,20.1,66,1
23.8,97,26.8,52,1
35.5,20,26.2,1,0
41.4,68,6.1,62,0
26.1,31,25.0,50,0
40.8,62,22.0,1,0
38.4,34,23.9,62,0
44.9,50,25.5,2,0
39.2,53,10.2,88,0
44.3,16,9.9,36,0
26.7,46,11.9,5,0
18.5,100,27.3,19,0
33.4,98,6.7,78,1
26.6,32,10.7,92,1
31.9,44,11.2,90,1
44.3,31,10.4,99,0
31.5,90,17.8,49,0
25.9,98,3.1,92,1
23.8,71,24.6,15,0
41.7,95,17.5,49,1
30.5,37,18.6,28,0
37.2,43,25.3,47,0
28.2,20,15.8,91,1
41.2,99,14.7,73,1
36.0,42,18.6,9,0
31.7,51,10.6,78,1
41.1,19,22.2,47,0
19.9,19,24.3,9,0
19.6,30,11.2,26,0
27.3,77,26.9,36,0
37.4,19,16.6,78,0
44.1,35,12.7,0,0
30.6,19,1.5,16,0
34.3,71,3.1,35,0
24.6,15,6.2,93,1
20.9,58,21.3,84,1
32.0,25,26.7,100,0
41.3,89,14.6,16,1
30.4,70,14.1,9,0
44.4,18,17.5,38,0
44.7,55,29.3,29,0
42.0,45,27.1,10,0
35.4,49,18.4,25,0
24.9,98,21.5,8,1
33.6,43,1.9,12,0
36.2,15,14.5,77,0
34.7,77,26.8,48,0
19.9,25,14.3,18,0
26.0,43,4.9,10,0
31.5,41,1.8,87,0
27.9,29,5.8,59,0
19.4,26,0.0,93,0
39.0,62,9.8,28,0
31.5,79,1.2,61,1
30.9,87,6.9,100,1
40.5,58,1.1,91,0
30.1,44,20.3,48,0
22.7,17,22.1,62,0
18.9,60,19.9,65,1
29.2,58,25.9,18,0
19.2,24,20.7,17,0
24.8,62,14.1,5,0
27.3,28,3.1,60,0
43.6,38,4.7,77,0
42.9,33,5.8,7,0
27.9,55,19.2,2,0
32.0,23,20.0,23,0
19.8,47,3.8,71,1
18.8,32,16.8,29,0
30.6,32,16.7,84,0
38.6,46,11.5,13,0
36.9,67,18.2,99,1
34.0,46,20.3,88,0
21.5,21,21.4,52,0
21.7,28,7.3,57,0
36.0,29,3.8,12,0
43.3,95,22.1,24,0
26.1,78,25.5,89,1
43.1,53,6.0,57,0
31.8,73,3.7,47,0
33.0,33,29.4,30,0
35.6,84,25.9,35,0
35.0,45,22.6,14,0
29.4,49,11.2,39,0
27.5,85,10.8,27,1
36.8,40,27.3,72,0
22.0,18,9.2,23,0
31.5,67,5.4,67,0
33.3,69,18.7,65,0
19.0,96,18.7,90,1
34.9,81,25.0,94,1
32.1,44,11.0,57,0
21.8,32,5.9,6,0
41.7,25,18.2,100,0
39.2,46,29.1,86,0
18.3,95,22.3,10,1
29.6,93,21.4,6,1
33.8,99,27.4,42,0
23.0,23,22.3,46,0
30.0,21,7.3,0,0
23.6,51,28.0,45,0
44.1,41,11.9,19,0
22.1,91,21.8,100,1
37.5,71,25.6,64,0
25.9,90,28.9,18,1
19.4,54,27.2,9,0
20.5,39,6.9,90,1
41.2,78,12.1,20,0
20.3,77,2.3,36,1
26.3,35,6.6,39,0
28.1,52,28.5,48,0
19.8,75,27.4,62,1
30.9,42,7.1,97,1
22.2,43,19.5,10,0
41.1,26,12.7,15,0
21.5,50,18.6,89,1
29.4,94,14.0,17,1
30.7,62,3.0,31,0
35.5,31,14.3,77,0
34.3,98,2.2,29,0
29.5,37,14.7,67,0
42.3,25,0.8,8,0
26.0,94,23.7,45,0
36.3,67,4.0,15,0
40.3,85,7.2,42,1
20.7,89,26.2,20,0
32.7,31,17.0,28,0
40.6,89,14.6,75,1
33.6,18,12.6,88,1
31.8,71,22.9,64,0
27.6,82,28.7,43,0
22.9,66,23.5,91,1
33.7,43,10.0,38,0
36.2,27,2.1,65,0
35.5,29,8.9,6,0
29.9,25,3.5,43,0
43.1,98,11.6,61,1
36.5,28,24.0,71,0
34.2,89,9.9,43,1
38.5,27,13.5,15,0
41.5,53,15.9,78,1
18.0,71,12.3,30,0
44.2,42,28.7,16,0
33.6,39,17.8,76,0
35.9,48,9.5,2,0
24.7,44,9.0,88,1
33.4,92,13.7,81,1
21.7,78,10.4,27,1
19.3,100,28.6,100,1
22.8,15,18.5,85,1
36.8,94,0.7,32,0
31.2,58,19.9,53,0
42.7,52,29.6,76,0
26.1,92,10.3,76,1
24.1,66,29.2,57,1
37.0,25,3.8,22,0
31.0,73,8.8,77,1
38.4,31,25.8,44,0
34.7,59,0.9,32,0
20.8,61,24.3,92,1
22.9,65,1.8,23,0
27.5,70,8.5,59,1
44.4,90,9.6,97,1
43.0,93,19.2,11,1
29.2,39,17.2,31,0
40.4,28,0.4,21,0
33.8,60,6.5,45,0
22.5,25,23.7,43,0
18.5,62,4.4,70,1
42.9,80,3.8,99,1
20.1,60,20.7,47,0
30.6,50,11.4,22,0
37.7,22,25.9,65,0
18.2,28,15.5,75,1
23.7,43,18.1,7,0
41.1,69,9.0,4,0
21.9,95,6.9,26,1
42.0,97,21.5,22,0
20.8,31,17.5,62,0
32.5,35,28.5,40,0
40.4,98,6.8,76,1
29.4,63,9.7,60,1
24.2,70,13.6,21,0
41.7,52,7.0,19,0
37.3,100,25.6,53,1
34.5,100,7.4,64,1
23.3,33,26.5,93,1
33.8,41,25.4,54,0
27.5,75,23.9,68,1
39.3,67,27.1,5,0
44.9,47,3.0,11,0
26.1,16,21.0,26,0
25.4,15,4.4,31,0
33.7,97,27.3,29,0
32.0,50,29.8,44,0
24.4,38,14.2,23,0
39.0,22,9.8,70,0
32.6,45,28.7,70,0
24.8,91,13.7,50,1
28.4,88,26.5,80,1
33.5,82,22.0,64,1
33.6,21,27.3,52,0
27.9,57,9.9,92,1
24.8,19,4.4,3,0
28.6,78,11.2,47,1
25.2,39,13.9,48,0
42.3,96,25.7,87,1
23.8,28,16.4,46,0
36.9,65,22.5,7,0
26.9,15,6.0,80,1
39.9,90,8.6,64,1
25.6,83,24.1,82,1
44.5,41,11.4,33,0
19.1,16,25.4,30,0
39.0,86,3.3,81,1
33.9,43,14.7,74,1
29.8,16,9.8,69,0
20.9,67,29.0,35,0
38.0,89,3.9,42,0
38.7,22,17.6,49,0
22.3,19,18.6,83,1
38.6,47,17.7,4,0
37.3,55,28.4,32,0
22.4,51,14.0,45,0
40.1,23,6.0,38,0
44.0,68,0.7,2,0
27.8,64,9.4,60,1
40.9,47,12.8,2,0
39.1,48,6.7,47,0
36.5,94,28.1,36,0
31.1,95,23.9,71,1
32.5,57,4.6,25,0
38.4,50,22.5,97,0
27.6,71,21.5,51,0
29.9,89,16.0,60,1
29.7,84,14.8,67,1
43.7,15,29.6,35,0
22.0,66,21.4,48,0
20.2,94,15.6,14,1
27.2,75,8.8,10,1
43.8,96,14.9,66,1
29.0,58,19.6,94,1
29.7,59,17.2,40,0
31.7,82,19.6,42,0
35.4,23,22.0,9,0
27.4,93,12.1,37,1
32.8,88,15.1,98,1
35.1,85,7.0,17,1
24.8,79,20.9,0,1
32.2,48,27.2,43,0
43.7,91,28.3,93,1
18.7,93,25.3,81,1
28.3,85,1.8,15,0
27.5,88,17.1,83,1
31.6,53,28.5,11,0
27.9,48,19.3,26,0
25.5,47,18.2,52,0
31.4,28,28.9,68,0
34.0,94,21.9,69,1
28.6,17,1.5,77,1
20.1,90,20.9,13,1
33.2,53,8.6,16,0
31.6,99,8.6,54,1
42.1,22,7.2,82,0
25.6,45,3.7,56,0
25.0,62,3.1,11,0
20.2,91,20.9,20,0
25.3,89,11.3,7,1
18.7,36,22.4,57,0
27.1,57,18.7,9,0
38.8,59,22.9,87,0
34.9,20,4.7,6,0
43.3,45,27.3,91,0
40.6,38,9.1,57,0
31.3,41,24.9,12,0
26.5,28,27.0,22,0
39.4,66,0.7,23,0
28.5,50,9.1,50,0
19.5,81,18.2,88,1
24.2,94,12.3,98,1
31.2,61,8.7,92,1
41.5,98,26.0,63,1
18.5,100,13.0,45,1
32.3,71,17.6,77,1
43.4,36,18.9,98,0
22.3,69,19.9,37,1
23.3,45,29.2,95,0
18.5,26,2.9,43,0
19.9,41,17.6,8,0
22.9,75,15.8,79,1
27.5,91,2.5,95,1
38.9,37,7.6,65,0
22.3,16,2.4,45,0
26.4,20,10.1,99,1
26.1,33,2.6,10,0
31.8,75,21.2,18,0
26.7,85,12.0,36,1
21.6,94,4.8,14,1
36.6,24,16.9,85,0
26.0,45,26.9,47,0
36.6,78,8.0,54,1
19.3,58,21.5,24,0
40.0,89,6.2,50,1
45.0,57,8.1,83,0
22.1,19,29.5,54,0
33.0,76,10.0,27,1
25.7,63,28.4,14,0
29.6,94,5.4,32,1
43.6,78,0.1,27,0
43.2,22,27.1,92,0
36.9,22,6.5,40,0
34.5,99,28.1,89,1
27.4,52,2.0,3,0
34.1,60,21.9,20,0
37.5,33,24.5,38,0
39.8,53,28.7,80,0
20.0,78,14.2,87,1
20.9,71,21.2,93,1
37.8,58,4.9,47,0
40.0,92,11.3,8,0
40.5,66,13.2,91,1
38.7,73,25.3,33,0
41.9,67,4.9,87,1
32.6,27,14.0,44,0
31.6,37,6.3,62,0
22.1,44,7.3,78,1
25.5,43,25.9,99,0
22.7,54,17.2,32,0
37.8,58,21.1,7,0
33.7,90,5.8,54,1
28.4,65,5.7,14,0
22.4,52,18.3,8,0
28.2,71,21.4,29,0
27.6,82,21.4,28,1
21.8,63,28.8,31,0
26.9,91,17.4,28,1
29.2,37,13.4,97,1
27.0,34,14.2,93,1
19.9,39,21.5,64,0
42.3,70,22.5,47,0
40.8,15,1.8,52,0
25.9,71,13.5,49,0
41.5,74,15.5,51,0
33.5,59,24.4,91,0
25.3,28,8.0,46,0
20.7,78,20.9,72,1
20.8,84,12.3,89,1
29.1,95,9.0,65,1
32.9,26,7.9,0,0
24.4,34,15.2,59,0
43.6,32,18.4,21,0
24.1,80,29.7,58,1
25.7,53,22.9,22,0
19.2,31,4.6,73,1
21.6,51,29.7,9,0
41.1,96,14.8,85,1
29.6,15,21.9,1,0
34.4,29,18.0,94,0
33.9,17,1.1,84,0
37.2,60,2.2,19,0
29.4,26,29.4,13,0
19.6,57,24.2,54,0
34.7,28,2.3,72,0
32.8,38,22.1,100,0
32.7,28,29.6,70,0
23.9,84,29.6,86,1
44.5,76,26.2,83,1
24.5,88,0.7,81,1
31.0,42,4.2,93,0
37.6,23,24.1,93,0
25.2,60,1.6,48,0
30.2,48,3.9,67,0
43.9,66,29.5,13,0
25.0,87,6.1,76,1
32.1,96,20.1,64,1
30.7,52,13.4,92,1
18.2,75,18.0,21,1
24.4,87,28.7,71,1
43.8,60,1.7,56,0
34.2,39,27.2,18,0
26.9,24,5.1,59,0
25.6,33,21.3,15,0
44.2,34,15.9,51,0
25.0,22,16.9,86,1
35.5,78,5.5,24,1
31.6,60,11.4,20,0
25.4,79,7.5,18,1
19.8,95,5.4,15,1
42.0,85,5.2,93,1
24.9,62,14.6,95,1
26.9,18,3.9,15,0
35.5,96,22.7,3,0
25.9,37,26.4,91,1
31.0,48,11.4,91,1
25.3,74,14.4,82,1
25.7,90,29.3,74,1
26.9,30,19.1,58,0
32.5,26,8.7,32,0
30.0,97,28.0,34,0
19.6,76,13.3,5,1
20.3,31,17.8,52,0
32.7,59,20.2,37,0
20.1,46,13.4,75,1
36.5,72,15.8,1,0
33.4,58,3.4,62,0
40.7,97,28.9,95,1
28.5,63,27.9,6,0
20.1,21,23.4,11,0
36.8,28,4.4,54,0
28.7,98,17.4,75,1
41.0,81,18.2,80,1
25.6,18,18.8,77,1
22.6,96,7.2,41,1
44.5,40,26.3,88,0
39.3,32,17.6,68,0
44.6,70,23.4,48,0
39.6,25,21.0,93,0
34.9,18,3.8,77,0
37.2,54,6.8,1,0
34.3,53,9.5,21,0
32.0,90,16.1,61,1
30.1,42,11.8,48,0
35.6,55,2.2,96,0
20.8,82,0.1,77,1
18.0,28,23.6,86,1
29.2,25,9.0,88,1
33.2,50,14.1,96,0
30.0,43,29.1,18,0
40.9,33,4.1,58,0
41.6,16,25.3,27,0
35.6,75,8.3,15,1
30.2,76,10.9,37,1
40.8,74,9.9,3,0
25.1,49,26.5,64,0
43.2,93,20.5,53,1
39.7,55,6.0,32,0
19.1,67,22.0,36,0
18.5,22,8.1,31,0
20.0,44,3.4,51,0
43.7,84,26.6,45,0
36.4,87,28.1,36,0
25.3,63,24.0,100,1
43.2,91,18.1,8,1
18.3,26,20.3,30,0
30.4,44,16.2,89,1
38.0,57,15.7,94,0
31.3,90,24.1,85,1
24.8,93,27.5,98,1
41.2,85,16.8,86,1
37.2,80,26.2,88,1
44.5,60,22.5,27,0
28.7,27,15.8,90,1
33.9,50,4.3,21,0
33.2,77,4.9,74,1
43.3,97,16.7,14,0
39.0,93,19.5,33,1
31.5,35,29.7,72,0
25.9,28,7.3,49,0
31.6,79,5.1,18,0
42.4,15,0.8,3,0
29.4,62,13.5,63,1
33.6,69,26.7,38,0
21.8,35,10.5,94,1
34.0,49,28.9,20,0
33.0,36,26.4,47,0
35.3,48,19.8,71,0
41.5,28,6.8,34,0
41.6,84,21.8,57,1
25.8,22,19.1,98,1
24.1,48,16.9,95,1
39.6,74,17.4,71,1
26.2,60,15.6,7,1
40.3,50,7.5,69,0
20.1,36,29.9,80,1
27.7,72,6.1,9,0
31.2,65,14.4,9,0
37.1,74,9.2,77,1
32.7,72,28.7,95,1
40.0,27,16.8,33,0
40.5,77,16.7,16,1
24.6,36,8.7,35,0
40.8,16,0.3,70,0
32.5,70,0.1,81,1
44.4,54,0.2,37,0
32.2,98,0.2,3,0
37.8,41,29.9,30,0
24.5,27,22.2,77,1
26.3,53,26.5,82,0
28.9,56,4.6,80,0
31.0,25,12.0,43,0
27.5,71,12.4,89,1
30.7,49,29.3,58,0
31.2,52,14.4,5,0
36.1,44,24.0,56,0
38.9,92,8.5,61,1
23.7,41,25.0,78,0
18.5,24,25.3,94,0
19.0,77,19.9,100,1
44.2,42,8.0,1,0
23.0,70,2.2,72,1
33.6,48,27.3,48,0
42.8,36,0.3,41,0
40.0,44,28.3,77,0
37.7,31,6.2,70,1
41.3,23,22.7,57,0
29.7,77,24.1,14,0
44.9,54,9.8,44,0
40.9,72,26.8,49,0
22.9,25,20.9,64,0
23.8,41,1.4,64,0
40.7,68,15.1,6,0
43.4,74,11.3,6,0
36.8,99,4.7,51,1
38.0,68,8.1,65,0
30.0,45,16.1,18,0
27.3,31,16.1,98,1
29.3,73,24.4,17,0
34.4,74,4.1,33,0
36.2,84,28.3,52,0
21.7,76,28.9,31,1
31.3,30,5.9,17,0
36.8,69,23.9,9,0
40.8,47,19.8,42,0
38.6,36,1.9,19,0
36.4,67,1.9,78,1
43.7,72,3.3,0,0
31.3,91,2.2,74,1
24.4,41,8.2,34,0
35.3,62,4.7,73,1
33.1,18,13.5,67,0
40.6,67,21.8,79,1
20.4,98,27.4,28,0
19.2,83,24.1,4,1
34.0,71,15.5,85,1
34.9,98,17.5,38,1
31.5,30,4.0,1,0
40.3,32,22.5,85,0
34.8,27,25.7,52,0
24.9,79,19.7,38,1
39.9,43,7.4,58,0
33.5,92,23.3,40,0
19.9,37,18.7,99,1
31.5,45,29.0,50,0
18.2,66,26.3,79,1
38.3,46,22.1,16,0
41.0,39,5.5,41,0
31.9,74,6.8,2,0
44.1,79,13.7,33,1
30.4,80,15.1,50,1
32.1,53,17.2,83,1
35.3,27,17.0,19,0
30.7,38,15.1,18,0
44.4,41,12.5,45,0
20.7,35,24.5,70,1
33.3,36,14.4,31,0
22.9,30,3.0,80,1
33.2,58,23.6,51,0
44.9,28,18.6,70,0
18.1,20,0.5,55,0
39.8,73,15.8,45,0
32.6,51,3.3,27,0
31.5,83,2.0,60,1
27.2,43,24.7,62,0
30.9,23,4.8,59,0
41.3,15,4.7,61,0
25.6,76,6.0,0,1
28.7,57,18.4,98,1
39.6,27,25.9,72,0
41.8,76,28.3,67,1
28.8,83,29.8,15,1
35.7,55,28.8,38,0
24.7,40,22.9,28,0
34.7,90,1.9,46,0
35.5,68,16.2,61,1
19.0,88,5.6,51,1
30.9,15,6.3,48,0
24.9,55,17.9,76,1
29.2,41,27.1,4,0
41.3,68,20.8,10,0
41.9,25,30.0,79,0
34.9,91,0.5,31,0
18.8,57,26.3,65,0
33.5,83,21.8,45,1
27.8,58,18.3,16,0
35.4,95,3.1,5,0
26.9,99,2.1,12,1
41.7,95,23.0,4,0
19.6,86,7.6,34,1
19.3,50,15.0,87,1
21.4,82,17.5,78,1
24.9,75,5.6,96,1
34.0,62,15.4,1,0
40.0,82,13.6,54,1
20.4,35,20.8,74,0
27.2,60,20.7,37,0
31.2,100,16.0,60,1
42.1,79,11.0,4,0
41.4,79,0.9,24,0
28.2,100,7.1,81,1
37.8,72,19.3,68,1
27.6,40,1.8,31,0
36.1,68,9.6,82,1
25.5,76,4.2,61,1
33.7,71,28.6,16,0
29.5,21,20.2,93,0
27.3,67,15.0,46,0
25.7,76,5.0,42,1
18.5,48,18.4,67,0
20.9,24,25.9,58,0
27.3,99,25.8,6,1
26.3,95,1.1,63,1
23.0,67,6.5,57,1
25.3,73,17.1,58,1
32.9,46,4.7,39,0
29.2,19,20.2,62,0
35.9,46,6.5,88,0
24.8,80,11.0,61,1
43.3,25,29.5,31,0
36.2,26,5.2,53,0
44.9,79,22.9,76,1
26.6,62,5.1,55,1
34.2,69,5.5,80,1
30.9,25,20.4,87,0
27.0,76,26.6,8,1
20.2,24,19.5,7,0
25.6,53,25.6,2,0
33.4,64,0.6,17,0
20.8,38,21.8,46,0
33.0,83,21.8,29,0
19.4,15,15.4,49,0
22.3,17,20.9,36,0
18.6,69,28.7,1,0
20.8,88,6.5,49,1
18.8,70,27.2,72,1
35.8,23,10.9,82,0
32.9,98,15.2,9,1
26.5,68,1.1,3,0
18.3,95,16.9,87,1
35.4,82,2.4,26,0
36.7,67,6.3,59,1
41.8,22,19.4,60,0
35.6,33,24.9,81,0
25.9,91,4.1,0,1
28.7,41,15.3,66,0
37.2,58,23.3,14,0
39.5,50,16.3,1,0
40.0,75,5.4,19,0
28.3,95,19.6,97,1
23.7,94,29.3,97,1
27.7,34,2.5,14,0
35.3,64,27.4,20,0
23.0,62,24.6,2,0
30.7,59,28.4,55,0
43.6,61,28.3,90,0
19.6,19,16.4,7,0
35.6,85,16.6,96,1
26.6,23,13.3,49,0
34.6,77,15.3,75,1
42.7,44,9.3,18,0
44.0,40,23.1,65,0
35.4,40,14.3,24,0
43.6,44,28.8,17,0
29.3,18,22.1,23,0
18.1,79,18.1,0,1
30.0,26,13.3,76,1
40.4,85,25.6,6,0
20.3,90,10.8,31,1
35.8,24,11.0,81,0
22.5,38,13.1,93,1
36.0,57,5.2,12,0
25.6,81,13.2,93,1
38.9,90,6.0,12,0
40.5,83,10.2,10,0
30.2,39,26.3,7,0
27.0,29,10.6,34,0
44.7,90,28.8,91,1
29.8,16,28.0,51,0
29.4,100,26.8,54,1
21.3,92,29.2,98,1
22.7,24,0.9,99,0
34.9,58,16.6,12,0
22.4,59,15.4,56,1
30.7,63,28.2,23,0
25.6,78,8.8,20,1
32.7,50,13.4,59,0
33.5,32,15.9,78,1
26.9,40,4.7,59,0
19.1,90,19.7,45,1
45.0,21,10.3,52,0
21.2,89,12.4,62,1
37.2,33,24.1,54,0
36.0,58,21.0,73,0
33.0,23,9.9,94,0
42.5,91,9.4,64,1
37.7,35,13.5,12,0
41.8,75,0.8,6,0
18.1,42,30.0,73,0
20.8,78,10.0,24,1
36.8,66,2.5,69,0
39.8,51,4.3,26,0
42.1,25,12.2,66,0
22.8,92,0.5,85,1
33.8,63,11.0,78,1
23.7,16,12.8,81,1
18.1,71,19.7,9,1
43.5,69,5.9,60,0
32.3,96,5.5,40,0
31.2,94,9.0,91,1
43.9,33,13.6,69,0
43.7,49,16.1,98,1
20.9,93,19.4,57,1
43.6,20,20.1,56,0
25.1,23,6.2,16,0
27.5,70,4.8,31,0
30.8,58,25.9,70,0
35.6,60,17.8,34,0
22.5,21,14.9,87,1
25.5,66,3.7,76,1
27.0,54,12.1,9,0
39.7,62,28.9,35,0
39.9,73,5.3,9,0
29.3,58,7.0,24,0
36.5,75,22.3,98,1
44.0,72,9.7,76,1
25.4,27,29.2,37,0
29.9,87,2.5,17,1
32.2,94,26.1,47,1
35.5,87,18.8,4,1
18.4,61,21.3,35,0
20.8,51,22.2,30,0
30.9,63,21.0,48,0
34.3,62,1.9,78,1
41.5,64,4.3,49,0
28.8,61,19.3,81,1
28.1,26,0.8,50,0
34.8,24,11.4,34,0
42.4,51,4.2,60,0
22.4,36,23.8,68,0
21.7,72,19.3,71,1
36.7,33,19.1,22,0
42.7,80,15.5,68,1
39.9,100,3.9,12,0
43.1,25,28.5,93,0
22.1,99,0.3,80,1
44.0,20,6.9,39,0
29.3,51,19.6,73,1
28.7,25,10.3,89,1
41.1,63,18.4,49,0
40.4,15,29.7,81,0
25.1,97,12.2,51,1
39.7,74,13.9,36,0
32.4,28,2.8,48,0
30.1,73,9.5,89,1
33.8,81,10.3,84,1
26.4,18,23.3,49,0
19.6,75,28.2,5,0
37.9,89,12.9,23,0
37.9,15,3.1,72,0
38.0,89,3.6,3,0
21.0,48,26.6,3,0
19.6,46,16.4,47,0
36.4,100,24.0,25,0
22.0,67,10.0,6,0
35.8,77,24.4,87,1
40.3,39,27.8,100,0
31.7,55,11.0,6,0
41.1,83,8.8,46,0
29.7,43,12.0,89,1
21.8,78,26.8,27,1
18.3,82,8.5,16,1
18.4,100,19.8,17,1
23.5,48,15.1,69,0
33.0,45,13.4,58,0
30.8,27,9.2,31,0
26.5,53,20.2,6,0
43.1,99,18.2,45,1
40.2,85,17.3,38,0
32.6,17,17.4,87,1
40.2,99,16.5,50,1
36.8,92,20.5,63,1
22.6,82,8.5,62,1
37.2,78,15.2,93,1
43.0,62,2.4,21,0
44.7,20,9.9,79,0
26.7,34,14.3,83,1
28.5,68,8.6,22,1
22.5,30,16.5,2,0
25.6,73,3.2,43,0
41.5,20,28.6,78,0
41.2,71,17.0,96,1
33.0,33,19.1,12,0
40.2,42,14.2,81,0
37.3,42,24.6,15,0
19.3,33,15.8,60,0
40.9,32,23.8,29,0
42.3,18,12.6,76,0
37.2,20,9.8,37,0
21.6,63,4.6,9,0
26.4,78,3.6,84,1
30.4,48,7.3,95,1
39.3,76,12.8,19,0
34.1,41,23.6,53,0
33.7,48,15.1,89,0
37.0,19,19.3,87,0
36.3,95,18.3,41,0
31.2,95,15.7,11,1
27.8,97,18.7,65,1
18.2,27,27.3,63,0
28.3,44,1.7,12,0
30.6,33,25.9,36,0
42.0,48,18.1,4,0
18.8,73,27.7,33,0
21.2,75,22.9,45,1
20.1,99,20.5,97,1
25.8,21,28.8,82,0
23.8,18,12.4,37,0
36.9,82,27.3,75,1
40.8,76,16.2,92,1
42.7,78,3.3,67,0
31.1,21,8.4,53,0
23.8,40,11.4,9,0
25.1,16,25.7,85,0
32.6,94,29.1,89,1
21.2,33,10.0,8,0
29.6,43,16.6,78,1
41.1,72,17.7,13,0
18.6,63,7.2,9,1
18.1,100,24.7,65,1
39.1,82,10.9,87,1
35.2,71,3.3,60,0
42.4,16,10.3,17,0
31.3,36,6.1,2,0
39.9,59,8.9,16,0
38.7,78,0.5,10,0
35.5,99,20.1,29,0
31.6,75,18.2,43,1
29.8,15,19.4,2,0
39.3,95,28.8,28,0
39.1,57,18.7,15,0
25.3,80,0.3,29,0
20.6,60,4.7,44,0
44.7,71,3.2,31,0
41.0,83,23.5,14,0
20.8,36,10.9,26,0
44.6,33,4.2,10,0
36.1,33,17.0,35,0
28.7,77,5.0,71,1
22.4,58,26.7,94,1
18.5,85,27.4,7,1
18.1,57,17.1,38,0
18.4,69,14.9,24,1
31.8,32,23.4,22,0
34.5,67,26.8,2,0
32.9,89,22.2,64,1
27.6,38,28.4,85,0
23.7,38,24.8,41,0
33.5,78,21.5,2,0
28.7,58,4.6,72,1
42.4,33,11.1,38,0
37.5,30,26.4,55,0
40.5,27,16.4,52,0
29.7,43,25.7,100,0
35.1,35,21.5,92,0
21.5,76,12.8,84,1
34.5,21,21.8,6,0
34.5,61,11.4,99,1
32.2,15,17.6,69,0
33.6,41,29.5,57,0
19.7,23,16.8,64,0
40.9,92,4.2,79,1
29.2,24,6.8,37,0
23.9,95,1.9,16,1
28.7,36,13.8,36,0
44.8,35,3.6,94,0
44.6,97,17.3,10,1
42.6,90,19.0,11,0
38.2,23,18.5,63,0
29.3,50,18.9,16,0
31.8,73,10.3,67,0
20.8,36,19.2,58,0
43.1,100,6.1,63,1
42.1,16,23.8,54,0
36.9,18,10.3,67,0
25.7,75,6.1,46,1
32.1,54,21.8,71,0
39.1,72,16.9,63,0
37.6,39,28.0,27,0
23.7,87,27.2,46,0
36.2,74,12.1,15,0
27.3,100,29.0,23,1
19.5,40,10.1,64,0
32.6,74,24.4,72,1
19.1,48,4.1,29,0
44.0,75,24.5,1,0
28.4,100,16.0,92,1
23.3,88,8.3,48,1
43.0,90,3.0,30,0
21.1,79,16.7,80,1
36.2,87,22.4,87,1
30.4,85,9.9,99,1
32.4,66,19.0,56,1
26.6,97,20.1,23,1
19.9,98,19.8,16,1
34.2,56,16.8,43,0
40.6,20,0.0,91,0
20.8,99,19.7,0,1
35.4,80,28.4,56,1
18.8,82,16.5,62,1
38.2,51,25.8,53,0
31.3,56,26.9,85,0
38.4,16,16.6,73,1
27.8,33,16.7,46,0
39.7,85,17.8,62,1
41.3,82,20.5,35,0
22.4,82,25.3,90,1
39.0,62,15.6,91,1
26.3,53,13.1,5,0
41.9,63,1.7,83,1
36.1,40,27.0,33,0
33.4,43,8.2,40,0
42.0,60,18.3,38,0
31.0,81,28.5,93,1
18.8,60,16.1,51,1
38.7,89,29.3,42,0
42.8,98,18.0,61,1
40.1,79,19.8,65,1
39.6,39,27.3,85,0
19.6,95,24.7,87,1
35.7,93,27.6,80,1
43.2,74,28.5,11,0
39.9,73,8.5,85,1
25.4,79,28.7,86,1
44.3,93,5.8,71,1
30.0,23,20.1,66,0
37.3,76,12.3,82,1
38.3,69,12.8,98,1
43.5,93,17.9,49,0
40.8,33,21.1,7,0
24.4,90,26.5,37,1
39.9,34,12.8,76,0
24.6,15,12.8,79,1
29.0,61,3.6,6,0
38.8,67,20.6,13,0
31.7,55,14.1,23,0
26.5,61,16.4,66,1
22.1,21,25.0,67,0
29.8,76,12.7,33,1
22.9,78,21.7,28,1
28.4,85,18.1,55,1
20.2,85,21.2,63,1
35.8,23,6.8,55,0
34.7,60,25.6,83,1
27.1,44,3.4,36,0
32.7,32,9.8,40,0
34.6,67,23.9,19,0
33.4,30,21.3,28,0
25.6,64,13.2,1,0
30.7,22,6.5,35,0
27.3,28,4.9,47,0
44.1,26,26.9,1,0
22.5,22,8.0,41,0
20.2,72,17.0,7,0
27.9,72,9.8,57,1
41.0,47,18.1,51,0
39.9,98,5.0,61,1
27.6,46,13.5,96,1
32.9,23,24.4,6,0
19.1,35,15.1,82,1
32.5,28,26.4,66,0
33.3,84,10.7,23,1
35.1,92,26.0,42,0
22.4,42,11.2,9,0
28.7,71,7.3,46,0
28.7,81,3.8,1,0
40.6,65,4.2,16,0
29.2,69,15.8,51,1
37.5,65,17.1,53,0
26.0,28,22.3,23,0
18.4,42,7.8,86,1
31.7,20,20.7,94,0
40.6,83,8.6,2,1
30.7,47,8.0,20,0
44.4,48,24.3,63,0
24.2,67,7.1,7,1
21.6,92,1.7,1,0
32.8,42,28.6,79,0
21.8,22,9.7,7,0
26.4,71,0.6,38,0
40.4,23,0.7,87,0
19.7,68,3.1,9,0
34.6,37,16.4,82,1
26.2,93,18.0,38,1
44.9,78,16.9,59,1
34.1,96,17.7,11,0
30.5,34,15.0,69,0
35.9,36,20.3,4,0
24.5,94,22.6,87,1
21.1,90,8.1,50,1
27.4,98,7.2,69,1
32.3,35,20.6,45,0
40.0,90,8.5,56,1
20.1,34,26.0,58,0
22.3,95,24.9,98,1
36.6,63,26.9,37,0
38.3,98,23.2,19,0
23.4,52,9.7,16,0
32.4,98,6.4,45,1
31.7,65,6.9,77,1
26.9,17,21.8,54,0
26.6,92,10.7,56,1
28.3,52,0.9,58,0
32.8,77,27.2,93,1
28.7,89,2.1,94,1
37.6,42,4.2,99,0
30.4,53,28.2,99,0
25.5,65,14.4,84,1
23.0,26,21.6,77,1
42.1,62,8.2,36,0
32.3,70,9.3,5,0
38.6,82,25.3,60,1
32.4,84,17.7,77,1
28.0,18,19.6,28,0
32.5,44,27.6,66,0
28.5,93,22.4,98,1
27.8,84,5.2,88,1
42.7,50,14.1,6,0
30.0,91,6.6,85,1
36.7,61,0.9,85,0
31.6,45,25.8,68,0
24.7,40,8.3,79,1
37.9,45,11.5,97,0
26.7,81,27.7,50,1
33.8,65,26.5,83,1
21.7,90,14.2,54,1
44.7,84,13.0,0,0
35.8,73,11.0,19,0
38.2,15,19.7,14,0
25.7,48,13.7,80,1
18.9,30,13.2,26,0
41.5,80,17.3,67,1
32.4,76,18.0,29,1
42.8,66,6.5,81,1
41.4,89,28.5,94,1
30.2,82,28.9,53,1
39.2,47,3.6,67,0
28.4,76,9.9,59,1
31.2,24,14.6,11,0
25.6,67,6.4,14,0
35.3,27,3.5,69,0
21.9,38,5.3,28,0
18.2,58,15.0,52,0
24.9,36,0.2,65,0
23.6,59,13.7,79,1
22.7,56,1.6,91,0
24.0,49,21.7,64,0
42.5,33,16.0,24,0
29.8,83,16.4,81,1
32.8,29,18.5,49,0
35.8,55,1.6,30,0
42.6,64,24.8,48,0
29.0,49,27.0,3,0
22.0,18,8.6,92,1
30.6,85,8.2,88,1
38.2,18,21.8,37,0
43.4,63,24.9,38,0
25.6,17,11.7,14,0
19.3,40,5.8,31,0
19.6,74,17.4,88,1
38.6,93,28.3,81,1
26.3,37,23.1,35,0
44.6,66,28.5,17,0
28.7,62,29.1,70,1
25.6,56,14.4,21,0
18.6,91,15.6,79,1
22.2,20,10.3,66,0
44.4,62,4.9,14,0
40.3,82,16.6,17,1
43.3,79,17.6,66,1
39.8,30,15.5,64,0
24.8,64,25.7,9,0
27.7,78,22.7,76,1
22.6,43,8.2,20,0
38.6,93,11.4,46,0
34.1,46,22.4,84,0
26.2,99,1.7,39,0
23.3,89,24.9,58,1
40.0,96,14.9,76,1
23.0,68,27.7,18,0
23.5,27,25.1,31,0
21.6,42,13.8,93,1
19.0,32,22.5,78,1
30.2,88,28.0,75,1
20.0,32,6.3,84,1
22.9,91,11.5,13,1
35.9,76,14.6,66,1
39.8,52,2.6,37,0
24.3,37,7.2,2,0
18.1,57,1.7,15,0
37.4,98,20.0,4,0
42.4,27,25.8,70,0
32.6,70,25.1,100,1
20.5,77,3.5,85,1
28.2,62,14.9,85,1
32.2,99,27.2,30,0
38.3,61,12.1,77,1
43.1,16,16.6,96,0
23.2,78,4.6,69,1
38.2,100,18.9,5,0
37.2,44,9.6,6,0
19.1,92,13.9,40,1
18.3,69,28.5,81,1
24.0,38,4.9,99,1
32.7,62,0.1,54,0
32.4,37,28.4,58,0
34.4,20,15.9,74,1
24.3,77,21.7,67,1
32.7,62,21.0,2,0
31.5,72,29.2,76,1
24.1,18,28.6,100,1
43.0,31,24.7,100,0
37.8,18,24.1,57,0
36.8,52,17.3,61,0
33.8,86,23.2,2,0
23.1,84,22.0,22,1
26.0,96,27.3,69,1
43.2,57,21.0,13,0
42.9,29,9.3,0,0
38.2,67,11.6,65,1
40.9,86,24.7,71,1
21.4,61,3.1,70,1
19.3,36,26.9,5,0
30.0,96,0.5,24,1
35.4,82,8.6,12,1
28.0,89,9.7,71,1
42.1,88,25.5,50,1
25.8,70,21.5,77,1
37.1,79,10.9,1,0
20.0,83,17.1,47,1
40.1,44,2.0,22,0
37.0,72,28.7,13,0
32.0,41,4.4,84,0
34.0,20,25.9,92,1
41.8,19,6.6,76,0
28.4,18,24.2,23,0
33.4,35,14.2,20,0
42.6,47,21.4,59,0
19.2,80,19.5,30,1
42.8,81,15.6,2,1
37.5,87,29.0,52,1
26.9,61,29.7,24,0
38.6,41,19.2,70,0
24.7,89,15.4,54,1
42.9,52,28.0,97,0
30.3,75,16.2,74,1
39.2,69,1.4,73,1
32.9,39,6.5,90,1
20.7,95,9.8,48,1
33.8,40,29.7,22,0
40.2,23,13.9,59,0
34.7,92,28.3,11,0
30.6,72,28.2,59,0
41.0,90,2.9,94,1
45.0,91,6.9,3,0
38.9,44,4.4,53,0
42.8,70,6.4,96,1
29.6,60,9.2,80,1
19.5,50,17.4,69,0
18.5,41,28.2,53,0
35.1,53,10.7,87,1
23.5,35,25.1,79,1
42.3,29,12.9,41,0
29.2,32,7.6,88,1
26.3,91,29.2,48,1
42.0,64,9.5,80,1
22.8,52,26.4,89,0
42.4,48,19.7,32,0
38.0,30,29.6,12,0
18.5,95,13.2,1,1
44.5,51,4.3,36,0
22.9,86,17.0,18,1
42.7,96,1.8,88,1
34.4,49,12.3,22,0
43.9,53,0.1,56,0
22.0,51,0.5,81,0
35.2,49,23.3,58,0
27.3,76,5.4,36,1
30.2,55,25.4,48,0
29.1,27,10.7,92,1
25.2,35,21.3,95,1
30.5,62,6.3,57,1
26.6,63,28.5,75,1
41.0,70,21.0,90,1
42.6,72,0.8,3,0
31.8,57,7.6,30,0
33.7,72,23.3,4,0
36.4,98,8.5,61,1
24.3,78,16.0,87,1
35.2,59,5.1,65,0
27.1,54,6.4,69,0
27.9,55,9.6,79,1
29.6,39,2.6,15,0
42.4,58,4.8,95,0
21.0,39,10.0,6,0
41.0,90,8.6,39,1
33.3,52,8.6,51,0
28.0,97,1.1,82,1
23.6,44,17.2,88,1
41.8,58,14.9,40,0
33.9,43,21.5,66,0
43.6,57,29.0,67,0
20.2,80,22.0,94,1
27.8,25,24.8,83,1
43.0,49,20.0,21,0
34.1,19,17.1,69,0
27.3,49,21.8,68,0
31.7,67,7.2,45,0
44.2,66,10.5,9,0
18.6,91,17.6,64,1
38.8,28,23.4,47,0
27.3,68,6.5,40,0
27.8,45,2.3,43,0
27.6,94,3.7,33,1
26.8,33,23.4,55,0
40.9,85,24.2,2,0
26.4,43,10.2,90,1
34.6,68,4.5,46,0
22.9,31,5.6,33,0
37.5,24,0.7,14,0
19.4,94,28.7,99,1
31.7,66,2.3,19,0
44.2,17,18.7,78,1
28.9,100,11.6,62,1
27.0,36,20.2,45,0
38.9,57,11.0,100,0
25.6,32,6.8,13,0
42.0,21,29.6,5,0
29.7,76,4.2,19,1
37.4,25,16.0,69,0
22.9,53,12.4,53,0
31.0,42,26.6,76,0
20.0,63,20.1,63,1
34.7,77,23.3,94,1
33.0,54,28.7,92,0
28.8,34,1.0,39,0
36.8,88,0.9,32,0
26.4,33,24.1,23,0
22.6,96,23.6,93,1
24.5,75,27.6,69,1
33.4,46,8.9,7,0
41.8,50,29.4,68,0
30.0,35,2.4,12,0
27.1,16,24.3,45,0
33.7,82,1.2,28,0
25.2,27,14.5,3,0
42.6,53,6.5,36,0
25.5,79,15.9,16,1
23.7,73,4.4,44,0
30.6,91,12.8,57,1
42.3,48,1.1,38,0
33.1,87,25.1,79,1
27.8,75,12.3,52,1
28.6,100,13.8,59,1
21.9,82,2.0,96,1
42.3,63,22.2,81,1
38.8,18,11.3,3,0
19.3,55,9.1,20,0
32.7,18,5.1,30,0
40.7,34,14.4,81,1
44.7,95,18.4,67,1
43.4,68,24.0,34,0
30.7,24,23.8,27,0
24.1,94,19.5,65,1
25.5,38,20.1,36,0
41.7,82,23.4,29,0
41.6,48,28.6,95,0
27.7,41,24.7,25,0
22.4,84,15.2,7,1
40.6,28,3.3,25,0
22.1,93,2.1,34,1
27.6,84,9.1,9,1
43.4,57,27.2,37,0
25.0,28,29.4,34,0
25.0,51,16.1,30,0
36.3,17,13.3,12,0
35.0,18,16.3,16,0
39.7,30,17.4,1,0
25.1,76,11.1,65,1
18.7,57,11.3,2,0
33.7,83,6.5,96,1
27.2,95,28.9,27,1
41.4,18,9.3,29,0
39.7,31,9.7,5,0
22.9,71,19.6,35,0
43.3,98,27.3,34,0
42.4,34,13.3,5,0
42.8,52,15.3,59,0
34.7,44,18.4,19,0
28.0,68,8.4,50,1
29.8,62,20.6,11,0
31.4,41,8.4,91,1
38.1,28,29.1,15,0
43.7,52,7.6,67,0
37.4,73,22.5,20,0
40.7,53,6.5,40,0
44.4,25,21.6,37,0
26.1,70,9.3,34,0
41.0,95,10.3,81,1
31.2,98,28.4,79,1
36.5,64,14.3,52,0
44.6,49,26.6,86,0
34.8,70,2.1,58,0
42.0,97,1.2,81,1
39.1,51,20.7,75,0
26.6,85,12.6,0,1
35.2,80,25.0,56,1
23.0,44,28.2,80,1
31.3,74,20.6,49,0
34.4,44,20.1,32,0
40.8,61,23.8,42,0
42.8,78,13.9,46,1
30.7,47,0.1,85,0
32.3,91,17.4,22,0
29.6,27,2.7,89,0
33.8,51,21.4,31,0
38.2,24,17.1,71,1
37.9,51,19.6,68,0
35.6,70,3.9,65,0
27.1,53,5.1,32,0
31.7,99,12.3,83,1
26.6,66,28.6,100,1
31.4,90,22.5,11,0
34.2,52,3.7,25,0
18.6,88,17.6,24,1
26.0,89,28.3,85,1
25.2,25,6.3,25,0
25.8,94,9.9,35,1
26.3,65,19.3,59,1
38.8,55,10.4,79,1
20.1,28,10.5,29,0
19.1,16,14.3,4,0
31.1,17,14.8,28,0
18.3,36,25.9,30,0
40.3,32,9.8,56,0
23.5,50,26.9,75,1
30.3,57,4.8,81,0
43.3,93,4.1,78,1
33.3,65,22.4,62,0
23.4,56,26.3,88,1
31.0,92,26.0,74,1
26.0,98,21.0,27,1
37.2,65,2.6,100,0
44.8,81,21.9,45,0
20.8,36,24.4,49,0
43.3,41,21.4,48,0
36.4,16,13.5,13,0
32.7,91,26.5,97,1
33.9,72,28.3,33,0
34.9,63,28.5,55,0
36.2,18,16.2,84,0
32.0,35,5.5,61,0
41.8,30,10.2,27,0
42.6,63,11.9,87,1
21.7,70,3.1,48,0
24.3,22,20.0,39,0
31.9,19,1.9,99,0
34.1,89,15.3,20,0
41.9,84,15.0,69,1
22.1,82,20.1,54,1
19.9,86,21.6,0,1
38.0,66,7.0,55,0
24.6,27,8.3,82,1
44.1,84,7.1,82,1
29.2,97,27.7,23,0
19.1,31,15.6,25,0
20.3,63,3.0,65,1
32.0,19,28.2,83,0
26.5,71,5.6,39,0
25.1,42,0.2,53,0
29.3,76,24.8,91,1
41.1,72,28.1,19,0
43.6,43,23.5,32,0
29.1,43,12.6,26,0
23.1,91,22.6,35,1
40.5,96,7.8,89,1
19.9,78,8.8,21,1
30.6,48,15.3,49,0
20.2,33,14.3,73,1
18.2,34,28.0,76,0
40.3,29,23.5,96,0
37.0,19,20.5,28,0
28.1,18,23.1,80,1
38.2,85,8.1,7,1
21.7,78,15.1,34,1
25.2,66,27.9,38,0
37.1,97,19.0,90,1
22.5,36,5.3,92,1
37.5,18,15.1,78,0
36.3,92,20.2,32,0
28.2,34,5.9,59,0
40.2,81,23.0,41,0
34.6,21,23.2,11,0
26.9,86,21.0,83,1
18.6,85,28.3,37,1
43.7,87,29.7,5,0
34.7,46,27.1,87,0
39.6,97,14.9,17,1
27.8,87,16.7,92,1
19.2,19,28.9,22,0
32.6,61,27.8,15,0
34.4,18,22.0,75,0
34.0,45,27.5,4,0
31.6,43,24.8,80,0
21.0,19,17.8,99,1
18.9,51,9.3,69,0
23.1,35,28.8,87,0
23.0,92,11.8,17,1
41.9,15,20.7,71,0
21.2,48,22.7,58,0
30.6,96,4.2,6,0
30.4,99,29.8,23,0
36.2,66,20.7,30,0
39.4,58,27.9,94,0
33.5,50,24.9,47,0
39.9,54,24.1,60,0
25.6,71,25.4,42,0
32.8,25,13.5,9,0
32.4,20,13.5,34,0
43.1,33,21.7,17,0
37.9,39,0.2,89,0
18.7,55,16.2,87,1
38.6,41,7.8,23,0
25.5,64,28.5,30,0
21.7,17,17.4,66,0
39.1,21,5.4,13,0
20.8,40,12.0,61,0
39.5,39,29.6,82,0
29.6,42,24.1,1,0
38.0,28,12.3,61,0
31.2,68,24.1,93,1
22.6,78,18.0,83,1
33.4,80,7.0,3,1
42.9,26,0.3,99,0
23.3,49,27.8,77,0
26.6,58,11.0,53,0
44.7,67,8.5,89,1
41.2,81,15.2,94,1
31.1,57,10.7,96,0
21.5,72,28.8,32,0
30.3,74,13.9,43,0
25.0,40,18.0,38,0
35.3,56,22.0,99,0
31.3,55,1.6,38,0
22.1,26,12.4,9,0
19.5,51,15.3,98,1
22.7,94,24.7,29,1
23.2,100,22.5,4,0
36.1,50,3.4,64,0
29.4,42,21.8,11,0
20.5,73,27.3,30,0
37.5,89,8.4,12,1
23.1,47,23.4,17,0
30.6,78,13.9,5,1
22.0,30,23.3,52,0
29.7,48,10.7,40,0
36.9,100,19.8,12,1
20.7,79,6.9,84,1
38.7,77,16.8,11,0
41.8,65,18.9,32,0
22.7,57,1.9,48,0
24.6,20,16.8,48,0
42.4,74,2.5,79,1
24.6,27,27.7,0,0
44.2,20,28.4,37,0
27.4,64,16.3,85,1
33.7,63,29.6,8,0
24.4,33,11.7,76,1
26.8,38,5.7,66,0
32.2,53,2.3,49,0
37.2,75,7.6,66,1
41.7,100,28.7,88,1
40.0,86,5.8,64,1
34.6,61,16.4,21,0
33.4,81,28.5,34,0
40.5,28,15.4,33,0
42.5,42,4.4,44,0
19.2,83,12.0,52,1
28.4,91,3.7,69,1
29.0,60,9.1,69,1
30.4,50,22.9,95,0
28.2,20,9.2,16,0
44.3,96,24.6,57,1
32.1,62,26.9,52,0
44.8,34,1.7,53,0
22.2,24,2.3,69,0
20.9,76,22.2,1,1
44.1,91,4.8,19,0
44.2,65,6.2,16,0
18.8,53,10.5,62,0
38.6,69,0.4,16,0
21.8,75,8.6,25,1
40.3,79,8.9,65,1
32.6,77,8.6,39,1
43.5,42,19.4,51,0
23.4,34,17.7,51,0
39.3,29,5.6,51,0
32.6,79,6.9,94,1
22.0,19,17.2,17,0
43.8,52,14.9,17,0
28.6,64,6.7,69,1
21.8,44,1.1,9,0
26.4,50,4.4,38,0
22.9,78,19.5,19,1
38.7,49,4.0,0,0
35.7,25,16.9,15,0
19.5,97,29.2,95,1
22.9,58,15.3,30,0
41.2,59,20.1,82,0
35.9,61,23.8,52,0
28.1,54,26.1,76,0
28.6,68,14.9,72,1
36.1,38,15.8,85,0
21.5,32,17.7,77,1
40.3,96,16.3,53,1
21.8,85,1.1,44,0
39.8,58,29.8,44,0
25.9,93,7.3,73,1
26.3,77,2.1,18,1
44.3,24,5.6,95,0
24.0,30,22.5,78,0
19.0,95,5.4,26,1
31.3,62,7.7,92,1
37.8,65,21.8,70,1
41.3,31,8.8,43,0
30.2,35,8.3,19,0
33.2,28,10.1,64,0
20.7,43,19.2,1,0
41.0,75,20.7,52,1
31.3,46,11.6,73,0
30.9,27,15.0,94,1
36.6,69,15.7,82,1
42.6,64,8.7,34,0
23.2,73,29.4,23,0
44.3,84,11.9,11,1
36.6,33,3.0,87,0
30.2,74,28.0,56,0
28.9,16,15.1,97,1
44.5,46,21.7,96,0
42.1,30,1.7,51,0
26.4,80,1.9,0,1
19.0,47,25.1,3,0
28.7,71,24.8,31,0
37.7,75,5.2,5,0
39.4,51,23.9,70,0
29.7,50,2.3,64,0
33.7,81,5.0,61,1
40.0,86,12.2,48,1
20.6,23,6.2,12,0
35.6,85,28.2,13,0
25.0,47,18.0,16,0
41.3,47,7.7,81,1
32.6,92,17.4,66,1
39.0,97,23.8,72,1
37.7,32,22.1,26,0
24.5,50,6.6,8,0
33.4,47,8.3,27,0
34.4,25,6.5,98,0
30.7,68,28.5,36,0
23.4,76,21.9,27,0
20.4,90,21.5,34,1
24.4,73,15.2,98,1
44.2,65,11.5,98,1
19.4,31,21.8,4,0
22.9,44,18.8,85,1
37.0,56,7.1,49,0
34.3,82,12.9,32,0
41.0,97,17.3,39,0
38.5,29,4.4,82,0
19.3,47,24.1,30,0
20.6,53,26.7,56,0
44.4,44,26.4,41,0
39.2,45,4.9,36,0
38.2,94,19.2,28,0
31.9,50,7.5,46,0
29.7,51,1.1,65,0
41.1,42,10.8,33,0
29.7,94,27.9,21,1
27.7,91,8.5,71,1
35.4,51,22.6,4,0
41.2,29,25.6,22,0
38.7,62,15.3,34,0
29.7,31,1.7,78,0
18.9,35,18.8,11,0
30.3,34,21.3,13,0
21.2,21,9.2,58,0
31.1,88,21.0,47,1
23.8,97,2.2,58,1
40.3,34,9.8,51,0
23.2,59,13.7,15,0
44.6,63,27.0,15,0
43.7,87,19.3,63,1
23.8,44,19.1,77,1
21.3,94,18.9,87,1
37.5,95,8.4,42,0
32.1,51,28.9,91,1
41.5,81,13.2,19,1
20.8,45,1.6,36,0
34.0,61,28.6,44,0
43.6,21,0.9,76,0
24.4,80,26.8,35,0
23.9,59,20.1,61,0
28.9,54,19.7,34,0
21.4,85,29.6,43,0
37.6,47,5.4,27,0
18.3,41,15.7,97,1
38.5,95,2.5,38,0
38.4,37,4.8,26,0
42.5,53,3.5,12,0
38.4,37,17.4,49,0
36.0,55,1.4,8,0
32.7,32,8.2,57,0
34.1,18,26.8,5,0
32.0,50,19.1,96,0
35.3,51,11.6,97,0
38.1,56,20.9,51,0
36.7,49,12.5,2,0
36.9,99,9.9,81,1
34.3,51,4.9,3,0
28.1,55,16.7,38,0
43.5,55,11.3,1,0
36.1,20,23.2,83,0
37.4,87,20.8,7,0
38.1,84,14.9,73,1
23.2,20,25.8,99,0
31.0,99,9.5,60,1
43.7,34,28.6,50,0
31.1,94,8.6,26,1
25.3,86,30.0,80,1
41.0,51,6.4,59,0
21.3,54,4.3,5,0
30.9,16,5.7,99,0
44.1,72,9.7,35,0
20.6,49,18.9,19,0
19.5,59,24.8,28,0
20.2,27,29.4,98,0
29.9,26,23.5,8,0
42.5,86,20.6,26,0
18.0,43,28.1,45,0
36.7,82,16.8,45,0
33.9,73,11.2,87,1
22.5,50,9.5,18,0
18.7,68,16.2,15,0
33.0,66,7.4,42,0
42.5,62,24.0,91,1
42.7,26,3.4,46,0
28.0,22,9.7,13,0
31.3,70,19.9,58,0
37.0,91,19.0,98,1
24.7,82,5.9,67,1
39.5,42,26.3,18,0
18.2,56,4.5,2,0
18.1,71,6.8,52,1
31.4,27,21.8,33,0
25.1,49,1.7,94,0
32.0,56,11.1,97,1
21.6,49,10.8,29,0
18.2,19,5.0,25,0
18.3,51,1.1,39,0
22.3,94,10.1,78,1
37.7,41,13.3,89,1
27.5,96,20.8,65,1
32.1,54,29.4,79,0
28.7,15,18.8,12,0
28.4,96,12.3,33,1
41.0,78,8.5,4,0
44.5,99,18.8,63,1
25.5,69,25.5,55,1
18.5,19,1.3,53,0
39.2,73,7.4,56,0
43.4,47,25.6,10,0
43.4,32,15.6,22,0
31.4,32,13.5,81,1
30.0,51,0.0,31,0
29.4,32,27.4,61,0
36.4,85,21.2,97,1
39.4,48,26.4,50,0
19.7,62,24.5,69,1
28.0,48,8.6,24,0
30.4,43,15.2,0,0
24.7,26,12.0,84,1
39.6,42,9.8,47,0
43.9,53,17.9,3,0
43.1,66,17.9,19,0
33.0,51,15.9,56,0
35.3,15,28.4,16,0
19.3,21,28.4,54,0
34.9,82,20.2,72,1
29.5,42,18.2,93,1
26.5,37,1.2,30,0
42.6,55,8.9,80,0
26.1,25,7.6,84,1
24.5,87,20.3,53,1
26.5,34,9.2,83,1
43.6,75,12.1,19,1
31.8,77,20.2,58,1
32.9,48,29.6,68,0
34.4,30,19.5,11,0
30.0,73,24.0,56,0
39.5,37,27.4,62,0
24.9,29,18.8,72,1
35.9,61,20.8,40,0
32.3,49,9.4,46,0
21.9,99,20.5,34,0
43.2,35,23.0,77,0
25.1,87,19.7,7,1
21.0,90,16.3,71,1
43.4,51,22.8,57,0
29.1,44,10.3,18,0
42.6,47,28.3,98,0
32.8,62,12.0,98,1
38.5,53,10.3,41,0
33.0,33,16.0,34,0
32.2,21,20.1,78,0
27.7,29,4.0,14,0
37.4,79,8.2,57,1
41.1,44,12.9,83,0
44.9,44,5.7,99,0
38.4,94,12.4,67,1
23.9,16,11.0,24,0
24.5,45,2.5,41,0
38.3,91,15.2,88,1
29.0,39,16.6,0,0
27.0,45,23.2,62,0
27.6,39,26.1,53,0
44.4,26,2.8,51,0
22.9,86,24.4,4,1
36.4,90,2.5,50,1
25.6,19,22.6,87,1
44.1,37,25.6,24,0
25.5,45,20.3,22,0
38.8,56,1.0,67,0
44.6,62,13.1,29,0
34.1,19,29.7,89,0
34.4,55,25.2,81,0
24.1,42,2.6,63,0
22.2,78,19.5,0,1
30.5,66,14.4,95,1
30.3,88,21.3,22,0
24.4,19,9.3,50,0
41.3,24,4.8,99,0
35.7,23,16.3,74,0
20.8,75,16.2,43,1
33.7,31,23.0,40,0
32.3,22,6.2,42,0
34.9,80,29.8,91,1
25.2,100,6.5,6,1
44.7,43,3.8,43,0
27.1,28,10.6,24,0
37.9,95,8.9,83,1
18.4,75,24.6,90,1
19.1,19,5.2,39,0
42.3,43,27.4,11,0
43.5,87,10.1,9,0
41.2,49,3.3,38,0
40.5,73,18.5,90,1
21.5,49,25.1,28,0
29.7,27,14.4,25,0
42.6,30,29.7,4,0
35.4,33,10.0,1,0
23.8,27,18.8,75,1
29.4,36,10.8,45,0
32.7,85,2.7,86,1
22.7,93,0.3,11,1
43.2,92,7.1,79,1
30.7,25,11.5,83,0
31.3,35,2.1,92,0
20.2,18,20.7,9,0
44.2,95,19.9,74,1
39.5,94,21.7,52,1
26.1,48,16.2,96,1
23.6,92,3.2,61,1
27.0,78,23.9,3,1
18.2,48,13.3,98,1
37.3,77,20.2,74,1
32.8,69,26.5,22,0
34.1,28,13.4,85,1
23.1,27,21.1,92,0
33.2,65,25.4,60,0
43.3,28,29.3,93,0
24.3,73,2.0,68,0
26.5,41,0.8,3,0
21.5,62,19.9,21,0
42.6,72,4.9,49,0
39.4,18,20.5,23,0
20.4,74,21.0,10,0
39.6,86,1.0,23,0
25.6,85,23.0,86,1
30.5,56,18.8,22,0
22.1,90,11.3,35,1
41.2,47,10.5,52,0
29.0,61,15.6,34,0
28.7,47,28.7,60,0
36.0,37,26.3,31,0
39.8,75,19.1,49,1
19.2,88,24.1,36,1
42.3,89,0.4,67,1
20.8,38,17.4,64,0
33.6,21,3.5,23,0
28.6,45,1.8,39,0
32.0,85,17.7,37,1
33.4,94,13.7,100,1
35.9,26,2.6,35,0
26.7,23,28.6,52,0
33.7,70,12.5,40,0
42.4,82,19.4,74,1
44.5,74,12.2,9,0
21.9,72,11.3,93,1
34.1,40,16.1,90,1
20.5,34,8.1,94,1
36.9,16,4.3,5,0
23.2,17,29.0,38,0
40.1,27,2.1,89,0
23.9,33,15.0,45,0
30.4,76,26.8,64,1
26.4,98,29.0,52,1
38.4,100,5.1,45,0
29.2,32,11.5,48,0
20.2,51,20.9,33,0
23.3,98,0.1,32,1
26.1,39,19.6,30,0
40.4,66,12.8,69,0
38.3,61,12.0,88,1
29.4,80,0.3,6,1
44.3,97,21.4,8,0
20.9,81,26.9,12,1
34.9,51,14.9,30,0
23.5,65,27.9,51,1
25.6,96,22.0,75,1
21.9,92,6.6,12,1
39.2,83,29.1,97,1
27.9,39,25.6,28,0
38.4,41,4.4,98,0
24.8,35,11.6,10,0
20.1,60,10.8,39,1
30.4,79,6.3,66,1
25.4,33,24.4,63,0
41.2,43,20.3,25,0
23.9,87,2.9,17,1
37.2,23,17.3,21,0
25.2,61,27.4,90,1
25.9,78,21.3,1,1
28.3,62,18.2,74,1
41.0,91,13.5,65,1
32.2,26,17.6,16,0
34.0,17,19.6,22,0
34.0,61,5.8,45,0
37.4,35,18.2,11,0
29.5,86,0.7,53,1
34.8,28,28.9,19,0
28.7,25,27.6,35,0
20.1,73,8.3,80,1
24.2,63,11.7,21,0
20.1,58,4.7,95,1
42.0,70,5.6,91,1
19.8,25,7.5,59,1
26.2,82,8.5,91,1
24.6,53,1.0,43,0
28.3,41,15.8,35,0
19.4,57,9.6,69,0
19.4,96,3.7,20,0
34.2,59,7.6,85,0
19.0,81,30.0,47,1
23.0,50,6.1,68,0
24.0,98,16.3,24,1
38.3,61,0.6,37,0
34.3,60,9.0,89,1
30.2,25,25.8,7,0
29.2,29,16.6,92,1
43.9,30,5.9,73,0
36.1,98,22.9,17,0
44.2,88,22.7,55,1
26.6,94,5.9,68,1
44.4,75,2.5,29,0
24.2,71,12.7,31,0
28.8,62,27.2,37,0
31.1,27,18.8,6,0
30.1,70,24.6,85,1
31.9,33,20.0,85,1
29.4,19,25.6,52,0
27.4,71,19.7,80,1
28.7,96,26.4,77,1
41.9,53,2.7,36,0
44.3,91,9.8,6,1
31.5,32,13.8,41,0
43.8,59,2.7,30,0
41.1,73,14.7,9,0
28.0,97,3.0,24,1
18.2,78,17.6,16,1
22.7,47,13.0,51,0
21.9,73,21.7,46,0
19.6,48,26.4,78,1
37.5,18,21.8,90,0
32.8,15,22.5,46,0
38.6,42,27.3,14,0
39.1,43,27.7,78,0
26.7,98,22.0,99,1
27.0,56,17.7,27,0
34.5,26,21.2,26,0
19.4,62,24.9,45,0
27.5,66,22.9,72,1
34.0,58,7.9,27,0
34.9,70,20.8,44,0
35.9,25,21.5,92,0
27.7,46,24.1,51,0
39.0,43,2.3,12,0
26.8,81,3.3,23,0
26.4,72,23.1,54,1
37.7,87,16.8,20,0
27.5,48,12.4,90,1
25.9,22,28.0,18,0
20.9,19,26.8,52,0
31.2,53,20.7,51,0
42.6,57,4.7,46,0
26.9,55,1.4,46,0
24.0,56,11.6,3,0
24.1,79,18.1,83,1
36.2,67,6.0,82,1
29.1,50,15.5,47,0
31.2,59,17.1,53,0
26.8,54,27.6,52,0
37.2,21,24.4,91,0
40.1,77,4.8,69,1
34.2,53,12.8,4,0
37.9,66,18.6,57,0
43.7,65,17.5,21,0
43.9,48,10.2,64,0
40.3,54,0.5,14,0
35.9,62,11.1,51,0
32.2,53,24.1,73,0
25.6,36,11.4,39,0
26.0,58,23.7,82,0
22.2,47,2.2,98,1
37.8,19,23.6,45,0
36.9,51,25.5,74,0
41.3,16,15.7,70,0
37.5,31,11.3,82,0
39.8,96,9.0,93,1
26.2,79,24.1,13,1
28.1,97,22.6,0,1
26.3,33,24.5,59,0
33.9,33,13.1,88,1
39.2,80,25.9,45,0
18.5,74,6.4,35,0
44.5,82,9.3,13,1
18.2,48,26.9,54,0
25.9,56,27.0,52,0
43.7,45,28.3,2,0
36.0,80,4.7,50,1
26.5,25,25.7,87,0
36.8,90,28.4,85,1
41.8,69,16.8,62,0
42.3,72,21.5,52,0
42.8,60,18.9,82,1
27.2,60,20.2,82,1
21.2,29,20.9,47,0
40.3,47,23.4,13,0
22.0,36,2.0,63,0
24.2,61,9.4,46,0
24.1,54,25.4,1,0
41.3,28,14.2,48,0
22.0,99,18.5,84,1
27.8,97,20.0,45,1
41.7,89,22.8,49,0
32.8,24,27.5,28,0
24.1,64,5.8,81,1
22.3,24,15.7,3,0
29.2,69,12.5,30,0
32.0,82,28.9,42,0
23.7,57,13.2,9,0
44.9,95,2.5,53,1
22.5,56,26.3,23,0
20.6,23,23.3,82,1
38.5,58,28.2,0,0
36.4,63,9.4,16,0
19.9,21,22.1,24,0
42.0,69,23.1,50,0
42.0,86,28.3,36,0
25.3,64,2.0,25,0
37.3,46,2.3,94,0
32.0,90,26.5,12,0
25.3,15,14.8,43,0
29.7,85,25.6,14,1
29.6,86,0.7,23,1
22.3,25,5.2,87,1
32.9,38,13.3,42,0
42.9,75,19.8,69,1
40.7,74,5.6,96,1
32.1,100,28.1,59,1
40.4,56,16.3,64,0
36.8,99,1.0,16,0
21.3,75,14.6,79,1
25.4,78,22.4,41,1
41.9,35,23.4,58,0
18.5,23,24.4,78,0
19.7,26,22.2,20,0
18.5,25,13.3,55,0
35.3,61,17.1,27,0
29.1,100,11.6,18,1
23.4,65,20.5,45,0
35.0,65,2.8,35,0
19.1,84,11.5,61,1
30.7,62,21.2,65,0
40.6,51,21.8,7,0
30.3,62,1.5,41,0
35.0,54,16.3,50,0
27.0,45,12.9,55,0
32.4,70,19.8,72,1
34.6,76,1.3,78,1
21.9,66,8.0,56,1
39.5,97,26.1,93,1
24.4,24,21.2,37,0
41.9,80,2.0,88,1
40.3,29,3.9,22,0
37.9,33,10.3,73,1
22.6,80,24.0,71,1
40.0,58,24.3,55,0
26.5,37,0.3,38,0
36.1,30,16.1,39,0
35.8,76,24.8,81,1
38.1,15,4.4,33,0
18.4,29,18.0,1,0
25.9,20,10.0,28,0
31.7,40,18.4,50,0
26.8,60,23.7,51,1
25.2,93,11.5,37,1
18.5,66,14.2,60,1
28.1,67,23.0,59,1
28.1,52,19.4,18,0
27.6,45,25.7,52,0
37.6,61,8.2,54,0
43.9,28,9.6,19,0
41.5,17,13.8,86,0
28.7,47,26.3,53,0
28.3,68,24.4,45,0
44.9,54,8.8,89,1
43.4,20,0.3,35,0
30.7,67,18.8,92,1
37.2,100,28.0,95,1
43.8,95,7.7,7,0
28.9,45,15.9,13,0
41.4,94,2.9,81,1
21.5,95,28.1,51,1
37.8,18,18.8,85,0
24.8,46,30.0,78,1
27.0,83,24.1,72,1
35.5,29,17.8,19,0
18.7,83,9.9,56,1
38.0,80,26.8,1,0
39.7,50,17.6,42,0
37.5,87,6.0,45,0
41.5,21,3.9,3,0
36.7,76,13.7,27,1
30.6,76,1.0,38,0
18.8,85,21.4,73,1
19.2,51,27.9,16,0
26.5,90,0.6,56,1
35.3,15,16.6,79,0
39.5,76,2.0,97,1
20.4,28,10.6,77,1
22.8,19,24.4,1,0
40.2,19,9.4,28,0
27.3,84,8.2,2,1
42.2,100,2.4,57,1
40.4,90,7.6,95,1
37.8,33,11.8,80,1
34.6,16,27.8,53,0
34.1,22,9.2,53,0
43.8,37,0.3,47,0
36.1,59,1.7,81,0
26.4,69,14.4,66,1
22.9,32,16.3,69,0
26.6,40,14.1,72,1
24.7,52,5.6,99,1
22.4,48,3.0,92,1
26.1,100,26.4,64,1
32.8,94,29.3,5,1
42.7,19,7.5,51,0
35.5,63,13.7,3,0
33.4,19,28.0,37,0
29.9,22,16.5,86,1
45.0,44,18.1,63,0
26.9,17,16.6,77,1
20.4,43,6.2,93,1
25.4,99,7.4,84,1
24.7,24,29.3,54,0
42.8,63,2.4,86,1
18.2,85,25.5,58,1
24.2,53,20.1,85,0
27.4,60,6.9,48,1
32.9,78,27.7,42,0
38.2,55,17.7,14,0
28.1,31,17.7,18,0
23.2,85,10.1,18,1
45.0,66,25.2,30,0
22.6,43,16.7,81,1
39.2,89,25.8,13,0
23.2,86,18.2,47,1
26.1,97,20.0,71,1
44.6,78,6.6,48,0
26.1,53,0.4,77,1
43.1,21,26.1,3,0
38.8,92,18.5,22,1
33.1,59,26.7,5,0
37.8,45,4.2,6,0
36.8,67,4.4,85,1
36.3,46,22.0,81,0
41.3,86,16.2,11,0
31.7,57,13.6,57,0
30.5,73,14.4,54,1
28.1,15,10.2,49,0
35.7,41,19.8,20,0
37.3,29,18.3,30,0
40.5,60,23.5,84,1
29.2,86,17.5,69,1
30.8,58,3.2,0,0
29.8,59,20.5,61,0
24.5,38,8.1,74,1
33.3,59,1.9,81,0
34.9,93,8.4,12,1
33.9,94,6.7,51,1
35.7,45,3.6,27,0
42.2,47,8.5,14,0
35.3,60,20.6,7,0
34.5,70,11.4,64,1
36.7,30,2.4,42,0
30.6,93,22.5,37,1
40.1,73,19.3,52,1
18.9,78,1.0,86,1
40.6,16,26.8,7,0
26.9,93,4.0,35,1
25.7,28,26.6,72,1
18.4,89,10.3,90,1
38.1,40,16.5,97,1
38.6,78,29.2,2,0
30.5,52,0.3,77,0
26.3,90,16.1,64,1
37.8,46,21.0,81,0
33.7,68,17.2,34,0
26.0,58,29.6,95,0
35.6,69,25.5,33,0
20.2,86,26.4,93,1
44.7,61,10.3,60,0
24.6,63,3.5,45,0
36.9,25,21.8,81,0
25.5,79,29.6,72,1
22.7,22,4.2,27,0
25.4,65,2.3,42,0
39.1,75,29.5,43,0
35.8,43,11.2,86,1
39.3,34,7.4,67,0
29.1,90,22.7,44,1
28.9,79,0.5,83,1
22.3,69,6.7,53,1
25.9,21,11.3,96,1
38.0,54,2.1,66,0
44.5,26,26.6,8,0
31.1,18,15.6,55,0
31.5,66,29.5,76,1
34.7,54,2.5,20,0
37.1,66,6.5,92,1
27.7,68,22.1,19,0
34.5,74,4.6,79,1
31.3,50,12.0,49,0
24.9,68,4.8,95,1
19.6,74,3.3,24,0
41.7,24,20.0,53,0
30.6,80,2.3,45,0
25.7,22,5.6,80,1
32.0,62,12.5,62,0
25.8,59,12.6,12,0
30.9,26,9.0,21,0
18.2,65,27.7,38,0
22.6,62,21.5,62,1
41.7,44,1.4,85,0
45.0,29,0.2,9,0
42.8,33,9.6,79,0
39.6,81,21.3,31,0
33.0,56,23.0,99,0
24.9,85,23.4,18,1
41.1,79,9.9,80,1
43.0,68,10.5,8,0
44.4,25,11.2,13,0
24.4,77,4.4,88,1
21.1,74,18.6,12,1
39.2,60,0.1,98,1
26.3,22,2.1,9,0
21.4,18,21.4,48,0
32.8,51,21.7,42,0
32.9,83,16.0,72,1
20.6,34,23.4,48,0
38.5,78,26.7,74,1
36.2,50,20.3,85,0
26.2,73,5.1,42,1
35.0,50,24.2,6,0
39.7,59,11.4,75,0
25.9,43,16.1,41,0
42.1,71,21.0,27,0
18.3,23,12.8,28,0
41.2,43,27.7,59,0
21.8,40,16.3,95,1
37.1,37,2.3,68,0
40.1,43,15.6,87,0
18.8,68,7.0,8,0
39.9,48,20.8,39,0
26.7,20,6.7,18,0
41.3,89,26.8,84,1
36.9,95,24.5,66,0
23.6,36,28.0,27,0
25.3,68,11.8,67,1
20.4,28,8.7,95,1
41.4,15,23.5,80,0
22.4,89,1.4,86,1
43.6,85,21.6,79,1
39.4,37,5.9,71,1
26.4,21,7.4,5,0
30.2,64,20.4,43,0
20.1,65,7.5,10,0
26.3,40,5.4,59,0
25.3,39,4.6,77,1
35.0,49,2.1,55,0
20.9,73,11.0,22,0
36.6,64,4.4,4,0
20.2,33,18.2,88,1
37.9,93,26.8,38,0
19.4,50,21.0,88,1
19.6,26,1.6,88,0
32.8,49,5.4,53,0
35.5,82,9.7,97,1
21.2,67,12.1,69,1
23.5,84,16.4,10,1
25.5,34,7.0,21,0
36.3,98,13.9,23,0
28.2,59,26.0,92,1
28.8,81,4.2,48,1
24.8,80,18.2,57,1
19.2,67,17.3,94,1
34.5,37,26.9,71,0
44.4,46,2.7,76,0
31.6,93,5.1,20,0
38.5,37,10.2,42,0
29.8,38,13.6,10,0
40.4,15,27.8,28,0
19.8,44,11.3,26,0
26.6,82,29.1,53,1
22.4,69,21.4,45,0
38.3,65,21.3,91,1
35.2,76,27.2,40,0
37.2,90,10.9,47,0
22.2,73,23.1,36,0
41.3,60,0.2,9,0
33.4,75,22.7,49,0
23.1,71,20.8,3,0
39.6,63,3.2,57,0
36.5,96,8.1,6,0
28.7,67,20.2,70,1
21.2,27,16.5,96,1
32.9,23,14.0,11,0
20.3,71,7.1,53,1
27.0,59,19.5,95,1
27.7,25,23.5,35,0
43.4,74,0.4,70,1
44.6,34,24.6,33,0
36.2,96,26.9,19,0
21.3,25,27.1,67,0
42.6,18,2.8,96,0
33.1,23,18.7,12,0
28.0,73,7.8,83,1
43.7,45,2.6,54,0
35.9,16,18.9,21,0
32.6,57,14.2,55,0
39.6,38,2.9,5,0
32.4,21,10.9,96,1
34.5,41,27.2,12,0
22.2,49,6.1,86,1
25.5,96,17.6,10,1
43.0,68,25.2,40,0
21.1,47,21.6,100,1
23.3,81,25.8,54,1
25.2,38,11.7,31,0
27.2,78,8.6,87,1
19.5,37,3.8,57,0
41.9,34,11.1,4,0
37.6,59,5.2,40,0
34.0,79,8.1,81,1
34.6,100,4.7,83,1
19.8,59,1.4,89,0
18.4,53,10.3,34,0
36.2,93,14.2,32,0
25.6,79,7.9,69,1
20.6,76,11.3,76,1
23.2,61,12.3,68,1
33.3,25,26.0,11,0
36.1,73,16.2,77,1
28.8,48,11.0,1,0
19.9,33,28.1,33,0
38.7,74,9.6,36,0
22.8,36,9.3,20,0
40.6,81,10.3,94,1
35.5,75,22.9,14,1
38.3,96,8.3,81,1
18.3,27,8.6,48,0
32.6,49,22.3,13,0
37.5,55,21.1,60,0
20.4,62,17.3,12,0
18.9,96,20.0,95,1
34.8,91,2.0,93,1
40.9,81,28.7,12,0
25.1,94,14.3,2,1
43.6,98,20.8,11,0
37.3,75,11.7,87,1
24.5,67,2.2,68,1
35.5,87,9.6,15,1
29.7,67,17.2,29,0
35.5,75,12.6,73,1
24.9,70,6.3,75,1
44.8,42,17.0,3,0
43.8,16,26.3,29,0
25.2,19,10.4,62,0
35.4,48,11.4,82,0
37.2,38,19.6,68,0
43.4,89,14.1,45,0
23.8,21,11.8,19,0
33.3,96,15.5,48,1
35.6,16,26.2,29,0
36.9,44,2.8,72,0
36.9,74,14.6,26,0
27.1,27,15.1,72,1
44.5,95,7.4,65,1
24.0,47,9.9,45,0
44.3,66,21.9,84,0
33.2,59,0.5,28,0
33.7,61,20.9,64,1
33.6,26,28.6,4,0
25.1,78,19.6,78,1
42.1,95,22.1,38,0
42.3,97,25.9,15,0
31.2,83,0.7,92,1
38.1,88,19.8,100,1
43.3,16,16.3,33,0
30.6,89,13.4,58,1
43.8,79,23.5,25,0
29.7,60,2.5,33,0
26.5,31,12.5,11,0
38.6,73,7.9,41,0
28.4,16,28.8,47,0
41.6,76,13.4,85,1
33.6,17,9.4,87,1
44.1,38,28.4,87,0
20.5,30,29.3,79,1
31.8,60,24.8,31,0
35.5,81,11.8,28,1
37.4,63,10.5,68,1
24.0,50,28.4,20,0
28.8,81,15.0,28,1
32.6,59,28.3,92,0
43.6,61,26.4,24,0
32.9,34,16.2,62,0
38.4,57,8.3,51,0
22.2,60,5.8,90,1
28.2,50,3.4,80,0
41.5,78,7.9,81,1
26.5,25,18.6,67,0
33.1,72,16.2,9,0
27.2,29,28.2,50,0
32.3,69,28.7,99,1
35.9,18,29.3,32,0
40.6,100,12.3,20,1
36.9,62,9.8,23,0
26.3,97,8.3,53,1
25.0,51,24.7,63,0
22.6,76,0.3,23,1
38.3,95,3.2,28,0
38.5,51,3.0,61,0
33.0,92,16.3,26,0
36.5,55,16.3,14,0
22.0,82,6.3,79,1
31.1,50,17.7,5,0
20.3,99,6.0,65,1
25.4,34,18.1,72,1
23.8,76,10.3,31,1
38.5,47,4.7,55,0
39.2,91,6.8,84,1
27.0,51,5.2,72,1
24.3,29,10.0,13,0
32.1,100,0.6,5,1
38.6,68,26.3,76,1
26.3,44,14.0,70,1
32.7,85,28.7,67,1
42.4,58,26.4,37,0
23.4,23,4.2,98,1
33.6,78,29.5,55,1
37.7,67,24.9,75,0
43.5,18,20.2,70,0
20.9,31,5.5,49,0
37.7,82,13.7,1,0
33.4,36,4.0,67,0
31.6,65,1.9,74,1
34.7,37,11.4,90,0
23.2,86,6.5,1,1
22.3,99,26.4,69,1
28.5,84,20.8,19,0
18.0,66,20.0,71,1
25.6,79,11.9,66,1
23.9,61,3.6,62,1
27.5,30,11.6,18,0
37.5,94,23.1,85,1
21.1,85,13.3,44,1
40.5,99,11.3,65,1
36.5,31,14.5,41,0
43.9,24,10.1,66,0
30.3,96,6.6,95,1
35.7,16,24.6,24,0
33.6,15,10.7,53,0
23.7,27,26.1,57,0
42.5,42,23.4,97,0
37.3,23,2.9,32,0
37.4,52,9.6,31,0
33.3,65,26.0,54,0
28.9,45,7.8,63,0
23.6,97,20.9,14,1
20.9,57,10.2,50,0
37.8,95,18.9,44,0
39.2,80,26.8,43,0
20.8,92,28.2,94,1
33.2,98,0.3,3,0
20.1,86,8.6,93,1
32.2,31,8.0,78,0
32.5,88,15.4,24,0
23.3,58,5.5,22,0
35.8,99,9.2,2,0
20.5,72,26.2,61,0
22.9,37,23.9,23,0
40.2,85,13.7,86,1
25.6,88,16.4,12,1
32.4,82,23.0,6,0
27.8,36,5.8,16,0
39.2,90,5.4,92,1
43.6,58,4.5,76,0
32.3,60,21.7,80,1
25.3,74,9.7,76,1
35.0,77,5.1,39,1
35.1,63,16.8,91,1
43.4,83,26.2,47,0
41.0,75,16.5,86,1
22.5,59,21.2,34,0
33.4,92,8.3,89,1
21.2,93,13.8,39,1
38.9,45,5.3,52,0
41.1,36,20.4,51,0
19.7,21,21.0,67,0
18.7,82,13.7,16,1
41.1,35,16.0,87,0
35.3,68,17.6,99,1
24.7,75,29.0,92,1
26.6,33,29.9,4,0
23.6,78,18.3,75,1
32.4,46,10.2,46,0
42.9,90,27.7,14,0
23.7,59,16.1,76,1
28.4,68,6.5,49,0
27.2,20,10.4,99,1
38.1,44,28.3,53,0
19.0,82,6.9,19,1
26.0,40,18.2,81,1
21.9,60,18.2,16,0
43.9,54,3.6,72,0
30.7,35,0.7,20,0
33.2,30,15.4,74,0
39.7,29,13.5,48,0
20.6,69,28.9,23,0
44.8,94,13.9,39,0
42.8,20,5.1,24,0
29.6,99,28.3,48,1
28.6,74,15.7,27,0
32.6,89,3.1,99,1
18.2,48,7.8,53,1
23.1,44,28.9,40,0
37.9,66,1.2,79,1
23.7,84,3.7,14,1
43.3,44,29.3,88,0
25.3,45,3.9,53,0
20.4,89,24.1,67,1
27.8,21,2.7,69,0
44.7,31,23.9,91,0
37.4,93,17.2,71,1
38.4,72,20.8,35,0
18.4,40,1.4,63,0
39.7,22,14.1,27,0
32.8,58,27.1,25,0
21.4,84,29.2,28,1
33.3,92,19.8,16,1
25.1,77,22.6,38,1
28.6,87,13.2,20,1
33.9,76,9.2,21,1
18.8,100,14.0,99,1
32.1,39,24.3,16,0
24.9,54,7.8,21,0
21.1,29,27.2,35,0
36.2,65,8.8,63,1
44.9,42,30.0,47,0
39.0,43,2.6,45,0
34.9,87,5.1,70,1
32.5,27,23.6,9,0
22.3,23,11.4,32,0
37.4,70,24.8,83,1
27.5,80,11.3,36,1
28.3,81,26.0,50,1
41.8,100,1.0,48,0
44.6,20,3.5,64,0
41.4,91,19.2,92,1
37.4,75,2.1,47,1
34.1,43,0.4,37,0
27.5,65,18.4,52,1
42.0,21,6.0,66,0
36.2,45,22.6,57,0
32.7,34,9.1,56,0
25.4,94,17.2,85,1
39.8,96,8.9,41,1
18.3,26,3.8,61,0
33.7,35,22.0,31,0
41.1,29,30.0,53,0
22.9,72,16.6,16,0
21.9,47,10.7,83,1
26.5,89,18.6,14,1
40.5,17,11.2,65,0
25.6,63,16.0,83,1
35.5,82,20.5,24,0
42.6,71,18.2,8,0
40.4,93,26.3,54,1
42.1,27,9.9,24,0
28.8,67,5.5,32,1
19.2,52,23.5,33,0
41.4,75,2.7,44,0
36.5,35,6.4,84,0
30.7,96,12.3,62,1
42.8,31,1.9,35,0
19.7,51,14.2,37,0
22.4,98,16.1,49,1
19.6,87,9.8,88,1
33.4,96,14.7,25,0
42.5,30,6.5,10,0
28.8,98,28.5,92,1
18.0,77,15.0,70,1
21.3,17,0.2,66,0
29.0,55,11.3,48,0
29.9,20,28.7,89,1
28.5,80,14.6,44,1
21.0,74,9.0,24,1
21.7,100,24.0,34,1
39.6,41,23.9,88,0
25.7,88,18.6,33,1
27.2,35,4.8,19,0
20.1,48,26.2,3,0
45.0,87,0.7,48,0
37.6,97,9.9,52,1
29.7,34,21.0,66,0
25.7,41,25.9,45,0
23.6,50,24.8,93,0
25.0,42,29.2,25,0
40.3,99,17.8,82,1
31.2,87,21.4,31,0
33.8,57,6.8,16,0
18.3,24,20.2,28,0
38.8,41,5.5,83,1
34.3,31,27.7,37,0
43.1,48,5.4,44,0
35.4,43,15.5,51,0
44.4,97,5.9,47,0
31.3,94,2.9,84,1
44.1,64,12.7,86,1
39.3,18,28.7,30,0
38.3,55,9.3,79,0
18.2,50,7.0,75,1
33.9,92,20.0,38,1
36.1,40,29.9,28,0
40.9,64,29.7,40,0
37.5,53,20.2,64,0
41.2,67,5.5,91,1
44.4,98,16.7,48,1
41.8,28,20.6,1,0
34.6,67,2.0,83,1
39.0,40,7.0,67,0
37.4,35,27.7,41,0
21.5,27,23.2,77,1
33.9,59,1.5,10,0
35.4,28,15.6,28,0
36.4,47,22.6,2,0
41.2,65,14.4,28,0
35.5,85,6.7,52,1
32.1,25,25.3,56,0
19.3,88,2.8,45,1
35.2,55,22.6,11,0
40.0,55,7.0,66,0
44.4,26,0.1,22,0
22.9,36,25.9,6,0
19.2,24,25.9,35,0
29.4,50,12.6,97,1
42.0,56,30.0,76,0
21.2,55,20.5,57,0
33.2,23,7.2,66,0
42.2,90,3.0,8,0
43.8,59,1.2,2,0
43.1,27,29.1,39,0
31.1,52,1.8,34,0
18.5,74,0.9,45,0
28.5,29,14.7,15,0
35.8,25,4.0,66,0
35.4,49,7.0,54,0
26.8,46,2.6,6,0
20.9,70,11.8,89,1
44.6,26,18.8,31,0
44.6,78,0.6,62,0
42.9,70,14.7,13,0
35.8,72,12.6,65,1
43.6,89,19.7,36,1
21.0,33,27.8,0,0
22.0,24,8.6,77,1
41.5,64,20.3,59,0
25.2,28,24.3,76,0
22.5,55,28.4,73,1
28.6,84,9.1,16,1
36.0,25,20.6,43,0
19.7,22,21.4,42,0
34.9,93,18.1,77,1
25.7,21,23.6,58,0
32.1,92,0.5,1,0
41.4,19,5.9,17,0
23.3,56,23.0,5,0
22.8,86,5.4,91,1
36.4,40,25.5,12,0
37.8,36,21.7,58,0
25.1,90,0.3,43,1
38.2,30,24.5,76,0
33.0,55,26.7,11,0
29.0,17,14.7,78,1
20.9,60,18.8,39,0
28.2,44,0.3,91,1
38.1,72,8.4,86,1
31.7,71,24.1,21,0
30.1,89,20.7,65,1
31.0,39,22.2,37,0
19.0,50,27.1,37,0
31.2,42,2.4,50,0
22.7,37,15.9,31,0
24.2,31,9.6,60,0
21.1,33,14.9,14,0
40.9,56,8.8,70,0
42.0,65,21.7,7,0
31.2,89,22.5,9,0
24.6,83,10.3,43,1
39.9,80,27.8,1,0
43.7,15,19.7,39,0
44.6,88,22.5,48,0
42.5,71,15.2,26,0
37.9,57,29.5,71,0
26.2,56,11.5,20,0
36.1,100,15.4,94,1
43.7,27,3.2,65,0
44.4,63,1.3,60,0
23.5,35,14.9,41,0
19.9,53,5.8,35,0
36.2,57,24.3,78,0
27.8,63,2.3,8,0
24.9,76,17.0,30,1
43.6,72,28.6,32,0
19.0,57,27.0,29,0
29.6,18,4.4,87,1
19.2,40,19.1,65,0
36.9,97,13.6,24,0
30.6,50,19.6,11,0
30.3,100,17.8,39,1
43.8,66,2.3,88,1
23.0,69,25.1,51,0
41.3,26,17.2,99,1
21.6,77,25.6,77,1
38.3,69,7.2,65,0
18.2,87,7.8,99,1
20.3,93,2.4,75,1
32.1,70,17.0,63,0
20.7,94,9.9,91,1
33.7,88,14.9,17,1
21.0,73,21.2,27,0
29.2,27,26.2,12,0
27.5,97,22.2,95,1
36.8,47,13.5,71,0
34.6,38,7.7,64,0
36.9,84,17.6,1,1
20.8,68,6.2,6,0
22.3,62,19.9,35,0
38.4,56,17.2,43,0
43.3,55,8.4,96,0
24.6,26,11.5,40,0
38.6,57,15.5,37,0
37.9,21,24.9,25,0
34.2,92,4.0,88,1
42.7,86,22.5,24,0
28.5,35,21.6,97,0
24.8,83,6.5,65,1
44.1,37,28.3,85,0
37.7,31,7.1,30,0
29.0,43,2.2,6,0
42.5,71,2.6,63,0
42.0,65,23.3,4,0
44.4,24,6.5,82,1
25.5,49,17.2,78,1
42.4,19,22.2,40,0
41.3,29,21.9,83,0
25.5,63,12.1,49,0
44.8,49,24.1,54,0
43.8,93,25.3,38,0
21.3,34,5.6,53,0
27.5,43,16.9,4,0
41.3,62,13.6,43,0
27.9,26,3.0,6,0
19.1,18,4.7,6,0
34.7,72,11.2,86,1
23.4,91,25.4,11,1
29.3,29,17.9,24,0
32.5,34,29.8,65,0
37.5,67,12.7,75,1
32.6,54,0.7,34,0
39.4,93,6.4,43,1
40.7,32,27.0,82,0
30.2,47,4.5,60,0
29.3,45,29.0,46,0
25.4,81,21.6,57,1
21.2,27,17.3,43,0
43.7,91,22.3,68,1
23.1,68,5.2,84,1
35.6,71,3.6,14,0
35.3,75,25.1,100,1
44.6,57,1.1,51,0
34.1,63,21.9,54,0
26.5,63,1.1,91,1
34.0,34,29.9,6,0
34.6,48,18.8,59,0
44.7,31,1.5,75,0
24.0,64,9.1,2,0
31.9,75,21.7,66,1
29.8,41,8.5,21,0
19.7,55,22.4,56,0
31.0,35,11.3,49,0
39.1,41,4.7,71,0
41.0,77,22.6,36,0
29.2,32,15.8,51,0
28.3,61,14.2,83,1
42.7,75,2.1,17,0
43.5,63,25.1,59,0
28.0,43,20.2,12,0
31.0,24,14.2,81,1
23.3,88,9.2,62,1
23.2,55,22.2,30,0
22.9,99,17.5,27,1
42.2,80,17.5,59,1
40.5,43,17.8,32,0
30.8,96,20.8,21,0
25.9,94,27.3,33,1
24.0,80,9.7,88,1
18.4,69,16.6,65,1
41.7,31,22.1,84,0
34.8,85,14.2,58,1
42.5,31,21.9,96,0
36.1,52,18.8,19,0
33.3,50,3.8,92,0
31.2,22,7.8,69,0
33.0,38,8.8,37,0
36.4,99,19.1,23,0
34.8,60,17.5,27,0
23.7,68,1.9,9,0
39.1,27,3.3,33,0
39.6,78,8.5,65,1
39.6,56,21.2,9,0
24.1,68,12.9,61,1
40.3,68,16.0,10,0
34.9,91,1.6,81,1
19.7,25,13.9,94,1
40.1,98,9.3,67,1
37.1,51,19.2,97,1
27.2,27,8.4,72,1
35.6,59,6.2,48,0
29.8,86,1.6,17,1
27.3,37,11.1,2,0
27.9,19,24.5,27,0
43.9,95,17.6,30,0
24.5,70,21.8,96,1
27.3,70,12.1,87,1
20.4,36,25.2,18,0
28.7,41,28.3,26,0
20.3,90,14.5,92,1
40.3,90,16.7,85,1
31.2,75,0.7,41,1
22.5,95,18.3,47,1
28.7,58,22.1,64,0
41.5,27,24.5,35,0
42.0,88,0.2,49,0
19.3,38,24.5,9,0
28.3,67,9.3,83,1
39.1,40,20.0,30,0
34.1,97,29.5,64,1
44.9,46,8.2,47,0
26.2,36,8.6,34,0
35.8,97,29.4,45,0
33.1,95,29.1,49,0
26.0,67,9.8,14,1
33.6,84,2.0,26,0
35.8,52,2.9,93,0
25.0,68,19.6,71,1
26.3,29,17.1,54,0
19.3,89,12.9,31,1
22.1,56,7.9,98,1
44.3,34,19.1,20,0
40.8,33,12.7,73,0
24.7,31,19.0,15,0
24.7,95,22.6,53,1
41.2,85,3.5,58,1
25.3,49,29.8,9,0
34.7,87,26.8,50,1
32.3,98,22.3,75,1
36.9,52,18.1,78,0
25.6,21,18.0,37,0
38.2,40,26.0,68,0
24.4,63,3.1,71,1
43.8,72,16.3,67,0
26.6,40,20.2,30,0
43.1,100,8.5,62,1
29.0,52,27.2,59,0
31.6,17,26.8,50,0
37.1,79,12.9,53,1
22.0,47,16.8,98,1
31.3,48,26.2,61,0
21.3,65,14.4,93,1
44.1,95,16.0,33,0
23.0,24,7.0,88,1
44.9,65,0.1,5,0
25.1,67,26.5,6,0
38.6,46,6.3,14,0
44.8,73,11.8,73,1
30.6,45,6.8,34,0
36.2,47,18.8,14,0
34.0,61,12.4,67,0
27.3,86,18.3,4,1
23.8,52,27.0,66,0
29.5,75,0.2,53,1
20.6,21,14.6,26,0
39.9,16,12.7,91,0
27.6,30,6.6,16,0
28.5,28,28.5,55,0
26.5,60,16.5,65,1
20.7,61,25.2,7,0
23.8,60,18.6,25,0
22.5,50,2.2,2,0
41.3,36,17.1,58,0
21.1,47,11.7,26,0
31.9,63,3.8,15,0
25.2,75,25.6,44,1
33.9,56,28.0,1,0
24.5,43,8.0,90,1
35.8,96,21.6,62,1
42.3,42,21.2,75,0
23.5,38,26.8,67,0
25.0,53,9.6,72,1
33.8,75,3.9,57,1
31.2,94,13.1,52,1
42.1,73,21.4,78,1
34.0,45,0.5,6,0
37.4,21,18.0,42,0
31.5,22,10.3,67,0
23.8,16,17.0,90,1
28.9,59,21.2,46,0
44.7,34,29.6,76,0
44.0,94,25.7,66,0
23.3,66,28.4,2,0
19.2,66,15.2,50,1
29.9,59,26.3,40,0
26.6,89,13.3,32,1
35.4,80,26.8,57,0
29.4,16,13.0,20,0
42.2,66,1.4,74,1
42.7,49,27.1,0,0
28.2,93,25.6,21,1
40.2,82,5.0,53,1
19.8,52,24.5,50,0
19.2,67,9.9,11,0
29.8,92,9.3,56,1
41.9,40,7.3,31,0
21.9,50,14.1,39,0
20.7,94,13.4,65,1
30.8,56,10.6,9,0
39.0,91,18.6,100,1
19.8,86,22.3,25,0
36.3,98,0.2,7,0
26.6,86,25.6,86,1
18.4,37,22.1,44,0
27.3,58,5.6,68,0
43.8,85,15.8,99,1
36.8,22,5.7,68,0
36.9,58,22.1,85,0
30.1,36,0.7,99,0
31.7,45,24.6,80,0
36.8,61,14.2,32,0
40.2,67,21.9,46,0
41.7,91,1.7,68,0
24.1,98,17.7,87,1
34.9,42,4.2,44,0
27.4,86,8.3,100,1
41.0,16,23.5,5,0
37.5,76,16.3,4,1
38.6,62,24.2,32,0
18.8,55,16.9,22,0
41.7,36,15.2,80,1
26.4,93,23.4,62,1
38.6,18,3.9,27,0
32.0,23,5.5,60,0
30.0,27,27.8,63,0
32.7,57,9.6,79,0
31.4,65,24.5,99,1
29.0,66,5.0,63,1
21.7,34,16.1,21,0
33.1,82,0.5,15,1
23.4,69,27.5,2,0
29.3,51,25.3,42,0
28.9,75,20.0,52,1
44.0,33,12.8,35,0
38.9,52,1.0,32,0
36.9,78,29.1,18,0
39.6,34,25.1,99,0
19.2,64,21.6,75,1
33.3,92,22.7,36,1
40.1,85,25.3,17,0
31.5,67,24.8,30,0
44.7,17,18.5,82,0
19.9,22,21.6,72,0
37.9,60,20.3,5,0
34.4,63,21.7,91,1
30.7,82,29.9,1,1
36.6,71,4.2,33,0
42.8,92,0.7,52,1
44.3,40,28.1,85,0
43.9,77,16.5,16,0
34.9,98,8.2,55,1
32.4,73,3.0,16,0
44.3,18,29.9,32,0
29.5,84,10.0,26,1
24.9,41,7.1,78,1
23.1,51,28.7,15,0
19.9,24,21.7,62,0
25.0,34,0.8,57,0
29.9,17,5.6,2,0
31.7,99,24.3,100,1
44.0,89,17.2,2,0
22.3,76,25.8,76,1
32.5,39,8.5,87,1
26.3,96,0.9,28,1
19.4,42,5.7,91,1
25.7,63,11.2,23,1
20.4,19,13.9,55,0
22.2,75,0.2,4,1
19.3,21,22.8,78,0
27.8,70,7.3,27,0
40.3,60,25.5,26,0
29.6,77,16.4,17,1
20.4,27,23.4,98,0
32.9,89,28.7,98,1
26.1,74,16.8,32,0
37.9,19,16.5,61,0
30.2,64,26.2,75,1
32.8,30,29.1,29,0
35.6,24,13.5,50,0
36.8,30,22.5,12,0
33.8,79,4.7,3,0
43.1,58,29.1,39,0
40.7,33,6.1,22,0
21.9,60,22.8,12,0
21.4,16,18.3,20,0
26.2,38,9.4,4,0
35.7,71,1.3,67,0
44.8,53,6.5,51,0
31.4,18,1.1,61,0
23.8,33,3.3,11,0
33.9,57,16.2,33,0
41.4,80,9.8,64,1
39.7,75,14.6,86,1
21.5,19,11.8,52,0
34.5,43,18.5,35,0
21.9,48,5.5,76,1
38.7,92,7.2,27,0
31.2,46,19.5,8,0
40.5,31,26.2,4,0
35.3,58,12.8,78,1
25.5,18,10.8,57,0
23.9,49,20.2,91,1
28.3,74,19.7,67,1
43.5,86,24.0,12,0
33.6,86,29.5,36,0
19.3,30,28.4,59,0
21.6,41,19.1,13,0
32.7,82,17.3,47,1
27.7,76,9.8,63,1
25.0,97,21.6,73,1
39.3,45,20.5,56,0
42.1,40,28.7,91,0
43.1,19,10.4,62,0
25.2,63,8.4,27,0
26.1,20,6.4,70,1
39.0,76,23.7,9,0
22.4,54,12.5,81,1
19.5,82,22.9,70,1
33.1,70,4.2,34,0
34.7,19,28.3,35,0
30.6,32,29.8,62,0
18.9,17,27.0,11,0
25.6,25,9.3,19,0
28.0,93,12.9,51,1
23.8,97,23.5,68,1
31.9,20,11.1,39,0
21.4,72,20.5,21,0
40.9,23,9.4,69,0
30.7,33,9.3,94,1
29.1,100,27.3,81,1
28.0,76,10.8,16,1
37.3,72,13.1,98,1
26.4,65,9.1,69,1
24.9,78,27.3,19,1
41.8,39,28.7,33,0
20.6,99,6.3,47,1
35.8,47,6.4,30,0
23.7,68,12.0,34,0
18.4,97,17.1,88,1
38.3,67,6.6,69,1
37.1,55,14.8,7,0
27.4,80,29.8,33,1
42.7,68,7.9,34,0
43.7,89,19.7,19,1
38.8,82,5.0,96,1
24.0,58,13.8,4,0
22.1,55,0.6,100,0
36.5,95,20.5,90,1
24.2,100,24.8,45,1
39.5,91,28.0,14,0
29.5,63,0.8,72,1
40.3,50,25.3,82,0
29.6,28,27.9,81,1
25.1,20,0.4,33,0
32.3,73,22.5,62,0
39.9,40,18.8,45,0
22.5,55,3.1,33,0
28.3,45,27.2,1,0
41.4,74,5.6,33,0
20.2,69,18.5,49,0
23.8,18,15.4,23,0
27.0,23,9.9,56,0
39.5,62,27.2,99,1
44.0,36,11.9,88,1
30.0,45,17.2,90,1
18.9,95,17.4,96,1
42.9,87,4.6,98,1
41.2,86,3.6,52,1
39.8,72,13.6,75,1
37.3,56,8.8,49,0
37.2,23,21.5,36,0
39.0,70,17.0,89,1
21.8,76,6.1,77,1
22.2,94,26.4,90,1
20.9,45,29.8,67,0
25.7,49,26.7,25,0
33.5,51,12.9,9,0
37.7,74,19.1,59,0
39.7,47,14.8,38,0
26.6,83,10.3,81,1
23.8,97,13.2,18,1
42.5,77,14.1,61,1
27.6,37,2.6,95,1
24.7,77,18.3,38,1
33.9,39,7.8,82,1
44.1,67,10.1,45,0
39.5,96,3.3,60,1
42.9,67,27.1,29,0
41.3,61,3.6,95,1
23.6,34,24.3,68,0
28.0,64,4.9,73,1
23.0,91,8.1,34,1
33.2,77,22.7,25,0
22.7,55,5.0,95,1
18.5,79,9.0,93,1
18.4,72,10.8,24,1
19.5,47,9.2,71,1
39.3,64,14.4,7,0
24.0,38,3.3,92,0
28.7,47,29.0,43,0
43.1,73,11.8,84,1
43.4,96,2.1,69,1
34.1,20,26.3,62,0
29.8,77,24.8,75,1
34.0,57,12.2,11,0
30.4,81,2.6,33,0
39.1,40,21.0,39,0
34.5,49,0.8,8,0
30.3,75,28.9,33,1
32.7,19,19.6,20,0
40.7,43,14.4,59,0
44.0,33,29.6,24,0
23.6,93,23.0,92,1
25.6,87,18.3,90,1
44.9,16,7.2,77,0
34.9,86,26.3,3,0
30.6,74,19.6,11,0
34.9,56,7.8,71,1
22.9,60,13.1,68,1
27.7,66,22.7,22,0
38.4,74,8.4,59,1
28.8,22,13.5,58,0
44.2,95,9.2,70,1
21.9,82,15.5,74,1
26.4,15,20.4,64,0
27.4,27,26.5,72,1
42.0,45,11.6,15,0
24.1,32,7.7,21,0
36.6,82,21.4,38,0
25.4,77,21.5,62,1
31.5,45,13.0,1,0
35.6,68,21.1,69,0
42.9,76,12.1,16,0
34.8,93,16.4,75,1
18.6,85,22.3,44,1
34.4,51,10.7,27,0
43.3,43,24.3,67,0
20.0,96,14.8,69,1
41.1,21,13.9,86,1
23.4,95,23.3,79,1
38.2,35,3.1,88,0
29.4,92,20.3,32,0
38.3,80,25.6,2,0
33.4,74,7.6,45,0
23.6,83,12.4,29,1
22.0,94,11.4,20,1
31.9,87,3.2,32,1
25.1,81,10.9,71,1
28.0,52,6.6,48,0
38.4,85,5.2,48,0
42.8,24,19.7,28,0
25.2,64,3.3,28,0
37.5,34,4.6,94,0
18.3,36,10.0,15,0
18.6,20,19.5,15,0
44.8,30,4.0,86,0
30.2,46,17.9,78,1
35.1,85,4.9,3,0
29.5,86,6.0,46,1
29.2,76,4.7,7,1
31.3,25,24.8,68,0
33.8,16,21.1,100,0
42.6,69,14.3,20,0
39.6,83,3.6,58,1
31.3,91,7.2,89,1
43.5,38,3.8,23,0
24.0,15,12.0,56,0
28.1,91,11.2,36,1
32.7,44,27.7,66,0
32.6,68,6.6,37,0
22.4,22,24.6,95,0
42.3,74,20.7,83,1
27.3,39,17.5,80,1
23.6,20,4.1,73,1
29.0,60,11.1,66,1
41.9,32,21.6,68,0
33.8,62,16.5,59,1
31.5,94,11.9,23,1
20.5,15,10.5,13,0
32.1,35,22.4,37,0
37.4,57,26.3,5,0
31.6,56,21.6,81,0
27.2,46,5.0,49,0
41.3,15,20.8,73,0
43.0,43,6.2,47,0
33.2,84,16.5,42,1
44.8,74,20.6,25,0
32.3,46,26.3,1,0
21.8,24,26.3,22,0
38.4,99,13.5,0,0
20.2,27,0.5,80,0
30.8,56,10.3,77,1
31.0,36,13.1,11,0
18.5,77,26.1,68,1
43.3,52,24.2,100,0
43.8,69,28.4,11,0
33.7,93,14.3,92,1
39.8,19,10.7,40,0
29.5,26,12.6,5,0
36.8,22,18.0,20,0
43.7,100,15.9,8,0
30.7,98,12.9,60,1
33.0,97,1.8,68,1
36.1,91,2.4,50,0
40.7,73,10.7,68,0
39.0,82,8.4,72,1
29.1,57,22.4,6,0
29.2,46,6.5,6,0
37.8,16,27.7,56,0
18.9,57,4.0,45,0
41.4,59,19.7,16,0
38.8,16,23.8,37,0
38.8,51,17.4,54,0
38.2,52,28.5,42,0
22.5,86,17.5,99,1
32.8,34,20.3,25,0
19.9,76,13.7,35,1
20.6,96,15.2,15,1
44.8,30,9.1,22,0
30.1,62,5.7,23,0
35.0,18,10.2,72,1
22.5,69,6.6,84,1
29.1,53,0.3,96,0
37.1,60,14.8,0,0
40.1,57,21.3,41,0
35.8,59,7.4,8,0
29.1,99,8.6,89,1
36.7,76,18.5,30,0
19.6,84,20.1,42,0
42.4,63,21.7,98,1
34.2,15,23.3,24,0
31.6,26,15.9,47,0
41.4,36,2.1,89,0
34.4,47,12.4,14,0
20.1,78,12.3,93,1
22.0,79,28.9,60,1
27.7,96,10.9,50,1
27.8,55,27.7,30,0
21.9,59,28.3,82,0
33.8,24,25.8,7,0
29.3,58,6.8,37,0
26.3,39,22.3,86,0
30.8,71,26.7,44,0
41.1,21,4.1,30,0
24.9,96,9.8,30,1
41.5,37,2.0,33,0
24.2,29,13.5,38,0
24.8,80,28.8,81,1
23.0,99,18.1,0,1
34.6,72,21.9,25,0
23.8,23,10.7,39,0
28.2,67,10.0,38,0
25.1,85,19.1,84,1
20.3,58,15.5,72,1
44.5,28,6.7,98,0
26.8,61,1.4,92,1
19.3,35,25.8,54,0
37.0,49,1.5,37,0
40.7,97,2.5,71,1
29.5,65,24.6,47,0
32.1,28,9.3,12,0
40.4,89,29.8,45,0
36.1,84,26.1,54,1
20.0,70,26.0,56,0
34.1,86,7.6,95,1
43.4,45,2.1,39,0
39.2,53,27.1,72,0
26.5,64,11.6,70,1
31.3,83,12.8,0,1
26.2,89,26.8,0,1
26.3,60,6.7,12,0
39.0,27,21.0,83,0
32.8,89,4.9,67,1
33.4,82,27.5,38,1
40.5,26,30.0,61,0
39.8,53,22.2,34,0
30.2,81,10.4,44,0
24.8,55,5.1,69,0
26.0,23,0.7,39,0
19.0,43,28.7,63,0
27.1,20,15.5,63,0
42.7,18,20.9,87,0
24.3,95,28.7,41,0
41.4,27,20.5,4,0
21.7,21,27.6,7,0
35.9,19,14.0,73,0
38.0,37,1.8,54,0
43.8,77,10.9,88,1
33.6,49,6.6,87,1
39.0,97,27.1,7,0
43.6,41,9.3,76,0
36.6,86,21.4,57,1
33.2,85,3.2,8,0
23.0,71,15.8,76,1
42.2,63,3.8,48,0
34.0,19,23.5,67,0
36.5,15,15.3,100,0
36.9,25,2.1,62,0
22.8,75,3.0,50,1
19.2,98,12.6,9,1
31.7,43,11.1,93,0
39.8,27,1.8,79,0
44.0,37,26.2,80,0
35.5,81,1.8,4,0
42.0,26,29.8,53,0
29.0,94,4.2,26,1
28.6,47,18.3,95,1
29.1,47,13.2,8,0
32.1,40,6.5,51,0
30.5,26,13.7,53,0
21.6,34,4.1,64,0
32.0,29,16.1,70,1
40.9,50,21.9,23,0
20.0,46,14.5,52,0
27.8,62,13.5,17,0
23.8,46,9.3,74,1
33.7,94,18.7,43,0
25.3,42,6.8,55,0
27.0,20,6.0,86,1
32.0,25,11.3,14,0
40.7,59,1.6,20,0
26.4,62,26.0,82,1
39.7,100,29.5,75,1
33.0,88,24.0,36,0
19.7,100,13.2,88,1
35.2,85,11.7,14,1
18.3,28,20.8,84,0
34.1,79,13.1,61,1
42.5,83,18.6,54,1
30.5,23,6.0,27,0
39.5,34,25.0,25,0
18.6,47,16.6,72,1
44.4,25,24.5,87,0
22.9,83,10.0,5,1
44.5,99,9.3,64,1
19.3,40,15.5,91,1
28.4,16,20.0,66,0
26.0,21,5.6,75,1
43.6,23,8.1,63,0
42.8,100,21.0,38,0
23.4,80,13.0,36,1
23.3,70,22.6,57,0
27.9,86,5.3,45,1
36.8,17,1.9,32,0
44.9,58,28.9,77,0
18.9,56,29.5,57,0
40.8,65,16.0,24,0
24.3,44,9.6,21,0
43.9,84,29.7,86,1
36.2,75,24.1,52,1
44.8,58,12.5,85,0
28.6,94,4.7,39,1
28.0,88,2.6,27,1
21.0,61,22.9,98,1
26.6,57,4.7,43,0
26.0,60,25.9,31,0
36.2,32,10.6,41,0
35.4,38,14.8,4,0
26.9,73,20.0,68,1
22.2,15,13.5,7,0
41.1,34,10.1,37,0
44.2,72,10.4,2,0
41.4,29,19.9,69,0
44.7,31,27.7,25,0
39.0,39,7.1,83,1
31.6,65,13.5,57,0
25.2,96,8.2,75,1
26.4,29,27.4,14,0
39.5,27,11.7,40,0
36.4,22,19.2,100,0
38.6,32,27.6,49,0
25.9,26,14.8,91,1
33.8,29,25.4,21,0
19.7,47,23.3,72,1
41.4,62,7.7,88,1
23.6,64,5.7,84,1
41.8,39,6.7,36,0
37.1,58,2.5,35,0
23.6,66,26.2,19,0
20.9,22,10.9,88,1
43.9,49,15.4,27,0
28.9,62,9.6,32,0
44.6,25,13.2,98,0
22.1,47,18.6,16,0
39.5,45,29.7,10,0
23.1,77,1.0,49,1
38.0,96,23.1,67,1
36.8,77,24.7,7,0
40.0,82,18.3,57,1
39.6,66,24.7,76,1
36.8,99,27.2,85,1
20.5,46,1.6,50,0
38.7,28,3.7,8,0
36.3,40,13.4,3,0
40.4,28,12.4,54,0
33.0,74,3.6,71,1
40.6,32,0.4,19,0
38.5,72,25.4,10,0
20.7,92,16.7,72,1
41.5,87,6.1,44,0
40.1,76,2.7,17,0
22.6,83,0.9,4,1
28.7,32,22.9,13,0
23.1,94,12.0,11,1
26.7,36,18.3,4,0
24.3,71,3.8,29,0
30.6,71,24.9,65,0
28.5,79,2.9,7,0
27.0,71,8.1,26,0
24.1,18,3.8,62,0
36.3,22,19.8,51,0
22.1,56,23.7,8,0
34.4,84,23.6,47,0
31.5,31,14.3,85,1
22.5,23,27.9,81,0
18.6,76,4.7,54,1
39.6,83,28.2,77,1
35.1,69,22.5,66,0
29.4,20,8.8,83,1
44.1,28,28.0,27,0
31.5,80,16.3,5,0
36.1,57,9.1,82,1
20.7,48,10.1,2,0
23.5,85,14.2,45,1
29.7,59,29.1,44,0
32.1,64,16.3,14,0
21.9,88,23.9,46,0
25.9,75,28.7,69,1
31.5,73,17.9,95,1
36.6,89,19.3,93,1
19.0,15,17.3,46,0
19.3,41,2.8,15,0
40.9,60,21.3,27,0
35.6,16,15.3,55,0
37.4,62,3.5,40,0
28.4,37,12.6,30,0
21.1,59,14.1,72,1
33.3,93,6.7,4,1
22.6,47,23.1,17,0
31.1,61,13.1,55,0
25.3,26,12.2,15,0
39.8,20,10.6,19,0
28.1,21,11.0,80,1
43.2,39,26.9,44,0
34.0,79,2.1,30,0
26.2,26,6.4,65,0
40.2,97,24.5,93,1
29.0,30,8.5,40,0
23.1,94,20.0,91,1
42.9,21,23.4,76,0
30.8,84,27.8,60,1
24.2,36,22.0,51,0
44.6,65,27.6,23,0
27.7,40,15.9,72,1
22.9,15,23.2,54,0
33.6,70,28.9,29,0
27.0,47,13.4,0,0
31.4,31,2.4,45,0
42.9,27,6.8,93,0
25.2,51,0.5,96,0
23.7,49,6.0,61,0
38.1,58,3.5,34,0
38.5,100,1.4,76,1
22.1,30,15.3,91,1
22.7,37,18.3,21,0
44.1,100,28.0,32,0
29.1,93,8.6,44,1
36.8,63,20.4,55,0
34.0,60,19.4,34,0
43.4,25,9.0,32,0
22.0,59,4.5,91,1
44.8,91,2.3,35,0
36.7,86,9.0,31,1
40.9,78,1.1,13,0
22.6,39,29.3,54,0
33.8,75,19.8,44,0
39.3,91,29.4,12,0
33.1,73,25.9,77,1
39.3,24,15.6,9,0
41.2,33,15.6,46,0
28.1,51,6.8,82,1
20.5,24,20.6,9,0
31.7,61,1.3,19,0
35.4,60,0.4,4,0
23.4,68,18.6,29,1
32.3,73,29.7,33,0
39.5,78,8.3,80,1
31.0,27,14.5,9,0
33.5,65,14.6,36,0
43.8,83,12.2,67,1
43.9,25,1.3,9,0
22.0,79,1.6,58,1
22.8,16,12.8,100,1
31.6,77,11.5,64,1
36.9,50,3.8,36,0
19.3,47,25.1,41,0
32.4,89,3.2,69,1
38.2,45,8.0,96,0
31.5,68,17.2,2,0
32.6,44,8.0,44,0
23.1,67,8.3,32,1
39.3,20,5.7,12,0
18.2,51,26.4,99,0
31.7,72,21.4,95,1
43.4,95,26.2,80,1
42.2,65,13.7,27,0
24.3,80,26.1,72,1
41.3,31,1.8,96,0
35.8,86,26.0,69,1
33.1,59,24.4,49,0
41.3,61,23.0,46,0
18.9,40,3.9,86,1
19.0,60,10.7,14,1
18.9,44,26.4,58,0
28.0,40,23.7,88,1
39.3,61,4.7,75,0
27.4,65,28.4,4,0
32.2,17,6.0,75,0
37.0,43,19.5,9,0
20.3,66,25.6,36,0
25.9,33,20.2,90,1
19.0,96,13.4,44,1
25.1,29,21.5,68,0
43.5,31,26.0,17,0
43.0,59,28.2,19,0
37.9,44,5.2,21,0
43.0,53,18.5,51,0
41.7,37,15.3,63,0
34.4,32,28.8,81,0
26.0,28,5.7,47,0
19.0,87,20.0,59,1
39.4,100,14.0,59,1
27.3,87,11.6,54,1
26.7,23,14.3,41,0
38.1,50,8.2,87,0
30.9,75,6.8,3,1
40.8,78,23.8,57,0
24.6,69,21.9,53,1
22.6,44,22.1,39,0
43.9,65,11.7,41,0
23.2,51,10.9,81,1
22.4,80,24.5,37,1
20.6,57,18.7,67,0
43.7,30,9.8,70,0
24.5,31,7.3,33,0
44.8,66,12.4,56,1
23.5,63,3.7,59,1
31.4,15,6.7,3,0
28.3,54,13.2,92,1
27.9,19,6.0,75,1
37.8,35,29.0,81,0
40.4,45,8.1,19,0
29.1,15,2.6,82,0
28.4,45,3.3,59,0
34.0,40,1.6,77,0
39.1,78,13.9,10,1
19.5,67,11.8,2,0
19.0,25,11.4,95,1
26.2,81,1.7,11,1
44.0,76,9.7,19,1
26.7,80,4.3,22,1
39.5,35,12.5,56,0
34.7,30,19.2,8,0
31.4,33,5.8,15,0
33.7,19,15.2,84,0
39.1,51,8.0,87,0
28.9,89,28.8,23,0
33.9,42,17.4,78,0
35.3,91,18.3,21,1
30.8,30,7.0,18,0
40.7,22,13.0,85,1
20.1,74,2.5,43,0
38.0,90,22.4,66,1
32.4,30,13.6,0,0
32.6,36,8.1,16,0
25.2,35,15.9,37,0
25.5,49,25.4,96,0
44.9,42,4.0,88,0
35.8,88,11.1,11,1
34.6,77,28.2,86,1
42.2,33,26.6,47,0
28.4,18,5.3,75,1
20.7,67,27.0,97,1
33.2,24,9.7,26,0
41.2,68,9.4,78,1
25.3,39,20.5,63,0
41.8,43,5.6,7,0
19.7,81,19.8,79,1
22.1,43,19.8,64,0
21.9,79,8.7,91,1
21.3,45,10.3,91,1
20.2,23,28.0,62,0
31.5,40,2.2,42,0
19.6,42,16.4,40,0
37.0,74,0.4,83,1
31.8,57,3.2,52,0
37.5,65,5.8,25,0
43.4,95,22.8,30,0
42.0,25,24.6,34,0
32.8,80,29.6,69,1
39.5,63,13.4,3,0
24.8,64,0.3,84,1
24.8,74,7.3,33,0
40.0,44,7.5,19,0
27.1,57,3.1,61,0
35.6,32,20.3,75,0
34.3,83,29.5,20,1
30.4,32,12.8,6,0
19.6,74,7.2,86,1
40.0,88,5.3,78,1
25.5,94,2.1,65,1
29.3,25,20.0,45,0
37.5,95,28.0,38,0
39.1,89,8.6,48,1
32.3,20,24.3,3,0
39.3,98,20.3,82,1
34.0,54,25.4,7,0
37.6,66,17.6,55,0
27.7,30,27.8,83,0
29.2,50,15.9,23,0
39.1,87,23.5,75,1
37.0,22,12.9,40,0
42.5,73,18.7,30,0
44.2,34,22.0,39,0
20.7,66,17.4,16,0
43.0,61,22.5,20,0
42.7,15,28.0,58,0
28.9,48,6.0,47,0
24.6,72,17.8,93,1
31.1,98,9.0,91,1
31.2,92,3.3,33,0
23.5,17,10.4,30,0
40.8,87,8.8,73,1
40.3,65,10.0,69,0
36.5,36,1.1,13,0
19.3,22,9.9,38,0
23.1,86,16.1,69,1
35.0,92,27.8,81,1
23.5,82,25.3,3,0
21.3,57,17.0,57,0
24.0,88,2.4,3,1
38.1,88,8.4,75,1
40.0,36,7.1,86,0
32.5,49,23.5,87,0
30.7,23,12.2,67,0
43.1,95,10.2,76,1
33.2,58,11.2,23,0
38.8,28,24.7,17,0
21.4,33,21.3,19,0
18.8,16,5.0,99,1
30.3,58,22.3,65,0
28.7,75,5.2,65,1
41.0,64,16.3,42,0
41.7,98,21.6,74,1
33.2,21,26.8,68,0
27.6,20,29.1,65,0
28.6,42,20.2,41,0
32.8,39,2.7,22,0
38.4,42,22.5,72,0
24.5,47,0.7,5,0
22.7,26,1.8,98,0
25.6,44,6.5,9,0
35.6,95,6.4,94,1
26.2,84,23.1,9,0
27.6,26,15.4,7,0
44.9,44,5.7,5,0
23.9,82,6.0,50,1
24.7,64,26.8,2,0
22.4,77,15.3,50,1
27.6,35,22.4,3,0
24.9,76,4.0,93,1
41.7,52,25.8,23,0
18.6,41,4.2,12,0
41.3,40,20.0,83,0
33.2,53,12.4,8,0
34.5,73,15.8,63,0
19.1,20,17.2,90,1
34.3,86,9.3,65,1
26.9,83,29.7,8,1
44.6,31,7.6,85,0
23.2,50,17.8,55,0
36.2,34,28.9,50,0
20.5,49,6.9,66,0
25.7,50,9.2,0,0
37.4,79,3.9,33,0
23.3,67,14.3,13,0
37.7,59,1.6,45,0
32.8,66,10.6,68,0
22.4,23,3.0,16,0
19.7,52,23.5,8,0
35.5,57,29.5,68,0
26.1,60,30.0,54,1
39.4,72,27.0,37,0
27.9,54,18.1,71,1
41.6,39,0.5,87,0
37.9,28,9.9,61,0
44.7,31,10.2,46,0
30.0,79,5.4,95,1
20.5,68,3.8,47,0
26.5,57,27.8,49,0
18.2,64,20.4,53,0
24.7,33,15.2,3,0
31.7,90,24.6,56,1
40.0,53,23.7,11,0
38.0,37,26.3,23,0
41.9,98,25.7,88,1
32.2,92,21.6,73,1
21.7,96,14.3,76,1
39.6,62,3.3,6,0
28.7,44,1.4,88,1
44.9,33,11.2,25,0
28.6,54,15.3,90,1
40.1,18,13.7,36,0
39.8,18,12.5,2,0
22.9,51,6.1,24,0
18.1,67,16.5,27,1
33.7,58,24.8,53,0
19.5,39,17.9,77,1
36.1,58,15.0,32,0
30.1,74,27.7,87,1
33.3,86,26.7,56,1
18.1,22,13.3,15,0
31.4,40,21.4,10,0
25.7,52,15.5,94,1
42.8,64,20.6,44,0
34.3,19,29.3,88,0
35.2,34,0.7,6,0
32.5,92,2.9,12,0
22.3,80,22.3,32,1
24.0,67,5.1,51,1
37.7,78,0.9,85,1
42.5,96,24.5,19,0
28.6,36,20.6,39,0
30.7,45,4.4,31,0
42.3,53,9.6,73,1
42.0,86,24.1,51,1
37.3,27,17.4,19,0
36.5,78,7.2,56,1
19.2,52,6.2,87,1
24.8,69,9.5,22,1
39.6,88,24.9,75,1
36.1,61,0.1,84,0
26.5,36,9.3,14,0
31.7,71,26.7,43,0
22.3,50,28.4,96,1
22.5,66,6.4,88,1
42.9,37,14.2,50,0
22.3,87,0.1,16,1
27.0,37,6.9,54,0
25.9,39,14.1,56,0
40.2,54,14.7,21,0
33.6,89,27.7,6,0
30.9,28,19.1,74,0
21.4,38,18.8,92,1
23.8,56,28.2,81,0
36.4,54,11.7,67,0
40.3,41,9.6,59,0
22.9,43,14.1,91,1
33.1,98,3.4,63,1
24.0,50,3.2,90,1
24.1,80,5.3,97,1
28.6,42,19.7,23,0
27.3,50,3.4,5,0
18.2,77,8.1,14,1
42.2,66,29.7,89,1
31.7,95,12.6,13,1
26.2,98,11.5,52,1
30.1,30,6.1,17,0
24.4,84,29.0,74,1
21.5,79,15.8,75,1
34.0,99,26.8,9,0
44.0,41,7.0,53,0
34.6,46,11.9,43,0
35.8,51,6.6,66,0
37.3,77,12.0,63,1
37.0,25,19.7,62,0
35.2,24,25.3,88,0
20.1,19,1.7,45,0
45.0,20,9.5,17,0
27.7,35,23.4,15,0
19.4,88,18.5,21,1
35.8,63,21.2,77,1
23.3,67,24.2,23,0
44.9,84,17.4,34,1
32.4,20,15.9,83,1
38.0,72,2.8,44,0
22.7,69,11.5,59,1
23.6,21,15.7,19,0
29.6,55,3.1,34,0
29.0,94,21.8,0,1
25.4,97,26.3,1,1
36.1,51,22.4,93,0
29.4,49,16.9,14,0
24.9,59,5.9,74,1
30.3,82,1.9,8,0
39.5,58,2.2,77,0
26.2,46,12.4,5,0
36.6,57,18.2,87,1
27.1,89,20.5,73,1
25.5,54,25.1,86,0
29.1,49,3.2,57,0
31.9,88,25.7,77,1
36.2,63,2.0,52,0
22.3,17,9.0,19,0
27.2,59,4.6,77,0
21.0,61,23.7,61,1
36.6,82,6.6,29,0
36.0,87,9.6,23,1
32.9,85,1.0,78,1
19.8,23,14.8,90,1
21.3,78,28.2,44,1
41.8,53,17.5,71,0
28.2,16,27.4,40,0
39.1,41,6.5,68,0
34.2,85,11.3,37,0
32.1,34,14.9,9,0
21.4,49,20.5,37,0
20.9,22,18.6,0,0
23.0,66,14.8,65,1
26.3,53,24.5,24,0
38.9,69,11.1,34,0
34.3,41,12.7,98,0
41.1,41,17.0,42,0
43.1,38,26.1,85,0
38.7,62,28.9,2,0
34.7,40,19.7,54,0
18.3,100,5.6,44,1
42.3,70,4.8,75,0
26.7,88,20.3,43,1
29.6,44,25.4,20,0
43.3,66,27.6,13,0
27.8,62,16.2,72,1
33.6,59,21.3,51,0
35.5,81,6.0,32,0
36.9,93,21.4,68,1
20.1,85,0.4,89,1
41.5,28,6.0,12,0
26.2,64,9.3,97,1
18.9,70,4.6,62,1
21.0,37,20.4,3,0
36.2,42,0.1,7,0
22.8,97,15.9,19,1
44.8,90,27.8,7,0
26.3,100,9.4,52,1
28.6,74,12.8,75,1
18.7,22,15.4,43,0
43.9,26,29.6,31,0
38.7,43,1.9,70,0
18.7,39,6.6,4,0
20.0,52,7.6,12,0
39.8,73,14.6,5,0
25.5,49,14.3,12,0
30.4,48,29.5,83,0
25.3,34,15.7,76,1
22.8,53,5.9,8,0
24.6,27,1.0,26,0
35.7,29,24.6,13,0
26.9,29,6.9,43,0
22.7,31,10.0,41,0
18.9,43,21.1,41,0
35.8,83,23.6,82,1
18.4,64,29.6,89,1
33.6,69,27.8,55,0
28.1,33,24.8,93,0
24.7,95,16.2,35,1
27.9,96,20.5,29,1
24.1,61,9.5,13,0
24.7,55,21.0,11,0
39.5,15,16.3,74,1
29.0,75,28.9,53,1
44.5,47,21.6,84,0
38.1,65,0.6,42,0
38.4,47,21.1,26,0
44.4,91,27.5,33,0
39.9,40,27.4,80,0
37.9,97,4.3,54,0
24.3,29,5.1,41,0
31.6,66,6.1,73,1
22.8,83,9.0,10,1
34.2,78,3.8,58,1
22.8,80,18.9,74,1
30.6,59,1.2,14,0
21.0,22,17.0,43,0
40.2,23,17.0,48,0
24.4,55,2.0,46,0
31.4,15,9.2,47,0
40.7,48,28.7,69,0
41.3,87,2.0,70,1
27.2,39,4.3,21,0
27.9,69,28.5,92,1
20.8,85,6.0,25,1
43.7,85,22.7,99,1
21.6,30,7.0,41,0
36.1,77,0.8,73,1
29.8,62,10.2,100,1
33.1,47,21.1,50,0
28.4,75,24.3,84,1
22.8,24,20.5,58,0
22.6,44,17.3,0,0
40.0,64,10.1,28,0
36.7,78,20.7,94,1
44.3,54,5.3,89,1
34.7,23,6.7,31,0
34.6,76,7.5,22,1
29.9,51,3.3,74,1
27.1,73,19.2,2,1
38.8,65,6.6,45,0
39.5,23,20.9,69,0
36.6,30,18.4,85,1
19.2,43,17.3,35,0
28.2,22,3.6,51,0
33.1,57,27.0,17,0
25.4,57,9.9,47,0
33.2,100,14.3,99,1
29.6,20,8.5,79,1
44.2,26,20.4,75,0
31.3,92,18.3,16,1
39.9,54,20.4,100,0
32.2,17,15.6,68,0
36.0,87,25.3,47,0
36.1,16,2.1,38,0
29.2,19,9.2,46,0
31.1,17,15.8,71,1
41.6,59,26.9,86,0
32.6,52,23.8,33,0
36.5,27,11.1,16,0
38.6,81,2.4,15,0
43.2,22,22.2,20,0
35.3,28,7.5,80,1
37.7,49,6.1,32,0
27.8,16,26.7,100,1
22.9,95,22.7,79,1
32.3,34,7.6,68,0
37.5,43,9.0,36,0
42.3,98,14.5,57,1
23.7,29,9.9,92,1
30.7,72,7.9,97,1
38.3,62,4.5,18,0
32.0,61,24.0,11,0
38.5,46,0.2,11,0
37.2,20,10.4,3,0
35.8,33,12.9,96,0
37.2,89,16.9,35,1
34.5,86,17.7,36,1
38.2,21,25.7,8,0
43.6,54,5.8,85,0
37.5,33,27.4,71,0
42.6,24,29.2,61,0
28.9,72,25.9,62,1
28.0,88,20.6,99,1
23.5,33,20.2,8,0
20.0,74,28.4,2,0
29.0,88,4.6,12,1
44.8,51,12.2,57,0
35.1,52,13.1,88,1
34.4,17,13.8,87,1
43.8,64,2.2,80,0
26.4,18,18.8,100,1
42.4,85,25.9,96,1
36.9,24,14.2,5,0
28.5,32,1.8,96,0
32.5,44,26.6,20,0
22.3,53,19.2,57,0
28.3,43,30.0,42,0
18.7,52,1.6,37,0
27.5,100,4.4,85,1
30.9,76,20.6,35,0
18.7,78,1.0,11,1
23.1,27,1.1,89,0
23.0,87,15.9,69,1
41.0,40,3.3,57,0
44.3,64,8.4,95,1
44.6,84,24.4,59,0
40.3,45,27.6,83,0
38.5,58,20.2,91,0
22.9,47,1.8,76,0
41.2,88,21.1,19,1
24.6,43,28.4,11,0
38.7,27,3.4,34,0
19.1,92,9.3,94,1
21.9,74,14.6,46,0
26.3,56,12.1,69,0
42.5,26,8.7,43,0
25.8,25,16.4,11,0
35.7,46,20.8,93,0
27.1,68,12.3,73,1
35.2,67,19.9,34,0
40.0,85,16.8,90,1
42.4,48,23.0,99,0
33.1,59,0.0,4,0
18.3,88,8.5,8,1
28.2,67,15.5,19,1
29.0,67,6.6,44,0
30.4,92,18.3,64,1
38.6,98,25.6,11,0
24.1,15,26.5,61,0
24.4,76,18.9,28,1
29.4,59,9.6,7,0
25.9,46,9.4,68,0
22.2,99,8.1,97,1
18.1,25,18.7,61,0
41.7,47,20.7,18,0
23.2,99,17.4,81,1
36.3,51,22.0,27,0
20.0,49,12.6,15,0
33.2,64,10.7,41,0
22.3,88,28.7,43,1
27.6,19,1.8,20,0
21.0,76,23.7,27,1
32.3,22,1.8,40,0
34.7,15,1.6,70,0
29.5,41,9.7,68,0
23.5,24,24.0,81,0
31.6,75,3.1,72,1
33.0,55,27.6,11,0
39.3,58,13.7,9,0
31.3,17,19.8,67,0
36.1,62,25.3,1,0
22.7,76,7.8,90,1
43.7,94,8.4,75,1
32.7,92,17.5,81,1
38.7,21,22.5,28,0
40.6,85,16.0,88,1
43.2,43,18.5,40,0
25.8,76,7.9,49,1
21.3,71,20.4,41,0
36.2,70,24.7,71,0
21.7,27,2.3,9,0
26.0,56,17.3,99,1
18.5,85,5.9,64,1
27.8,67,16.1,74,1
42.4,37,7.1,79,1
43.4,25,1.1,28,0
24.0,26,26.1,73,1
18.7,24,3.5,87,0
38.1,37,5.5,37,0
25.3,68,9.7,40,0
39.1,46,7.4,44,0
23.4,38,13.5,25,0
37.1,90,18.7,65,1
18.0,57,28.8,57,0
39.3,33,1.8,17,0
20.5,42,0.1,53,0
43.9,40,3.1,7,0
28.6,43,9.2,32,0
35.9,35,1.5,26,0
21.2,39,11.5,43,0
37.6,25,24.5,29,0
39.3,46,6.6,54,0
26.1,95,18.7,29,1
38.6,66,27.5,6,0
43.9,24,1.1,75,0
23.0,80,10.3,88,1
25.2,15,8.4,29,0
28.9,20,2.5,7,0
42.7,47,25.6,52,0
22.0,79,23.5,56,1
23.9,61,27.3,21,0
24.3,26,11.8,17,0
39.9,22,6.8,65,0
33.9,33,18.7,45,0
44.3,57,10.3,68,0
27.6,56,28.2,14,0
29.6,34,7.2,76,1
33.2,67,16.9,43,0
40.8,31,7.5,90,0
31.5,45,11.6,93,0
38.1,95,9.0,75,1
36.7,78,7.8,69,1
40.7,25,18.3,57,0
37.6,17,14.2,100,1
42.5,100,5.5,49,1
33.9,66,29.9,15,0
36.8,66,19.9,47,0
25.7,29,10.6,43,0
22.8,44,9.3,60,0
22.5,50,7.9,20,0
27.1,89,17.5,28,1
23.0,23,15.6,59,1
31.7,68,0.2,27,0
37.0,89,4.5,16,0
38.2,52,16.2,83,0
33.8,60,25.1,51,0
43.2,57,15.7,67,0
41.9,94,4.4,3,0
25.6,73,26.6,23,0
24.8,31,16.6,10,0
38.1,55,27.8,89,0
31.9,51,22.8,70,0
35.5,33,24.0,20,0
38.7,74,14.5,33,0
31.7,94,29.7,10,0
36.4,75,17.2,69,1
43.7,38,3.7,24,0
24.1,35,4.7,42,0
37.9,77,19.8,55,1
39.4,86,15.3,29,1
43.7,62,10.7,88,1
34.9,67,3.2,78,1
32.5,36,12.8,71,0
35.1,22,15.4,75,1
26.4,89,22.5,23,1
34.5,85,9.4,81,1
19.9,58,29.2,1,0
24.9,72,19.7,87,1
41.0,78,5.9,34,0
43.9,24,10.9,39,0
44.2,79,13.8,1,0
37.4,49,1.8,95,0
25.5,65,4.9,29,0
25.0,96,26.0,29,0
39.9,28,21.4,73,0
25.4,100,9.3,86,1
44.5,43,29.0,92,0
36.4,57,6.6,64,0
23.6,65,18.2,81,1
30.1,69,9.8,26,0
29.6,67,4.6,94,1
34.6,61,9.9,46,0
41.6,56,24.0,87,0
18.7,69,6.9,78,1
35.6,71,27.7,80,0
24.7,22,22.8,82,1
38.8,23,21.8,0,0
41.0,75,15.5,29,1
35.5,88,4.3,16,0
24.9,79,12.4,84,1
35.5,49,14.5,32,0
19.2,77,28.5,47,1
42.7,62,3.0,26,0
27.0,17,3.1,52,0
25.8,57,28.4,8,0
31.2,56,20.0,7,0
33.5,95,0.1,38,1
44.8,67,4.1,52,0
43.0,35,21.0,32,0
20.2,78,11.9,57,1
38.0,60,2.8,93,1
32.2,94,29.2,44,0
26.0,75,10.0,70,1
23.7,93,23.5,44,1
39.8,16,24.7,4,0
34.0,66,8.8,93,1
42.1,30,17.6,93,0
36.7,44,13.0,29,0
30.7,49,3.2,29,0
30.8,87,28.3,58,1
37.1,66,28.7,6,0
34.5,18,16.2,75,1
36.6,29,8.1,100,1
43.4,56,21.4,82,0
34.7,53,29.6,59,0
32.4,16,7.0,30,0
43.6,20,0.7,28,0
32.5,73,4.0,96,1
32.8,86,0.2,57,1
23.8,54,5.1,49,0
43.5,87,10.0,13,1
43.3,23,0.2,92,0
26.4,52,5.7,60,0
25.1,28,28.8,65,0
26.2,67,9.1,21,0
39.7,85,2.3,36,0
43.5,91,28.1,70,1
21.7,71,21.7,41,0
28.4,43,3.1,1,0
19.7,25,6.9,1,0
20.9,18,23.0,90,1
37.1,17,7.1,76,0
44.8,68,25.2,8,0
28.3,36,5.9,93,1
39.1,42,4.7,37,0
44.2,36,14.2,86,0
21.1,59,23.8,50,0
40.1,28,7.6,80,1
25.4,17,18.4,33,0
28.6,49,15.4,44,0
29.0,71,25.5,21,0
42.3,76,0.3,23,0
29.5,84,15.1,26,1
20.8,28,12.8,48,0
37.1,64,12.8,55,0
21.5,80,9.8,31,1
27.6,44,11.6,72,1
39.4,81,19.0,77,1
37.0,33,18.6,54,0
44.5,27,12.2,70,0
42.8,88,26.5,47,0
31.4,22,28.3,58,0
24.4,33,15.8,36,0
41.1,21,16.6,89,0
20.4,83,15.0,69,1
19.9,40,19.1,22,0
32.0,97,7.3,15,1
25.8,82,6.0,52,1
43.5,87,17.3,39,0
28.1,63,20.1,12,0
30.6,96,29.4,95,1
32.3,16,7.9,89,0
44.4,80,6.7,25,0
41.8,26,5.3,27,0
26.1,61,19.4,99,1
23.2,23,26.5,86,1
24.9,79,20.2,93,1
31.8,31,2.9,86,0
22.2,30,16.0,62,0
27.6,51,19.0,11,0
23.5,29,18.5,42,0
39.3,22,1.3,49,0
36.4,82,14.3,88,1
37.7,74,9.6,83,1
22.5,93,29.5,11,0
40.7,68,4.6,94,1
30.6,98,0.2,56,1
31.3,37,14.8,68,0
26.3,80,9.5,82,1
28.1,25,25.3,84,0
20.8,66,23.7,97,1
42.4,80,20.0,95,1
25.0,98,14.5,70,1
41.8,36,3.7,93,0
28.3,94,0.3,13,1
33.5,46,11.5,19,0
38.5,67,18.1,3,0
27.4,46,17.5,34,0
41.2,97,6.6,22,0
36.6,58,3.7,39,0
22.5,23,2.0,88,1
39.0,69,19.4,69,0
21.3,20,28.5,20,0
44.7,48,1.6,54,0
44.9,36,16.6,34,0
26.3,87,7.9,89,1
34.9,84,2.9,7,1
36.2,62,3.6,87,1
35.9,50,0.3,7,0
32.6,41,21.1,24,0
28.6,32,11.3,41,0
30.4,90,6.3,100,1
44.7,95,14.2,72,1
39.5,72,23.1,85,1
21.8,96,25.8,92,1
19.9,85,13.8,15,1
27.6,53,28.6,85,0
20.3,52,7.4,91,1
19.6,32,28.9,60,0
23.6,27,13.2,13,0
18.7,19,25.5,41,0
18.8,36,16.3,37,0
36.2,48,2.5,48,0
38.7,100,15.7,30,1
40.4,66,27.7,94,1
26.3,72,1.4,100,1
19.4,53,2.7,42,0
41.4,47,25.4,35,0
39.5,47,3.1,52,0
39.8,25,15.1,32,0
40.8,35,3.8,93,0
44.4,87,21.6,25,0
43.2,100,27.6,49,0
25.0,68,0.2,23,0
42.4,39,11.9,66,0
41.8,82,12.9,42,1
31.5,79,20.0,51,1
43.0,52,25.0,97,0
18.4,28,2.9,16,0
24.4,33,10.3,63,0
20.8,84,2.1,25,1
42.9,27,1.4,1,0
41.0,50,1.1,16,0
22.7,81,28.9,22,1
41.1,46,28.8,56,0
28.3,71,13.5,66,1
37.7,42,20.6,39,0
35.9,37,5.6,73,0
40.1,48,4.1,50,0
20.6,61,15.7,1,1
27.7,49,19.2,39,0
39.0,74,7.3,87,1
31.4,28,22.6,47,0
29.3,18,13.1,26,0
37.0,60,23.4,35,0
18.9,82,25.2,91,1
20.0,65,29.1,100,1
35.8,16,24.3,60,0
36.1,73,15.4,7,0
37.2,33,5.1,42,0
27.5,37,15.0,23,0
24.6,56,28.7,52,0
23.6,47,28.7,40,0
41.4,92,20.4,74,1
37.1,89,4.4,21,0
44.1,64,25.9,31,0
37.8,19,28.6,82,0
44.8,93,13.4,95,1
42.8,27,6.7,9,0
40.2,24,28.3,93,0
41.5,28,24.0,22,0
18.9,41,13.7,55,0
42.5,27,6.8,3,0
29.3,58,9.4,24,0
39.0,85,12.8,10,0
41.8,55,27.4,49,0
44.2,26,26.9,1,0
22.4,96,5.4,95,1
33.5,15,26.0,14,0
21.0,43,11.5,48,0
25.1,27,9.6,5,0
40.8,87,28.1,40,0
37.0,23,15.4,75,0
42.4,63,11.2,54,0
27.5,33,26.5,91,1
31.9,54,9.3,29,0
26.6,77,29.4,25,1
22.2,23,26.3,16,0
27.9,27,22.9,79,0
37.1,70,1.8,22,0
22.9,46,13.4,8,0
21.9,27,6.1,13,0
28.5,30,15.2,27,0
27.7,68,19.7,31,0
34.8,49,16.9,36,0
19.2,34,18.6,94,1
34.1,57,15.8,6,0
21.1,90,29.6,39,1
41.3,64,15.6,19,0
43.6,71,17.0,24,0
37.3,21,2.1,33,0
43.0,15,21.2,2,0
45.0,54,21.0,41,0
41.3,85,13.6,87,1
19.9,30,4.8,58,0
26.3,85,28.8,86,1
30.1,47,13.7,55,0
18.8,18,10.3,55,0
43.3,41,2.9,27,0
34.4,57,23.7,36,0
38.3,62,7.6,22,0
30.2,17,17.0,67,0
22.8,89,2.7,82,1
42.3,31,25.4,71,0
39.7,61,2.7,94,1
25.1,87,19.9,36,1
33.1,58,29.9,69,0
31.6,27,2.9,20,0
27.9,96,7.5,65,1
24.3,51,18.0,33,0
35.9,35,24.5,28,0
30.9,49,4.4,0,0
31.4,19,6.9,53,0
40.6,85,1.0,78,1
42.2,18,5.0,43,0
19.3,74,9.2,53,1
26.0,85,1.1,100,1
37.7,41,9.8,60,0
37.8,83,8.9,54,1
32.8,76,25.5,21,0
28.2,76,21.7,45,1
44.1,17,22.6,8,0
19.1,66,16.3,83,1
26.1,78,0.0,96,1
25.2,24,2.9,14,0
26.3,27,12.1,99,1
34.4,93,2.1,35,0
34.1,19,25.6,55,0
42.9,50,26.6,57,0
27.0,68,20.7,59,0
32.6,92,3.8,56,1
42.0,66,5.1,43,0
30.9,90,13.7,26,1
35.4,83,15.8,12,0
38.7,28,13.5,70,1
30.6,100,5.0,21,0
40.9,31,9.1,34,0
31.6,79,5.2,26,0
39.7,53,3.6,86,0
26.5,27,16.3,18,0
26.8,26,2.9,20,0
29.0,98,20.1,72,1
27.7,47,1.3,36,0
31.4,57,9.3,17,0
25.4,81,17.9,89,1
34.3,87,23.9,74,1
34.8,19,27.1,61,0
36.9,65,12.5,67,0
28.2,45,0.3,85,0
29.0,46,26.1,24,0
39.7,31,22.0,27,0
25.4,84,0.5,11,1
21.8,29,18.8,86,1
34.9,16,22.0,99,0
21.8,56,20.6,11,0
19.8,66,18.7,27,0
21.3,44,10.4,70,1
37.0,78,0.3,35,0
28.5,53,14.0,63,0
24.0,94,6.2,91,1
39.0,81,17.5,26,0
44.5,38,7.7,72,0
23.6,22,7.6,25,0
22.2,50,10.5,30,0
38.3,79,0.1,39,0
26.1,26,23.1,13,0
30.6,17,26.6,15,0
42.8,87,13.8,41,1
19.8,96,21.0,48,1
32.2,85,12.6,87,1
37.1,100,1.6,13,0
26.6,44,6.3,52,0
28.4,77,28.2,51,1
20.3,77,28.0,10,1
39.6,42,22.5,3,0
30.4,75,14.8,22,1
22.0,100,28.4,37,0
36.7,91,25.9,45,0
44.8,88,27.8,81,1
38.7,60,0.4,13,0
27.2,39,4.7,17,0
28.7,48,16.4,24,0
28.1,73,14.1,14,0
21.7,17,17.7,64,0
40.2,19,0.5,93,0
26.2,97,0.6,46,0
27.7,67,9.8,21,0
29.9,31,17.0,49,0
41.7,40,15.2,73,0
22.6,50,17.2,88,1
41.5,88,9.9,63,1
26.0,47,4.5,19,0
18.7,92,3.1,48,1
39.0,33,3.3,59,0
38.8,28,6.8,19,0
38.0,92,9.9,21,1
31.3,69,22.8,99,1
25.2,89,14.4,66,1
29.6,72,20.7,40,0
34.0,79,1.9,82,1
28.1,66,9.3,44,0
37.5,59,17.8,43,0
26.6,75,5.0,35,1
28.0,27,20.9,36,0
38.5,42,7.3,40,0
27.0,48,1.1,89,1
29.8,62,2.1,79,1
34.8,98,5.1,56,1
27.3,78,2.5,100,1
34.7,38,26.8,20,0
19.1,92,9.2,70,1
38.4,99,2.2,86,1
37.9,86,21.6,39,1
37.7,31,25.8,78,0
22.2,53,26.8,37,0
24.4,52,21.3,36,0
31.1,56,26.7,24,0
27.5,22,29.2,85,1
21.6,22,4.8,19,0
35.5,94,27.9,41,0
38.2,81,1.3,72,1
21.5,75,25.9,33,0
20.9,38,14.4,11,0
19.4,21,19.5,22,0
21.7,63,26.5,48,0
35.7,86,2.0,32,0
35.4,99,14.8,29,1
37.3,74,18.6,56,0
42.9,35,28.4,80,0
43.4,24,2.0,41,0
36.2,29,22.6,24,0
36.9,16,14.3,0,0
31.0,59,8.1,47,0
43.7,77,26.1,67,1
42.9,53,8.3,47,0
35.5,59,15.8,69,0
34.0,78,25.1,83,1
38.9,72,29.5,17,0
38.0,25,20.9,24,0
27.1,82,5.7,20,1
28.1,88,13.0,52,1
21.7,62,19.8,100,1
43.3,61,11.3,85,1
22.3,19,24.3,72,0
35.6,76,14.0,81,1
29.9,52,4.8,21,0
19.3,49,17.9,5,0
23.3,79,12.8,88,1
29.9,40,3.1,31,0
28.8,35,15.6,8,0
19.1,55,9.8,55,0
37.0,38,3.1,92,0
18.6,91,25.9,83,1
35.8,77,19.8,49,0
36.4,63,10.2,57,1
24.7,96,11.8,30,1
31.5,18,9.2,91,0
29.5,88,12.7,43,1
25.2,63,15.0,37,0
29.8,29,21.4,20,0
39.5,30,21.3,6,0
20.9,16,10.7,0,0
24.1,90,8.6,12,1
31.8,22,11.5,39,0
28.0,97,18.2,67,1
18.5,40,29.9,86,0
21.2,45,20.8,69,0
20.0,40,1.1,66,0
33.2,90,23.2,71,1
26.5,71,16.5,72,1
39.7,68,27.3,44,0
24.4,84,3.8,34,1
35.0,90,29.9,85,1
36.9,59,1.1,0,0
31.0,73,16.7,44,0
22.2,36,9.7,39,0
18.0,24,18.2,81,1
39.9,29,10.4,67,0
35.3,88,13.6,78,1
36.2,54,7.7,0,0
42.1,81,21.2,69,1
20.7,37,6.1,20,0
38.0,56,3.4,49,0
31.0,62,27.5,2,0
44.6,32,15.6,100,1
31.1,62,6.9,56,1
36.8,71,7.5,99,1
31.5,46,28.4,21,0
27.7,86,28.3,100,1
41.0,18,11.2,21,0
37.7,22,17.5,50,0
38.7,95,9.2,58,1
21.4,50,9.5,27,0
26.9,25,19.3,31,0
40.0,40,29.7,36,0
41.9,99,27.1,36,0
36.4,78,19.9,100,1
31.4,75,10.9,68,1
35.9,16,25.9,50,0
26.4,74,11.2,33,0
37.5,51,15.2,71,0
18.8,30,28.4,15,0
42.0,23,9.9,0,0
44.1,45,23.2,4,0
24.7,71,4.1,86,1
32.5,91,12.6,80,1
39.3,75,15.7,24,0
35.1,22,11.8,49,0
34.7,53,1.0,96,0
22.1,100,22.2,93,1
39.9,42,5.8,4,0
41.0,44,28.8,84,0
27.0,80,5.1,31,1
34.4,78,23.3,38,0
30.0,63,17.4,88,1
44.5,93,17.0,25,0
30.2,37,9.4,45,0
30.3,56,25.7,14,0
31.5,98,8.9,70,1
27.0,61,13.4,5,0
21.5,39,17.9,63,0
32.7,87,9.6,5,1
28.7,88,24.8,99,1
26.9,93,20.9,27,1
35.3,40,1.3,42,0
22.7,71,21.1,9,0
37.7,21,9.0,48,0
41.5,69,26.1,35,0
35.8,63,15.3,67,1
26.8,52,29.8,87,1
28.2,52,23.3,94,0
22.1,86,4.2,13,1
41.9,21,25.5,9,0
24.5,98,11.0,53,1
44.3,19,8.0,1,0
31.6,37,17.4,67,0
29.9,94,15.1,64,1
19.8,77,0.2,86,1
28.4,20,23.8,58,0
35.3,36,4.8,67,0
34.4,18,15.4,39,0
22.2,37,2.5,100,0
22.9,66,26.3,37,0
23.9,39,6.9,73,1
42.3,93,16.4,62,1
25.0,76,12.4,13,1
28.3,16,27.1,73,0
28.2,71,5.9,7,0
27.3,30,11.8,35,0
40.0,37,25.5,63,0
18.0,84,10.8,86,1
37.2,89,27.1,80,1
20.9,63,4.3,12,0
23.2,24,13.1,31,0
35.9,91,0.6,66,1
43.1,24,20.5,70,0
20.4,88,7.6,94,1
21.8,56,16.1,13,0
35.9,75,11.0,50,1
36.5,72,14.8,80,1
22.7,64,27.2,32,0
35.1,65,13.6,23,0
21.5,99,9.1,35,1
25.6,88,15.4,55,1
30.6,76,16.1,48,1
42.8,82,5.2,81,1
24.8,24,29.9,87,1
42.8,26,2.9,45,0
41.8,30,16.7,95,0
28.3,36,21.6,70,1
28.8,28,30.0,70,1
22.1,20,21.5,36,0
40.1,76,28.9,91,1
27.6,83,10.0,21,1
30.6,75,27.3,93,1
24.9,74,2.1,6,0
33.9,99,20.8,16,1
19.4,18,28.0,12,0
22.3,43,19.4,97,1
33.6,58,2.2,40,0
26.6,71,11.9,29,1
21.4,22,14.0,14,0
18.6,34,4.0,83,1
35.2,18,7.5,3,0
26.1,37,11.6,72,1
35.1,38,15.9,35,0
22.3,63,19.1,66,1
31.5,36,9.5,39,0
24.5,72,27.1,73,1
37.7,57,3.2,73,0
38.6,21,19.7,2,0
18.5,30,10.5,5,0
34.0,24,4.8,93,0
23.2,100,21.5,35,1
40.3,16,12.1,3,0
42.7,23,24.3,48,0
26.8,26,21.8,10,0
33.7,18,16.1,83,1
30.3,34,23.2,70,0
33.5,90,20.5,68,1
33.5,88,10.5,20,0
36.8,64,6.2,6,0
37.2,16,2.3,7,0
25.5,65,8.3,9,0
32.2,33,19.0,20,0
32.0,29,6.3,75,0
32.2,97,1.8,59,1
40.5,51,13.4,31,0
27.4,94,2.8,92,1
34.3,66,10.5,40,0
25.1,87,20.3,67,1
27.0,30,15.0,6,0
31.5,87,6.5,75,1
31.9,82,27.4,7,0
23.0,33,21.8,1,0
24.3,79,1.3,46,1
36.3,62,16.1,45,0
29.1,96,2.7,5,1
41.0,99,5.3,22,0
21.4,38,18.7,23,0
25.3,82,13.8,43,1
28.9,76,4.1,86,1
29.7,17,6.8,81,1
44.7,15,1.2,13,0
44.7,79,10.7,90,1
37.9,23,28.5,97,0
24.6,93,5.2,91,1
20.9,74,14.8,7,1
20.2,63,12.8,85,1
39.8,22,16.5,87,0
33.0,24,2.7,71,0
29.5,51,6.8,45,0
27.8,43,25.1,24,0
25.3,63,28.1,68,1
28.3,39,7.7,66,0
39.0,43,24.8,90,0
27.0,44,24.6,72,0
34.9,89,5.2,32,1
44.1,23,24.5,59,0
19.9,49,0.7,15,0
19.7,64,21.0,63,1
25.2,61,4.5,10,0
38.9,89,11.1,59,1
36.3,31,19.6,37,0
21.4,82,18.7,20,1
27.7,40,3.0,57,0
41.4,96,27.7,31,0
26.1,37,15.9,52,0
35.0,25,25.5,24,0
22.0,71,20.7,8,0
40.5,68,13.9,95,1
18.3,63,18.7,86,1
28.0,30,10.2,86,1
39.4,31,20.4,6,0
35.1,53,29.1,95,0
22.7,19,2.3,93,1
44.3,86,23.9,82,1
39.9,16,27.6,21,0
22.4,20,7.1,53,0
24.3,35,13.0,58,0
36.2,33,6.1,59,0
23.3,58,13.8,70,1
34.5,100,5.1,68,1
20.0,25,9.9,97,1
19.6,97,26.0,92,1
25.4,33,8.8,50,0
43.7,32,8.6,54,0
30.3,22,14.1,75,0
32.8,19,6.8,58,0
31.3,26,28.3,50,0
34.5,34,24.7,59,0
34.0,23,16.9,72,1
18.1,29,1.9,11,0
40.4,94,6.5,23,0
36.6,20,11.6,63,0
21.0,97,18.0,24,1
24.5,58,28.4,98,1
24.2,22,19.4,77,1
33.6,15,20.2,20,0
27.6,63,14.9,74,1
21.2,87,20.9,66,1
23.5,18,21.8,99,1
29.5,32,2.9,20,0
33.8,86,25.6,90,1
38.1,21,17.0,24,0
20.4,62,15.3,80,1
20.8,88,5.8,79,1
37.4,66,22.7,6,0
42.6,21,23.3,80,0
39.4,68,6.7,68,0
21.0,96,14.5,52,1
24.4,85,5.6,30,1
39.4,47,29.0,93,0
24.9,63,28.2,59,1
41.1,96,0.2,91,1
18.3,89,28.0,30,1
23.3,90,1.5,35,1
39.9,70,17.5,65,1
28.5,94,28.1,79,1
23.2,37,17.4,100,1
40.0,17,18.0,58,0
34.9,90,4.9,78,1
27.7,47,5.5,29,0
44.3,33,12.3,17,0
19.3,95,15.9,63,1
21.4,26,23.7,93,0
36.0,56,0.1,56,0
41.3,68,7.6,28,0
20.0,95,3.2,29,1
18.3,34,29.5,76,1
25.6,54,13.7,91,1
42.3,76,8.2,95,1
25.4,25,11.1,95,1
23.3,21,11.8,37,0
23.4,22,25.7,49,0
32.1,67,12.8,95,1
26.2,63,9.6,21,0
34.3,34,25.0,83,0
38.2,78,12.6,0,0
35.9,67,25.3,36,0
36.2,85,10.6,23,1
18.9,88,17.0,67,1
21.8,63,4.4,77,1
26.7,99,7.7,49,1
18.2,75,28.6,69,1
20.8,16,0.2,87,1
40.0,27,0.9,100,0
39.3,98,23.7,16,0
22.2,18,24.2,76,0
22.9,23,6.7,93,1
41.7,77,18.5,95,1
32.7,80,10.8,70,1
28.6,42,8.2,22,0
18.2,31,17.0,37,0
28.2,77,28.0,84,1
31.0,79,8.7,37,1
18.3,85,14.6,63,1
36.9,25,6.2,85,0
26.8,87,3.1,51,1
35.8,58,15.2,20,0
41.5,73,21.3,30,0
43.2,62,24.3,47,0
38.2,42,27.2,25,0
42.8,56,1.6,3,0
40.1,44,22.8,75,0
25.0,22,8.5,4,0
23.8,88,7.6,40,1
26.1,22,23.6,25,0
25.6,90,16.9,30,1
26.6,35,11.2,65,0
43.1,92,3.5,38,0
36.0,89,7.0,65,1
37.5,22,7.4,11,0
21.6,51,23.2,7,0
21.9,50,16.4,12,0
40.9,74,22.9,50,0
19.5,71,9.4,9,0
28.0,46,18.0,93,1
29.5,39,27.8,92,0
44.8,76,25.8,38,0
32.8,30,12.1,62,0
28.9,71,7.1,49,0
20.5,36,14.6,78,1
35.1,92,13.6,74,1
20.8,77,17.8,66,1
38.1,27,1.3,61,0
27.0,19,6.2,81,1
35.7,90,2.6,62,1
25.3,89,25.5,1,1
33.5,25,3.7,82,0
24.3,64,12.7,82,1
36.0,60,5.9,53,0
42.6,40,24.1,1,0
33.9,53,12.5,27,0
32.1,25,4.4,26,0
38.2,23,26.7,80,0
24.6,65,6.6,97,1
28.3,49,19.4,23,0
22.0,49,14.1,85,1
23.1,90,8.6,88,1
27.0,100,15.5,39,1
25.0,76,25.1,100,1
43.5,77,29.9,92,1
40.6,65,24.7,4,0
24.1,26,27.0,66,0
28.4,85,15.4,92,1
34.3,95,4.9,96,1
20.1,59,10.6,6,0
25.5,60,17.5,90,1
20.7,95,22.3,15,0
32.3,54,27.6,32,0
30.5,16,20.9,43,0
32.0,32,27.0,21,0
45.0,27,22.6,60,0
36.7,85,0.3,37,0
41.3,48,17.1,60,0
44.4,89,29.2,91,1
33.3,64,8.1,74,1
24.7,59,1.8,72,0
36.7,79,24.3,42,0
37.3,61,3.7,2,0
42.1,45,3.0,3,0
37.2,96,12.7,66,1
42.3,28,24.6,2,0
32.6,24,10.5,0,0
19.8,19,16.6,62,0
42.8,42,4.4,2,0
35.9,82,15.1,46,1
35.4,18,29.6,14,0
22.1,80,17.8,53,1
25.9,74,11.0,37,0
22.3,63,20.6,4,0
26.5,15,27.4,23,0
34.5,17,20.3,2,0
31.6,89,10.3,14,1
43.7,25,17.9,55,0
23.8,69,24.8,42,0
39.3,42,19.3,94,0
31.5,21,1.7,0,0
21.3,80,18.0,33,1
36.2,24,19.8,43,0
37.9,94,14.2,78,1
28.3,78,26.9,61,1
35.5,51,8.1,20,0
44.7,98,14.7,11,0
36.8,100,17.2,98,1
42.2,88,4.4,5,0
37.4,72,23.2,69,0
26.6,24,28.2,1,0
35.3,59,22.8,13,0
39.3,85,10.9,66,1
38.1,69,1.5,65,0
43.3,40,2.7,30,0
33.9,92,18.8,23,1
28.4,79,23.7,53,1
40.8,95,21.1,20,0
24.3,35,19.4,44,0
44.5,92,18.0,94,1
39.2,39,16.6,14,0
41.0,47,13.3,57,0
35.7,30,10.3,45,0
38.7,24,28.7,73,0
27.5,92,26.4,49,1
44.5,81,14.0,57,1
39.3,33,21.9,84,0
24.5,57,12.6,75,1
35.1,72,0.2,31,0
44.4,64,8.8,23,0
30.0,80,28.4,17,1
35.7,69,19.8,77,1
27.4,31,9.8,48,0
23.2,49,26.6,55,0
24.0,37,19.7,39,0
22.1,98,11.5,6,1
21.0,77,25.0,93,1
33.9,42,11.2,82,0
36.3,76,23.6,96,1
29.3,28,29.7,38,0
31.7,37,19.4,39,0
41.4,63,0.4,12,0
32.4,24,28.0,25,0
42.0,69,15.6,0,0
23.9,59,10.2,40,0
33.4,98,10.7,59,1
20.8,98,14.9,35,1
22.3,60,21.6,16,0
33.3,94,25.8,35,0
35.8,59,0.2,12,0
26.6,58,20.7,31,0
39.8,30,27.7,25,0
28.3,62,7.7,45,0
32.1,61,19.6,51,1
35.3,28,26.8,80,0
25.7,95,27.4,2,1
35.8,74,7.3,3,0
43.0,52,18.5,11,0
28.4,28,15.6,27,0
19.9,65,18.9,12,1
31.0,36,1.8,83,0
27.1,80,4.2,76,1
37.3,68,23.0,4,0
41.5,58,0.4,84,0
34.0,27,1.5,49,0
34.0,76,15.4,50,1
42.5,28,2.2,30,0
30.1,66,11.1,44,0
43.2,63,3.3,49,0
40.3,46,8.4,25,0
31.1,88,24.2,16,0
19.8,50,14.6,31,0
40.9,33,17.6,21,0
32.1,71,24.2,46,0
26.7,78,14.7,20,1
32.4,74,20.9,61,0
22.9,77,6.8,91,1
24.8,56,2.1,77,1
28.1,49,0.9,41,0
36.2,21,14.0,27,0
42.5,58,12.6,15,0
44.5,99,19.3,95,1
42.7,31,11.8,81,0
36.3,61,7.0,72,1
45.0,53,23.5,80,0
35.2,40,3.1,61,0
23.9,26,20.2,48,0
18.7,99,19.3,89,1
26.7,88,12.9,34,1
27.4,95,19.7,56,1
36.6,91,2.3,47,0
30.4,86,9.7,61,1
44.1,37,16.4,48,0
18.5,80,1.0,22,1
44.0,52,10.7,75,0
40.9,86,11.7,3,1
26.3,39,0.2,9,0
33.5,17,5.0,10,0
41.5,39,18.3,57,0
18.9,28,26.3,67,0
33.2,25,21.5,93,0
20.8,60,5.0,31,0
42.7,84,17.4,25,1
38.8,26,25.9,38,0
34.5,46,17.1,60,0
33.1,51,15.7,64,0
32.3,17,1.4,62,0
35.6,24,22.0,62,0
32.5,63,22.1,10,0
39.5,25,27.0,44,0
28.4,91,26.0,91,1
37.9,52,5.1,82,0
21.0,80,3.0,87,1
34.4,93,8.5,14,1
36.3,94,10.1,1,0
24.8,35,22.6,23,0
21.8,28,4.7,83,1
33.6,69,23.1,72,1
27.3,82,16.5,35,1
29.6,94,14.4,20,1
36.8,64,12.5,24,0
22.3,17,0.9,86,1
39.6,59,1.4,65,0
38.9,56,1.8,67,0
28.3,29,24.7,48,0
26.6,85,19.6,21,1
19.0,48,12.3,79,1
37.7,96,5.3,11,0
25.1,56,8.4,54,0
18.4,93,1.0,85,1
27.4,52,23.1,72,1
24.2,66,3.6,26,0
27.3,47,3.6,86,1
18.7,51,4.5,65,0
26.8,24,3.6,90,1
37.2,81,1.2,67,0
32.9,17,23.9,22,0
33.9,70,7.2,44,0
22.4,30,14.7,26,0
30.1,35,4.8,91,0
43.1,47,12.4,33,0
27.3,90,5.3,16,1
19.8,26,3.5,55,0
41.2,91,16.2,90,1
31.8,61,5.0,54,1
41.5,67,15.5,57,0
35.7,60,12.7,58,0
24.6,94,11.5,4,1
28.7,22,20.3,11,0
31.8,82,9.7,73,1
33.6,32,24.4,1,0
44.8,59,11.5,51,0
22.8,32,12.5,17,0
30.9,49,10.4,41,0
25.3,96,28.8,12,1
21.4,77,9.1,74,1
37.0,27,19.8,91,0
32.7,27,10.0,44,0
25.4,68,16.4,73,1
23.5,90,14.1,9,1
27.3,78,12.4,83,1
23.5,21,14.3,26,0
34.7,67,2.9,93,1
27.9,67,8.4,72,1
23.6,18,28.0,91,1
21.8,99,25.5,0,1
26.1,99,8.6,23,1
43.1,15,2.8,5,0
26.9,15,26.3,82,1
37.0,87,14.2,86,1
23.5,40,8.9,98,1
38.5,92,17.1,45,1
41.3,66,22.6,31,0
38.8,89,25.1,1,0
25.9,87,28.9,78,1
23.0,55,28.7,22,0
35.8,27,18.7,52,0
40.9,59,8.1,18,0
24.3,37,24.6,29,0
43.2,28,29.9,92,0
22.0,94,16.2,74,1
36.7,34,16.6,76,0
36.6,42,26.1,44,0
37.2,79,24.8,65,1
36.5,76,9.3,79,1
31.2,42,16.4,83,0
43.2,47,5.8,81,0
43.5,54,4.5,75,0
30.7,86,28.1,73,1
24.1,81,13.1,1,1
38.0,70,1.0,21,0
33.8,27,23.0,39,0
21.0,77,4.8,19,1
22.8,26,18.8,90,1
35.1,17,24.8,41,0
19.5,40,0.0,79,1
41.1,82,8.7,31,1
33.9,67,28.3,76,1
23.9,66,2.5,28,0
31.6,79,2.9,93,1
43.1,79,0.7,87,1
39.9,96,12.1,1,1
34.7,74,20.4,36,0
43.5,25,27.1,32,0
22.7,97,24.0,24,1
28.2,50,1.3,9,0
23.9,55,28.2,3,0
22.9,60,3.5,50,0
33.6,47,20.6,64,0
32.8,33,1.4,32,0
43.2,99,21.2,46,0
26.9,24,25.5,70,1
23.7,49,26.6,96,1
24.1,20,0.6,96,0
21.2,18,28.0,61,0
25.7,53,18.4,84,1
32.1,52,6.9,0,0
21.5,28,1.8,1,0
26.8,90,28.9,62,1
44.1,70,22.8,78,1
22.1,45,14.5,0,0
19.6,29,15.7,34,0
41.1,94,11.7,82,1
21.6,17,3.3,96,0
41.5,47,19.1,39,0
32.9,64,19.8,53,1
39.7,45,6.6,68,0
31.6,89,7.7,50,1
18.3,83,5.8,98,1
19.7,16,2.4,16,0
30.5,68,10.3,92,1
31.9,64,8.8,67,0
41.8,99,0.7,54,1
41.8,34,22.2,65,0
25.2,32,11.4,99,1
37.2,18,2.5,44,0
34.5,41,17.6,16,0
36.8,31,0.2,72,0
18.5,91,10.1,82,1
35.6,40,13.2,66,0
31.4,71,8.4,43,0
29.9,87,6.8,76,1
27.1,94,17.2,68,1
42.0,72,22.9,36,0
28.1,78,10.0,47,1
25.5,84,11.0,64,1
41.7,27,21.5,61,0
43.1,16,16.5,17,0
25.8,49,6.0,5,0
37.3,34,29.7,57,0
38.1,73,0.8,43,0
31.8,37,18.2,51,0
42.7,29,12.7,58,0
18.8,79,25.5,38,1
20.5,92,26.6,95,1
36.2,100,4.3,1,0
39.6,95,4.3,24,0
44.6,60,16.2,3,0
21.1,55,16.6,87,1
41.8,88,29.6,80,1
26.9,55,13.0,46,0
39.0,80,10.3,2,1
37.2,20,0.1,33,0
43.5,54,25.8,28,0
18.6,42,5.5,57,0
28.8,45,11.3,55,0
20.3,85,3.4,26,1
19.8,27,3.8,40,0
23.1,41,4.1,0,0
35.1,21,22.4,29,0
22.1,70,18.9,0,0
28.5,61,4.5,53,1
41.6,54,27.5,83,0
40.6,25,9.7,1,0
24.7,75,23.8,74,1
19.3,16,9.6,3,0
20.4,47,22.7,45,0
42.6,17,14.7,52,0
27.3,69,22.1,99,1
33.5,96,10.9,57,1
20.7,32,15.3,2,0
26.5,46,2.4,94,1
37.4,20,15.4,42,0
41.1,63,1.4,60,0
27.7,36,7.8,71,1
28.5,81,5.0,80,1
19.7,49,5.3,78,1
41.0,28,2.8,71,0
24.8,25,22.4,91,1
31.9,86,0.8,67,1
22.1,77,22.4,24,1
25.2,88,23.9,14,1
31.9,82,27.9,33,0
37.7,79,12.0,61,1
18.8,93,18.5,77,1
22.2,71,15.1,13,0
27.8,93,12.4,2,1
40.8,33,18.0,27,0
44.3,93,16.9,59,1
28.7,24,11.3,7,0
33.7,65,22.6,54,0
25.4,97,13.8,50,1
30.1,33,15.8,52,0
19.4,31,10.5,56,0
29.0,96,29.5,7,1
43.0,53,5.2,46,0
32.9,50,16.5,9,0
44.9,94,12.0,41,0
27.8,46,10.2,37,0
37.7,22,19.3,86,0
22.3,62,14.6,55,1
25.5,41,3.5,25,0
36.2,87,10.7,89,1
26.4,47,2.8,85,1
28.3,37,19.8,72,1
38.0,68,11.1,39,0
28.4,77,11.0,55,1
40.8,94,17.8,46,0
41.1,94,21.8,59,1
43.3,22,17.1,81,0
42.5,66,0.4,26,0
34.8,89,4.6,53,1
22.4,90,30.0,51,1
42.5,49,3.3,60,0
35.8,87,14.0,52,1
20.5,21,13.6,18,0
20.6,18,20.4,59,0
18.6,32,19.1,84,1
29.2,68,11.9,77,1
40.5,88,25.4,80,1
43.1,17,27.5,50,0
35.0,64,26.5,75,1
31.0,30,4.1,84,0
35.2,91,19.1,75,1
39.7,75,28.6,63,1
40.9,62,29.4,87,0
37.0,94,11.6,46,1
21.8,89,7.9,55,1
33.9,51,5.7,55,0
34.7,19,14.3,33,0
33.0,21,7.4,70,0
39.0,37,3.5,3,0
43.9,78,29.5,41,1
31.2,80,24.7,28,0
32.8,96,18.5,8,1
18.4,41,12.9,35,0
21.1,45,25.8,6,0
20.9,97,25.1,7,0
40.1,69,3.8,25,0
24.9,48,8.2,90,1
42.7,28,21.3,3,0
29.3,98,18.1,96,1
35.4,42,14.9,2,0
23.1,19,18.9,68,0
31.9,38,1.2,65,0
37.3,54,19.2,23,0
22.2,84,19.7,43,1
33.9,22,9.6,20,0
19.7,85,7.2,76,1
33.0,42,28.3,100,0
44.9,50,17.7,30,0
19.4,36,16.3,39,0
39.4,26,19.5,63,0
39.3,84,23.6,12,0
36.7,90,3.9,94,1
25.2,96,22.5,81,1
38.1,74,25.5,19,0
18.9,78,9.1,1,1
39.0,60,20.7,60,0
34.8,16,21.4,99,0
38.6,95,23.2,75,1
20.7,55,24.3,39,0
19.7,81,26.1,27,0
44.6,57,13.5,63,0
42.0,73,1.1,38,0
23.3,55,18.2,32,0
43.1,92,2.6,8,0
43.4,96,14.6,36,0
21.9,68,3.9,19,0
26.1,87,10.8,38,1
27.3,93,13.6,83,1
39.2,65,25.4,45,0
42.1,16,4.9,2,0
19.7,46,8.3,13,0
43.3,17,13.4,9,0
42.7,81,6.1,67,1
39.3,39,7.5,16,0
37.2,88,6.6,44,0
24.2,23,1.2,31,0
23.1,100,10.6,25,1
32.6,84,18.9,97,1
40.2,99,19.1,95,1
24.1,74,9.7,35,1
36.6,83,26.6,48,0
21.0,34,17.7,57,0
40.8,70,1.2,64,0
25.0,42,6.2,20,0
44.9,93,15.7,4,0
35.5,43,8.4,24,0
30.7,67,25.0,54,1
36.9,81,18.3,95,1
20.7,81,9.7,65,1
40.0,52,11.1,28,0
35.8,76,23.6,89,1
28.6,54,27.1,100,0
33.2,16,29.4,36,0
23.6,28,15.8,24,0
27.1,89,9.7,77,1
36.2,97,12.6,57,1
40.6,42,14.3,45,0
38.8,79,26.7,41,0
44.3,84,5.2,20,1
29.7,54,14.9,8,0
18.8,17,0.2,46,0
37.3,52,28.0,31,0
26.4,64,19.8,57,1
36.3,97,3.2,20,0
24.2,91,15.3,99,1
30.4,18,24.5,44,0
43.6,29,19.8,62,0
42.7,31,22.4,74,0
30.2,39,25.3,100,0
22.8,96,28.9,96,1
43.0,92,29.9,27,0
38.5,69,19.7,88,1
31.6,82,27.8,65,1
24.0,70,13.7,40,1
23.5,17,27.0,75,1
44.6,39,2.2,15,0
39.2,28,27.6,65,0
24.0,70,3.1,53,0
44.9,64,23.6,55,0
35.2,68,5.3,41,0
36.4,36,14.1,88,0
30.9,94,10.4,12,1
30.7,32,26.4,37,0
44.4,37,17.1,78,0
34.5,82,20.3,70,1
40.8,63,19.0,60,1
40.2,47,19.1,12,0
29.0,75,28.2,61,1
19.1,95,9.3,16,1
19.1,84,6.9,88,1
42.2,29,0.0,88,0
30.4,75,8.5,78,1
21.0,55,16.6,13,0
31.0,44,11.4,17,0
33.5,80,26.8,79,1
29.4,47,1.6,45,0
36.9,43,0.6,9,0
42.3,38,12.4,70,1
40.7,94,25.4,3,0
41.7,70,27.7,4,0
22.1,15,9.1,81,1
22.8,90,21.2,47,0
31.0,28,0.8,40,0
19.3,56,26.0,79,0
33.6,64,13.5,57,1
29.4,66,29.6,27,0
23.0,43,16.4,4,0
31.7,36,13.6,14,0
23.0,89,9.4,69,1
34.9,76,0.9,4,1
38.9,25,20.0,88,1
19.7,16,0.6,80,0
22.3,17,5.6,37,0
36.4,41,17.7,88,0
36.5,35,4.4,64,0
35.2,54,9.8,97,0
21.7,58,22.3,16,0
34.8,96,10.3,48,1
39.0,75,2.9,41,0
36.3,76,5.7,0,0
25.3,82,17.7,16,1
19.7,67,20.4,83,1
26.4,98,25.1,35,0
35.1,23,22.3,28,0
20.9,85,20.6,79,1
28.9,84,12.1,93,1
33.7,88,1.7,84,1
18.3,54,24.6,46,0
41.3,15,27.3,58,0
33.9,77,12.5,74,1
37.4,79,4.0,26,0
28.7,25,17.0,84,1
39.0,97,2.9,32,0
29.4,21,19.0,45,0
39.7,29,2.9,34,0
37.1,59,7.2,79,0
24.6,34,5.8,36,0
38.2,31,15.5,22,0
31.4,68,13.8,3,0
43.3,34,8.7,95,1
23.0,26,29.8,10,0
19.2,17,22.3,58,0
24.0,90,20.4,75,1
29.1,49,6.0,18,0
31.8,23,1.3,90,0
40.1,30,20.8,65,0
23.1,98,17.5,28,1
19.0,76,4.5,91,1
43.2,28,18.7,57,0
25.2,44,1.9,1,0
18.5,75,2.2,55,1
31.9,71,18.6,72,1
39.5,47,9.1,62,0
20.1,16,10.7,47,0
29.7,43,11.6,48,0
39.9,40,11.5,10,0
35.9,88,6.9,14,1
36.7,97,21.9,93,1
37.7,69,22.9,67,0
40.0,60,18.6,42,0
29.3,35,2.0,10,0
41.8,22,16.6,15,0
33.7,51,24.6,69,0
23.6,68,3.1,73,1
33.5,24,19.3,23,0
21.7,18,24.6,100,0
31.2,18,22.2,80,0
30.9,45,15.0,85,1
20.4,93,3.2,83,1
27.8,73,17.3,33,0
23.7,63,11.7,23,1
21.2,80,28.9,82,1
24.1,40,1.6,3,0
38.8,79,7.6,23,1
19.7,29,28.9,4,0
30.5,57,11.0,19,0
40.1,44,8.5,99,1
41.9,75,25.7,13,0
28.5,98,26.0,42,1
28.0,78,7.9,34,1
38.4,77,15.6,93,1
22.5,100,6.5,55,1
21.2,56,4.9,76,0
20.1,33,2.2,32,0
29.4,45,2.7,44,0
32.3,67,24.5,29,0
18.6,79,6.3,24,1
31.7,65,18.1,43,0
20.9,95,23.3,26,0
41.1,46,6.6,56,0
29.5,53,4.7,77,0
36.6,37,3.8,86,0
42.9,69,17.3,27,0
23.4,17,2.8,22,0
44.1,36,10.4,60,0
43.6,43,15.6,94,0
25.3,96,7.2,83,1
22.2,24,12.0,4,0
31.5,44,1.2,32,0
25.1,54,9.1,20,0
42.1,41,21.9,57,0
27.2,58,5.5,78,1
41.3,56,18.4,24,0
38.3,99,5.4,98,1
38.1,31,23.7,66,0
34.6,62,7.3,92,1
30.3,74,28.8,49,0
37.4,57,29.8,76,0
27.1,80,3.9,2,1
32.1,41,24.5,35,0
45.0,94,14.4,53,1
43.7,50,2.3,86,0
30.5,19,9.3,79,0
32.6,30,15.4,32,0
31.7,40,15.5,26,0
33.6,22,15.8,55,0
37.1,42,23.7,45,0
43.6,43,20.7,38,0
19.7,66,13.9,43,0
27.3,38,2.8,7,0
36.8,79,27.5,46,0
25.8,100,24.6,18,0
38.3,70,7.4,54,1
42.3,48,10.5,85,0
41.3,50,23.6,73,0
29.2,58,11.5,57,0
37.6,36,21.2,80,0
18.9,16,11.8,21,0
43.3,39,24.1,74,0
42.8,62,9.2,58,1
27.1,57,18.0,21,0
27.1,86,17.8,42,1
23.0,36,15.0,48,0
27.6,92,15.8,94,1
20.7,84,6.9,46,1
40.2,33,0.7,92,0
38.1,81,26.9,5,0
32.3,57,6.6,5,0
40.1,39,13.7,23,0
24.3,76,6.1,48,1
19.6,76,29.3,50,1
37.7,38,2.9,18,0
29.6,84,5.6,11,1
19.4,99,10.5,57,1
43.5,95,6.2,98,1
44.2,32,7.5,82,1
36.1,27,15.1,53,0
21.1,98,13.0,19,1
34.2,97,26.3,54,1
36.0,22,20.3,23,0
42.4,75,0.9,27,0
36.8,37,0.0,49,0
20.7,99,3.2,65,1
19.6,61,4.5,52,1
41.8,74,5.6,35,0
31.6,59,21.7,19,0
30.7,92,1.2,31,0
25.7,35,29.1,63,0
20.8,89,26.9,92,1
30.3,49,27.3,47,0
26.8,15,27.4,78,1
32.8,74,23.6,92,1
19.7,31,27.9,17,0
26.7,79,12.4,36,1
33.0,24,3.8,35,0
32.7,77,29.9,93,1
43.5,52,15.3,55,0
38.1,86,25.8,86,1
30.2,68,8.7,39,0
36.4,99,1.2,60,1
44.2,67,0.7,21,0
29.8,95,12.5,41,1
30.2,71,18.3,1,0
35.9,52,29.5,57,0
37.2,79,19.6,4,1
32.6,70,27.5,28,0
23.5,17,19.9,85,1
23.2,72,1.5,5,0
41.1,56,4.3,6,0
21.0,95,12.6,96,1
30.0,69,19.0,90,1
36.1,59,8.3,41,0
29.5,23,9.8,62,0
37.0,37,9.1,18,0
40.3,40,17.3,56,0
40.8,59,12.9,24,0
32.6,100,12.0,71,1
36.6,24,2.8,82,0
39.8,55,4.0,13,0
22.5,39,11.2,20,0
38.8,20,22.6,62,0
41.2,88,9.6,70,1
29.6,41,24.2,52,0
27.0,80,1.5,10,1
37.5,74,12.9,35,0
33.7,85,13.9,62,1
20.8,70,16.5,9,1
36.7,41,29.1,80,0
39.0,88,21.7,41,0
37.5,38,6.8,57,0
23.4,47,12.8,91,1
39.0,32,18.8,34,0
32.3,19,13.5,78,1
23.6,37,21.2,54,0
38.2,57,28.6,7,0
37.3,62,20.4,37,0
44.6,84,4.0,71,1
41.3,61,1.9,69,0
21.2,68,0.7,73,1
44.8,42,21.2,87,0
42.1,56,14.8,54,0
38.8,47,10.7,11,0
29.3,34,17.3,98,1
35.3,93,4.1,38,0
28.0,51,23.9,94,0
23.8,89,9.9,28,1
33.7,38,10.6,18,0
25.7,88,22.3,6,1
23.8,25,10.8,91,1
41.1,56,12.2,65,0
29.6,100,0.5,16,0
18.7,34,13.9,49,0
34.5,36,8.0,18,0
19.6,57,17.7,87,1
32.6,95,12.5,91,1
33.4,34,25.1,56,0
42.8,93,6.4,46,0
23.6,69,26.7,55,1
31.5,98,6.6,74,1
32.0,88,14.0,3,1
42.5,41,13.2,23,0
44.9,100,12.8,43,1
35.4,18,21.9,56,0
33.5,32,14.0,72,0
35.0,76,27.3,88,1
38.0,97,29.3,41,0
29.7,20,23.8,67,0
21.1,52,22.4,97,0
18.7,62,29.7,51,1
26.9,47,25.0,90,1
30.7,69,26.6,0,0
24.9,56,12.8,88,1
33.7,95,27.5,57,1
37.6,69,4.2,44,0
27.5,96,4.9,29,1
25.8,17,21.5,91,0
23.7,73,22.4,9,0
21.6,33,14.2,88,1
31.8,24,26.6,36,0
24.1,98,23.4,93,1
25.3,50,9.3,84,1
20.6,96,19.4,53,1
42.1,63,10.6,36,0
27.5,86,2.3,36,0
18.1,17,9.4,80,1
42.1,37,27.1,72,0
24.6,77,13.4,80,1
23.2,83,12.1,79,1
38.4,60,3.2,75,1
38.8,83,20.3,16,0
43.2,60,9.7,55,0
31.5,99,21.9,46,1
39.8,58,1.4,3,0
42.2,87,21.5,12,0
42.4,92,21.2,86,1
33.8,34,3.8,87,0
38.0,88,9.6,7,0
35.4,18,14.6,13,0
24.2,49,1.9,52,0
39.5,66,8.6,24,0
18.4,54,19.9,22,0
20.3,95,6.3,22,1
28.1,29,8.6,70,1
41.1,90,7.7,64,1
31.4,37,11.2,3,0
31.3,57,2.1,62,0
40.4,84,5.6,91,1
35.0,70,12.1,100,1
33.3,79,9.4,70,1
23.5,35,6.1,83,1
20.2,21,20.8,8,0
28.5,19,18.3,31,0
22.1,41,14.5,13,0
41.4,44,22.6,3,0
27.7,66,6.2,62,1
37.8,48,24.6,93,0
21.3,82,26.1,78,1
40.4,65,15.0,72,1
27.4,96,8.1,6,1
37.0,33,7.2,72,0
22.6,34,29.8,55,0
38.4,57,8.3,82,0
27.7,70,12.5,86,1
43.1,27,29.3,97,0
18.6,34,2.9,55,0
22.6,39,18.9,99,1
28.9,72,17.3,23,0
32.2,37,24.5,35,0
38.8,33,17.4,33,0
23.9,42,2.5,98,0
44.5,18,23.5,4,0
30.3,23,11.8,21,0
23.1,42,16.3,24,0
24.1,54,29.6,5,0
24.0,95,6.5,87,1
36.1,24,28.6,70,0
33.1,20,12.9,25,0
26.2,75,5.1,87,1
38.1,85,4.8,17,0
29.9,50,10.5,3,0
35.6,20,23.2,45,0
38.7,21,10.1,24,0
28.8,64,28.1,40,0
43.8,26,10.3,65,0
25.2,83,9.5,16,1
28.3,16,1.6,45,0
35.2,69,9.6,42,0
31.0,80,4.3,15,0
27.6,48,1.5,72,0
39.6,77,25.2,53,0
28.6,70,1.9,9,0
21.8,77,3.5,68,1
22.9,56,26.1,5,0
31.7,31,24.4,92,0
19.9,97,20.7,11,1
19.4,40,6.4,22,0
22.1,46,11.6,2,0
41.8,62,15.5,75,1
20.6,42,12.3,67,1
32.7,21,27.5,68,0
41.1,99,14.5,3,0
18.5,35,10.2,49,0
29.8,30,8.2,2,0
25.1,15,17.6,6,0
28.3,56,8.2,92,1
20.7,23,20.4,93,0
39.8,53,0.9,16,0
18.3,25,21.3,37,0
19.7,31,20.8,89,0
29.5,28,16.1,52,0
23.8,75,8.5,50,1
39.1,22,17.6,24,0
39.1,53,7.1,74,0
44.1,62,29.8,15,0
23.1,17,5.2,62,0
18.8,15,2.3,29,0
35.1,77,16.0,38,1
40.5,35,18.5,28,0
40.3,79,0.8,85,1
38.4,59,7.5,58,0
39.0,88,11.3,60,1
23.8,81,15.7,90,1
34.9,28,11.4,90,1
22.9,42,10.1,14,0
32.0,32,27.5,15,0
29.2,66,22.7,92,1
28.4,57,19.0,56,0
39.7,33,26.2,47,0
35.6,43,25.2,5,0
25.8,63,19.5,16,0
21.2,70,0.8,4,0
22.6,87,15.8,9,1
43.8,39,14.8,0,0
34.3,41,8.7,81,0
20.3,66,3.8,36,0
18.9,49,25.4,42,0
39.4,55,25.2,8,0
22.2,43,17.0,60,0
18.3,81,8.0,13,1
45.0,32,6.0,31,0
35.7,29,6.7,98,0
25.9,56,13.5,91,1
20.8,46,3.2,56,0
31.2,70,13.6,30,0
41.6,55,14.7,74,1
33.6,26,26.9,24,0
25.8,63,22.0,68,1
40.4,67,18.4,33,0
44.3,42,9.7,67,0
44.7,47,21.7,23,0
40.2,86,4.4,6,0
44.1,56,8.2,97,1
40.1,58,12.9,63,0
32.5,47,18.1,11,0
24.4,33,19.8,15,0
35.2,47,13.7,42,0
42.4,37,18.9,15,0
43.8,54,10.0,100,1
18.1,24,1.3,5,0
42.3,47,1.7,62,0
26.3,26,8.3,26,0
44.0,75,12.6,54,1
26.5,45,28.0,29,0
18.6,68,12.2,21,0
29.5,41,19.4,54,0
23.9,34,29.5,25,0
41.3,19,15.5,7,0
25.8,55,7.3,30,0
27.4,32,11.7,83,1
40.1,98,19.4,80,1
27.9,83,0.6,90,1
19.9,80,0.7,90,1
33.3,35,14.0,45,0
29.2,100,13.8,74,1
31.3,36,20.1,74,0
28.1,59,27.7,21,0
38.2,46,22.0,29,0
36.0,87,24.3,78,1
19.0,77,18.9,20,1
29.6,40,20.9,12,0
35.2,38,12.2,72,0
40.6,18,19.7,65,0
37.1,48,10.0,55,0
19.9,30,15.3,0,0
39.0,82,28.6,32,0
42.9,43,23.4,92,0
28.9,48,2.4,17,0
31.5,15,12.0,93,1
24.1,78,10.9,61,1
39.5,47,8.5,27,0
41.6,69,5.8,27,0
24.9,19,21.7,82,0
39.4,44,14.5,55,0
33.8,54,28.3,21,0
26.4,95,8.2,13,1
44.4,68,19.0,32,0
37.4,36,1.4,52,0
25.4,62,26.5,87,1
21.5,55,4.8,35,0
31.2,20,3.3,19,0
36.5,36,27.7,38,0
19.7,86,7.1,58,1
41.6,97,11.9,95,1
41.7,39,12.9,99,0
30.0,96,5.2,5,1
42.8,80,20.3,96,1
37.6,55,12.9,14,0
30.5,19,24.5,52,0
36.1,39,7.7,6,0
19.8,92,21.5,63,1
38.1,71,12.9,63,0
21.1,60,28.2,45,0
29.9,26,16.8,17,0
18.9,69,6.5,24,0
27.6,72,6.3,73,1
31.7,84,28.0,26,0
18.9,64,18.4,71,1
30.0,83,15.3,54,1
44.8,20,16.8,28,0
23.2,86,4.4,41,0
23.8,15,30.0,35,0
21.1,88,27.7,12,1
19.4,28,19.2,100,1
22.4,47,29.5,5,0
45.0,33,22.6,46,0
35.7,38,14.3,64,0
28.0,29,23.0,76,0
30.0,93,12.5,85,1
40.9,19,25.0,1,0
40.8,90,17.2,70,1
44.6,54,0.5,96,0
21.6,79,11.8,46,1
28.9,45,24.4,45,0
20.1,66,9.1,35,0
38.1,42,21.2,40,0
31.7,45,15.1,75,1
44.8,49,10.8,53,0
32.7,15,18.2,1,0
22.9,37,11.9,28,0
43.6,68,11.9,26,0
42.2,27,11.7,12,0
40.3,97,14.5,95,1
42.7,45,4.4,50,0
43.9,69,27.6,36,0
35.2,53,20.5,36,0
43.9,86,14.3,44,1
38.0,97,3.8,23,0
27.0,17,13.4,60,0
20.5,23,8.6,88,1
25.7,94,8.0,79,1
29.2,42,26.0,3,0
38.2,26,17.3,57,0
33.0,100,14.8,26,1
29.6,62,19.7,54,1
24.5,32,28.8,28,0
25.2,36,3.2,10,0
30.3,29,13.7,38,0
37.7,78,16.7,54,1
37.5,49,6.7,17,0
32.1,64,21.7,99,1
20.4,87,14.4,6,1
26.6,80,18.3,57,1
23.8,22,8.7,16,0
37.1,57,2.1,29,0
42.6,63,16.6,26,0
32.8,76,23.1,7,1
41.5,35,20.6,30,0
20.9,62,27.8,72,1
32.8,32,27.9,0,0
27.2,62,27.9,86,1
32.5,36,0.9,83,0
30.4,78,14.6,87,1
34.2,42,7.5,30,0
34.8,31,27.4,32,0
30.0,37,3.5,18,0
30.6,97,0.5,30,0
42.6,54,0.9,91,0
26.4,17,0.6,58,0
23.4,17,13.5,19,0
37.7,77,5.6,82,1
41.8,68,2.1,68,0
27.4,51,1.1,82,1
32.4,47,7.1,41,0
43.3,81,7.9,47,0
29.2,45,15.8,85,1
25.5,76,13.0,15,1
40.4,82,13.2,66,1
21.8,32,13.2,13,0
18.7,84,3.7,93,1
34.2,57,21.7,75,0
20.9,77,25.2,66,1
35.3,48,11.1,77,0
31.9,62,7.3,86,1
41.0,85,29.8,25,0
44.1,15,1.2,82,0
41.3,31,7.7,17,0
19.1,47,1.9,22,0
36.6,53,16.4,44,0
36.4,21,24.6,96,0
22.1,60,27.2,35,0
28.4,60,18.7,10,0
19.7,56,7.7,74,1
40.2,28,10.5,10,0
23.2,88,13.0,34,1
28.2,93,16.0,0,1
31.6,33,13.0,87,1
33.5,35,19.7,55,0
39.3,98,12.8,48,0
19.7,66,27.5,78,1
21.7,17,4.1,23,0
43.5,18,3.9,82,0
20.2,86,18.9,81,1
19.3,34,13.5,10,0
19.9,88,17.8,14,1
20.3,22,14.0,63,0
41.0,91,13.5,5,0
45.0,20,3.5,33,0
25.4,98,20.9,37,0
30.6,52,22.0,42,0
34.4,21,7.9,1,0
36.7,19,27.5,0,0
26.4,37,13.7,65,0
35.9,20,5.4,66,0
33.5,87,6.1,26,1
28.7,19,8.1,6,0
19.2,15,11.7,67,0
31.0,42,23.9,72,0
26.0,92,19.4,79,1
33.3,55,20.0,85,0
21.2,82,3.1,32,1
31.9,92,23.5,47,0
30.2,35,6.7,25,0
39.0,48,27.3,7,0
22.0,21,21.5,37,0
41.8,43,22.3,30,0
27.3,98,6.5,100,1
36.1,49,25.0,48,0
37.7,86,16.2,15,1
33.6,64,17.5,47,0
25.6,47,15.0,39,0
30.7,94,27.6,79,1
35.6,98,22.6,75,1
32.5,70,15.8,89,1
21.6,91,7.0,29,1
35.4,77,16.5,16,0
21.7,26,28.7,61,0
32.4,49,25.9,52,0
29.5,98,17.2,38,1
44.4,81,8.8,50,1
24.6,35,15.1,41,0
30.2,29,8.2,12,0
39.5,68,7.8,13,0
44.5,15,9.0,38,0
29.3,40,6.5,46,0
39.1,93,6.4,3,1
21.9,46,27.4,4,0
42.8,91,29.9,36,0
19.7,75,18.1,80,1
35.8,98,10.5,69,1
44.4,94,27.0,16,0
32.6,67,13.1,85,1
27.3,42,27.8,94,1
33.7,40,1.4,76,0
35.1,76,14.8,5,1
42.8,29,8.9,91,1
20.9,61,24.6,17,0
32.0,73,5.2,58,1
32.0,78,17.8,36,1
42.3,65,5.6,56,0
42.5,55,10.7,62,0
34.5,72,29.7,13,0
34.4,89,7.0,1,0
33.6,17,18.1,63,0
40.2,62,6.2,33,0
33.3,76,21.1,40,0
31.5,78,22.1,81,1
22.8,96,29.4,75,1
18.8,57,22.0,84,0
39.3,42,25.5,62,0
21.8,48,27.3,13,0
18.6,40,21.2,4,0
26.2,46,0.3,62,0
31.9,17,15.1,76,0
31.0,85,27.1,65,1
44.0,44,21.9,7,0
18.7,85,11.0,34,1
30.5,56,6.1,98,1
35.3,66,22.5,84,1
18.6,30,9.8,38,0
35.9,98,26.8,57,1
32.1,88,6.0,21,0
30.1,56,5.7,51,0
23.1,36,18.8,90,1
42.4,84,16.0,94,1
37.2,18,12.9,69,0
29.7,52,21.1,55,0
22.1,37,2.2,41,0
44.3,40,22.8,23,0
41.4,42,21.1,2,0
39.6,85,25.3,73,1
27.9,67,26.3,74,1
21.3,32,26.6,22,0
29.0,25,3.1,97,0
27.5,90,20.8,10,1
24.4,61,18.6,5,0
30.2,95,19.6,63,1
19.3,68,14.4,36,0
40.9,76,10.8,37,0
28.3,65,13.8,2,0
37.8,56,22.1,12,0
39.3,87,7.8,23,1
20.5,22,7.6,89,1
28.6,74,9.9,16,0
31.2,62,24.1,95,1
36.1,70,8.1,94,1
29.7,60,10.2,94,1
35.4,52,18.0,13,0
39.8,20,7.0,86,0
40.0,57,0.6,60,0
28.7,74,15.7,49,0
37.0,24,25.6,35,0
33.5,80,26.5,51,1
18.0,50,13.5,66,0
18.3,15,23.7,74,1
19.4,20,20.3,83,1
37.3,66,6.7,52,0
23.3,61,24.5,95,1
38.8,32,10.9,81,0
22.9,99,12.4,57,1
34.0,66,17.1,57,1
26.8,39,11.9,64,0
35.3,95,15.5,87,1
29.8,81,17.0,8,1
28.8,95,16.3,73,1
39.7,46,1.6,5,0
34.3,62,13.2,29,0
27.4,44,18.2,34,0
44.8,93,13.0,20,0
23.7,88,4.3,23,1
30.6,48,16.0,45,0
35.1,90,16.5,78,1
20.5,69,5.8,92,1
28.2,93,1.3,6,0
26.7,90,13.1,95,1
23.4,54,27.0,78,0
35.9,17,6.0,45,0
38.7,59,8.7,78,1
33.9,31,15.3,17,0
24.6,36,13.9,83,1
21.9,60,10.9,23,0
23.5,68,6.7,56,1
27.5,29,20.8,68,0
27.7,39,21.2,79,0
41.2,94,28.6,65,1
33.3,72,12.6,13,0
24.8,94,4.9,87,1
39.1,53,11.4,77,0
36.7,43,18.2,55,0
18.4,95,16.8,9,1
28.6,86,3.9,75,1
21.9,25,6.6,46,0
37.3,89,12.7,21,0
40.4,45,4.2,71,0
34.3,52,9.0,37,0
34.5,91,19.6,65,1
23.5,62,15.4,38,0
45.0,60,8.5,22,0
43.7,86,22.5,56,1
40.5,33,6.4,68,0
26.3,70,15.6,27,0
38.8,94,0.4,33,0
28.2,86,4.8,57,1
37.4,83,29.8,15,0
39.5,89,3.5,89,1
42.7,46,12.2,58,0
35.0,94,1.0,70,1
31.2,71,22.8,6,0
19.5,18,3.9,95,0
24.6,58,29.4,81,0
41.5,88,12.2,35,1
19.3,65,9.0,77,1
43.6,70,23.0,15,0
43.8,91,24.7,80,1
27.9,39,1.8,77,1
22.0,89,26.9,29,0
37.7,63,11.6,100,1
42.8,27,29.3,93,0
32.4,97,21.9,79,1
25.9,32,18.5,95,1
37.8,80,7.4,27,1
28.7,60,15.5,3,0
32.5,70,9.3,33,0
35.3,71,11.8,93,1
24.3,66,11.7,39,1
24.2,94,3.9,85,1
41.0,84,7.9,26,0
21.5,16,15.1,23,0
30.7,15,14.7,66,0
21.4,95,24.7,24,0
35.2,95,4.8,96,1
18.1,71,21.5,96,1
44.8,28,29.8,16,0
43.3,41,14.6,29,0
27.9,62,17.8,83,1
38.6,19,18.7,8,0
28.3,39,24.7,2,0
20.0,82,0.7,59,1
32.9,96,11.6,18,1
41.3,50,23.1,24,0
24.4,71,5.2,78,1
20.6,46,16.9,45,0
43.7,88,20.1,53,0
39.0,67,1.7,23,0
18.8,73,27.9,61,0
23.0,42,22.0,100,1
30.9,48,29.3,84,0
37.8,20,23.8,30,0
41.7,73,21.2,82,1
27.9,71,19.5,15,1
25.9,41,4.6,26,0
41.7,70,27.8,89,1
25.1,45,14.1,10,0
38.6,62,11.1,18,0
26.4,17,17.9,25,0
25.0,99,22.3,15,0
32.9,70,12.2,4,0
31.7,20,12.5,33,0
19.7,42,7.5,94,1
32.3,28,10.5,98,1
29.4,28,1.4,65,0
37.1,73,17.5,12,0
24.1,71,7.8,23,1
41.9,43,24.3,58,0
32.9,97,12.2,11,1
21.4,99,4.2,1,0
25.0,38,23.7,22,0
40.5,100,15.8,66,1
31.5,93,25.0,58,1
18.4,100,23.7,56,1
34.3,99,13.4,48,0
26.8,83,1.8,27,1
18.7,96,5.4,28,1
43.2,57,18.9,36,0
18.4,55,2.1,94,1
24.2,72,26.1,98,1
36.4,29,0.5,30,0
27.6,29,19.0,37,0
34.0,92,2.1,67,1
34.4,85,23.1,96,1
35.5,35,0.3,23,0
44.0,91,2.8,44,0
25.3,20,8.0,44,0
35.3,17,2.7,30,0
42.7,95,24.2,32,0
21.2,24,14.3,26,0
35.6,90,16.0,100,1
35.8,45,12.8,64,0
29.2,23,27.5,69,0
28.6,35,23.4,5,0
29.3,32,10.7,86,1
22.9,68,4.0,5,0
26.3,65,1.5,13,0
37.6,21,28.9,60,0
32.0,86,29.7,44,1
26.2,76,0.7,13,1
42.8,100,21.4,63,0
34.7,59,14.2,1,0
30.0,48,7.7,29,0
42.2,67,2.8,36,0
42.2,65,25.3,64,0
18.1,77,8.6,22,1
39.8,33,24.5,98,0
39.6,54,23.1,36,0
32.1,96,6.2,25,1
40.3,20,11.0,73,1
21.3,63,18.5,83,1
39.4,23,19.6,79,0
18.2,18,24.7,67,0
25.9,51,3.6,99,0
18.5,33,26.7,35,0
43.2,88,26.9,84,1
33.1,73,27.1,40,0
36.1,65,24.8,32,0
40.3,62,3.2,9,0
43.5,73,17.1,73,1
32.0,75,21.9,20,0
38.9,61,1.3,59,0
40.3,65,13.8,47,0
38.7,97,14.9,68,1
22.6,19,22.3,17,0
38.2,82,6.5,95,1
41.7,39,21.8,92,0
23.9,31,8.2,37,0
31.0,54,4.9,40,0
30.7,20,17.1,84,0
36.9,100,18.3,4,1
26.2,48,0.0,71,1
31.2,51,6.6,59,0
24.5,29,24.0,45,0
38.0,73,18.1,37,0
20.0,97,17.2,46,1
37.1,50,28.1,88,0
31.0,51,16.8,80,0
41.1,72,14.9,25,0
31.8,40,25.7,44,0
19.2,67,29.8,63,0
19.7,19,10.0,40,0
35.6,67,1.1,88,1
32.1,61,1.8,95,1
28.1,42,26.1,90,1
24.8,49,11.2,59,0
43.8,21,26.7,63,0
39.6,90,1.0,19,0
37.7,51,28.5,78,0
37.3,47,0.5,8,0
35.8,57,13.9,1,0
23.6,99,5.5,65,1
41.4,52,13.0,77,0
31.1,84,10.4,37,0
24.2,47,17.7,92,1
38.2,56,1.4,53,0
38.6,37,1.0,28,0
36.5,21,14.7,37,0
29.2,63,16.0,67,1
19.7,64,21.2,93,1
23.3,76,4.9,78,1
35.3,88,6.9,11,0
40.7,71,19.7,47,0
30.2,65,26.7,30,0
41.3,65,15.2,100,1
22.9,52,23.1,64,0
41.0,42,5.0,8,0
23.9,81,27.0,26,1
25.1,41,19.6,49,0
25.4,60,28.6,73,1
24.3,42,18.4,79,1
31.6,42,1.5,82,0
21.0,26,12.7,76,1
22.0,100,2.8,86,1
34.2,67,12.3,89,1
40.2,25,15.6,54,0
35.2,80,12.3,77,1
39.1,90,7.5,27,1
43.0,67,16.9,78,1
21.9,58,11.4,60,0
41.7,92,5.6,87,1
29.9,85,19.6,27,1
29.1,29,18.6,41,0
21.2,67,24.5,91,1
22.0,87,12.4,46,1
28.6,37,4.8,25,0
36.0,59,12.3,18,0
28.2,66,22.0,42,0
29.7,84,16.7,20,1
20.1,54,2.2,32,0
33.5,74,29.9,31,0
36.1,21,17.1,0,0
18.4,32,29.2,6,0
19.6,30,29.3,22,0
41.7,47,11.4,24,0
40.5,54,10.2,12,0
34.4,43,13.3,53,0
33.3,70,29.0,39,0
29.5,51,6.0,26,0
41.4,71,9.7,58,0
21.5,83,13.6,2,1
39.1,27,21.0,4,0
26.7,71,10.4,66,1
34.2,58,18.1,22,0
37.5,27,19.4,51,0
22.1,23,2.3,2,0
35.2,22,26.5,22,0
28.6,97,4.9,2,0
37.3,24,15.7,42,0
37.7,34,25.9,65,0
32.5,74,21.0,45,0
21.1,57,22.7,79,0
30.5,47,20.9,42,0
28.4,21,6.0,14,0
42.9,35,15.4,40,0
25.1,31,28.2,53,0
30.6,15,23.6,9,0
41.6,90,29.4,81,1
18.2,32,1.6,24,0
45.0,92,5.7,11,0
34.3,15,22.6,55,0
27.9,78,3.0,80,1
20.7,76,5.7,15,1
40.0,57,11.6,82,0
25.2,22,18.4,70,1
30.7,96,6.7,2,1
25.1,77,17.2,25,1
22.7,74,24.5,16,0
22.2,28,18.3,77,1
41.4,38,6.2,24,0
35.1,65,27.1,7,0
36.0,50,26.8,49,0
28.3,93,4.7,99,1
21.3,95,4.4,60,1
18.7,93,20.2,35,1
35.7,40,15.6,51,0
22.4,37,9.6,24,0
18.9,16,3.1,44,0
29.4,60,19.3,69,1
41.4,45,2.0,70,0
41.7,93,25.4,15,0
41.6,81,19.8,14,0
28.8,85,8.0,88,1
40.9,65,15.1,93,1
21.7,90,21.3,50,1
20.0,91,12.8,1,1
44.8,80,10.8,70,1
44.0,62,26.8,1,0
42.1,88,13.9,13,1
18.2,33,24.2,63,0
42.0,23,1.7,56,0
26.1,71,10.5,19,0
33.4,18,20.9,48,0
20.8,55,29.8,100,0
44.5,78,7.8,99,1
35.6,81,14.3,1,1
34.9,94,5.1,75,1
34.5,37,17.1,5,0
25.4,15,8.3,92,1
22.3,56,7.7,20,0
29.6,85,18.7,82,1
35.8,74,26.0,53,0
35.9,51,0.8,28,0
19.3,51,28.6,66,0
40.8,18,29.3,68,0
40.8,21,6.3,6,0
33.8,80,6.3,25,0
37.1,38,10.3,55,0
44.5,99,8.9,47,0
27.8,42,24.4,48,0
39.6,35,6.6,70,1
27.8,77,18.7,85,1
32.4,96,26.0,0,0
35.0,51,25.6,94,0
26.5,83,17.6,81,1
33.2,27,0.9,68,0
27.8,52,7.1,2,0
28.1,58,9.6,96,1
44.0,69,16.1,10,0
21.8,78,5.3,79,1
40.4,57,6.5,51,0
23.8,45,15.3,55,0
19.0,40,11.0,57,0
22.2,19,0.6,77,0
29.0,26,5.9,3,0
40.1,38,27.7,45,0
27.6,67,21.8,13,0
30.2,25,4.8,39,0
31.1,47,5.3,56,0
36.8,63,7.9,76,1
30.4,97,10.7,75,1
40.4,33,22.9,98,0
22.3,91,17.4,73,1
44.1,69,7.3,41,0
26.9,69,11.8,17,1
20.0,49,28.5,13,0
39.6,89,4.8,68,1
28.3,73,3.0,22,0
25.8,63,21.7,8,0
32.9,97,10.8,19,0
22.8,26,28.4,85,1
23.3,95,0.3,60,1
39.1,98,17.9,94,1
28.9,99,7.6,90,1
31.0,26,6.8,33,0
28.4,55,29.5,93,1
41.3,49,4.9,60,0
31.5,67,9.6,59,1
44.5,43,23.8,0,0
40.5,56,29.0,42,0
25.8,27,20.4,45,0
34.7,16,2.8,47,0
35.8,47,0.1,67,0
28.7,81,7.6,5,1
31.9,48,12.2,15,0
38.9,79,10.3,28,1
22.8,15,4.4,87,1
23.7,23,21.7,75,0
36.7,71,23.5,18,0
27.3,100,5.7,85,1
22.5,18,3.0,20,0
20.6,100,23.2,42,1
45.0,54,28.4,61,0
18.8,94,1.7,39,1
32.5,46,29.5,72,0
39.3,50,7.6,2,0
43.3,26,16.1,57,0
36.3,73,7.3,41,0
43.9,88,4.9,45,0
19.8,46,5.7,77,1
20.7,38,1.9,8,0
31.1,18,20.5,10,0
19.8,71,20.9,57,0
25.5,52,7.4,98,1
20.5,92,16.1,54,1
32.0,21,3.3,78,0
20.8,68,1.0,11,0
34.5,45,19.8,55,0
23.0,72,19.3,51,1
23.6,52,10.3,96,1
44.0,79,3.0,99,1
19.2,80,5.4,41,1
41.4,21,1.5,23,0
29.6,69,24.5,39,0
42.2,74,24.1,12,0
41.3,67,22.2,74,1
23.7,56,18.0,2,0
32.9,26,2.7,6,0
30.8,31,1.6,67,0
44.8,55,20.5,85,0
27.5,97,15.1,85,1
38.7,21,16.6,13,0
31.3,19,13.0,70,0
44.9,24,12.5,43,0
29.3,96,2.6,20,1
18.8,82,14.4,5,1
24.3,38,11.5,19,0
22.8,52,7.6,5,0
28.9,82,13.1,72,1
27.8,31,23.7,25,0
28.3,56,3.9,48,0
20.8,55,19.1,52,0
39.0,45,22.6,12,0
31.4,98,2.2,3,0
19.3,43,27.4,80,0
19.7,39,10.9,42,0
26.2,56,14.3,67,0
28.8,36,12.4,7,0
25.1,42,19.2,29,0
19.2,18,25.5,9,0
29.4,41,23.6,24,0
41.6,19,21.3,37,0
25.6,51,16.5,13,0
30.0,59,29.6,20,0
18.2,87,26.1,19,1
37.1,58,19.2,20,0
29.8,38,4.6,58,0
20.0,51,20.4,59,0
35.2,48,15.7,12,0
23.4,26,25.3,20,0
31.4,39,19.5,40,0
43.4,16,12.0,47,0
41.9,80,5.3,5,1
20.8,80,14.4,95,1
20.5,92,27.0,33,1
18.8,73,25.8,16,0
29.9,62,3.8,65,1
40.9,50,18.2,78,0
20.4,50,1.8,87,0
44.8,82,3.9,33,0
37.3,39,27.0,0,0
25.3,57,3.9,33,0
42.6,82,4.2,27,0
35.7,67,4.6,73,0
21.9,72,12.5,36,0
31.5,66,8.7,31,0
32.7,53,19.8,50,0
21.9,99,29.2,79,1
30.9,60,5.2,9,0
34.4,87,19.8,9,1
40.7,58,13.3,90,1
36.2,83,16.6,53,1
28.7,35,18.1,64,0
18.7,31,15.7,32,0
22.5,56,28.4,35,0
21.2,67,12.0,30,0
24.8,69,9.8,97,1
19.5,36,18.5,70,1
23.3,32,7.8,9,0
34.3,50,13.0,31,0
44.3,75,7.6,14,1
38.5,86,17.6,75,1
30.3,99,14.8,70,1
28.3,95,14.8,5,1
44.6,61,23.1,32,0
22.1,91,14.5,37,1
25.7,96,10.7,33,1
23.1,26,7.1,6,0
36.5,87,16.3,98,1
23.8,67,17.3,68,1
37.2,60,15.7,70,1
24.9,53,25.9,36,0
18.6,77,23.9,48,1
39.8,68,11.4,97,1
26.6,97,17.4,86,1
44.0,87,27.4,62,0
23.5,99,24.3,63,1
35.1,21,5.0,90,0
35.9,70,17.0,15,0
44.7,36,21.8,75,0
34.0,97,12.6,75,1
28.6,53,5.5,45,0
19.5,43,6.7,11,0
18.1,62,16.5,3,0
39.9,78,6.9,70,1
30.0,41,15.9,54,0
31.6,31,15.4,69,0
39.4,66,18.6,68,0
32.8,74,3.5,34,0
30.7,86,28.4,17,0
30.2,17,26.6,4,0
44.5,85,2.4,33,0
24.8,16,24.9,78,0
22.3,20,4.4,17,0
32.9,26,19.4,79,0
29.9,28,9.3,1,0
27.5,18,18.8,22,0
44.6,43,0.7,2,0
29.1,85,11.6,7,1
25.5,32,27.7,3,0
39.9,23,26.9,92,0
30.2,46,14.9,87,1
18.2,75,4.0,92,1
35.1,71,7.8,97,1
27.3,55,7.1,87,1
29.8,19,8.4,67,0
28.3,89,19.5,20,1
35.6,33,18.3,73,0
33.4,50,10.9,78,0
33.2,95,20.1,40,1
39.9,45,26.8,15,0
39.7,43,3.0,66,0
24.8,41,0.8,88,0
36.4,64,5.0,25,0
41.7,64,27.2,23,0
43.1,94,8.3,89,1
23.2,71,16.5,55,1
24.6,45,15.8,75,1
19.3,68,20.1,85,1
37.7,59,12.1,15,0
27.5,43,9.0,42,0
44.6,99,23.7,50,0
39.5,62,22.5,14,0
38.0,74,12.3,46,0
23.8,35,10.3,86,1
24.6,41,16.7,79,1
24.2,30,16.8,100,1
36.7,60,21.2,72,1
22.2,56,18.0,6,0
27.3,63,26.8,45,0
39.6,83,14.1,56,1
34.0,92,3.7,3,0
36.1,98,28.7,30,0
44.9,75,29.8,1,0
37.1,81,4.1,43,0
37.1,96,20.3,87,1
39.9,96,12.5,76,1
38.0,25,6.6,87,0
41.2,87,28.6,62,0
32.0,52,16.1,20,0
34.4,73,23.1,19,0
42.3,22,3.7,44,0
41.6,79,7.8,31,1
29.2,73,11.3,18,0
38.7,59,10.1,24,0
29.9,87,12.2,6,1
26.7,39,10.8,93,1
44.2,54,20.8,17,0
40.4,74,23.7,84,0
39.6,85,29.2,55,1
44.8,91,2.0,74,1
36.5,85,8.9,68,1
29.8,95,7.2,99,1
41.2,29,10.7,22,0
31.9,48,27.9,14,0
21.3,97,29.7,59,1
39.3,46,23.8,63,0
24.2,66,28.9,13,0
43.7,55,3.0,99,0
37.7,37,27.9,68,0
23.7,59,13.7,93,1
24.9,73,0.4,66,0
35.7,85,25.0,13,0
20.3,36,1.6,53,0
20.9,74,9.3,59,1
19.6,55,10.8,25,0
26.4,45,19.8,48,0
42.1,98,6.1,62,1
19.3,39,6.3,59,0
28.7,98,12.1,48,1
43.0,38,3.4,44,0
44.0,85,12.9,48,0
35.5,92,13.3,31,1
21.9,26,20.2,27,0
25.9,64,6.7,12,0
30.5,30,5.1,7,0
37.5,67,9.8,13,0
39.1,75,26.7,95,1
37.8,21,11.3,98,0
36.3,69,8.4,19,0
35.8,20,11.1,30,0
22.3,50,25.5,91,0
20.5,17,13.6,98,1
35.5,65,10.7,59,1
30.6,54,28.7,0,0
35.8,96,17.4,10,0
36.6,88,24.0,41,0
34.7,72,18.2,73,1
26.9,63,19.0,37,1
27.0,57,7.5,21,0
40.4,89,19.4,52,1
37.6,79,14.6,68,1
28.5,46,29.4,82,0
25.8,72,18.8,42,0
30.8,80,8.1,45,1
37.1,94,4.1,18,0
31.3,73,18.6,58,1
42.1,29,1.0,1,0
37.0,21,21.7,60,0
29.6,48,9.8,37,0
34.1,97,4.0,89,1
22.1,97,17.1,41,1
22.5,22,22.7,82,0
41.1,21,9.9,46,0
31.4,42,15.6,34,0
31.9,50,16.4,66,0
27.4,40,9.6,30,0
32.4,22,29.7,22,0
36.4,84,18.4,49,0
35.0,84,25.4,20,0
41.4,82,16.1,18,1
23.9,96,0.0,13,1
44.7,70,16.6,24,0
33.8,100,10.5,74,1
33.3,70,26.2,71,1
37.1,17,18.3,76,0
39.4,70,27.1,36,0
38.9,79,1.5,58,1
30.5,17,20.8,0,0
41.8,32,20.6,1,0
27.7,59,26.5,83,1
31.2,43,24.0,90,0
41.9,43,9.3,80,1
31.1,32,20.3,60,0
41.6,29,17.0,21,0
35.2,25,16.3,27,0
42.6,22,8.2,17,0
19.1,39,5.3,9,0
36.5,72,3.2,8,0
35.8,30,6.9,66,0
32.5,34,14.4,36,0
40.7,77,10.1,55,1
44.8,17,13.8,21,0
32.9,69,2.5,77,1
40.1,83,10.0,95,1
33.3,83,3.3,8,0
19.0,96,13.3,6,1
32.1,51,27.9,12,0
20.1,83,6.3,46,1
24.8,15,4.4,14,0
24.0,49,29.9,90,0
24.1,25,4.0,44,0
26.9,59,16.6,32,0
31.8,93,20.9,68,1
29.2,33,18.4,45,0
39.3,37,21.2,60,0
42.0,51,9.3,100,0
42.4,100,19.6,93,1
22.2,36,23.0,59,0
23.8,31,22.1,74,0
29.7,25,26.8,3,0
41.5,48,6.0,97,1
34.8,46,23.4,50,0
39.6,76,21.4,28,1
21.3,59,8.4,79,1
44.5,91,11.3,13,0
36.2,33,3.8,48,0
28.7,74,3.0,69,1
18.5,58,27.0,85,1
25.8,33,24.5,45,0
34.4,58,12.4,47,0
42.0,30,5.1,94,0
29.6,62,14.7,30,0
26.2,29,0.1,32,0
29.8,42,25.0,69,0
23.5,97,24.9,81,1
37.9,81,29.9,1,0
41.7,45,9.5,44,0
34.1,87,10.2,28,1
34.0,65,23.6,78,1
39.6,100,8.0,19,0
41.6,99,5.4,55,1
43.8,24,10.4,12,0
29.0,68,28.6,20,0
41.0,82,28.1,9,0
37.2,57,12.4,99,0
23.9,77,0.8,12,0
23.1,83,13.1,78,1
37.0,72,4.9,30,0
19.1,86,28.8,34,1
22.9,95,21.1,91,1
21.2,58,13.8,71,1
34.5,70,0.6,81,1
36.3,55,4.7,39,0
44.5,84,20.0,27,1
35.2,29,4.8,49,0
18.7,18,26.9,25,0
25.8,77,3.0,10,0
35.6,18,3.9,39,0
41.1,68,23.6,67,0
36.2,35,2.4,21,0
38.1,45,29.5,57,0
38.9,17,19.0,31,0
34.4,22,24.4,4,0
44.6,74,26.9,37,0
32.5,35,0.1,39,0
32.8,22,18.5,96,1
44.8,29,22.2,42,0
31.6,88,12.4,13,0
21.6,28,24.4,11,0
20.8,98,1.6,80,1
40.5,37,1.2,50,0
19.7,75,9.7,73,1
19.4,96,17.4,17,1
20.6,37,20.6,86,0
29.0,23,24.1,63,0
24.4,31,2.0,43,0
44.3,54,20.3,67,0
39.7,70,13.3,89,1
27.2,97,15.7,41,1
18.7,50,11.6,93,1
41.5,56,14.7,10,0
31.0,29,9.2,45,0
30.9,49,9.2,99,1
41.9,15,27.6,34,0
35.5,87,15.3,51,1
26.5,31,29.5,33,0
38.4,19,28.0,99,0
33.6,35,22.0,71,0
43.5,85,28.2,73,1
33.9,76,17.9,54,1
44.1,55,16.5,61,0
33.9,71,23.3,79,1
36.4,66,3.2,99,0
35.8,52,1.9,87,0
28.9,67,13.7,56,1
36.5,28,1.8,54,0
21.3,43,6.2,62,0
20.3,30,14.8,30,0
20.3,26,19.3,37,0
31.0,63,0.1,30,0
40.9,42,0.7,75,0
35.4,51,5.3,60,0
43.3,54,9.7,80,0
19.2,82,11.8,38,1
42.0,100,26.4,30,0
32.6,81,15.0,68,1
42.8,98,13.6,4,0
39.1,86,24.3,7,0
25.2,92,4.3,53,1
21.6,31,0.9,6,0
32.6,17,5.7,17,0
42.3,38,5.7,95,0
28.7,25,25.3,26,0
31.6,30,27.1,25,0
44.3,34,6.2,28,0
24.4,96,4.3,70,1
32.4,21,22.1,46,0
28.3,38,28.5,81,1
33.4,48,23.3,5,0
43.4,40,12.9,75,0
43.4,58,20.4,30,0
43.0,83,24.5,27,0
35.7,85,12.3,5,1
42.7,98,21.7,49,0
29.1,89,19.2,54,1
24.9,90,21.2,18,1
40.8,91,29.9,67,1
25.7,90,17.5,48,1
37.7,70,8.2,24,0
29.5,33,3.7,62,0
35.9,88,12.8,24,1
38.4,96,10.5,73,1
40.0,84,0.8,62,1
36.7,31,4.4,44,0
42.3,79,21.5,40,0
44.4,34,14.5,51,0
33.1,27,22.2,96,0
27.3,95,18.1,27,1
24.5,58,10.2,62,0
35.8,42,19.5,83,1
23.0,58,20.4,99,1
19.4,22,9.7,45,0
40.7,62,20.1,47,0
43.9,62,26.8,20,0
34.5,30,15.0,69,0
37.4,54,23.7,99,0
42.1,86,16.8,64,1
31.1,87,28.8,30,1
18.5,16,15.4,20,0
37.6,74,11.1,1,0
23.4,26,24.6,50,0
34.2,31,29.4,73,0
27.8,49,2.1,87,1
20.7,42,21.1,52,0
29.9,84,7.5,88,1
36.2,18,16.4,28,0
33.7,57,17.8,85,1
23.5,24,23.0,41,0
37.7,65,6.8,33,0
41.2,30,4.1,26,0
41.3,48,12.7,28,0
40.0,96,0.6,1,0
24.7,34,28.2,74,0
34.4,92,28.1,76,1
22.4,19,11.7,70,1
44.4,61,14.7,10,0
32.1,49,21.9,18,0
21.8,66,1.1,1,0
36.7,95,19.7,51,1
29.4,25,1.0,22,0
30.7,22,29.9,62,0
33.9,42,16.9,38,0
40.9,30,9.2,70,0
39.2,31,14.1,85,0
26.8,100,23.4,38,1
20.7,95,24.2,77,1
34.9,79,19.6,4,1
33.1,27,16.5,11,0
23.1,48,17.7,76,1
37.3,73,20.6,29,0
39.6,84,16.1,95,1
23.1,17,11.0,54,0
36.3,49,21.3,45,0
21.1,33,10.6,25,0
26.2,27,24.8,77,0
43.9,51,23.5,91,0
34.6,66,12.5,96,1
35.4,82,20.0,82,1
43.3,33,23.3,17,0
21.4,60,7.1,92,1
32.3,30,18.6,20,0
43.1,90,20.7,7,0
36.4,29,24.5,54,0
31.2,61,15.3,92,1
43.8,64,24.3,14,0
26.6,19,22.9,68,0
26.8,23,14.6,79,1
39.1,74,17.2,78,1
28.2,95,24.3,12,1
21.9,55,4.7,47,0
39.0,35,3.1,98,0
23.5,22,17.3,32,0
28.6,62,28.0,85,1
44.7,34,29.6,43,0
40.3,43,21.9,80,0
26.0,96,0.6,19,1
23.2,30,9.6,63,0
26.2,47,0.6,37,0
36.0,100,18.3,12,1
38.5,70,19.3,22,0
22.5,98,14.2,51,1
36.4,64,0.3,49,0
20.0,69,11.1,89,1
31.6,52,7.6,38,0
36.9,76,8.5,64,1
35.3,22,0.1,5,0
27.7,23,29.3,59,0
22.5,91,9.2,72,1
19.0,36,0.2,51,0
33.4,66,2.7,12,0
44.0,78,26.2,72,1
31.7,82,5.5,14,1
23.8,61,28.9,25,0
37.3,30,22.1,82,0
36.1,70,5.7,59,0
25.8,99,4.5,57,1
42.4,84,13.1,81,1
38.5,60,21.8,14,0
33.4,17,20.7,17,0
24.2,38,13.1,11,0
20.2,49,11.6,9,0
23.4,44,17.0,96,1
27.3,97,25.1,92,1
24.7,58,17.0,9,0
22.2,51,17.7,91,1
34.3,87,1.4,2,0
25.5,33,25.1,13,0
41.4,15,2.7,68,0
26.1,15,12.9,12,0
36.4,17,18.0,88,0
28.2,41,0.2,76,1
40.1,68,25.5,44,0
19.8,45,17.9,28,0
21.1,15,16.7,55,0
38.4,35,4.9,90,0
37.4,61,13.1,44,0
31.9,88,21.2,12,0
40.4,78,26.0,36,0
29.7,91,9.5,69,1
29.5,35,4.0,96,0
21.3,89,26.2,28,1
32.2,31,23.6,70,0
22.4,87,22.8,5,1
22.6,24,27.7,4,0
21.9,100,6.2,31,1
33.8,19,15.5,38,0
41.9,64,29.0,37,0
38.8,18,28.7,24,0
32.3,51,16.4,15,0
32.1,95,27.4,6,0
41.4,53,2.7,11,0
43.9,23,14.5,3,0
20.4,60,19.9,49,0
30.9,63,23.9,67,0
24.6,75,10.1,43,1
36.4,77,23.5,30,0
43.5,19,25.9,87,0
24.8,46,18.7,4,0
19.0,87,12.9,3,1
37.0,30,12.8,87,0
22.1,26,24.7,28,0
31.1,46,25.7,78,0
33.6,35,2.8,71,0
32.6,22,24.9,77,0
44.1,89,5.7,38,1
18.2,52,20.5,47,0
31.5,91,14.9,50,1
41.1,37,27.3,87,0
28.4,50,25.5,64,0
21.9,41,24.7,38,0
27.6,41,24.1,80,1
23.8,58,28.8,64,0
41.9,81,8.5,95,1
19.1,31,4.2,41,0
32.2,85,5.3,55,1
27.1,69,5.5,68,1
30.3,29,3.6,88,0
42.3,54,28.8,12,0
39.0,82,3.5,93,1
25.5,55,13.3,100,1
38.6,97,14.7,18,1
42.4,79,14.9,31,0
40.0,24,18.5,90,0
24.8,86,14.4,31,1
41.8,91,23.8,37,0
27.9,73,20.3,52,0
31.8,94,11.2,66,1
26.2,62,23.1,76,1
40.3,29,15.5,55,0
29.6,68,9.8,94,1
33.8,32,24.6,42,0
25.3,23,11.8,11,0
22.7,27,16.3,87,1
22.8,100,0.4,74,1
26.6,87,14.3,19,1
21.2,48,15.2,61,0
20.0,78,12.6,11,1
25.0,63,21.7,0,0
29.8,34,22.5,71,1
20.1,67,23.3,40,0
36.8,54,9.1,87,1
33.4,17,13.9,56,0
19.2,46,14.4,44,0
37.1,23,2.3,52,0
36.4,55,15.0,20,0
32.5,91,22.0,46,0
22.4,98,29.6,3,1
28.5,71,19.0,61,1
19.1,87,17.7,38,1
23.9,84,25.4,79,1
30.4,68,2.7,70,1
24.5,31,3.6,1,0
37.4,84,21.5,71,1
21.1,72,7.3,13,0
22.4,57,23.7,74,1
34.5,93,15.7,10,1
32.7,92,7.0,85,1
37.8,81,18.7,54,1
42.2,91,6.1,4,0
41.0,52,28.2,78,0
36.5,90,22.8,56,1
44.8,73,21.5,67,0
22.7,45,0.6,90,0
21.5,51,17.2,92,1
34.0,98,17.6,91,1
37.9,36,1.0,7,0
18.1,66,7.2,92,1
40.4,56,19.0,94,1
37.3,70,6.1,82,1
20.2,43,1.1,84,0
36.2,83,6.8,24,0
39.2,33,8.5,8,0
33.4,90,10.3,84,1
44.8,97,12.5,12,1
40.6,55,5.2,95,0
36.9,28,12.6,46,0
22.8,31,25.5,19,0
20.9,23,22.6,76,0
29.7,75,28.3,35,1
44.3,53,1.1,43,0
38.3,53,9.2,9,0
22.6,23,6.3,98,1
22.6,81,12.0,77,1
21.3,24,22.3,74,1
34.1,83,10.0,42,1
18.2,26,28.7,37,0
32.3,94,22.1,74,1
40.3,99,14.1,27,0
21.0,64,28.1,53,0
18.1,52,1.1,7,0
34.6,89,11.9,26,0
24.0,34,7.0,89,1
42.0,62,4.8,92,0
32.5,42,28.4,77,0
42.1,61,29.6,93,0
18.3,48,4.3,34,0
31.6,88,18.3,40,0
42.9,65,12.7,69,0
25.5,26,29.7,81,1
36.0,91,5.2,13,1
27.0,90,20.3,3,1
24.3,52,1.0,46,0
41.3,26,12.4,82,0
34.1,74,11.5,88,1
31.6,65,24.6,78,1
43.6,96,13.7,55,1
28.8,20,15.1,94,1
42.3,62,23.3,16,0
38.4,68,23.0,35,0
42.5,17,8.6,32,0
30.9,57,5.7,17,0
20.1,74,10.4,32,0
37.0,90,20.7,69,1
42.9,72,29.9,100,1
28.7,50,13.1,79,1
31.9,95,23.0,54,1
26.1,43,2.1,94,1
25.6,25,3.5,91,1
24.5,75,19.0,2,1
19.6,72,15.0,22,1
36.4,68,3.6,64,0
33.0,80,1.4,38,1
37.1,56,20.9,71,0
34.9,86,11.1,9,1
41.9,69,13.5,90,1
25.5,29,23.2,95,0
21.7,31,18.2,40,0
38.7,44,3.3,11,0
42.4,38,28.2,86,0
43.4,100,17.1,32,0
35.2,66,18.1,19,0
26.8,64,20.9,0,0
33.7,22,0.9,12,0
38.3,97,21.7,97,1
21.0,73,26.2,64,0
30.6,83,6.0,81,1
43.1,67,26.6,75,0
43.4,65,8.1,16,0
31.6,17,0.2,40,0
44.9,93,9.1,20,1
18.3,59,6.4,25,0
23.4,48,2.7,7,0
26.7,83,3.4,82,1
39.5,32,11.1,57,0
31.9,41,25.5,34,0
41.6,76,11.7,89,1
40.3,79,14.6,64,1
38.0,59,17.1,46,0
42.1,87,15.0,59,1
31.7,60,20.2,4,0
22.9,34,24.6,49,0
37.7,56,25.0,14,0
26.4,98,27.6,81,1
39.4,15,15.8,80,0
23.1,97,4.7,95,1
40.5,97,24.5,81,1
31.6,57,4.6,14,0
44.9,93,13.2,70,1
40.2,21,5.8,63,0
20.4,41,8.4,20,0
29.9,35,29.8,60,0
43.7,46,28.2,92,0
24.6,36,0.7,76,0
40.5,62,22.5,26,0
36.4,89,3.1,77,1
34.0,48,21.4,23,0
23.2,44,10.4,69,1
22.0,89,27.5,78,1
29.5,17,20.2,78,0
42.4,57,12.1,75,0
26.7,97,20.0,52,1
34.9,80,4.7,17,0
20.2,62,5.1,72,1
34.1,41,21.3,69,0
35.2,39,22.4,33,0
44.1,44,10.0,3,0
40.9,46,1.6,74,0
40.3,99,13.7,32,1
43.9,84,20.1,4,0
38.0,91,6.5,65,1
28.0,48,7.2,82,1
27.6,56,10.0,54,0
24.3,24,23.7,33,0
24.5,68,1.6,21,0
31.0,55,7.4,62,0
26.7,98,6.1,82,1
21.0,57,28.9,42,0
39.8,62,14.9,59,0
37.8,49,26.2,97,0
41.4,44,3.4,10,0
18.5,21,6.8,99,1
20.0,43,9.4,91,1
23.9,47,14.1,2,0
41.5,88,14.5,22,1
20.7,59,24.6,14,0
23.5,20,13.1,35,0
38.9,48,3.6,17,0
20.2,22,11.8,8,0
21.8,56,0.9,80,0
22.7,54,29.0,44,0
35.3,76,15.8,38,0
35.3,31,26.7,52,0
25.9,22,20.7,95,1
34.0,72,15.5,82,1
28.3,85,27.8,11,1
24.4,99,9.9,30,1
40.3,68,7.2,2,0
40.4,82,1.4,19,0
20.9,35,14.0,77,1
41.2,77,16.6,6,1
30.9,91,1.3,16,0
38.4,55,22.7,83,0
19.5,45,19.3,77,1
26.7,30,22.5,26,0
35.8,99,29.8,81,1
41.2,57,11.6,30,0
38.1,72,5.7,29,0
21.4,93,27.5,43,1
42.6,60,4.1,95,1
21.7,41,24.8,46,0
38.4,77,27.0,85,1
36.7,58,18.6,37,0
39.3,18,6.3,75,0
30.2,51,21.8,31,0
40.8,64,22.2,27,0
22.9,26,2.1,99,1
26.4,66,14.4,6,0
28.3,28,1.7,32,0
18.2,98,19.8,54,1
29.6,97,3.2,75,1
27.9,61,15.5,4,0
40.1,24,0.3,44,0
35.9,87,13.1,8,1
35.1,61,27.9,41,0
28.6,97,18.9,99,1
33.9,21,4.1,43,0
29.5,47,19.1,52,0
42.0,98,17.7,17,0
42.8,77,13.5,93,1
39.8,16,27.9,98,0
36.7,60,6.1,27,0
44.4,24,22.5,20,0
31.0,16,28.3,10,0
36.0,15,13.9,80,0
28.8,59,24.1,85,1
32.9,93,6.4,39,0
37.6,43,23.3,59,0
32.1,31,3.2,39,0
38.2,21,17.8,93,0
35.6,100,21.4,46,0
38.4,94,17.8,31,1
38.8,21,3.7,14,0
36.3,72,21.1,26,0
32.9,44,18.6,57,0
32.8,85,0.6,69,1
30.6,49,26.0,81,0
40.8,20,7.5,1,0
20.2,25,29.7,91,0
40.6,98,26.0,65,0
43.2,61,17.5,47,0
20.5,56,8.3,74,1
34.0,84,13.0,45,1
18.1,39,2.9,94,0
35.6,32,12.4,65,0
33.1,48,19.9,13,0
30.5,30,13.9,47,0
23.2,78,5.8,78,1
18.4,63,9.7,90,1
22.3,35,0.1,3,0
19.5,27,18.2,83,1
25.3,61,22.8,51,1
21.0,57,27.8,42,0
18.3,36,6.3,51,0
43.0,70,22.9,10,0
20.9,19,0.6,95,0
27.1,82,13.2,16,1
31.8,85,14.8,37,1
28.5,34,28.0,1,0
21.5,99,18.6,26,1
26.3,69,30.0,74,1
18.7,51,14.3,100,1
19.8,66,6.3,89,1
21.0,96,19.1,6,1
36.7,23,17.0,51,0
36.9,78,3.0,60,1
19.7,97,10.2,93,1
43.8,16,2.0,99,0
43.6,58,30.0,83,0
26.6,68,3.3,23,0
25.0,30,0.2,85,0
34.0,61,24.2,35,0
25.1,55,24.4,25,0
29.3,90,3.4,23,0
44.3,97,16.5,39,0
22.7,18,29.0,14,0
40.0,15,12.1,18,0
29.3,48,4.4,66,0
42.7,23,0.4,67,0
22.0,24,23.0,25,0
20.4,49,26.9,44,0
44.3,92,21.4,91,1
21.6,81,5.1,87,1
33.9,21,3.0,66,0
33.4,84,9.7,11,0
42.4,38,7.0,32,0
30.6,72,7.3,73,1
21.0,92,9.4,32,1
33.5,28,27.1,84,0
26.4,100,20.2,17,1
19.4,37,0.6,87,0
33.4,92,22.2,94,1
29.9,52,26.7,16,0
27.1,46,20.3,34,0
19.9,89,19.0,32,1
19.7,23,20.5,4,0
22.6,82,10.0,55,1
28.5,15,24.3,93,1
18.9,79,6.1,33,1
26.3,73,19.2,64,1
24.4,80,17.8,60,1
37.1,23,17.1,8,0
18.1,58,29.8,60,0
29.5,16,29.1,13,0
43.4,31,3.9,9,0
25.7,97,7.9,11,1
44.9,83,4.9,26,0
43.8,20,16.4,49,0
32.9,93,3.8,91,1
29.7,67,2.7,93,1
35.2,79,29.8,100,1
36.7,30,24.3,27,0
37.4,93,23.3,38,0
34.4,17,6.4,44,0
25.1,23,5.7,76,1
38.0,84,20.3,38,1
37.8,89,20.8,56,1
20.0,83,19.1,32,1
19.2,81,3.6,57,1
44.5,45,1.6,31,0
18.8,37,6.4,61,0
38.5,62,5.1,81,1
44.2,18,18.9,43,0
35.3,56,1.8,45,0
28.0,77,8.9,19,1
36.7,15,24.4,9,0
20.4,29,9.7,53,0
22.7,69,12.0,7,0
43.6,40,9.7,49,0
37.2,71,25.4,4,0
41.3,26,10.1,33,0
29.0,39,16.8,14,0
25.6,23,20.1,2,0
21.6,29,8.5,59,0
37.3,96,20.6,68,0
36.5,84,20.9,70,1
35.0,55,26.4,76,0
19.9,69,28.8,91,1
18.1,90,29.1,56,1
33.7,64,8.4,59,1
37.6,87,6.3,4,0
21.0,21,4.1,37,0
29.3,63,14.9,73,1
19.5,64,23.0,51,0
26.2,67,29.9,29,0
20.6,71,25.3,39,0
27.5,65,1.0,68,1
29.6,84,19.4,52,1
22.8,46,21.0,91,1
36.8,25,17.9,84,0
44.3,100,6.3,86,1
31.5,42,4.6,79,0
34.8,32,14.3,95,0
24.5,21,0.8,30,0
26.8,19,16.7,91,1
40.7,31,22.3,82,0
23.9,76,11.9,57,1
32.9,65,28.0,86,1
27.7,55,1.5,43,0
29.1,59,20.2,84,0
22.0,79,25.8,86,1
25.9,92,0.5,46,0
25.7,58,2.2,49,0
36.9,83,0.3,55,1
32.6,68,5.2,20,0
19.3,70,12.1,62,1
20.7,62,14.5,49,0
39.0,95,17.1,34,1
42.6,53,23.4,4,0
33.8,67,17.8,22,0
40.2,91,6.5,21,1
40.1,78,14.7,45,1
26.4,83,24.8,17,0
31.9,56,25.8,60,0
20.2,65,19.9,53,1
33.5,79,26.0,73,1
39.6,25,27.9,17,0
37.0,78,10.2,57,1
44.3,48,15.1,41,0
22.6,26,11.7,13,0
29.2,74,15.1,80,1
21.1,66,8.7,52,1
29.0,88,17.0,70,1
21.3,73,29.7,42,0
35.7,97,26.7,26,0
32.8,98,4.8,7,1
29.0,87,16.1,82,1
18.1,58,10.1,59,0
22.6,53,21.8,54,0
28.4,68,11.9,27,0
34.5,100,1.4,36,0
28.4,78,11.6,15,1
42.7,49,14.9,13,0
36.0,34,23.6,52,0
26.0,45,8.5,34,0
20.0,24,15.5,5,0
38.2,32,25.1,68,0
19.5,62,24.6,4,0
25.1,43,0.0,25,0
18.7,26,16.4,12,0
28.1,47,27.8,11,0
23.7,88,13.4,58,1
22.3,81,12.2,54,1
26.2,89,28.7,70,1
44.8,41,10.7,50,0
33.6,21,10.7,89,0
35.1,26,22.7,92,0
18.6,66,19.7,70,1
19.5,78,23.3,49,1
18.5,97,26.8,40,0
41.9,95,0.3,36,0
18.1,56,24.6,92,0
30.1,33,3.0,94,0
28.1,38,12.6,23,0
33.9,49,15.1,21,0
31.3,82,7.6,96,1
29.1,44,16.2,18,0
36.2,68,7.4,29,0
42.5,25,28.3,59,0
22.6,50,25.8,72,1
21.5,30,23.0,41,0
44.8,41,4.7,70,0
23.6,19,17.5,67,1
33.8,90,15.4,15,0
18.3,20,18.6,22,0
37.7,80,25.6,89,1
23.8,37,0.1,9,0
24.0,52,29.5,94,0
27.4,50,18.2,21,0
22.4,92,10.4,71,1
22.7,76,13.9,43,1
31.8,45,8.1,17,0
42.5,48,21.9,65,0
30.7,78,2.8,56,1
30.8,89,4.7,11,0
26.1,62,13.9,100,1
20.0,28,8.2,29,0
42.1,51,13.1,11,0
32.2,42,25.4,52,0
25.1,74,10.8,65,1
35.2,44,12.2,11,0
30.2,38,1.9,97,0
44.6,99,29.3,15,0
31.7,98,29.0,41,1
32.2,17,13.9,34,0
29.2,59,16.0,56,0
33.6,33,23.6,98,0
36.5,31,19.7,27,0
38.6,61,7.5,19,0
20.1,50,11.7,26,0
29.8,94,16.1,69,1
38.7,94,10.1,36,0
43.1,86,24.9,3,0
42.7,27,27.5,85,0
37.3,71,2.9,68,0
34.2,51,5.5,77,1
22.9,36,17.6,51,0
36.2,45,14.1,73,0
28.6,93,27.6,4,1
21.1,78,7.7,99,1
36.5,30,9.2,75,1
18.3,64,7.0,26,0
42.0,95,25.9,42,0
18.1,39,22.6,94,1
35.1,29,22.2,78,0
38.6,25,27.3,50,0
32.3,92,23.9,0,0
25.0,33,0.0,33,0
40.9,38,0.1,40,0
23.7,100,24.7,59,1
40.9,60,2.1,47,0
20.0,33,16.9,44,0
37.6,22,0.9,35,0
22.6,70,3.3,5,0
19.6,39,9.7,57,0
27.9,91,8.6,90,1
28.6,79,8.8,80,1
38.6,77,7.4,92,1
44.5,85,1.2,68,1
18.5,86,29.4,74,1
33.1,78,26.1,22,0
28.7,61,4.2,30,0
37.7,92,10.0,18,1
19.4,26,5.2,73,1
23.4,60,10.1,0,0
35.8,87,21.0,85,1
18.2,85,3.9,41,1
38.3,87,25.0,64,1
41.5,54,1.0,70,0
28.8,79,11.7,25,1
38.4,86,2.5,67,0
21.1,28,15.2,17,0
19.8,97,18.7,29,1
31.3,61,15.1,29,0
42.6,94,22.7,18,0
43.9,21,3.1,13,0
33.8,32,14.7,89,0
23.3,32,28.9,89,0
42.9,33,17.0,91,0
30.2,99,24.3,49,0
33.7,36,5.8,82,0
44.9,28,16.9,92,0
32.3,88,22.4,91,1
40.1,98,21.0,83,1
23.6,21,17.6,99,1
30.5,55,21.6,40,0
42.3,71,1.8,23,0
31.0,43,27.9,100,0
24.6,51,27.5,2,0
19.1,60,8.3,23,0
30.7,91,0.9,3,1
37.5,55,10.8,78,0
37.0,93,5.3,84,1
28.3,57,25.7,88,0
29.0,81,24.8,4,1
40.2,60,6.9,39,0
40.3,23,21.6,14,0
18.8,70,21.5,81,1
35.6,44,0.0,61,0
40.1,41,5.6,8,0
35.8,65,9.6,11,0
23.5,86,15.5,72,1
28.8,48,28.8,61,0
29.1,80,10.0,26,1
44.8,60,20.3,40,0
21.6,16,5.9,6,0
33.7,95,6.0,25,1
32.7,34,2.5,45,0
29.7,79,0.8,80,1
23.6,55,19.9,21,0
27.8,88,3.0,39,0
24.1,43,20.6,66,0
38.0,60,4.6,86,1
21.9,22,14.8,21,0
32.2,98,4.2,7,0
40.6,15,29.2,67,0
41.2,61,27.0,74,0
26.6,78,5.0,65,1
27.0,63,23.5,52,0
27.5,87,15.9,86,1
39.3,72,15.9,60,0
24.5,89,14.0,39,1
26.3,100,1.9,25,1
41.9,73,5.1,54,1
44.5,67,8.9,89,1
20.9,67,21.9,38,0
37.1,79,5.2,87,1
37.8,66,12.4,40,0
27.8,77,23.8,87,1
39.7,57,23.3,42,0
40.6,96,18.8,22,1
28.2,70,6.7,35,0
37.7,39,0.1,90,0
23.7,56,13.7,57,0
30.9,78,21.6,94,1
39.4,60,16.0,60,0
34.1,24,5.6,18,0
31.1,72,18.9,23,0
21.2,94,19.5,54,1
25.7,81,12.9,47,1
44.4,86,10.0,32,1
34.9,53,21.9,58,0
24.4,100,12.7,15,1
34.0,35,24.8,95,0
22.4,88,24.8,37,1
18.5,24,4.3,75,0
37.1,57,0.8,56,0
22.7,21,13.9,37,0
39.1,17,14.0,45,0
18.8,60,25.0,11,0
42.6,48,5.0,78,0
30.8,69,18.0,21,0
32.5,94,24.0,66,1
41.5,89,16.0,100,1
43.6,97,28.2,88,1
19.2,44,22.8,18,0
26.0,17,4.7,21,0
22.3,44,27.9,64,0
26.1,62,3.7,80,1
23.7,79,9.1,75,1
38.1,58,12.5,13,0
29.4,23,15.2,35,0
30.9,74,20.7,45,0
21.3,89,10.3,89,1
28.7,47,11.6,53,0
34.6,54,28.7,2,0
32.7,19,3.9,68,0
42.5,20,10.8,28,0
30.0,58,5.0,13,0
35.4,76,5.1,89,1
28.3,71,27.8,77,1
26.3,87,11.5,34,1
37.6,100,13.1,32,0
35.6,36,17.7,95,0
34.2,35,2.0,13,0
44.2,74,0.5,20,0
30.5,29,8.0,24,0
39.2,70,14.0,81,1
32.7,73,22.8,2,0
35.1,84,6.0,80,1
22.7,100,18.3,5,1
18.9,29,28.8,94,1
28.7,85,18.3,70,1
26.1,17,13.3,85,1
40.8,35,7.5,85,0
41.8,27,26.4,60,0
43.7,21,5.3,61,0
45.0,49,28.0,19,0
23.2,31,20.5,35,0
33.0,31,14.0,62,0
20.7,79,28.0,53,1
21.8,15,0.0,12,0
38.8,49,0.3,80,0
36.7,66,22.4,64,0
18.3,75,29.8,32,0
35.2,32,28.6,45,0
27.9,37,12.8,71,1
38.6,91,9.5,42,0
36.8,16,9.5,74,0
24.2,59,0.9,79,1
28.8,66,6.5,83,1
21.9,63,14.2,35,1
30.4,45,9.2,13,0
39.9,25,16.4,100,0
28.9,96,5.5,29,1
42.2,25,28.9,24,0
32.9,57,17.8,69,0
28.1,62,4.9,27,0
20.0,74,15.2,45,1
41.7,58,12.3,30,0
19.5,70,17.9,39,1
41.6,31,19.2,68,0
28.4,85,10.4,68,1
18.3,15,18.5,6,0
18.1,26,18.8,1,0
37.9,41,25.0,40,0
38.0,27,27.1,97,0
28.9,22,19.9,29,0
34.4,34,13.1,46,0
23.6,76,10.4,40,1
30.3,38,4.0,36,0
29.0,54,29.7,61,0
41.3,91,17.4,51,1
27.0,84,22.5,38,1
22.6,60,28.3,5,0
30.5,35,0.4,62,0
31.3,71,19.0,70,1
18.3,81,6.9,46,1
31.2,60,3.4,52,0
39.6,66,3.1,52,0
25.2,51,6.3,7,0
38.8,20,7.5,8,0
35.8,43,1.0,38,0
28.1,36,5.4,75,1
40.2,70,16.6,21,0
19.8,17,8.1,10,0
30.5,31,3.3,74,0
37.2,49,24.1,45,0
39.3,54,1.3,79,0
34.6,35,10.0,49,0
34.2,18,21.6,40,0
34.6,69,8.6,96,1
41.5,40,15.0,46,0
32.9,85,28.3,43,0
24.2,75,5.9,25,1
39.1,72,7.6,54,1
19.2,18,19.5,78,1
37.9,94,19.0,82,1
27.9,46,8.2,71,1
40.4,72,4.1,83,1
33.4,86,1.9,86,1
30.7,64,21.1,57,0
32.0,52,21.4,77,0
29.8,74,29.7,44,0
33.2,19,17.1,8,0
21.3,73,26.3,78,1
35.7,50,29.3,57,0
34.0,88,14.9,85,1
37.5,34,26.0,0,0
31.2,23,1.2,59,0
22.1,68,16.3,60,1
40.7,49,21.2,9,0
44.5,34,13.2,18,0
39.4,79,15.7,51,1
38.3,46,17.0,27,0
43.7,64,26.2,94,1
41.9,51,2.5,8,0
28.2,23,17.0,5,0
31.5,47,17.5,4,0
20.7,77,28.0,71,1
22.9,26,17.2,61,0
34.1,64,11.0,63,1
34.0,24,18.7,77,0
42.5,95,2.7,4,0
35.6,45,22.3,44,0
40.9,18,13.6,42,0
40.2,63,24.9,58,0
23.4,15,17.1,88,1
25.8,22,6.2,95,1
19.9,32,9.5,18,0
35.4,30,9.7,91,0
38.1,55,28.9,37,0
25.6,52,19.8,73,1
29.8,73,19.6,95,1
36.2,32,29.5,40,0
23.1,77,16.9,18,1
38.6,70,8.5,72,1
37.2,98,11.0,32,1
33.0,88,24.7,5,0
44.3,88,9.0,10,1
41.6,60,28.2,85,1
31.4,42,2.8,1,0
22.0,55,27.7,9,0
31.8,22,16.7,20,0
39.9,20,20.3,56,0
38.8,95,25.6,41,0
21.5,74,14.0,75,1
39.9,49,1.0,33,0
30.6,72,29.6,39,0
38.7,98,26.1,21,0
44.5,47,7.7,69,0
37.0,92,27.7,40,0
39.2,31,18.6,97,0
44.1,89,21.5,75,1
18.2,87,3.6,52,1
42.1,28,16.3,23,0
33.9,83,22.1,22,0
36.9,96,23.4,20,0
26.4,16,0.2,11,0
42.4,88,17.8,6,1
42.1,38,21.7,11,0
21.9,20,19.7,59,1
41.4,47,4.5,42,0
33.9,31,21.7,68,0
19.5,78,6.5,32,1
43.2,42,19.0,70,1
37.2,26,22.1,55,0
25.4,17,0.1,8,0
36.2,55,2.4,54,0
19.6,27,23.6,77,1
27.7,23,14.3,18,0
35.8,80,8.5,39,0
33.4,81,9.1,38,1
21.4,53,0.7,64,0
23.4,85,1.4,85,1
26.4,88,5.3,86,1
36.7,43,27.6,48,0
31.4,58,3.5,65,0
22.9,39,7.0,84,1
41.6,47,10.6,23,0
38.5,88,21.7,12,0
33.4,90,0.6,18,1
26.8,19,2.2,97,0
44.3,79,3.7,40,0
42.4,98,27.7,39,0
22.7,67,14.8,37,0
18.8,91,3.0,87,1
32.0,40,6.5,86,0
21.0,73,9.4,17,0
42.6,23,3.7,81,0
30.1,87,9.4,37,0
28.5,21,11.2,52,0
25.6,31,25.6,0,0
34.1,77,4.6,55,1
36.1,30,16.4,54,0
18.9,41,14.2,48,0
32.5,53,5.4,16,0
29.6,93,2.1,68,1
40.3,98,27.8,67,1
32.8,62,4.7,4,0
37.7,48,1.4,4,0
33.0,19,10.6,78,1
22.0,93,29.5,72,1
29.6,19,12.2,68,1
37.1,66,5.3,21,0
28.3,32,11.8,82,1
36.1,15,29.4,25,0
41.9,74,11.8,49,0
38.8,92,11.4,21,1
39.2,75,12.6,82,1
20.1,61,19.0,98,1
44.7,51,13.4,24,0
34.5,78,24.2,47,0
32.5,57,20.0,52,0
41.2,37,17.2,42,0
26.0,65,5.7,64,1
43.4,29,2.9,14,0
35.0,69,23.3,82,1
38.2,38,11.5,61,0
18.4,91,28.2,7,1
34.9,59,27.6,34,0
32.0,61,26.7,42,0
38.3,59,29.9,56,0
31.2,43,23.2,91,0
26.2,70,2.0,38,0
19.4,99,4.5,31,0
23.3,87,0.0,93,1
43.6,62,11.2,8,0
38.3,43,22.9,20,0
43.0,40,24.9,54,0
30.4,93,21.3,77,1
24.7,17,16.7,91,1
43.4,65,11.1,65,1
32.4,54,18.6,21,0
27.1,67,11.5,46,0
41.5,61,10.3,55,0
32.2,26,10.0,47,0
27.6,79,22.0,58,1
43.2,77,28.9,61,1
24.1,36,15.5,42,0
29.8,88,27.7,57,1
27.8,46,26.4,16,0
18.6,31,4.3,50,0
22.2,49,0.8,80,1
25.1,56,25.0,97,1
32.9,71,29.1,34,0
30.8,22,16.5,69,0
27.4,36,24.9,88,1
39.9,52,1.9,85,0
42.4,52,8.6,68,0
43.9,72,14.3,30,0
39.2,47,10.1,61,0
26.0,31,27.6,87,1
22.0,57,29.8,37,0
31.0,38,22.1,37,0
39.6,81,8.1,35,1
22.7,32,28.1,65,0
40.5,23,1.5,86,0
44.3,64,13.3,82,1
28.3,74,4.8,21,0
32.2,16,25.5,29,0
40.0,96,10.9,29,1
31.2,72,27.1,90,1
28.9,53,22.7,53,0
36.6,82,16.2,33,0
26.3,89,16.9,17,1
20.6,99,6.6,34,1
19.2,79,12.4,78,1
19.4,93,23.0,42,1
22.7,54,13.9,37,0
31.0,22,0.6,19,0
24.3,75,22.6,74,1
31.8,24,9.8,24,0
31.9,51,0.5,20,0
39.0,94,21.1,52,1
21.4,37,16.5,38,0
27.8,53,22.3,30,0
31.4,28,3.1,93,0
23.9,78,2.2,71,1
43.6,28,21.6,92,0
35.1,92,20.3,74,1
33.7,60,24.3,45,0
36.7,37,8.3,79,1
19.8,42,28.9,79,0
22.6,60,16.6,17,1
37.4,69,0.3,86,1
25.9,59,0.8,52,0
34.5,98,9.6,23,1
38.1,53,23.1,20,0
19.7,41,5.4,31,0
28.5,57,18.9,26,0
35.6,59,26.3,82,0
21.3,94,6.0,56,1
37.4,29,27.5,46,0
39.9,81,8.9,9,1
34.0,52,17.7,12,0
43.0,74,7.3,13,0
40.5,44,0.5,31,0
27.5,86,9.9,19,1
20.1,85,12.8,92,1
40.4,87,7.3,72,1
36.7,44,4.0,49,0
30.7,92,25.8,51,1
21.8,63,6.3,33,1
35.3,62,22.1,45,0
39.2,17,8.4,16,0
38.7,100,4.4,56,0
44.8,90,19.9,88,1
27.1,31,22.4,90,1
43.0,62,24.2,93,1
40.7,93,5.2,18,1
42.5,91,18.8,19,1
43.5,30,13.4,70,1
30.7,23,26.9,22,0
38.2,20,7.5,28,0
31.6,47,29.8,1,0
30.6,85,2.3,37,0
37.1,65,1.9,67,0
24.5,57,10.8,56,0
30.0,37,5.7,39,0
26.2,73,0.5,36,0
27.0,91,19.5,73,1
24.8,57,24.9,33,0
20.9,78,6.4,18,1
20.2,16,12.9,3,0
40.5,68,22.8,31,0
37.9,29,18.3,61,0
37.8,35,23.2,28,0
21.8,93,16.7,5,1
36.3,24,16.5,56,0
40.3,50,3.2,86,0
41.0,51,8.6,34,0
32.3,88,15.6,41,1
20.6,64,29.4,88,1
25.1,19,22.3,62,0
19.2,36,25.8,61,0
20.1,86,22.1,95,1
18.2,47,29.0,94,1
41.4,24,11.9,52,0
44.2,73,2.5,59,0
41.7,74,5.5,9,0
18.6,91,14.3,37,1
38.4,98,9.6,57,1
38.8,30,22.0,74,0
39.4,95,6.2,51,1
43.6,31,21.9,4,0
40.2,97,20.5,63,1
37.5,55,16.2,88,1
26.6,72,17.3,36,1
24.3,63,6.3,14,0
43.8,29,22.9,77,0
29.0,31,27.3,76,0
33.2,67,4.1,53,0
26.5,27,26.4,57,0
25.9,56,29.3,89,1
19.4,23,16.4,80,1
29.4,24,3.0,86,1
34.3,78,27.7,99,1
22.9,58,23.0,28,0
22.6,65,17.0,42,1
34.4,54,27.4,46,0
39.0,72,3.4,59,0
35.3,35,21.2,53,0
36.6,92,25.6,52,1
33.6,50,7.3,90,1
24.4,69,3.8,45,0
32.2,83,2.7,59,1
42.4,64,12.2,52,1
32.9,69,28.4,5,0
35.0,40,28.4,0,0
37.1,39,21.8,88,0
36.7,96,19.0,61,1
24.8,53,18.3,52,0
30.9,79,17.8,38,1
21.0,31,25.1,27,0
27.7,29,26.8,12,0
41.2,83,13.7,61,1
32.4,87,2.5,83,1
27.9,38,27.0,92,0
18.2,25,0.3,97,1
33.9,37,15.8,47,0
31.3,26,24.5,34,0
18.9,40,11.5,96,1
31.7,16,10.9,7,0
25.4,89,7.9,68,1
29.6,77,3.5,93,1
39.6,78,2.1,13,0
30.9,58,10.8,2,0
35.3,36,12.3,84,0
44.9,61,1.3,6,0
25.8,20,27.4,17,0
23.6,80,23.4,71,1
32.7,85,26.9,92,1
21.7,39,9.8,9,0
24.8,59,28.4,40,0
32.4,64,24.5,6,0
45.0,27,12.7,89,0
28.8,77,4.6,28,0
25.6,31,7.6,97,1
34.0,45,25.5,66,0
31.9,70,8.3,77,1
26.4,80,19.6,39,1
30.9,83,9.2,26,1
34.0,80,28.3,71,1
31.0,88,10.5,69,1
35.5,22,14.4,16,0
28.6,70,28.0,86,1
19.4,82,12.3,93,1
41.2,45,29.7,51,0
31.1,81,19.4,2,1
43.6,81,4.3,46,0
30.1,53,7.8,79,0
33.7,96,5.1,78,1
29.2,27,3.3,76,1
32.7,25,2.0,32,0
34.4,36,14.6,23,0
37.9,36,22.3,16,0
39.5,79,25.0,96,1
34.9,42,1.2,91,0
38.7,59,2.7,45,0
21.3,56,1.2,86,1
31.8,41,22.0,3,0
38.2,86,27.5,85,1
25.2,28,1.9,87,1
24.2,69,11.1,85,1
24.0,86,17.0,63,1
36.7,61,24.2,48,0
23.9,67,9.3,15,0
23.2,65,9.3,81,1
33.5,15,5.1,80,1
40.3,75,5.5,51,1
35.6,28,2.2,55,0
29.1,28,21.2,21,0
24.7,89,4.8,67,1
28.0,41,26.1,59,0
38.7,96,21.8,93,1
30.0,70,3.2,9,0
21.1,19,4.6,49,0
23.1,94,20.9,84,1
31.4,23,12.2,58,0
30.7,18,25.0,55,0
28.7,100,24.0,10,0
28.8,91,4.6,25,1
31.1,77,28.0,24,1
38.5,50,5.0,43,0
27.6,52,9.3,2,0
35.0,78,9.8,18,1
31.9,94,24.0,26,0
43.7,62,10.8,26,0
33.7,43,20.9,17,0
24.5,27,9.7,66,0
22.2,75,24.9,78,1
31.3,68,6.9,88,1
24.6,42,0.3,68,0
34.5,33,12.1,98,1
21.6,98,3.5,55,1
23.3,57,17.3,4,0
34.6,54,13.4,100,0
32.9,64,3.5,17,0
40.6,83,4.3,42,1
28.8,37,3.6,59,0
25.8,57,7.6,34,0
30.3,78,3.9,52,1
32.1,28,0.1,95,0
38.9,44,16.7,55,0
42.2,24,27.5,82,0
22.8,56,23.0,3,0
22.0,69,3.8,64,0
27.5,98,23.6,88,1
37.5,67,14.9,3,0
24.6,87,18.8,45,1
36.0,75,27.1,91,1
21.1,49,25.1,29,0
22.6,19,15.1,26,0
44.4,73,21.4,88,1
38.9,28,4.6,39,0
33.0,42,10.3,38,0
19.0,29,12.6,70,1
20.5,53,5.1,73,1
23.3,65,4.2,55,1
40.1,95,2.8,93,1
37.2,32,4.6,8,0
43.2,55,9.5,80,0
41.5,56,14.9,42,0
42.8,20,1.6,66,0
22.7,63,29.0,93,1
34.6,55,29.8,45,0
42.7,67,19.1,43,0
18.8,17,28.0,33,0
33.9,51,17.3,29,0
22.4,47,16.2,68,0
32.3,15,29.5,1,0
30.8,88,13.0,18,1
26.8,16,18.4,92,1
25.2,54,29.5,30,0
25.3,29,8.7,61,0
32.4,20,12.0,44,0
39.0,36,29.1,86,0
22.7,35,14.3,28,0
38.7,75,22.7,99,1
23.5,55,0.1,33,0
19.8,43,17.5,11,0
21.3,89,1.7,25,0
24.9,92,9.6,81,1
44.2,66,2.4,100,1
26.6,55,13.4,39,0
27.3,29,26.1,97,0
27.3,65,11.4,67,1
21.8,41,23.7,25,0
19.0,49,20.9,77,0
41.0,64,27.9,23,0
20.1,57,19.9,4,0
24.8,85,9.9,41,1
27.2,99,19.7,69,1
31.8,86,22.0,84,1
25.2,35,4.9,58,0
21.9,18,28.2,53,0
35.9,99,2.7,30,0
44.2,90,26.6,17,0
36.3,25,10.1,28,0
24.4,80,20.7,39,1
20.3,82,0.8,8,0
40.2,58,3.9,68,0
30.7,99,1.2,45,0
44.6,55,7.5,91,0
20.4,30,17.4,18,0
35.9,41,5.7,60,0
18.9,21,13.1,75,1
28.2,33,19.0,18,0
30.5,49,5.6,18,0
31.6,36,14.3,31,0
19.1,19,27.8,41,0
26.4,21,4.4,37,0
29.2,77,16.7,16,1
34.2,96,2.2,53,1
22.5,22,20.1,19,0
32.9,42,25.0,61,0
34.1,74,28.2,48,0
43.6,61,24.8,61,0
20.3,37,11.8,99,1
20.4,41,26.3,86,0
37.0,65,28.5,72,1
44.5,32,28.8,47,0
37.1,50,29.4,83,0
21.0,52,27.1,70,1
28.4,25,26.9,32,0
41.2,48,11.9,44,0
20.7,57,17.1,59,0
24.4,45,12.1,86,1
34.1,57,29.8,86,0
43.6,71,3.0,28,0
30.9,83,24.7,82,1
38.1,84,25.1,68,0
44.0,68,29.5,11,0
32.9,69,10.5,13,0
35.3,17,20.3,38,0
26.0,31,16.8,26,0
29.0,43,13.5,55,0
38.7,67,19.7,59,0
29.9,54,2.4,41,0
20.3,73,1.2,46,0
42.6,49,19.4,44,0
30.5,29,15.3,88,0
30.8,100,1.2,98,1
43.4,48,17.2,59,0
42.2,32,15.0,18,0
36.3,52,12.2,20,0
40.1,42,6.6,7,0
28.1,53,18.8,48,0
18.5,60,12.2,98,1
33.0,24,18.0,29,0
39.6,51,15.8,69,0
41.2,53,23.5,13,0
34.2,64,3.5,85,1
41.6,60,1.0,71,0
41.5,85,0.9,34,0
38.6,98,23.1,5,0
34.5,84,25.1,40,0
30.6,47,1.2,41,0
35.6,92,4.5,95,1
19.3,24,19.1,85,1
25.6,66,19.4,30,0
38.8,52,20.6,92,0
38.3,73,29.9,32,0
25.4,34,26.2,14,0
18.9,74,20.5,1,0
33.4,23,9.4,74,1
37.1,86,8.9,47,1
28.0,48,10.7,43,0
27.3,77,22.9,41,1
32.5,32,3.8,26,0
35.3,92,7.6,7,1
40.7,95,7.7,15,0
19.4,94,0.2,91,1
20.7,94,17.5,72,1
31.6,79,24.2,56,1
18.1,46,8.6,67,0
28.7,25,6.2,90,1
44.7,71,19.0,86,1
40.3,39,8.4,86,1
29.2,70,22.2,51,1
42.3,41,18.1,83,0
35.6,92,24.0,47,0
31.7,78,16.2,48,0
24.9,98,2.1,38,0
21.8,17,24.0,22,0
25.3,97,10.1,69,1
31.2,53,2.9,57,0
22.2,84,19.7,26,1
33.5,49,6.6,40,0
27.3,53,0.9,38,0
32.5,90,21.5,67,1
42.6,99,24.6,72,1
38.5,99,13.3,37,1
36.0,99,20.3,37,0
32.5,68,10.7,65,0
36.0,16,19.3,29,0
39.1,51,4.8,28,0
42.5,94,26.9,26,0
25.0,28,28.9,7,0
24.8,86,29.8,84,1
35.8,97,7.3,53,1
32.0,32,8.4,3,0
20.9,62,15.7,49,0
42.4,18,11.6,1,0
36.6,89,18.4,31,1
22.8,44,12.5,78,1
36.6,28,16.9,8,0
18.7,53,18.4,68,0
39.8,83,9.8,73,1
43.6,37,29.6,75,0
37.5,98,15.9,8,0
29.5,54,18.5,7,0
36.2,26,23.3,51,0
18.8,61,8.0,36,1
33.4,56,14.2,36,0
33.9,35,9.5,53,0
33.1,36,11.1,54,0
27.8,54,8.0,78,1
43.9,20,29.8,43,0
34.8,30,28.7,85,0
43.2,59,7.0,6,0
32.7,44,19.0,9,0
41.5,53,5.5,4,0
37.4,83,24.2,55,1
29.4,74,3.5,13,0
27.9,69,16.1,42,0
22.3,83,22.8,87,1
40.6,94,28.4,26,0
34.7,92,1.9,34,0
20.9,66,2.8,51,1
25.6,20,2.5,30,0
26.8,31,7.6,11,0
37.4,81,27.1,83,1
43.9,82,13.7,95,1
32.7,43,21.6,75,0
32.2,77,27.1,13,0
35.7,71,27.5,19,0
44.1,76,15.0,68,1
25.4,83,16.7,72,1
39.9,88,14.9,93,1
44.7,20,12.5,11,0
24.3,39,10.5,72,1
35.2,77,19.7,75,1
30.6,40,20.9,7,0
37.8,51,8.9,3,0
41.3,61,28.4,23,0
42.5,22,7.4,76,1
32.4,30,12.1,61,0
21.7,99,19.4,37,1
43.4,59,5.6,30,0
33.1,28,7.1,43,0
33.4,30,2.2,77,0
37.8,35,15.5,54,0
37.8,75,3.8,79,1
38.9,42,22.7,47,0
25.0,30,15.9,8,0
39.8,54,14.8,9,0
18.6,21,10.8,23,0
26.8,58,19.1,25,0
33.6,15,13.4,39,0
37.2,44,9.8,37,0
39.8,88,26.1,25,0
21.3,40,9.9,80,1
40.6,47,5.2,74,1
34.0,89,24.0,41,0
41.1,27,23.1,12,0
30.9,31,27.7,42,0
43.9,75,23.8,42,0
25.0,51,29.5,7,0
45.0,41,28.3,96,0
21.6,71,29.8,77,1
18.9,50,19.1,90,1
44.1,53,15.2,2,0
29.8,79,21.7,73,1
29.3,20,7.2,91,1
30.3,41,26.2,23,0
25.9,89,11.0,28,1
34.9,88,6.8,32,1
31.3,74,8.4,14,0
23.6,71,2.7,17,0
21.3,54,22.3,86,1
30.7,37,16.5,24,0
23.4,80,2.6,98,1
29.6,74,9.1,93,1
18.6,99,18.5,28,1
43.8,40,3.2,75,0
40.1,44,24.5,86,0
24.4,55,16.4,1,0
36.3,19,7.5,61,0
44.0,28,13.5,68,0
39.8,84,2.3,99,1
19.1,56,25.7,9,0
30.2,80,16.7,18,1
22.4,92,21.7,70,1
22.9,31,5.5,48,0
24.4,27,29.0,20,0
22.1,33,19.1,37,0
34.5,92,17.5,96,1
24.5,39,0.1,59,0
19.1,82,16.6,57,1
42.7,85,4.3,36,0
39.9,36,14.9,67,0
38.5,45,6.0,12,0
30.9,49,28.6,85,0
31.7,65,28.5,64,0
32.6,62,22.1,51,0
40.3,39,8.8,60,0
20.4,82,5.8,68,1
25.4,62,23.2,64,0
29.5,21,26.3,43,0
18.4,38,1.9,87,1
43.3,48,20.0,0,0
18.5,41,1.1,51,0
29.3,91,3.5,25,1
28.3,57,6.6,8,0
32.8,64,11.3,39,0
18.5,90,4.9,5,1
25.3,62,8.8,18,0
23.8,21,9.4,75,1
30.7,85,4.3,17,0
28.3,18,28.8,90,1
28.7,89,29.8,21,1
19.8,50,0.1,78,1
27.4,75,21.7,91,1
22.6,55,7.8,98,1
26.0,47,14.9,70,1
25.7,40,5.0,12,0
35.8,91,26.5,88,1
30.6,75,6.7,17,1
36.6,64,13.2,74,1
40.4,97,4.0,66,0
27.0,66,21.9,86,1
23.6,16,9.0,9,0
23.7,86,29.4,22,1
42.7,16,2.3,43,0
19.7,27,9.9,56,0
20.2,94,19.3,36,1
43.4,16,26.2,89,0
32.2,68,0.6,44,0
28.0,38,22.4,87,0
33.0,26,21.2,70,0
38.9,100,27.9,33,0
36.1,15,16.7,54,0
23.5,57,7.8,31,0
32.9,46,12.3,49,0
44.3,97,23.1,7,0
34.7,27,14.6,76,1
24.7,85,5.4,29,1
44.7,97,25.0,53,1
36.9,20,28.2,52,0
20.8,84,10.8,85,1
25.4,40,16.9,51,0
42.0,75,21.4,64,0
42.5,76,17.3,69,1
22.5,48,29.2,23,0
25.3,89,25.9,36,1
24.3,65,14.6,60,1
34.7,72,19.8,80,1
35.0,62,29.0,86,1
21.2,70,16.6,21,1
19.1,90,5.1,49,1
26.9,53,22.2,85,0
32.1,54,20.4,87,0
26.9,40,15.0,17,0
31.4,87,12.4,85,1
42.7,78,5.2,50,1
25.0,37,11.0,32,0
31.4,87,28.6,74,1
18.3,92,18.1,14,1
29.1,79,10.8,72,1
30.2,63,18.9,90,1
25.1,52,13.3,64,0
28.1,22,16.0,39,0
28.0,19,14.5,68,0
18.4,76,25.5,19,0
39.9,93,22.2,3,0
21.3,19,29.2,59,0
42.0,16,23.2,66,0
36.4,55,1.9,13,0
38.3,80,24.5,21,0
33.4,83,19.0,75,1
21.1,48,1.9,42,0
20.1,52,29.0,73,1
38.7,38,19.2,11,0
20.4,40,10.8,41,0
30.3,50,15.4,97,1
31.4,44,19.2,27,0
43.9,63,7.8,96,1
23.0,38,24.9,79,1
24.3,86,7.6,55,1
34.1,46,19.2,7,0
21.6,50,12.1,69,0
24.4,89,16.3,84,1
32.4,46,29.3,14,0
42.4,81,1.3,21,0
40.8,71,11.4,46,0
25.8,40,13.1,16,0
35.1,36,5.3,55,0
44.4,94,21.9,98,1
31.2,78,19.8,73,1
39.1,25,17.5,81,0
27.1,72,14.9,30,1
32.1,52,9.7,76,1
31.6,25,2.4,74,1
41.9,32,24.9,21,0
42.7,44,19.8,31,0
29.3,71,22.2,100,1
35.3,42,6.1,80,0
41.7,79,19.8,21,0
19.3,70,3.7,63,0
35.3,92,20.0,38,1
39.2,52,27.8,23,0
32.8,90,3.4,62,1
19.8,49,9.4,86,1
24.3,28,27.1,73,0
29.2,99,7.0,13,1
26.9,82,12.2,4,1
30.1,72,17.8,68,1
26.6,71,22.9,33,0
36.3,67,28.9,0,0
33.4,64,3.1,34,0
21.6,47,13.9,4,0
24.5,90,14.8,57,1
30.1,94,17.9,73,1
24.6,64,15.1,69,1
22.9,45,23.1,52,0
22.4,65,18.1,37,0
28.8,93,24.4,40,1
27.5,71,5.6,89,1
41.8,55,12.6,39,0
26.0,87,25.3,62,1
26.9,96,24.3,76,1
19.8,49,5.2,90,1
34.4,71,27.8,97,1
41.9,89,9.6,94,1
32.8,29,20.8,93,0
39.9,73,3.8,73,1
27.9,81,8.5,61,1
23.9,79,28.0,6,0
42.8,71,4.7,87,1
26.6,15,20.7,99,0
34.3,64,1.1,95,1
23.6,95,4.2,38,1
36.0,77,17.1,13,0
23.9,30,1.0,91,0
33.2,26,6.7,13,0
27.4,63,20.4,59,1
42.2,25,20.5,47,0
20.0,54,28.3,15,0
40.5,51,6.3,95,1
18.5,36,12.4,39,0
34.3,77,16.2,99,1
30.9,26,21.6,63,0
33.6,42,6.5,48,0
37.7,41,8.1,61,0
27.7,90,14.2,81,1
44.7,44,8.4,23,0
35.6,83,24.2,30,0
37.1,91,9.1,98,1
20.2,28,15.8,30,0
23.6,53,29.2,68,0
20.5,65,27.3,45,0
20.7,41,8.8,56,0
18.6,58,3.3,92,1
36.0,37,1.2,94,0
37.1,18,4.4,71,0
36.2,93,2.2,12,0
20.4,94,2.8,5,1
38.0,67,8.1,57,0
24.7,99,27.3,22,1
43.0,49,9.6,77,0
32.5,38,23.6,74,0
20.0,69,8.3,89,1
31.0,53,18.9,41,0
34.3,65,9.9,24,0
29.5,76,16.1,34,1
26.7,23,18.1,97,1
18.8,57,9.8,88,1
32.7,52,17.8,26,0
42.3,78,4.6,3,0
39.8,88,0.4,86,1
21.3,26,4.1,18,0
27.5,33,13.3,70,1
31.2,52,2.6,41,0
23.0,34,11.2,15,0
38.2,15,1.1,11,0
35.3,47,7.0,92,0
35.6,39,11.1,50,0
19.6,93,3.3,56,1
42.4,65,12.6,43,0
34.3,70,6.5,47,0
33.1,33,18.7,94,1
42.5,76,29.4,16,0
23.6,88,3.9,9,1
21.5,58,22.7,58,0
26.1,41,14.6,65,0
30.8,74,8.9,75,1
29.5,55,23.6,57,0
36.5,65,5.7,67,1
32.9,85,23.3,97,1
33.2,28,2.2,10,0
31.8,42,3.5,11,0
22.3,28,15.6,7,0
32.4,30,10.0,19,0
43.1,30,28.3,86,0
37.6,43,7.6,75,0
33.8,99,1.9,91,1
36.7,32,5.9,14,0
44.2,67,28.7,39,0
34.3,30,22.8,85,0
37.0,82,14.5,69,1
42.4,60,17.8,42,0
21.3,18,4.9,31,0
28.4,52,18.9,89,1
33.8,28,14.1,56,0
23.7,94,2.8,32,1
38.5,29,15.4,87,1
42.2,24,25.4,99,0
32.0,69,14.2,93,1
41.6,81,28.4,2,0
19.5,48,17.7,75,1
29.9,37,10.2,7,0
19.4,96,18.1,33,1
40.1,44,8.9,96,1
30.3,90,11.4,9,1
34.5,18,16.8,75,1
27.8,31,5.6,47,0
27.3,88,11.8,58,1
35.4,33,16.4,74,0
28.8,28,25.9,55,0
30.7,45,25.4,5,0
44.8,27,25.2,56,0
22.1,98,24.3,22,1
21.2,77,18.9,62,1
32.6,95,16.5,91,1
31.4,83,27.1,9,1
41.5,67,13.1,71,1
22.8,19,10.1,16,0
21.0,21,1.6,59,0
23.1,50,1.0,6,0
20.5,20,22.9,88,0
24.8,61,0.8,7,0
31.6,82,19.6,100,1
29.5,95,18.0,98,1
39.7,26,19.5,58,0
38.9,83,28.1,7,0
22.8,29,13.0,43,0
19.2,53,12.3,90,1
21.2,53,8.8,44,0
37.9,54,8.2,15,0
21.1,17,29.5,50,0
26.2,33,21.4,76,0
20.4,81,4.9,98,1
37.9,56,15.1,77,0
38.1,53,15.8,79,0
22.1,95,8.8,29,1
29.1,44,28.7,84,0
26.4,35,10.8,84,1
18.3,66,25.5,28,0
34.4,54,25.7,69,0
22.4,50,26.3,30,0
32.2,38,9.1,44,0
37.2,39,4.5,6,0
40.0,39,26.1,46,0
19.2,51,15.3,5,0
33.9,24,8.6,36,0
34.8,83,0.8,21,0
39.4,39,14.7,23,0
38.7,98,21.1,11,0
42.6,100,10.8,1,0
30.1,98,5.2,38,1
20.3,57,5.0,31,0
38.3,41,28.4,92,0
38.9,37,1.0,69,0
20.4,35,20.4,77,0
41.1,91,2.5,67,0
21.4,39,25.2,25,0
31.5,93,27.6,28,0
42.2,20,14.1,33,0
33.7,100,12.7,28,1
19.3,72,15.1,15,1
20.9,55,11.1,75,1
24.0,51,8.8,78,1
43.1,79,26.4,29,0
34.5,69,14.3,83,1
42.9,78,9.2,12,0
29.4,83,5.6,41,1
34.1,46,25.7,39,0
18.7,46,8.4,72,1
20.0,53,20.1,9,0
27.3,70,15.4,35,0
27.4,91,27.7,88,1
24.9,18,14.3,3,0
42.8,39,16.4,72,0
25.7,62,21.6,34,0
28.9,70,1.3,28,0
43.0,91,26.1,18,0
32.5,38,28.1,18,0
28.3,51,7.9,32,0
37.8,18,23.4,50,0
35.3,74,12.8,41,0
35.7,47,0.8,54,0
33.6,44,11.7,1,0
32.6,99,24.9,94,1
33.2,76,19.2,15,1
26.8,76,25.2,87,1
33.3,61,0.5,58,0
25.3,37,13.8,20,0
34.8,77,28.2,61,1
24.2,22,26.1,6,0
25.6,55,25.0,50,0
42.0,46,0.2,13,0
44.5,36,24.3,74,0
29.8,29,6.5,36,0
29.8,36,6.7,23,0
40.7,57,3.4,39,0
18.8,62,24.6,47,0
31.2,68,22.4,55,0
19.5,94,5.7,48,1
38.6,64,19.3,99,1
37.8,71,6.9,32,0
25.5,64,26.4,28,0
21.4,76,19.7,44,1
40.2,80,11.8,74,1
34.4,92,1.4,83,1
37.0,72,3.8,29,0
23.5,85,18.8,44,1
41.2,33,16.8,92,0
23.2,91,21.0,75,1
44.5,22,26.8,57,0
38.3,87,7.1,83,1
18.8,74,20.0,17,0
24.7,35,17.5,100,1
22.4,47,29.8,95,1
43.1,77,23.5,88,1
43.2,53,21.9,100,0
22.5,86,29.3,75,1
19.2,80,17.4,74,1
39.5,64,2.6,96,0
27.4,54,29.7,24,0
38.2,86,24.5,14,0
33.9,35,19.5,90,0
33.6,36,8.8,84,0
26.4,50,5.2,46,0
39.6,41,14.8,25,0
36.3,97,11.1,48,1
24.0,24,29.8,88,1
40.4,20,12.9,26,0
25.7,44,16.4,55,0
35.4,64,18.9,2,0
43.9,46,4.5,77,0
29.4,77,29.4,91,1
30.1,81,26.0,22,0
19.5,35,13.9,29,0
37.2,25,30.0,11,0
38.7,41,8.1,81,0
41.3,36,22.5,55,0
28.4,76,14.7,74,1
40.5,32,15.8,5,0
31.8,88,9.9,14,1
30.8,35,2.4,87,0
27.0,37,6.1,39,0
44.7,37,6.5,89,0
39.5,78,24.2,31,0
24.1,89,24.6,10,1
26.2,60,20.6,67,0
26.0,47,1.7,64,0
32.2,70,29.3,47,0
24.1,47,0.1,64,0
27.6,21,2.5,68,0
21.2,59,8.7,95,1
34.7,60,3.1,11,0
22.3,79,13.0,40,1
24.1,33,26.9,56,0
20.7,87,17.4,71,1
21.0,79,25.6,95,1
23.5,61,14.5,7,0
34.9,67,16.4,37,0
35.2,49,27.2,35,0
27.9,57,26.5,67,0
29.4,73,7.8,60,1
38.8,48,11.3,20,0
33.7,19,12.1,99,0
39.3,60,25.2,36,0
27.6,35,26.9,59,0
19.2,41,26.1,63,0
18.8,72,25.3,55,0
28.9,30,13.0,100,1
29.1,46,9.9,12,0
35.1,15,16.1,77,0
40.4,84,17.3,47,1
44.8,85,2.5,95,1
20.6,24,8.3,84,1
40.6,36,1.9,3,0
22.8,84,15.8,6,1
42.4,30,16.8,5,0
30.0,78,14.6,83,1
19.6,61,7.4,80,1
30.5,50,27.4,48,0
44.5,89,27.7,81,1
44.5,68,1.3,48,0
21.6,34,8.8,22,0
31.3,23,13.3,69,0
20.5,37,17.7,48,0
